tsx,us,settlement_date,publish_date,si,si_prev,adv,dtc,change_pct,issue_name
ABX.TO,GOLD,2019-01-15,2019-01-28,19699434,2359626,16589755,1.19,734.85,Barrick Gold Corp.
ABX.TO,GOLD,2019-01-31,2019-02-13,19439473,19699434,13901609,1.4,-1.32,Barrick Gold Corp.
ABX.TO,GOLD,2019-02-15,2019-02-28,18895730,19439473,13569537,1.39,-2.8,Barrick Gold Corp.
ABX.TO,GOLD,2019-02-28,2019-03-13,20402608,18895730,21685153,1.0,7.97,Barrick Gold Corp.
ABX.TO,GOLD,2019-03-15,2019-03-28,24476692,20402608,15589938,1.57,19.97,Barrick Gold Corp.
ABX.TO,GOLD,2019-03-29,2019-04-11,24753012,24476692,16757355,1.48,1.13,Barrick Gold Corp.
ABX.TO,GOLD,2019-04-15,2019-04-26,23391830,24753012,11198581,2.09,-5.5,Barrick Gold Corp.
ABX.TO,GOLD,2019-04-30,2019-05-13,21022179,23391830,10291391,2.04,-10.13,Barrick Gold Corp.
ABX.TO,GOLD,2019-05-15,2019-05-28,22833803,21022179,13172785,1.73,8.62,Barrick Gold Corp.
ABX.TO,GOLD,2019-05-31,2019-06-13,22259694,22833803,11809615,1.88,-2.51,Barrick Gold Corp.
ABX.TO,GOLD,2019-06-14,2019-06-27,25891160,22259694,15796226,1.64,16.31,Barrick Gold Corp.
ABX.TO,GOLD,2019-06-28,2019-07-11,27980172,25891160,22328084,1.25,8.07,Barrick Gold Corp.
ABX.TO,GOLD,2019-07-15,2019-07-26,30367370,27980172,14850110,2.04,8.53,Barrick Gold Corp.
ABX.TO,GOLD,2019-07-31,2019-08-13,28972389,30367370,17191103,1.69,-4.59,Barrick Gold Corp.
ABX.TO,GOLD,2019-08-15,2019-08-28,30998688,28972389,19092680,1.62,6.99,Barrick Gold Corp.
ABX.TO,GOLD,2019-08-30,2019-09-12,32418296,30998688,16340773,1.98,4.58,Barrick Gold Corp.
ABX.TO,GOLD,2019-09-13,2019-09-26,27107956,32418296,20772634,1.3,-16.38,Barrick Gold Corp.
ABX.TO,GOLD,2019-09-30,2019-10-11,35415084,27107956,16188421,2.19,30.64,Barrick Gold Corp.
ABX.TO,GOLD,2019-10-15,2019-10-28,32943096,35415084,13733154,2.4,-6.98,Barrick Gold Corp.
ABX.TO,GOLD,2019-10-31,2019-11-13,28347147,32943096,10769281,2.63,-13.95,Barrick Gold Corp.
ABX.TO,GOLD,2019-11-15,2019-11-28,29504372,28347147,12462000,2.37,4.08,Barrick Gold Corp.
ABX.TO,GOLD,2019-11-29,2019-12-12,29683439,29504372,8946592,3.32,0.61,Barrick Gold Corp.
ABX.TO,GOLD,2019-12-13,2019-12-26,30481348,29683439,10412881,2.93,2.69,Barrick Gold Corp.
ABX.TO,GOLD,2019-12-31,2020-01-13,27576969,30481348,8703804,3.17,-9.53,Barrick Gold Corp.
ABX.TO,GOLD,2020-01-15,2020-01-28,27601785,27576969,10054963,2.75,0.09,Barrick Gold Corp.
ABX.TO,GOLD,2020-01-31,2020-02-13,27501237,29284010,12076184,2.28,-6.09,Barrick Gold Corp.
ABX.TO,GOLD,2020-02-14,2020-02-27,25084358,27501237,9658453,2.6,-8.79,Barrick Gold Corp.
ABX.TO,GOLD,2020-02-28,2020-03-12,25667506,25084358,25333320,1.01,2.32,Barrick Gold Corp.
ABX.TO,GOLD,2020-03-13,2020-03-26,23038696,25667506,23944673,1.0,-10.24,Barrick Gold Corp.
ABX.TO,GOLD,2020-03-31,2020-04-13,17223455,23038696,25888835,1.0,-25.24,Barrick Gold Corp.
ABX.TO,GOLD,2020-04-15,2020-04-28,17988974,17223455,20072905,1.0,4.44,Barrick Gold Corp.
ABX.TO,GOLD,2020-04-30,2020-05-13,18442104,17988974,19627511,1.0,2.52,Barrick Gold Corp.
ABX.TO,GOLD,2020-05-15,2020-05-28,18981321,19908666,14686976,1.29,-4.66,Barrick Gold Corp.
ABX.TO,GOLD,2020-05-29,2020-06-11,19061753,18981321,19006308,1.0,0.42,Barrick Gold Corp.
ABX.TO,GOLD,2020-06-15,2020-06-26,19548065,19061753,19212604,1.02,2.55,Barrick Gold Corp.
ABX.TO,GOLD,2020-06-30,2020-07-13,14280634,19548065,13016116,1.1,-26.95,Barrick Gold Corp.
ABX.TO,GOLD,2020-07-15,2020-07-28,14746095,14280634,12221697,1.21,3.26,Barrick Gold Corp.
ABX.TO,GOLD,2020-07-31,2020-08-13,15143440,14746095,15691631,1.0,2.69,Barrick Gold Corp.
ABX.TO,GOLD,2020-08-14,2020-08-27,17092663,15143440,18007687,1.0,12.87,Barrick Gold Corp.
ABX.TO,GOLD,2020-08-31,2020-09-11,22988237,17092663,23430462,1.0,34.49,Barrick Gold Corp.
ABX.TO,GOLD,2020-09-15,2020-09-28,17908903,22988237,15571832,1.15,-22.1,Barrick Gold Corp.
ABX.TO,GOLD,2020-09-30,2020-10-13,17171359,17908903,16836181,1.02,-4.12,Barrick Gold Corp.
ABX.TO,GOLD,2020-10-15,2020-10-28,15742207,17171359,11692197,1.35,-8.32,Barrick Gold Corp.
ABX.TO,GOLD,2020-10-30,2020-11-12,16390690,15742207,11744567,1.4,4.12,Barrick Gold Corp.
ABX.TO,GOLD,2020-11-13,2020-11-26,14691535,16390690,19095655,1.0,-10.37,Barrick Gold Corp.
ABX.TO,GOLD,2020-11-30,2020-12-11,15569242,14691535,23384791,1.0,5.97,Barrick Gold Corp.
ABX.TO,GOLD,2020-12-15,2020-12-28,11579408,15569242,16317592,1.0,-25.63,Barrick Gold Corp.
ABX.TO,GOLD,2020-12-31,2021-01-13,12934067,11579408,14196293,1.0,11.7,Barrick Gold Corp.
ABX.TO,GOLD,2021-01-15,2021-01-28,15899745,12934067,22368468,1.0,22.93,Barrick Gold Corp.
ABX.TO,GOLD,2021-01-29,2021-02-11,10754472,15899745,15980983,1.0,-32.36,Barrick Gold Corp.
ABX.TO,GOLD,2021-02-12,2021-02-25,10494589,10754472,13483293,1.0,-2.42,Barrick Gold Corp.
ABX.TO,GOLD,2021-02-26,2021-03-11,16087753,10494589,24268090,1.0,53.3,Barrick Gold Corp.
ABX.TO,GOLD,2021-03-15,2021-03-26,18953976,16087753,18011443,1.05,17.82,Barrick Gold Corp.
ABX.TO,GOLD,2021-03-31,2021-04-13,13443526,18953976,16094067,1.0,-29.07,Barrick Gold Corp.
ABX.TO,GOLD,2021-04-15,2021-04-28,17347815,13443526,14798776,1.17,29.04,Barrick Gold Corp.
ABX.TO,GOLD,2021-04-30,2021-05-13,19978458,17347815,14004071,1.43,15.16,Barrick Gold Corp.
ABX.TO,GOLD,2021-05-14,2021-05-27,20769868,19978458,16065635,1.29,3.96,Barrick Gold Corp.
ABX.TO,GOLD,2021-05-28,2021-06-10,25807219,20769868,16546722,1.56,24.25,Barrick Gold Corp.
ABX.TO,GOLD,2021-06-15,2021-06-28,15555205,25801719,12929319,1.2,-39.71,Barrick Gold Corp.
ABX.TO,GOLD,2021-06-30,2021-07-13,24466067,15555205,16776536,1.46,57.29,Barrick Gold Corp.
ABX.TO,GOLD,2021-07-15,2021-07-28,28260194,24466067,12974728,2.18,15.51,Barrick Gold Corp.
ABX.TO,GOLD,2021-07-30,2021-08-12,22430391,28260194,13244013,1.69,-20.63,Barrick Gold Corp.
ABX.TO,GOLD,2021-08-13,2021-08-26,22417402,22430391,17298577,1.3,-0.06,Barrick Gold Corp.
ABX.TO,GOLD,2021-08-31,2021-09-13,18449832,22417402,14932999,1.24,-17.7,Barrick Gold Corp.
ABX.TO,GOLD,2021-09-15,2021-09-28,15479292,18449832,16488832,1.0,-16.1,Barrick Gold Corp.
ABX.TO,GOLD,2021-09-30,2021-10-13,17243351,15479292,22593512,1.0,11.4,Barrick Gold Corp.
ABX.TO,GOLD,2021-10-15,2021-10-28,19651038,17243351,17116359,1.15,13.96,Barrick Gold Corp.
ABX.TO,GOLD,2021-10-29,2021-11-11,21557220,19651038,14623460,1.47,9.7,Barrick Gold Corp.
ABX.TO,GOLD,2021-11-15,2021-11-26,20980925,21557220,18984046,1.11,-2.67,Barrick Gold Corp.
ABX.TO,GOLD,2021-11-30,2021-12-13,19918343,20980925,16936883,1.18,-5.06,Barrick Gold Corp.
ABX.TO,GOLD,2021-12-15,2021-12-28,15582101,19918343,18319710,1.0,-21.77,Barrick Gold Corp.
ABX.TO,GOLD,2021-12-31,2022-01-13,15346797,15582101,16493943,1.0,-1.51,Barrick Gold Corp.
ABX.TO,GOLD,2022-01-14,2022-01-27,16253504,15346797,15918786,1.02,5.91,Barrick Gold Corp.
ABX.TO,GOLD,2022-01-31,2022-02-11,14428965,16253504,21453119,1.0,-11.23,Barrick Gold Corp.
ABX.TO,GOLD,2022-02-15,2022-02-28,16840556,14428965,18510949,1.0,16.71,Barrick Gold Corp.
ABX.TO,GOLD,2022-02-28,2022-03-11,14137659,16840556,33821072,1.0,-16.05,Barrick Gold Corp.
ABX.TO,GOLD,2022-03-15,2022-03-28,21632676,14137659,32461926,1.0,53.01,Barrick Gold Corp.
ABX.TO,GOLD,2022-03-31,2022-04-13,17128880,21632676,19884342,1.0,-20.82,Barrick Gold Corp.
ABX.TO,GOLD,2022-04-14,2022-04-27,17885298,17128880,16057382,1.11,4.42,Barrick Gold Corp.
ABX.TO,GOLD,2022-04-29,2022-05-12,14346574,17885298,20341310,1.0,-19.79,Barrick Gold Corp.
ABX.TO,GOLD,2022-05-13,2022-05-26,15786859,14346574,20987183,1.0,10.04,Barrick Gold Corp.
ABX.TO,GOLD,2022-05-31,2022-06-13,18874291,15786859,17722561,1.06,19.56,Barrick Gold Corp.
ABX.TO,GOLD,2022-06-15,2022-06-28,29185558,18874291,16794209,1.74,54.63,Barrick Gold Corp.
ABX.TO,GOLD,2022-06-30,2022-07-13,33884681,29185558,20253164,1.67,16.1,Barrick Gold Corp.
ABX.TO,GOLD,2022-07-15,2022-07-28,31336591,33884681,22330185,1.4,-7.52,Barrick Gold Corp.
ABX.TO,GOLD,2022-07-29,2022-08-11,28344495,31336591,23927879,1.18,-9.55,Barrick Gold Corp.
ABX.TO,GOLD,2022-08-15,2022-08-26,42942036,28344495,21923036,1.96,51.5,Barrick Gold Corp.
ABX.TO,GOLD,2022-08-31,2022-09-13,91132180,42942036,21993630,4.14,112.22,Barrick Gold Corp.
ABX.TO,GOLD,2022-09-15,2022-09-28,62595769,91132180,18938106,3.31,-31.31,Barrick Gold Corp.
ABX.TO,GOLD,2022-09-30,2022-10-13,42299459,62595769,23637726,1.79,-32.42,Barrick Gold Corp.
ABX.TO,GOLD,2022-10-14,2022-10-27,39809521,42299459,24455261,1.63,-5.89,Barrick Gold Corp.
ABX.TO,GOLD,2022-10-31,2022-11-11,31985561,39809521,18913702,1.69,-19.65,Barrick Gold Corp.
ABX.TO,GOLD,2022-11-15,2022-11-28,44123570,31985561,29127987,1.51,37.95,Barrick Gold Corp.
ABX.TO,GOLD,2022-11-30,2022-12-13,57552245,44123570,16241605,3.54,30.43,Barrick Gold Corp.
ABX.TO,GOLD,2022-12-15,2022-12-28,33718205,57552245,21091978,1.6,-41.41,Barrick Gold Corp.
ABX.TO,GOLD,2022-12-30,2023-01-12,22288943,33718205,15697353,1.42,-33.9,Barrick Gold Corp.
ABX.TO,GOLD,2023-01-13,2023-01-26,26239454,22288943,18300588,1.43,17.72,Barrick Gold Corp.
ABX.TO,GOLD,2023-01-31,2023-02-13,36656012,26239454,19007602,1.93,39.7,Barrick Gold Corp.
ABX.TO,GOLD,2023-02-15,2023-02-28,48847696,36656012,18194168,2.68,33.26,Barrick Gold Corp.
ABX.TO,GOLD,2023-02-28,2023-03-13,57219200,48847696,18213059,3.14,17.14,Barrick Gold Corp.
ABX.TO,GOLD,2023-03-15,2023-03-28,16424386,57219200,20312320,1.0,-71.3,Barrick Gold Corp.
ABX.TO,GOLD,2023-03-31,2023-04-13,21091268,16424386,20035636,1.05,28.41,Barrick Gold Corp.
ABX.TO,GOLD,2023-04-14,2023-04-27,19743948,21091268,19447827,1.02,-6.39,Barrick Gold Corp.
ABX.TO,GOLD,2023-04-28,2023-05-11,12924078,19743948,13445417,1.0,-34.54,Barrick Gold Corp.
ABX.TO,GOLD,2023-05-15,2023-05-26,23291033,12924078,15350742,1.52,80.21,Barrick Gold Corp.
ABX.TO,GOLD,2023-05-31,2023-06-13,27674265,23291049,13958357,1.98,18.82,Barrick Gold Corp.
ABX.TO,GOLD,2023-06-15,2023-06-28,19444600,27674265,12660270,1.54,-29.74,Barrick Gold Corp.
ABX.TO,GOLD,2023-06-30,2023-07-13,15374182,19444600,16851947,1.0,-20.93,Barrick Gold Corp.
ABX.TO,GOLD,2023-07-14,2023-07-27,15268179,15374182,14416144,1.06,-0.69,Barrick Gold Corp.
ABX.TO,GOLD,2023-07-31,2023-08-11,14897956,15268179,11433712,1.3,-2.42,Barrick Gold Corp.
ABX.TO,GOLD,2023-08-15,2023-08-28,24978983,14897956,13417759,1.86,67.67,Barrick Gold Corp.
ABX.TO,GOLD,2023-08-31,2023-09-13,35747863,24978983,13218043,2.7,43.11,Barrick Gold Corp.
ABX.TO,GOLD,2023-09-15,2023-09-28,36862171,35747863,10536110,3.5,3.12,Barrick Gold Corp.
ABX.TO,GOLD,2023-09-29,2023-10-12,35262772,36862171,16760210,2.1,-4.34,Barrick Gold Corp.
ABX.TO,GOLD,2023-10-13,2023-10-26,37830380,35262772,18521389,2.04,7.28,Barrick Gold Corp.
ABX.TO,GOLD,2023-10-31,2023-11-13,30873031,37830380,19711254,1.57,-18.39,Barrick Gold Corp.
ABX.TO,GOLD,2023-11-15,2023-11-28,26920706,30873031,16379106,1.64,-12.8,Barrick Gold Corp.
ABX.TO,GOLD,2023-11-30,2023-12-13,26830972,26920706,16014928,1.68,-0.33,Barrick Gold Corp.
ABX.TO,GOLD,2023-12-15,2023-12-28,19960789,26830972,17591424,1.13,-25.61,Barrick Gold Corp.
ABX.TO,GOLD,2023-12-29,2024-01-11,14614081,19960789,14138533,1.03,-26.79,Barrick Gold Corp.
ABX.TO,GOLD,2024-01-12,2024-01-25,12320766,14614081,16818239,1.0,-15.69,Barrick Gold Corp.
ABX.TO,GOLD,2024-01-31,2024-02-13,12071133,12320766,19949002,1.0,-2.03,Barrick Gold Corp.
ABX.TO,GOLD,2024-02-15,2024-02-28,15610223,12071133,23609393,1.0,29.32,Barrick Gold Corp.
ABX.TO,GOLD,2024-02-29,2024-03-13,16072605,15610223,16835264,1.0,2.96,Barrick Gold Corp.
ABX.TO,GOLD,2024-03-15,2024-03-28,13167119,16072605,24089966,1.0,-18.08,Barrick Gold Corp.
ABX.TO,GOLD,2024-03-28,2024-04-10,12479851,13167119,20684264,1.0,-5.22,Barrick Gold Corp.
ABX.TO,GOLD,2024-04-15,2024-04-26,15698397,12479851,32257486,1.0,25.79,Barrick Gold Corp.
ABX.TO,GOLD,2024-04-30,2024-05-13,16296186,15698397,28256413,1.0,3.81,Barrick Gold Corp.
ABX.TO,GOLD,2024-05-15,2024-05-28,14650599,16296186,17342999,1.0,-10.1,Barrick Gold Corp.
ABX.TO,GOLD,2024-05-31,2024-06-13,14963080,14650599,17855805,1.0,2.13,Barrick Gold Corp.
ABX.TO,GOLD,2024-06-14,2024-06-27,12105450,14963080,23138392,1.0,-19.1,Barrick Gold Corp.
ABX.TO,GOLD,2024-06-28,2024-07-11,13296941,12105450,20105931,1.0,9.84,Barrick Gold Corp.
ABX.TO,GOLD,2024-07-15,2024-07-26,13849044,13296941,19665434,1.0,4.15,Barrick Gold Corp.
ABX.TO,GOLD,2024-07-31,2024-08-13,13963195,13849044,20988239,1.0,0.82,Barrick Gold Corp.
ABX.TO,GOLD,2024-08-15,2024-08-28,14012800,13963195,23738252,1.0,0.36,Barrick Gold Corp.
ABX.TO,GOLD,2024-08-30,2024-09-12,16833156,14012800,19239249,1.0,20.13,Barrick Gold Corp.
ABX.TO,GOLD,2024-09-13,2024-09-26,15847530,16833156,16492491,1.0,-5.86,Barrick Gold Corp.
ABX.TO,GOLD,2024-09-30,2024-10-11,11130733,15847530,20735988,1.0,-29.76,Barrick Gold Corp.
ABX.TO,GOLD,2024-10-15,2024-10-28,11035238,11130733,16053565,1.0,-0.86,Barrick Gold Corp.
ABX.TO,GOLD,2024-10-31,2024-11-13,17881606,11035238,23156695,1.0,62.04,Barrick Gold Corp.
ABX.TO,GOLD,2024-11-15,2024-11-28,15209727,17881606,25968218,1.0,-14.94,Barrick Gold Corp.
ABX.TO,GOLD,2024-11-29,2024-12-12,20404306,15209727,24357306,1.0,34.15,Barrick Gold Corp.
ABX.TO,GOLD,2024-12-13,2024-12-26,14906047,20404306,18528105,1.0,-26.95,Barrick Gold Corp.
ABX.TO,GOLD,2024-12-31,2025-01-13,14506685,14906047,17602324,1.0,-2.68,Barrick Gold Corp.
ABX.TO,GOLD,2025-01-15,2025-01-28,19574142,14506685,16487319,1.19,34.93,Barrick Gold Corp.
ABX.TO,GOLD,2025-01-31,2025-02-13,15707234,19574142,21369251,1.0,-19.76,Barrick Gold Corp.
ABX.TO,GOLD,2025-02-14,2025-02-27,15846239,15707234,27191253,1.0,0.88,Barrick Gold Corp.
ABX.TO,GOLD,2025-02-28,2025-03-13,16149111,15846239,29998362,1.0,1.91,Barrick Gold Corp.
ABX.TO,GOLD,2025-03-14,2025-03-27,15323494,16149111,23741003,1.0,-5.11,Barrick Gold Corp.
ABX.TO,GOLD,2025-03-31,2025-04-11,14550016,15323494,20143998,1.0,-5.05,Barrick Gold Corp.
ABX.TO,GOLD,2025-04-15,2025-04-28,14639980,14550016,30609886,1.0,0.62,Barrick Gold Corp.
ABX.TO,GOLD,2025-04-30,2025-05-13,14916196,14639980,22443337,1.0,1.89,Barrick Gold Corp.
ABX.TO,B,2025-05-15,2025-05-28,16190341,14916196,21450377,1.0,8.54,Barrick Mining Corporation
ABX.TO,B,2025-05-30,2025-06-12,12647084,16190341,13061549,1.0,-21.89,Barrick Mining Corporation
ABX.TO,B,2025-06-13,2025-06-26,17181592,12647084,18730380,1.0,35.85,Barrick Mining Corporation
ABX.TO,B,2025-06-30,2025-07-11,18305861,17181592,15174968,1.21,6.54,Barrick Mining Corporation
ABX.TO,B,2025-07-15,2025-07-28,15030780,18305861,9279717,1.62,-17.89,Barrick Mining Corporation
ABX.TO,B,2025-07-31,2025-08-13,16429035,15030780,10839170,1.52,9.3,Barrick Mining Corporation
ABX.TO,B,2025-08-15,2025-08-28,15426126,16429035,14953389,1.03,-6.1,Barrick Mining Corporation
ABX.TO,B,2025-08-29,2025-09-11,26991617,15426126,16747262,1.61,74.97,Barrick Mining Corporation
ABX.TO,B,2025-09-15,2025-09-26,25193109,26991617,18885657,1.33,-6.66,Barrick Mining Corporation
ABX.TO,B,2025-09-30,2025-10-13,19530738,25193109,36422973,1.0,-22.48,Barrick Mining Corporation
ABX.TO,B,2025-10-15,2025-10-28,19264696,19530738,17682884,1.09,-1.36,Barrick Mining Corporation
ABX.TO,B,2025-10-31,2025-11-13,17227136,19264696,20236961,1.0,-10.58,Barrick Mining Corporation
ABX.TO,B,2025-11-14,2025-11-27,18948459,17227136,17090741,1.11,9.99,Barrick Mining Corporation
ABX.TO,B,2025-11-28,2025-12-11,25177042,18648769,20736417,1.21,35.01,Barrick Mining Corporation
ABX.TO,B,2025-12-15,2025-12-26,15503314,25177042,13908105,1.11,-38.42,Barrick Mining Corporation
ABX.TO,B,2025-12-31,2026-01-13,15499626,15503314,10503706,1.48,-0.02,Barrick Mining Corporation
ABX.TO,B,2026-01-15,2026-01-28,22745422,15499626,13227275,1.72,46.75,Barrick Mining Corporation
ABX.TO,B,2026-01-30,2026-02-12,20640005,22745422,19355656,1.07,-9.26,Barrick Mining Corporation
ABX.TO,B,2026-02-13,2026-02-26,17803933,20640005,18782895,1.0,-13.74,Barrick Mining Corporation
ABX.TO,B,2026-02-27,2026-03-12,42580859,17803933,14671918,2.9,139.17,Barrick Mining Corporation
ABX.TO,B,2026-03-13,2026-03-26,20042378,42580859,13063827,1.53,-52.93,Barrick Mining Corporation
ABX.TO,B,2026-03-31,2026-04-13,12553466,20042378,17450443,1.0,-37.37,Barrick Mining Corporation
ABX.TO,B,2026-04-15,2026-04-28,12227567,12553466,10310374,1.19,-2.6,Barrick Mining Corporation
ABX.TO,B,2026-04-30,2026-05-13,11533294,12227567,10978395,1.05,-5.68,Barrick Mining Corporation
ABX.TO,B,2026-05-15,2026-05-28,13519780,11533294,14793708,1.0,17.22,Barrick Mining Corporation
ABX.TO,B,2026-05-29,2026-06-11,18720730,13519780,12079171,1.55,38.47,Barrick Mining Corporation
ABX.TO,B,2026-06-15,2026-06-26,16951050,18720730,13932606,1.22,-9.45,Barrick Mining Corporation
ABX.TO,B,2026-06-30,2026-07-13,12543159,16951050,11124013,1.13,-26.0,Barrick Mining Corporation
ABX.TO,B,2026-07-15,2026-07-28,16615786,12543159,8152516,2.04,32.47,Barrick Mining Corporation
ABX.TO,B,2026-07-31,2026-08-13,15475095,16615786,7749325,2.0,-6.87,Barrick Mining Corporation
ABX.TO,B,2026-08-14,2026-08-27,22075894,15475095,12986494,1.7,42.65,Barrick Mining Corporation
AEM.TO,AEM,2017-12-29,2018-01-11,1332343,1623378,1028240,1.3,-17.93,Agnico Eagle Mines Ltd.
AEM.TO,AEM,2018-01-12,2018-01-25,1566910,1332343,1039711,1.51,17.61,Agnico Eagle Mines Ltd.
AEM.TO,AEM,2018-01-31,2018-02-13,1850950,1566910,1307563,1.42,18.13,Agnico Eagle Mines Ltd.
AEM.TO,AEM,2018-02-15,2018-02-28,1925119,1850950,1675707,1.15,4.01,Agnico Eagle Mines Ltd.
AEM.TO,AEM,2018-02-28,2018-03-13,2241036,1925119,2042982,1.1,16.41,Agnico Eagle Mines Ltd.
AEM.TO,AEM,2018-03-15,2018-03-28,2155408,2241036,1314629,1.64,-3.82,Agnico Eagle Mines Ltd.
AEM.TO,AEM,2018-03-29,2018-04-11,3502817,2155408,1544147,2.27,62.51,Agnico Eagle Mines Ltd.
AEM.TO,AEM,2018-04-13,2018-04-26,4159088,3502817,1417256,2.93,18.74,Agnico Eagle Mines Ltd.
AEM.TO,AEM,2018-04-30,2018-05-11,3188571,4159088,1358395,2.35,-23.33,Agnico Eagle Mines Ltd.
AEM.TO,AEM,2018-05-15,2018-05-28,3039807,3188571,1064481,2.86,-4.67,Agnico Eagle Mines Ltd.
AEM.TO,AEM,2018-05-31,2018-06-13,3737485,3039807,936641,3.99,22.95,Agnico Eagle Mines Ltd.
AEM.TO,AEM,2018-06-15,2018-06-28,3760030,3737485,1154796,3.26,0.6,Agnico Eagle Mines Ltd.
AEM.TO,AEM,2018-06-29,2018-07-12,3166272,3760030,1063258,2.98,-15.79,Agnico Eagle Mines Ltd.
AEM.TO,AEM,2018-07-13,2018-07-26,3166304,3166272,956893,3.31,0.0,Agnico Eagle Mines Ltd.
AEM.TO,AEM,2018-07-31,2018-08-13,3079303,3166304,1182279,2.6,-2.75,Agnico Eagle Mines Ltd.
AEM.TO,AEM,2018-08-15,2018-08-28,3641592,3079303,1339958,2.72,18.26,Agnico Eagle Mines Ltd.
AEM.TO,AEM,2018-08-31,2018-09-13,5178677,3641592,1587792,3.26,42.21,Agnico Eagle Mines Ltd.
AEM.TO,AEM,2018-09-14,2018-09-27,4948922,5178677,1846122,2.68,-4.44,Agnico Eagle Mines Ltd.
AEM.TO,AEM,2018-09-28,2018-10-11,6986344,4948922,1751738,3.99,41.17,Agnico Eagle Mines Ltd.
AEM.TO,AEM,2018-10-15,2018-10-26,7042888,6986344,1952820,3.61,0.81,Agnico Eagle Mines Ltd.
AEM.TO,AEM,2018-10-31,2018-11-13,6529236,7042888,2118285,3.08,-7.29,Agnico Eagle Mines Ltd.
AEM.TO,AEM,2018-11-15,2018-11-28,4838312,6529236,1338204,3.62,-25.9,Agnico Eagle Mines Ltd.
AEM.TO,AEM,2018-11-30,2018-12-13,4338053,4838312,1198506,3.62,-10.34,Agnico Eagle Mines Ltd.
AEM.TO,AEM,2018-12-14,2018-12-27,5250232,4338053,1911960,2.75,21.03,Agnico Eagle Mines Ltd.
AEM.TO,AEM,2018-12-31,2019-01-11,5753766,5250232,2128219,2.7,9.59,Agnico Eagle Mines Ltd.
AEM.TO,AEM,2019-01-15,2019-01-28,6602507,5753766,1551529,4.26,14.75,Agnico Eagle Mines Ltd.
AEM.TO,AEM,2019-01-31,2019-02-13,5955387,6602507,1191632,5.0,-9.8,Agnico Eagle Mines Ltd.
AEM.TO,AEM,2019-02-15,2019-02-28,5899077,5955387,973530,6.06,-0.95,Agnico Eagle Mines Ltd.
AEM.TO,AEM,2019-02-28,2019-03-13,5793902,5899077,1433158,4.04,-1.78,Agnico Eagle Mines Ltd.
AEM.TO,AEM,2019-03-15,2019-03-28,6353246,5793902,1435760,4.43,9.65,Agnico Eagle Mines Ltd.
AEM.TO,AEM,2019-03-29,2019-04-11,6067214,6353246,1114958,5.44,-4.5,Agnico Eagle Mines Ltd.
AEM.TO,AEM,2019-04-15,2019-04-26,5196802,6067214,1242423,4.18,-14.35,Agnico Eagle Mines Ltd.
AEM.TO,AEM,2019-04-30,2019-05-13,5186885,5196802,1553461,3.34,-0.19,Agnico Eagle Mines Ltd.
AEM.TO,AEM,2019-05-15,2019-05-28,5492410,5186885,1164833,4.72,5.89,Agnico Eagle Mines Ltd.
AEM.TO,AEM,2019-05-31,2019-06-13,5748273,5492410,1265356,4.54,4.66,Agnico Eagle Mines Ltd.
AEM.TO,AEM,2019-06-14,2019-06-27,5520920,5748473,1156709,4.77,-3.96,Agnico Eagle Mines Ltd.
AEM.TO,AEM,2019-06-28,2019-07-11,5606246,5520920,1974699,2.84,1.55,Agnico Eagle Mines Ltd.
AEM.TO,AEM,2019-07-15,2019-07-26,5281110,5606246,1103038,4.79,-5.8,Agnico Eagle Mines Ltd.
AEM.TO,AEM,2019-07-31,2019-08-13,4510615,5281110,1614041,2.79,-14.59,Agnico Eagle Mines Ltd.
AEM.TO,AEM,2019-08-15,2019-08-28,5454505,4510615,1935491,2.82,20.93,Agnico Eagle Mines Ltd.
AEM.TO,AEM,2019-08-30,2019-09-12,5442616,5454505,1315668,4.14,-0.22,Agnico Eagle Mines Ltd.
AEM.TO,AEM,2019-09-13,2019-09-26,5089927,5442616,2014333,2.53,-6.48,Agnico Eagle Mines Ltd.
AEM.TO,AEM,2019-09-30,2019-10-11,5541728,5089927,1545464,3.59,8.88,Agnico Eagle Mines Ltd.
AEM.TO,AEM,2019-10-15,2019-10-28,5052485,5541728,1348887,3.75,-8.83,Agnico Eagle Mines Ltd.
AEM.TO,AEM,2019-10-31,2019-11-13,4955642,5052485,1497708,3.31,-1.92,Agnico Eagle Mines Ltd.
AEM.TO,AEM,2019-11-15,2019-11-28,5265366,4955642,1208304,4.36,6.25,Agnico Eagle Mines Ltd.
AEM.TO,AEM,2019-11-29,2019-12-12,4964506,5265366,1051632,4.72,-5.71,Agnico Eagle Mines Ltd.
AEM.TO,AEM,2019-12-13,2019-12-26,4125307,4964506,1032376,4.0,-16.9,Agnico Eagle Mines Ltd.
AEM.TO,AEM,2019-12-31,2020-01-13,3751621,4125307,771203,4.86,-9.06,Agnico Eagle Mines Ltd.
AEM.TO,AEM,2020-01-15,2020-01-28,3869139,3751621,1619936,2.39,3.13,Agnico Eagle Mines Ltd.
AEM.TO,AEM,2020-01-31,2020-02-13,3749501,3976045,1131874,3.31,-5.7,Agnico Eagle Mines Ltd.
AEM.TO,AEM,2020-02-14,2020-02-27,3269023,3749501,877855,3.72,-12.81,Agnico Eagle Mines Ltd.
AEM.TO,AEM,2020-02-28,2020-03-12,3696006,3269023,3452662,1.07,13.06,Agnico Eagle Mines Ltd.
AEM.TO,AEM,2020-03-13,2020-03-26,3741314,3696006,2317151,1.61,1.23,Agnico Eagle Mines Ltd.
AEM.TO,AEM,2020-03-31,2020-04-13,2119333,3741314,3229931,1.0,-43.35,Agnico Eagle Mines Ltd.
AEM.TO,AEM,2020-04-15,2020-04-28,1920458,2119333,1910425,1.01,-9.38,Agnico Eagle Mines Ltd.
AEM.TO,AEM,2020-04-30,2020-05-13,2748319,1920458,2097812,1.31,43.11,Agnico Eagle Mines Ltd.
AEM.TO,AEM,2020-05-15,2020-05-28,2624220,2829655,1648838,1.59,-7.26,Agnico Eagle Mines Ltd.
AEM.TO,AEM,2020-05-29,2020-06-11,3019814,2624220,1292261,2.34,15.07,Agnico Eagle Mines Ltd.
AEM.TO,AEM,2020-06-15,2020-06-26,1943435,3019814,1702981,1.14,-35.64,Agnico Eagle Mines Ltd.
AEM.TO,AEM,2020-06-30,2020-07-13,2053991,1943435,1309170,1.57,5.69,Agnico Eagle Mines Ltd.
AEM.TO,AEM,2020-07-15,2020-07-28,2245211,2053991,1066492,2.11,9.31,Agnico Eagle Mines Ltd.
AEM.TO,AEM,2020-07-31,2020-08-13,2673570,2245211,1555258,1.72,19.08,Agnico Eagle Mines Ltd.
AEM.TO,AEM,2020-08-14,2020-08-27,3886417,2673570,1572706,2.47,45.36,Agnico Eagle Mines Ltd.
AEM.TO,AEM,2020-08-31,2020-09-11,3131538,3886417,896390,3.49,-19.42,Agnico Eagle Mines Ltd.
AEM.TO,AEM,2020-09-15,2020-09-28,2543870,3131538,1057745,2.4,-18.77,Agnico Eagle Mines Ltd.
AEM.TO,AEM,2020-09-30,2020-10-13,2888855,2543870,1463267,1.97,13.56,Agnico Eagle Mines Ltd.
AEM.TO,AEM,2020-10-15,2020-10-28,2944790,2888855,876054,3.36,1.94,Agnico Eagle Mines Ltd.
AEM.TO,AEM,2020-10-30,2020-11-12,2567701,2944790,826767,3.11,-12.81,Agnico Eagle Mines Ltd.
AEM.TO,AEM,2020-11-13,2020-11-26,1943676,2567701,1368047,1.42,-24.3,Agnico Eagle Mines Ltd.
AEM.TO,AEM,2020-11-30,2020-12-11,1307425,1943676,1275144,1.03,-32.73,Agnico Eagle Mines Ltd.
AEM.TO,AEM,2020-12-15,2020-12-28,1616252,1307425,1107581,1.46,23.62,Agnico Eagle Mines Ltd.
AEM.TO,AEM,2020-12-31,2021-01-13,1836413,1616252,683102,2.69,13.62,Agnico Eagle Mines Ltd.
AEM.TO,AEM,2021-01-15,2021-01-28,2594638,1836413,1348581,1.92,41.29,Agnico Eagle Mines Ltd.
AEM.TO,AEM,2021-01-29,2021-02-11,2386897,2594638,976234,2.45,-8.01,Agnico Eagle Mines Ltd.
AEM.TO,AEM,2021-02-12,2021-02-25,1576197,2386897,1008552,1.56,-33.96,Agnico Eagle Mines Ltd.
AEM.TO,AEM,2021-02-26,2021-03-11,1605864,1576197,1541251,1.04,1.88,Agnico Eagle Mines Ltd.
AEM.TO,AEM,2021-03-15,2021-03-26,1375566,1605864,1288224,1.07,-14.34,Agnico Eagle Mines Ltd.
AEM.TO,AEM,2021-03-31,2021-04-13,1476082,1375566,923815,1.6,7.31,Agnico Eagle Mines Ltd.
AEM.TO,AEM,2021-04-15,2021-04-28,1037201,1476082,1196842,1.0,-29.73,Agnico Eagle Mines Ltd.
AEM.TO,AEM,2021-04-30,2021-05-13,1414361,1037201,1086117,1.3,36.36,Agnico Eagle Mines Ltd.
AEM.TO,AEM,2021-05-14,2021-05-27,1843869,1414361,1307645,1.41,30.37,Agnico Eagle Mines Ltd.
AEM.TO,AEM,2021-05-28,2021-06-10,3715420,1843869,1445087,2.57,101.5,Agnico Eagle Mines Ltd.
AEM.TO,AEM,2021-06-15,2021-06-28,1265386,3714420,782309,1.62,-65.93,Agnico Eagle Mines Ltd.
AEM.TO,AEM,2021-06-30,2021-07-13,1275161,1265386,1563642,1.0,0.77,Agnico Eagle Mines Ltd.
AEM.TO,AEM,2021-07-15,2021-07-28,1683153,1275161,1115055,1.51,32.0,Agnico Eagle Mines Ltd.
AEM.TO,AEM,2021-07-30,2021-08-12,1329884,1683153,1196295,1.11,-20.99,Agnico Eagle Mines Ltd.
AEM.TO,AEM,2021-08-13,2021-08-26,1387415,1329884,977565,1.42,4.33,Agnico Eagle Mines Ltd.
AEM.TO,AEM,2021-08-31,2021-09-13,1524393,1387415,1739766,1.0,9.87,Agnico Eagle Mines Ltd.
AEM.TO,AEM,2021-09-15,2021-09-28,1480875,1524393,1302631,1.14,-2.85,Agnico Eagle Mines Ltd.
AEM.TO,AEM,2021-09-30,2021-10-13,1876991,1480875,2310004,1.0,26.75,Agnico Eagle Mines Ltd.
AEM.TO,AEM,2021-10-15,2021-10-28,2488286,1876991,1579164,1.58,32.57,Agnico Eagle Mines Ltd.
AEM.TO,AEM,2021-10-29,2021-11-11,2712400,2488286,1421849,1.91,9.01,Agnico Eagle Mines Ltd.
AEM.TO,AEM,2021-11-15,2021-11-26,2931551,2712400,1966540,1.49,8.08,Agnico Eagle Mines Ltd.
AEM.TO,AEM,2021-11-30,2021-12-13,4600072,2931551,2043535,2.25,56.92,Agnico Eagle Mines Ltd.
AEM.TO,AEM,2021-12-15,2021-12-28,5088200,4600072,2027023,2.51,10.61,Agnico Eagle Mines Ltd.
AEM.TO,AEM,2021-12-31,2022-01-13,7022629,5088200,2091307,3.36,38.02,Agnico Eagle Mines Ltd.
AEM.TO,AEM,2022-01-14,2022-01-27,10523782,7022629,2186769,4.81,49.86,Agnico Eagle Mines Ltd.
AEM.TO,AEM,2022-01-31,2022-02-11,14027667,10523782,2750183,5.1,33.29,Agnico Eagle Mines Ltd.
AEM.TO,AEM,2022-02-15,2022-02-28,5319901,14027667,3228587,1.65,-62.08,Agnico Eagle Mines Ltd.
AEM.TO,AEM,2022-02-28,2022-03-11,2993233,5319901,4847574,1.0,-43.74,Agnico Eagle Mines Ltd.
AEM.TO,AEM,2022-03-15,2022-03-28,5368980,2993233,5759216,1.0,79.37,Agnico Eagle Mines Ltd.
AEM.TO,AEM,2022-03-31,2022-04-13,4162177,5368980,3157462,1.32,-22.48,Agnico Eagle Mines Ltd.
AEM.TO,AEM,2022-04-14,2022-04-27,4341983,4162177,2910547,1.49,4.32,Agnico Eagle Mines Ltd.
AEM.TO,AEM,2022-04-29,2022-05-12,4885379,4341983,2952302,1.65,12.51,Agnico Eagle Mines Ltd.
AEM.TO,AEM,2022-05-13,2022-05-26,5455718,4885379,2964752,1.84,11.67,Agnico Eagle Mines Ltd.
AEM.TO,AEM,2022-05-31,2022-06-13,6076676,5455718,2559535,2.37,11.38,Agnico Eagle Mines Ltd.
AEM.TO,AEM,2022-06-15,2022-06-28,6409499,6076676,2199716,2.91,5.48,Agnico Eagle Mines Ltd.
AEM.TO,AEM,2022-06-30,2022-07-13,6691423,6409499,2715282,2.46,4.4,Agnico Eagle Mines Ltd.
AEM.TO,AEM,2022-07-15,2022-07-28,7083002,6691423,2692838,2.63,5.85,Agnico Eagle Mines Ltd.
AEM.TO,AEM,2022-07-29,2022-08-11,7800611,7083002,5595574,1.39,10.13,Agnico Eagle Mines Ltd.
AEM.TO,AEM,2022-08-15,2022-08-26,7583324,7800611,2844149,2.67,-2.79,Agnico Eagle Mines Ltd.
AEM.TO,AEM,2022-08-31,2022-09-13,14515124,7583324,2442135,5.94,91.41,Agnico Eagle Mines Ltd.
AEM.TO,AEM,2022-09-15,2022-09-28,14302907,14515124,2659292,5.38,-1.46,Agnico Eagle Mines Ltd.
AEM.TO,AEM,2022-09-30,2022-10-13,11297809,14302907,3404769,3.32,-21.01,Agnico Eagle Mines Ltd.
AEM.TO,AEM,2022-10-14,2022-10-27,11499013,11297809,3015691,3.81,1.78,Agnico Eagle Mines Ltd.
AEM.TO,AEM,2022-10-31,2022-11-11,11417129,11499013,2427895,4.7,-0.71,Agnico Eagle Mines Ltd.
AEM.TO,AEM,2022-11-15,2022-11-28,13806823,11417129,4597030,3.0,20.93,Agnico Eagle Mines Ltd.
AEM.TO,AEM,2022-11-30,2022-12-13,17530742,13806823,2508537,6.99,26.97,Agnico Eagle Mines Ltd.
AEM.TO,AEM,2022-12-15,2022-12-28,15746453,17530742,2928088,5.38,-10.18,Agnico Eagle Mines Ltd.
AEM.TO,AEM,2022-12-30,2023-01-12,12464175,15746453,2340787,5.32,-20.84,Agnico Eagle Mines Ltd.
AEM.TO,AEM,2023-01-13,2023-01-26,13320014,12464175,3019647,4.41,6.87,Agnico Eagle Mines Ltd.
AEM.TO,AEM,2023-01-31,2023-02-13,12302069,13320014,2442723,5.04,-7.64,Agnico Eagle Mines Ltd.
AEM.TO,AEM,2023-02-15,2023-02-28,16884546,12302069,2588109,6.52,37.25,Agnico Eagle Mines Ltd.
AEM.TO,AEM,2023-02-28,2023-03-13,24577980,16884546,4253568,5.78,45.56,Agnico Eagle Mines Ltd.
AEM.TO,AEM,2023-03-15,2023-03-28,20550435,24577980,3145353,6.53,-16.39,Agnico Eagle Mines Ltd.
AEM.TO,AEM,2023-03-31,2023-04-13,12383005,20550435,3580393,3.46,-39.74,Agnico Eagle Mines Ltd.
AEM.TO,AEM,2023-04-14,2023-04-27,10353577,12383005,3916406,2.64,-16.39,Agnico Eagle Mines Ltd.
AEM.TO,AEM,2023-04-28,2023-05-11,8573758,10353577,2293616,3.74,-17.19,Agnico Eagle Mines Ltd.
AEM.TO,AEM,2023-05-15,2023-05-26,8584617,8573758,2648527,3.24,0.13,Agnico Eagle Mines Ltd.
AEM.TO,AEM,2023-05-31,2023-06-13,9574483,8585422,3006982,3.18,11.52,Agnico Eagle Mines Ltd.
AEM.TO,AEM,2023-06-15,2023-06-28,7756764,9574483,2284879,3.39,-18.99,Agnico Eagle Mines Ltd.
AEM.TO,AEM,2023-06-30,2023-07-13,5724371,7756764,2224050,2.57,-26.2,Agnico Eagle Mines Ltd.
AEM.TO,AEM,2023-07-14,2023-07-27,5955725,5724371,2141964,2.78,4.04,Agnico Eagle Mines Ltd.
AEM.TO,AEM,2023-07-31,2023-08-11,6773971,5955725,1930513,3.51,13.74,Agnico Eagle Mines Ltd.
AEM.TO,AEM,2023-08-15,2023-08-28,10027393,6773971,2003128,5.01,48.03,Agnico Eagle Mines Ltd.
AEM.TO,AEM,2023-08-31,2023-09-13,13591112,10027393,1931070,7.04,35.54,Agnico Eagle Mines Ltd.
AEM.TO,AEM,2023-09-15,2023-09-28,10216981,13591112,2148008,4.76,-24.83,Agnico Eagle Mines Ltd.
AEM.TO,AEM,2023-09-29,2023-10-12,7712582,10216981,2508074,3.08,-24.51,Agnico Eagle Mines Ltd.
AEM.TO,AEM,2023-10-13,2023-10-26,8387335,7712582,2736718,3.06,8.75,Agnico Eagle Mines Ltd.
AEM.TO,AEM,2023-10-31,2023-11-13,7435487,8387335,3115770,2.39,-11.35,Agnico Eagle Mines Ltd.
AEM.TO,AEM,2023-11-15,2023-11-28,7753120,7435487,2396423,3.24,4.27,Agnico Eagle Mines Ltd.
AEM.TO,AEM,2023-11-30,2023-12-13,11639107,7753120,2911733,4.0,50.12,Agnico Eagle Mines Ltd.
AEM.TO,AEM,2023-12-15,2023-12-28,8604373,11639107,3355746,2.56,-26.07,Agnico Eagle Mines Ltd.
AEM.TO,AEM,2023-12-29,2024-01-11,8126864,8604373,2132937,3.81,-5.55,Agnico Eagle Mines Ltd.
AEM.TO,AEM,2024-01-12,2024-01-25,7306156,8126864,2529815,2.89,-10.1,Agnico Eagle Mines Ltd.
AEM.TO,AEM,2024-01-31,2024-02-13,5480936,7306156,2644524,2.07,-24.98,Agnico Eagle Mines Ltd.
AEM.TO,AEM,2024-02-15,2024-02-28,10550335,5480936,3157622,3.34,92.49,Agnico Eagle Mines Ltd.
AEM.TO,AEM,2024-02-29,2024-03-13,12064104,10550335,3604824,3.35,14.35,Agnico Eagle Mines Ltd.
AEM.TO,AEM,2024-03-15,2024-03-28,7265645,12064104,3957775,1.84,-39.77,Agnico Eagle Mines Ltd.
AEM.TO,AEM,2024-03-28,2024-04-10,6943894,7265645,2753515,2.52,-4.43,Agnico Eagle Mines Ltd.
AEM.TO,AEM,2024-04-15,2024-04-26,8005115,6943894,3970636,2.02,15.28,Agnico Eagle Mines Ltd.
AEM.TO,AEM,2024-04-30,2024-05-13,5842975,8005115,3774881,1.55,-27.01,Agnico Eagle Mines Ltd.
AEM.TO,AEM,2024-05-15,2024-05-28,7993167,5842975,2298032,3.48,36.8,Agnico Eagle Mines Ltd.
AEM.TO,AEM,2024-05-31,2024-06-13,9969135,7993167,2307235,4.32,24.72,Agnico Eagle Mines Ltd.
AEM.TO,AEM,2024-06-14,2024-06-27,5610348,9969135,2529481,2.22,-43.72,Agnico Eagle Mines Ltd.
AEM.TO,AEM,2024-06-28,2024-07-11,7496855,5610348,2185065,3.43,33.63,Agnico Eagle Mines Ltd.
AEM.TO,AEM,2024-07-15,2024-07-26,7783858,7496855,1829239,4.26,3.83,Agnico Eagle Mines Ltd.
AEM.TO,AEM,2024-07-31,2024-08-13,7691208,7783858,1854365,4.15,-1.19,Agnico Eagle Mines Ltd.
AEM.TO,AEM,2024-08-15,2024-08-28,7538024,7691208,2556014,2.95,-1.99,Agnico Eagle Mines Ltd.
AEM.TO,AEM,2024-08-30,2024-09-12,10725903,7538024,2102866,5.1,42.29,Agnico Eagle Mines Ltd.
AEM.TO,AEM,2024-09-13,2024-09-26,6650525,10725903,2009300,3.31,-38.0,Agnico Eagle Mines Ltd.
AEM.TO,AEM,2024-09-30,2024-10-11,4658783,6650525,2532326,1.84,-29.95,Agnico Eagle Mines Ltd.
AEM.TO,AEM,2024-10-15,2024-10-28,3483589,4658783,1921300,1.81,-25.23,Agnico Eagle Mines Ltd.
AEM.TO,AEM,2024-10-31,2024-11-13,5297213,3483589,2778337,1.91,52.06,Agnico Eagle Mines Ltd.
AEM.TO,AEM,2024-11-15,2024-11-28,4195061,5297213,2762045,1.52,-20.81,Agnico Eagle Mines Ltd.
AEM.TO,AEM,2024-11-29,2024-12-12,5257216,4195061,1811726,2.9,25.32,Agnico Eagle Mines Ltd.
AEM.TO,AEM,2024-12-13,2024-12-26,4556107,5257216,1552888,2.93,-13.34,Agnico Eagle Mines Ltd.
AEM.TO,AEM,2024-12-31,2025-01-13,3434108,4556107,1632089,2.1,-24.63,Agnico Eagle Mines Ltd.
AEM.TO,AEM,2025-01-15,2025-01-28,4113689,3434108,1490872,2.76,19.79,Agnico Eagle Mines Ltd.
AEM.TO,AEM,2025-01-31,2025-02-13,5195885,4113689,1861943,2.79,26.31,Agnico Eagle Mines Ltd.
AEM.TO,AEM,2025-02-14,2025-02-27,5230413,5195885,2885226,1.81,0.66,Agnico Eagle Mines Ltd.
AEM.TO,AEM,2025-02-28,2025-03-13,6400113,5230413,2849360,2.25,22.36,Agnico Eagle Mines Ltd.
AEM.TO,AEM,2025-03-14,2025-03-27,7611976,6400113,2810297,2.71,18.94,Agnico Eagle Mines Ltd.
AEM.TO,AEM,2025-03-31,2025-04-11,6623416,7611976,2265469,2.92,-12.99,Agnico Eagle Mines Ltd.
AEM.TO,AEM,2025-04-15,2025-04-28,8017729,6623416,5202738,1.54,21.05,Agnico Eagle Mines Ltd.
AEM.TO,AEM,2025-04-30,2025-05-13,6040530,8017729,4235487,1.43,-24.66,Agnico Eagle Mines Ltd.
AEM.TO,AEM,2025-05-15,2025-05-28,5754614,6040530,4132758,1.39,-4.73,Agnico Eagle Mines Ltd.
AEM.TO,AEM,2025-05-30,2025-06-12,8845971,5754614,3391806,2.61,53.72,Agnico Eagle Mines Ltd.
AEM.TO,AEM,2025-06-13,2025-06-26,8415210,8845971,2916715,2.89,-4.87,Agnico Eagle Mines Ltd.
AEM.TO,AEM,2025-06-30,2025-07-11,8430548,8415210,2846451,2.96,0.18,Agnico Eagle Mines Ltd.
AEM.TO,AEM,2025-07-15,2025-07-28,8161291,8430548,2117411,3.85,-3.19,Agnico Eagle Mines Ltd.
AEM.TO,AEM,2025-07-31,2025-08-13,6121825,8161291,2747300,2.23,-24.99,Agnico Eagle Mines Ltd.
AEM.TO,AEM,2025-08-15,2025-08-28,6338976,6121825,2623240,2.42,3.55,Agnico Eagle Mines Ltd.
AEM.TO,AEM,2025-08-29,2025-09-11,6726071,6338976,2117747,3.18,6.11,Agnico Eagle Mines Ltd.
AEM.TO,AEM,2025-09-15,2025-09-26,7693675,6726071,3151126,2.44,14.39,Agnico Eagle Mines Ltd.
AEM.TO,AEM,2025-09-30,2025-10-13,7463070,7693675,3768763,1.98,-3.0,Agnico Eagle Mines Ltd.
AEM.TO,AEM,2025-10-15,2025-10-28,6856166,7463070,2733816,2.51,-8.13,Agnico Eagle Mines Ltd.
AEM.TO,AEM,2025-10-31,2025-11-13,5523398,6856166,3396321,1.63,-19.44,Agnico Eagle Mines Ltd.
AEM.TO,AEM,2025-11-14,2025-11-27,7054754,5523398,2299221,3.07,27.72,Agnico Eagle Mines Ltd.
AEM.TO,AEM,2025-11-28,2025-12-11,6971964,7054154,2052163,3.4,-1.17,Agnico Eagle Mines Ltd.
AEM.TO,AEM,2025-12-15,2025-12-26,5448500,6971964,2369733,2.3,-21.85,Agnico Eagle Mines Ltd.
AEM.TO,AEM,2025-12-31,2026-01-13,5989278,5448500,2552160,2.35,9.93,Agnico Eagle Mines Ltd.
AEM.TO,AEM,2026-01-15,2026-01-28,5814683,5989278,2508343,2.32,-2.92,Agnico Eagle Mines Ltd.
AEM.TO,AEM,2026-01-30,2026-02-12,4829239,5814683,3532079,1.37,-16.95,Agnico Eagle Mines Ltd.
AEM.TO,AEM,2026-02-13,2026-02-26,5115571,4829239,2989809,1.71,5.93,Agnico Eagle Mines Ltd.
AEM.TO,AEM,2026-02-27,2026-03-12,5691688,5115571,2213431,2.57,11.26,Agnico Eagle Mines Ltd.
AEM.TO,AEM,2026-03-13,2026-03-26,4382180,5691688,2596159,1.69,-23.01,Agnico Eagle Mines Ltd.
AEM.TO,AEM,2026-03-31,2026-04-13,5466401,4382180,3636618,1.5,24.74,Agnico Eagle Mines Ltd.
AEM.TO,AEM,2026-04-15,2026-04-28,5510681,5466401,1962683,2.81,0.81,Agnico Eagle Mines Ltd.
AEM.TO,AEM,2026-04-30,2026-05-13,4554932,5510681,2264602,2.01,-17.34,Agnico Eagle Mines Ltd.
AEM.TO,AEM,2026-05-15,2026-05-28,4866078,4554932,2333624,2.09,6.83,Agnico Eagle Mines Ltd.
AEM.TO,AEM,2026-05-29,2026-06-11,4776570,4866078,2051075,2.33,-1.84,Agnico Eagle Mines Ltd.
AEM.TO,AEM,2026-06-15,2026-06-26,4417617,4776570,3062766,1.44,-7.51,Agnico Eagle Mines Ltd.
AEM.TO,AEM,2026-06-30,2026-07-13,4589303,4417617,3152268,1.46,3.89,Agnico Eagle Mines Ltd.
AEM.TO,AEM,2026-07-15,2026-07-28,4247717,4589303,2531533,1.68,-7.44,Agnico Eagle Mines Ltd.
AEM.TO,AEM,2026-07-31,2026-08-13,4477305,4247717,2579615,1.74,5.4,Agnico Eagle Mines Ltd.
AEM.TO,AEM,2026-08-14,2026-08-27,5889055,4477305,3464109,1.7,31.53,Agnico Eagle Mines Ltd.
BCE.TO,BCE,2017-12-29,2018-01-11,4397280,4287458,669654,6.57,2.56,"BCE, Inc."
BCE.TO,BCE,2018-01-12,2018-01-25,4329044,4397280,820660,5.28,-1.55,"BCE, Inc."
BCE.TO,BCE,2018-01-31,2018-02-13,4965301,4329044,775939,6.4,14.7,"BCE, Inc."
BCE.TO,BCE,2018-02-15,2018-02-28,5752837,4965301,1351588,4.26,15.86,"BCE, Inc."
BCE.TO,BCE,2018-02-28,2018-03-13,5429354,5752837,853047,6.36,-5.62,"BCE, Inc."
BCE.TO,BCE,2018-03-15,2018-03-28,6174173,5429354,1079252,5.72,13.72,"BCE, Inc."
BCE.TO,BCE,2018-03-29,2018-04-11,5306958,6174173,861645,6.16,-14.05,"BCE, Inc."
BCE.TO,BCE,2018-04-13,2018-04-26,4559253,5306958,1211444,3.76,-14.09,"BCE, Inc."
BCE.TO,BCE,2018-04-30,2018-05-11,3454697,4559253,1131852,3.05,-24.23,"BCE, Inc."
BCE.TO,BCE,2018-05-15,2018-05-28,3553949,3454697,905197,3.93,2.87,"BCE, Inc."
BCE.TO,BCE,2018-05-31,2018-06-13,3531018,3553949,701564,5.03,-0.65,"BCE, Inc."
BCE.TO,BCE,2018-06-15,2018-06-28,3121644,3531018,723007,4.32,-11.59,"BCE, Inc."
BCE.TO,BCE,2018-06-29,2018-07-12,3355722,3121644,1042080,3.22,7.5,"BCE, Inc."
BCE.TO,BCE,2018-07-13,2018-07-26,3126992,3355722,975751,3.2,-6.82,"BCE, Inc."
BCE.TO,BCE,2018-07-31,2018-08-13,2827210,3126992,617671,4.58,-9.59,"BCE, Inc."
BCE.TO,BCE,2018-08-15,2018-08-28,3101859,2827210,684218,4.53,9.71,"BCE, Inc."
BCE.TO,BCE,2018-08-31,2018-09-13,3360001,3101859,545682,6.16,8.32,"BCE, Inc."
BCE.TO,BCE,2018-09-14,2018-09-27,3064339,3360001,746565,4.1,-8.8,"BCE, Inc."
BCE.TO,BCE,2018-09-28,2018-10-11,2699079,3064339,759011,3.56,-11.92,"BCE, Inc."
BCE.TO,BCE,2018-10-15,2018-10-26,2519432,2699079,1047699,2.4,-6.66,"BCE, Inc."
BCE.TO,BCE,2018-10-31,2018-11-13,2121692,2519432,1069548,1.98,-15.79,"BCE, Inc."
BCE.TO,BCE,2018-11-15,2018-11-28,1825885,2121692,994288,1.84,-13.94,"BCE, Inc."
BCE.TO,BCE,2018-11-30,2018-12-13,3176883,1825885,1051031,3.02,73.99,"BCE, Inc."
BCE.TO,BCE,2018-12-14,2018-12-27,3574552,3176883,1103458,3.24,12.52,"BCE, Inc."
BCE.TO,BCE,2018-12-31,2019-01-11,2468574,3574552,1445756,1.71,-30.94,"BCE, Inc."
BCE.TO,BCE,2019-01-15,2019-01-28,2627158,2468574,1176357,2.23,6.42,"BCE, Inc."
BCE.TO,BCE,2019-01-31,2019-02-13,4062465,2627158,980397,4.14,54.63,"BCE, Inc."
BCE.TO,BCE,2019-02-15,2019-02-28,3893264,4062465,777206,5.01,-4.16,"BCE, Inc."
BCE.TO,BCE,2019-02-28,2019-03-13,5917476,3893264,866192,6.83,51.99,"BCE, Inc."
BCE.TO,BCE,2019-03-15,2019-03-28,7288604,5917476,998522,7.3,23.17,"BCE, Inc."
BCE.TO,BCE,2019-03-29,2019-04-11,4095002,7288604,879543,4.66,-43.82,"BCE, Inc."
BCE.TO,BCE,2019-04-15,2019-04-26,2694340,4095002,651859,4.13,-34.2,"BCE, Inc."
BCE.TO,BCE,2019-04-30,2019-05-13,2711938,2694340,521217,5.2,0.65,"BCE, Inc."
BCE.TO,BCE,2019-05-15,2019-05-28,2650552,2711938,565072,4.69,-2.26,"BCE, Inc."
BCE.TO,BCE,2019-05-31,2019-06-13,4646552,2650552,611068,7.6,75.31,"BCE, Inc."
BCE.TO,BCE,2019-06-14,2019-06-27,8470024,4646552,1032507,8.2,82.29,"BCE, Inc."
BCE.TO,BCE,2019-06-28,2019-07-11,2415050,8470024,761246,3.17,-71.49,"BCE, Inc."
BCE.TO,BCE,2019-07-15,2019-07-26,3287064,2415050,794682,4.14,36.11,"BCE, Inc."
BCE.TO,BCE,2019-07-31,2019-08-13,3465060,3287064,728186,4.76,5.42,"BCE, Inc."
BCE.TO,BCE,2019-08-15,2019-08-28,4349032,3465060,889658,4.89,25.51,"BCE, Inc."
BCE.TO,BCE,2019-08-30,2019-09-12,3415389,4349032,889583,3.84,-21.47,"BCE, Inc."
BCE.TO,BCE,2019-09-13,2019-09-26,9162455,3415389,1254338,7.3,168.27,"BCE, Inc."
BCE.TO,BCE,2019-09-30,2019-10-11,3243308,9162455,681544,4.76,-64.6,"BCE, Inc."
BCE.TO,BCE,2019-10-15,2019-10-28,4027802,3243308,1077268,3.74,24.19,"BCE, Inc."
BCE.TO,BCE,2019-10-31,2019-11-13,3310398,4027802,901758,3.67,-17.81,"BCE, Inc."
BCE.TO,BCE,2019-11-15,2019-11-28,2927257,3310398,795669,3.68,-11.57,"BCE, Inc."
BCE.TO,BCE,2019-11-29,2019-12-12,3203323,2927257,594991,5.38,9.43,"BCE, Inc."
BCE.TO,BCE,2019-12-13,2019-12-26,10746530,3203323,1143040,9.4,235.48,"BCE, Inc."
BCE.TO,BCE,2019-12-31,2020-01-13,2621412,10746530,658240,3.98,-75.61,"BCE, Inc."
BCE.TO,BCE,2020-01-15,2020-01-28,1857851,2621412,731756,2.54,-29.13,"BCE, Inc."
BCE.TO,BCE,2020-01-31,2020-02-13,2341456,2199891,553375,4.23,6.44,"BCE, Inc."
BCE.TO,BCE,2020-02-14,2020-02-27,1501714,2341456,633051,2.37,-35.86,"BCE, Inc."
BCE.TO,BCE,2020-02-28,2020-03-12,5446458,1501714,1739299,3.13,262.68,"BCE, Inc."
BCE.TO,BCE,2020-03-13,2020-03-26,5742395,5446458,1695856,3.39,5.43,"BCE, Inc."
BCE.TO,BCE,2020-03-31,2020-04-13,4406729,5742395,2052126,2.15,-23.26,"BCE, Inc."
BCE.TO,BCE,2020-04-15,2020-04-28,5119892,4406729,1579998,3.24,16.18,"BCE, Inc."
BCE.TO,BCE,2020-04-30,2020-05-13,5926626,5119892,1190168,4.98,15.76,"BCE, Inc."
BCE.TO,BCE,2020-05-15,2020-05-28,5900193,6275673,936178,6.3,-5.98,"BCE, Inc."
BCE.TO,BCE,2020-05-29,2020-06-11,6472106,5900193,1146812,5.64,9.69,"BCE, Inc."
BCE.TO,BCE,2020-06-15,2020-06-26,9620653,6472106,1259352,7.64,48.65,"BCE, Inc."
BCE.TO,BCE,2020-06-30,2020-07-13,4067106,9620653,824950,4.93,-57.73,"BCE, Inc."
BCE.TO,BCE,2020-07-15,2020-07-28,3614016,4067106,1318080,2.74,-11.14,"BCE, Inc."
BCE.TO,BCE,2020-07-31,2020-08-13,3538888,3614016,766654,4.62,-2.08,"BCE, Inc."
BCE.TO,BCE,2020-08-14,2020-08-27,3591810,3538888,710341,5.06,1.5,"BCE, Inc."
BCE.TO,BCE,2020-08-31,2020-09-11,4051958,3591810,674131,6.01,12.81,"BCE, Inc."
BCE.TO,BCE,2020-09-15,2020-09-28,8160981,4051958,1500753,5.44,101.41,"BCE, Inc."
BCE.TO,BCE,2020-09-30,2020-10-13,3943855,8160981,1011164,3.9,-51.67,"BCE, Inc."
BCE.TO,BCE,2020-10-15,2020-10-28,3426351,3943855,627056,5.46,-13.12,"BCE, Inc."
BCE.TO,BCE,2020-10-30,2020-11-12,3317009,3426351,717400,4.62,-3.19,"BCE, Inc."
BCE.TO,BCE,2020-11-13,2020-11-26,3357977,3317009,982781,3.42,1.24,"BCE, Inc."
BCE.TO,BCE,2020-11-30,2020-12-11,4438559,3357977,699608,6.34,32.18,"BCE, Inc."
BCE.TO,BCE,2020-12-15,2020-12-28,10987308,4438559,1618902,6.79,147.54,"BCE, Inc."
BCE.TO,BCE,2020-12-31,2021-01-13,3458343,10987308,831206,4.16,-68.52,"BCE, Inc."
BCE.TO,BCE,2021-01-15,2021-01-28,5310306,3458343,1105952,4.8,53.55,"BCE, Inc."
BCE.TO,BCE,2021-01-29,2021-02-11,5990538,5310306,975986,6.14,12.81,"BCE, Inc."
BCE.TO,BCE,2021-02-12,2021-02-25,5766790,5990538,968179,5.96,-3.74,"BCE, Inc."
BCE.TO,BCE,2021-02-26,2021-03-11,6615952,5766790,997581,6.63,14.73,"BCE, Inc."
BCE.TO,BCE,2021-03-15,2021-03-26,7543776,6615952,1751954,4.31,14.02,"BCE, Inc."
BCE.TO,BCE,2021-03-31,2021-04-13,4150719,7543776,1876763,2.21,-44.98,"BCE, Inc."
BCE.TO,BCE,2021-04-15,2021-04-28,4273548,4150719,985513,4.34,2.96,"BCE, Inc."
BCE.TO,BCE,2021-04-30,2021-05-13,5522156,4273548,1473385,3.75,29.22,"BCE, Inc."
BCE.TO,BCE,2021-05-14,2021-05-27,5461191,5522156,893521,6.11,-1.1,"BCE, Inc."
BCE.TO,BCE,2021-05-28,2021-06-10,6365466,5461191,1474307,4.32,16.56,"BCE, Inc."
BCE.TO,BCE,2021-06-15,2021-06-28,4887866,6363932,1245878,3.92,-23.19,"BCE, Inc."
BCE.TO,BCE,2021-06-30,2021-07-13,3615042,4887866,1220177,2.96,-26.04,"BCE, Inc."
BCE.TO,BCE,2021-07-15,2021-07-28,4430073,3615042,833301,5.32,22.55,"BCE, Inc."
BCE.TO,BCE,2021-07-30,2021-08-12,4886425,4430073,958545,5.1,10.3,"BCE, Inc."
BCE.TO,BCE,2021-08-13,2021-08-26,5971675,4886425,1033230,5.78,22.21,"BCE, Inc."
BCE.TO,BCE,2021-08-31,2021-09-13,3962383,5971675,1222228,3.24,-33.65,"BCE, Inc."
BCE.TO,BCE,2021-09-15,2021-09-28,9074812,3962383,1422963,6.38,129.02,"BCE, Inc."
BCE.TO,BCE,2021-09-30,2021-10-13,3447659,9074812,1041313,3.31,-62.01,"BCE, Inc."
BCE.TO,BCE,2021-10-15,2021-10-28,4233088,3447659,831669,5.09,22.78,"BCE, Inc."
BCE.TO,BCE,2021-10-29,2021-11-11,4726794,4233088,814927,5.8,11.66,"BCE, Inc."
BCE.TO,BCE,2021-11-15,2021-11-26,6244658,4726794,945045,6.61,32.11,"BCE, Inc."
BCE.TO,BCE,2021-11-30,2021-12-13,7219374,6244658,900015,8.02,15.61,"BCE, Inc."
BCE.TO,BCE,2021-12-15,2021-12-28,13593689,7219374,1261865,10.77,88.29,"BCE, Inc."
BCE.TO,BCE,2021-12-31,2022-01-13,9110569,13593689,967439,9.42,-32.98,"BCE, Inc."
BCE.TO,BCE,2022-01-14,2022-01-27,7063290,9110569,876382,8.06,-22.47,"BCE, Inc."
BCE.TO,BCE,2022-01-31,2022-02-11,7587101,7063290,1351982,5.61,7.42,"BCE, Inc."
BCE.TO,BCE,2022-02-15,2022-02-28,8390739,7587101,1299184,6.46,10.59,"BCE, Inc."
BCE.TO,BCE,2022-02-28,2022-03-11,7934986,8390739,1670309,4.75,-5.43,"BCE, Inc."
BCE.TO,BCE,2022-03-15,2022-03-28,16371992,7934986,2352343,6.96,106.33,"BCE, Inc."
BCE.TO,BCE,2022-03-31,2022-04-13,9213806,16371992,1130845,8.15,-43.72,"BCE, Inc."
BCE.TO,BCE,2022-04-14,2022-04-27,8121877,9213806,1276439,6.36,-11.85,"BCE, Inc."
BCE.TO,BCE,2022-04-29,2022-05-12,8923166,8121877,1799805,4.96,9.87,"BCE, Inc."
BCE.TO,BCE,2022-05-13,2022-05-26,7732002,8923166,1712365,4.52,-13.35,"BCE, Inc."
BCE.TO,BCE,2022-05-31,2022-06-13,9371145,7732002,1285668,7.29,21.2,"BCE, Inc."
BCE.TO,BCE,2022-06-15,2022-06-28,24103603,9371145,1655296,14.56,157.21,"BCE, Inc."
BCE.TO,BCE,2022-06-30,2022-07-13,13961498,24103603,1549670,9.01,-42.08,"BCE, Inc."
BCE.TO,BCE,2022-07-15,2022-07-28,12312751,13961498,1138359,10.82,-11.81,"BCE, Inc."
BCE.TO,BCE,2022-07-29,2022-08-11,10534626,12312751,1002950,10.5,-14.44,"BCE, Inc."
BCE.TO,BCE,2022-08-15,2022-08-26,11521964,10534626,1052993,10.94,9.37,"BCE, Inc."
BCE.TO,BCE,2022-08-31,2022-09-13,16863530,11521964,965660,17.46,46.36,"BCE, Inc."
BCE.TO,BCE,2022-09-15,2022-09-28,20474977,16863530,1679302,12.19,21.42,"BCE, Inc."
BCE.TO,BCE,2022-09-30,2022-10-13,13614182,20474977,1550466,8.78,-33.51,"BCE, Inc."
BCE.TO,BCE,2022-10-14,2022-10-27,12977591,13614182,1486038,8.73,-4.68,"BCE, Inc."
BCE.TO,BCE,2022-10-31,2022-11-11,12962888,12977591,1375326,9.43,-0.11,"BCE, Inc."
BCE.TO,BCE,2022-11-15,2022-11-28,13691831,12962888,1759437,7.78,5.62,"BCE, Inc."
BCE.TO,BCE,2022-11-30,2022-12-13,20513370,13691831,983774,20.85,49.82,"BCE, Inc."
BCE.TO,BCE,2022-12-15,2022-12-28,27717889,20513370,1694721,16.36,35.12,"BCE, Inc."
BCE.TO,BCE,2022-12-30,2023-01-12,17303176,27717889,2820729,6.13,-37.57,"BCE, Inc."
BCE.TO,BCE,2023-01-13,2023-01-26,12603441,17303176,1206050,10.45,-27.16,"BCE, Inc."
BCE.TO,BCE,2023-01-31,2023-02-13,11459667,12603441,1247939,9.18,-9.08,"BCE, Inc."
BCE.TO,BCE,2023-02-15,2023-02-28,10111326,11459667,1139565,8.87,-11.77,"BCE, Inc."
BCE.TO,BCE,2023-02-28,2023-03-13,19377533,10111326,931343,20.81,91.64,"BCE, Inc."
BCE.TO,BCE,2023-03-15,2023-03-28,26496296,19377533,1554393,17.05,36.74,"BCE, Inc."
BCE.TO,BCE,2023-03-31,2023-04-13,15245113,26496296,1268991,12.01,-42.46,"BCE, Inc."
BCE.TO,BCE,2023-04-14,2023-04-27,13687517,15245113,1343613,10.19,-10.22,"BCE, Inc."
BCE.TO,BCE,2023-04-28,2023-05-11,13205657,13687517,1062872,12.42,-3.52,"BCE, Inc."
BCE.TO,BCE,2023-05-15,2023-05-26,11722806,13205657,1038841,11.28,-11.23,"BCE, Inc."
BCE.TO,BCE,2023-05-31,2023-06-13,18084942,11722806,921012,19.64,54.27,"BCE, Inc."
BCE.TO,BCE,2023-06-15,2023-06-28,27443854,18084942,1974922,13.9,51.75,"BCE, Inc."
BCE.TO,BCE,2023-06-30,2023-07-13,13562850,27443854,1181315,11.48,-50.58,"BCE, Inc."
BCE.TO,BCE,2023-07-14,2023-07-27,13681950,13562850,1325458,10.32,0.88,"BCE, Inc."
BCE.TO,BCE,2023-07-31,2023-08-11,14588133,13681950,1482363,9.84,6.62,"BCE, Inc."
BCE.TO,BCE,2023-08-15,2023-08-28,14009043,14588133,1190643,11.77,-3.97,"BCE, Inc."
BCE.TO,BCE,2023-08-31,2023-09-13,22260506,14009043,1525831,14.59,58.9,"BCE, Inc."
BCE.TO,BCE,2023-09-15,2023-09-28,26051892,22260506,1446481,18.01,17.03,"BCE, Inc."
BCE.TO,BCE,2023-09-29,2023-10-12,13518467,26051892,2115267,6.39,-48.11,"BCE, Inc."
BCE.TO,BCE,2023-10-13,2023-10-26,12178985,13518467,2368151,5.14,-9.91,"BCE, Inc."
BCE.TO,BCE,2023-10-31,2023-11-13,11964685,12178985,1842263,6.49,-1.76,"BCE, Inc."
BCE.TO,BCE,2023-11-15,2023-11-28,12762510,11964685,1540423,8.29,6.67,"BCE, Inc."
BCE.TO,BCE,2023-11-30,2023-12-13,13682876,12762510,1327487,10.31,7.21,"BCE, Inc."
BCE.TO,BCE,2023-12-15,2023-12-28,14145360,13682876,1894986,7.46,3.38,"BCE, Inc."
BCE.TO,BCE,2023-12-29,2024-01-11,9907389,14145360,2034240,4.87,-29.96,"BCE, Inc."
BCE.TO,BCE,2024-01-12,2024-01-25,8316375,9907389,1792960,4.64,-16.06,"BCE, Inc."
BCE.TO,BCE,2024-01-31,2024-02-13,8872064,8316375,1829401,4.85,6.68,"BCE, Inc."
BCE.TO,BCE,2024-02-15,2024-02-28,10325937,8872064,3353301,3.08,16.39,"BCE, Inc."
BCE.TO,BCE,2024-02-29,2024-03-13,8557710,10325937,2218514,3.86,-17.12,"BCE, Inc."
BCE.TO,BCE,2024-03-15,2024-03-28,16170902,8557710,3127981,5.17,88.96,"BCE, Inc."
BCE.TO,BCE,2024-03-28,2024-04-10,15585284,16170902,3046815,5.12,-3.62,"BCE, Inc."
BCE.TO,BCE,2024-04-15,2024-04-26,19605351,15585284,2984337,6.57,25.79,"BCE, Inc."
BCE.TO,BCE,2024-04-30,2024-05-13,20727436,19605351,2011672,10.3,5.72,"BCE, Inc."
BCE.TO,BCE,2024-05-15,2024-05-28,24436043,20727436,1878950,13.01,17.89,"BCE, Inc."
BCE.TO,BCE,2024-05-31,2024-06-13,28989992,24436043,1871361,15.49,18.64,"BCE, Inc."
BCE.TO,BCE,2024-06-14,2024-06-27,35486095,28989992,1956060,18.14,22.41,"BCE, Inc."
BCE.TO,BCE,2024-06-28,2024-07-11,33040902,35486095,1920178,17.21,-6.89,"BCE, Inc."
BCE.TO,BCE,2024-07-15,2024-07-26,39058401,33040902,2413566,16.18,18.21,"BCE, Inc."
BCE.TO,BCE,2024-07-31,2024-08-13,37678840,39058401,1941952,19.4,-3.53,"BCE, Inc."
BCE.TO,BCE,2024-08-15,2024-08-28,42754831,37678840,2249768,19.0,13.47,"BCE, Inc."
BCE.TO,BCE,2024-08-30,2024-09-12,47066553,42754831,1525194,30.86,10.08,"BCE, Inc."
BCE.TO,BCE,2024-09-13,2024-09-26,46596627,47066553,1782668,26.14,-1.0,"BCE, Inc."
BCE.TO,BCE,2024-09-30,2024-10-11,43262846,46596627,2376113,18.21,-7.15,"BCE, Inc."
BCE.TO,BCE,2024-10-15,2024-10-28,42867967,43262846,2204826,19.44,-0.91,"BCE, Inc."
BCE.TO,BCE,2024-10-31,2024-11-13,45001496,42867967,1390921,32.35,4.98,"BCE, Inc."
BCE.TO,BCE,2024-11-15,2024-11-28,52480760,45001496,5263959,9.97,16.62,"BCE, Inc."
BCE.TO,BCE,2024-11-29,2024-12-12,48685271,52480760,3666508,13.28,-7.23,"BCE, Inc."
BCE.TO,BCE,2024-12-13,2024-12-26,45700642,48685271,4473780,10.22,-6.13,"BCE, Inc."
BCE.TO,BCE,2024-12-31,2025-01-13,41151252,45700642,4775219,8.62,-9.95,"BCE, Inc."
BCE.TO,BCE,2025-01-15,2025-01-28,42551172,41151252,3557119,11.96,3.4,"BCE, Inc."
BCE.TO,BCE,2025-01-31,2025-02-13,40437091,42551172,3086437,13.1,-4.97,"BCE, Inc."
BCE.TO,BCE,2025-02-14,2025-02-27,46747301,40437091,4267272,10.95,15.61,"BCE, Inc."
BCE.TO,BCE,2025-02-28,2025-03-13,50977855,46747301,2316505,22.01,9.05,"BCE, Inc."
BCE.TO,BCE,2025-03-14,2025-03-27,52844368,50977855,2987959,17.69,3.66,"BCE, Inc."
BCE.TO,BCE,2025-03-31,2025-04-11,49629685,52844368,2367782,20.96,-6.08,"BCE, Inc."
BCE.TO,BCE,2025-04-15,2025-04-28,50727848,49629685,4839800,10.48,2.21,"BCE, Inc."
BCE.TO,BCE,2025-04-30,2025-05-13,50504818,50727848,2467430,20.47,-0.44,"BCE, Inc."
BCE.TO,BCE,2025-05-15,2025-05-28,54690599,50504818,4595126,11.9,8.29,"BCE, Inc."
BCE.TO,BCE,2025-05-30,2025-06-12,51157522,54690599,2530543,20.22,-6.46,"BCE, Inc."
BCE.TO,BCE,2025-06-13,2025-06-26,50619131,51157522,2962998,17.08,-1.05,"BCE, Inc."
BCE.TO,BCE,2025-06-30,2025-07-11,43414974,50619131,3779726,11.49,-14.23,"BCE, Inc."
BCE.TO,BCE,2025-07-15,2025-07-28,40171165,43414974,3608762,11.13,-7.47,"BCE, Inc."
BCE.TO,BCE,2025-07-31,2025-08-13,38657593,40171165,2521470,15.33,-3.77,"BCE, Inc."
BCE.TO,BCE,2025-08-15,2025-08-28,36274426,38657593,3612928,10.04,-6.16,"BCE, Inc."
BCE.TO,BCE,2025-08-29,2025-09-11,37559708,36274426,3169728,11.85,3.54,"BCE, Inc."
BCE.TO,BCE,2025-09-15,2025-09-26,37320124,37559708,2500025,14.93,-0.64,"BCE, Inc."
BCE.TO,BCE,2025-09-30,2025-10-13,32116373,37320124,2997516,10.71,-13.94,"BCE, Inc."
BCE.TO,BCE,2025-10-15,2025-10-28,25198453,32116373,3942324,6.39,-21.54,"BCE, Inc."
BCE.TO,BCE,2025-10-31,2025-11-13,23487938,25198453,2696311,8.71,-6.79,"BCE, Inc."
BCE.TO,BCE,2025-11-14,2025-11-27,23017632,23487938,3714681,6.2,-2.0,"BCE, Inc."
BCE.TO,BCE,2025-11-28,2025-12-11,22151096,21928444,2845342,7.79,1.02,"BCE, Inc."
BCE.TO,BCE,2025-12-15,2025-12-26,24653150,22151096,2940347,8.38,11.3,"BCE, Inc."
BCE.TO,BCE,2025-12-31,2026-01-13,23611537,24653150,2860705,8.25,-4.23,"BCE, Inc."
BCE.TO,BCE,2026-01-15,2026-01-28,22633994,23611537,2960695,7.64,-4.14,"BCE, Inc."
BCE.TO,BCE,2026-01-30,2026-02-12,23108747,22633994,3390888,6.81,2.1,"BCE, Inc."
BCE.TO,BCE,2026-02-13,2026-02-26,16802352,23108747,4691492,3.58,-27.29,"BCE, Inc."
BCE.TO,BCE,2026-02-27,2026-03-12,15901615,16802352,2709924,5.87,-5.36,"BCE, Inc."
BCE.TO,BCE,2026-03-13,2026-03-26,18988263,15901615,3752175,5.06,19.41,"BCE, Inc."
BCE.TO,BCE,2026-03-31,2026-04-13,15774932,18988263,3549537,4.44,-16.92,"BCE, Inc."
BCE.TO,BCE,2026-04-15,2026-04-28,17171736,15774932,3710178,4.63,8.85,"BCE, Inc."
BCE.TO,BCE,2026-04-30,2026-05-13,17953029,17171736,2746704,6.54,4.55,"BCE, Inc."
BCE.TO,BCE,2026-05-15,2026-05-28,19661623,17953029,3084224,6.37,9.52,"BCE, Inc."
BCE.TO,BCE,2026-05-29,2026-06-11,21343018,19661623,3397975,6.28,8.55,"BCE, Inc."
BCE.TO,BCE,2026-06-15,2026-06-26,24863777,21343018,4389687,5.66,16.5,"BCE, Inc."
BCE.TO,BCE,2026-06-30,2026-07-13,24352259,24863777,4028652,6.04,-2.06,"BCE, Inc."
BCE.TO,BCE,2026-07-15,2026-07-28,27750616,24352259,4218395,6.58,13.95,"BCE, Inc."
BCE.TO,BCE,2026-07-31,2026-08-13,30130117,27750616,3911345,7.7,8.57,"BCE, Inc."
BCE.TO,BCE,2026-08-14,2026-08-27,30758020,30130117,4311559,7.13,2.08,"BCE, Inc."
BMO.TO,BMO,2017-12-29,2018-01-11,2581567,2449314,254987,10.12,5.4,Bank Of Montreal
BMO.TO,BMO,2018-01-12,2018-01-25,3061519,2581567,348397,8.79,18.59,Bank Of Montreal
BMO.TO,BMO,2018-01-31,2018-02-13,3202746,3061519,393661,8.14,4.61,Bank Of Montreal
BMO.TO,BMO,2018-02-15,2018-02-28,3753833,3202746,548883,6.84,17.21,Bank Of Montreal
BMO.TO,BMO,2018-02-28,2018-03-13,3810894,3753833,461395,8.26,1.52,Bank Of Montreal
BMO.TO,BMO,2018-03-15,2018-03-28,4215058,3810894,398305,10.58,10.61,Bank Of Montreal
BMO.TO,BMO,2018-03-29,2018-04-11,4683143,4215058,466235,10.04,11.11,Bank Of Montreal
BMO.TO,BMO,2018-04-13,2018-04-26,4122045,4683143,421169,9.79,-11.98,Bank Of Montreal
BMO.TO,BMO,2018-04-30,2018-05-11,4504746,4122045,430213,10.47,9.28,Bank of Montreal
BMO.TO,BMO,2018-05-15,2018-05-28,4198848,4504746,281307,14.93,-6.79,Bank of Montreal
BMO.TO,BMO,2018-05-31,2018-06-13,4405556,4198848,326073,13.51,4.92,Bank of Montreal
BMO.TO,BMO,2018-06-15,2018-06-28,4233481,4405556,289437,14.63,-3.91,Bank of Montreal
BMO.TO,BMO,2018-06-29,2018-07-12,3972130,4233481,262570,15.13,-6.17,Bank of Montreal
BMO.TO,BMO,2018-07-13,2018-07-26,4031622,3972130,285509,14.12,1.5,Bank of Montreal
BMO.TO,BMO,2018-07-31,2018-08-13,4628985,4031622,290621,15.93,14.82,Bank of Montreal
BMO.TO,BMO,2018-08-15,2018-08-28,4515561,4628985,395706,11.41,-2.45,Bank of Montreal
BMO.TO,BMO,2018-08-31,2018-09-13,4434504,4515561,542692,8.17,-1.8,Bank of Montreal
BMO.TO,BMO,2018-09-14,2018-09-27,4535560,4434469,605551,7.49,2.28,Bank of Montreal
BMO.TO,BMO,2018-09-28,2018-10-11,4145956,4535560,423769,9.78,-8.59,Bank of Montreal
BMO.TO,BMO,2018-10-15,2018-10-26,3852935,4145956,767736,5.02,-7.07,Bank of Montreal
BMO.TO,BMO,2018-10-31,2018-11-13,5025622,3852935,896979,5.6,30.44,Bank of Montreal
BMO.TO,BMO,2018-11-15,2018-11-28,4740306,5025622,626882,7.56,-5.68,Bank of Montreal
BMO.TO,BMO,2018-11-30,2018-12-13,4019205,4740306,647549,6.21,-15.21,Bank of Montreal
BMO.TO,BMO,2018-12-14,2018-12-27,3635569,4019205,1004357,3.62,-9.55,Bank of Montreal
BMO.TO,BMO,2018-12-31,2019-01-11,3628348,3635569,651432,5.57,-0.2,Bank of Montreal
BMO.TO,BMO,2019-01-15,2019-01-28,3264532,3628348,554987,5.88,-10.03,Bank of Montreal
BMO.TO,BMO,2019-01-31,2019-02-13,6481384,3264532,509159,12.73,98.54,Bank of Montreal
BMO.TO,BMO,2019-02-15,2019-02-28,5746812,6481384,411720,13.96,-11.33,Bank of Montreal
BMO.TO,BMO,2019-02-28,2019-03-13,4087882,5746812,617838,6.62,-28.87,Bank of Montreal
BMO.TO,BMO,2019-03-15,2019-03-28,4131428,4087882,577314,7.16,1.07,Bank of Montreal
BMO.TO,BMO,2019-03-29,2019-04-11,3236814,4131428,490792,6.6,-21.65,Bank of Montreal
BMO.TO,BMO,2019-04-15,2019-04-26,3385399,3236814,510420,6.63,4.59,Bank of Montreal
BMO.TO,BMO,2019-04-30,2019-05-13,4764268,3385399,418299,11.39,40.73,Bank of Montreal
BMO.TO,BMO,2019-05-15,2019-05-28,3498631,4764268,445673,7.85,-26.57,Bank of Montreal
BMO.TO,BMO,2019-05-31,2019-06-13,4130482,3498631,424074,9.74,18.06,Bank of Montreal
BMO.TO,BMO,2019-06-14,2019-06-27,4845140,4130482,550251,8.81,17.3,Bank of Montreal
BMO.TO,BMO,2019-06-28,2019-07-11,4030251,4845140,340424,11.84,-16.82,Bank of Montreal
BMO.TO,BMO,2019-07-15,2019-07-26,4061452,4030251,770184,5.27,0.77,Bank of Montreal
BMO.TO,BMO,2019-07-31,2019-08-13,6362155,4061452,336332,18.92,56.65,Bank of Montreal
BMO.TO,BMO,2019-08-15,2019-08-28,6524608,6362155,409804,15.92,2.55,Bank of Montreal
BMO.TO,BMO,2019-08-30,2019-09-12,5940814,6524608,541679,10.97,-8.95,Bank of Montreal
BMO.TO,BMO,2019-09-13,2019-09-26,5147778,5940814,621130,8.29,-13.35,Bank of Montreal
BMO.TO,BMO,2019-09-30,2019-10-11,4524945,5147778,381323,11.87,-12.1,Bank of Montreal
BMO.TO,BMO,2019-10-15,2019-10-28,4517923,4524945,461836,9.78,-0.16,Bank of Montreal
BMO.TO,BMO,2019-10-31,2019-11-13,9481336,4517923,906566,10.46,109.86,Bank of Montreal
BMO.TO,BMO,2019-11-15,2019-11-28,4050291,9481336,745126,5.44,-57.28,Bank of Montreal
BMO.TO,BMO,2019-11-29,2019-12-12,3926331,4050291,421519,9.31,-3.06,Bank of Montreal
BMO.TO,BMO,2019-12-13,2019-12-26,3853748,3926331,564189,6.83,-1.85,Bank of Montreal
BMO.TO,BMO,2019-12-31,2020-01-13,3886974,3853748,266324,14.59,0.86,Bank of Montreal
BMO.TO,BMO,2020-01-15,2020-01-28,3952548,3886974,423246,9.34,1.69,Bank of Montreal
BMO.TO,BMO,2020-01-31,2020-02-13,10402313,4666655,628124,16.56,122.91,Bank of Montreal
BMO.TO,BMO,2020-02-14,2020-02-27,5429733,10402313,442812,12.26,-47.8,Bank of Montreal
BMO.TO,BMO,2020-02-28,2020-03-12,5910169,5429733,654713,9.03,8.85,Bank of Montreal
BMO.TO,BMO,2020-03-13,2020-03-26,8855951,5910169,1354311,6.54,49.84,Bank of Montreal
BMO.TO,BMO,2020-03-31,2020-04-13,6640689,8855951,1325879,5.01,-25.01,Bank of Montreal
BMO.TO,BMO,2020-04-15,2020-04-28,5700989,6640689,1123994,5.07,-14.15,Bank of Montreal
BMO.TO,BMO,2020-04-30,2020-05-13,9568343,5700989,1067035,8.97,67.84,Bank of Montreal
BMO.TO,BMO,2020-05-15,2020-05-28,6222438,9761844,758318,8.21,-36.26,Bank of Montreal
BMO.TO,BMO,2020-05-29,2020-06-11,5952973,6222438,1007352,5.91,-4.33,Bank of Montreal
BMO.TO,BMO,2020-06-15,2020-06-26,6379807,5952973,891574,7.16,7.17,Bank of Montreal
BMO.TO,BMO,2020-06-30,2020-07-13,6801741,6379807,613182,11.09,6.61,Bank of Montreal
BMO.TO,BMO,2020-07-15,2020-07-28,6022485,6801741,577277,10.43,-11.46,Bank of Montreal
BMO.TO,BMO,2020-07-31,2020-08-13,7504939,6022485,444370,16.89,24.62,Bank of Montreal
BMO.TO,BMO,2020-08-14,2020-08-27,5774413,7504939,464075,12.44,-23.06,Bank of Montreal
BMO.TO,BMO,2020-08-31,2020-09-11,5698245,5774413,594757,9.58,-1.32,Bank of Montreal
BMO.TO,BMO,2020-09-15,2020-09-28,5692825,5698245,458565,12.41,-0.1,Bank of Montreal
BMO.TO,BMO,2020-09-30,2020-10-13,5440195,5692825,425113,12.8,-4.44,Bank of Montreal
BMO.TO,BMO,2020-10-15,2020-10-28,5410054,5440195,470259,11.5,-0.55,Bank of Montreal
BMO.TO,BMO,2020-10-30,2020-11-12,8528318,5410054,679703,12.55,57.64,Bank of Montreal
BMO.TO,BMO,2020-11-13,2020-11-26,5420944,8528318,536056,10.11,-36.44,Bank of Montreal
BMO.TO,BMO,2020-11-30,2020-12-11,5456499,5420944,478926,11.39,0.66,Bank of Montreal
BMO.TO,BMO,2020-12-15,2020-12-28,4490566,5456499,406385,11.05,-17.7,Bank of Montreal
BMO.TO,BMO,2020-12-31,2021-01-13,4219331,4490566,309039,13.65,-6.04,Bank of Montreal
BMO.TO,BMO,2021-01-15,2021-01-28,3501465,4219331,446368,7.84,-17.01,Bank of Montreal
BMO.TO,BMO,2021-01-29,2021-02-11,3548571,3501465,492024,7.21,1.35,Bank of Montreal
BMO.TO,BMO,2021-02-12,2021-02-25,3354113,3548571,449466,7.46,-5.48,Bank of Montreal
BMO.TO,BMO,2021-02-26,2021-03-11,3830421,3354113,918098,4.17,14.2,Bank of Montreal
BMO.TO,BMO,2021-03-15,2021-03-26,3304864,3830421,874763,3.78,-13.72,Bank of Montreal
BMO.TO,BMO,2021-03-31,2021-04-13,3122395,3304864,788483,3.96,-5.52,Bank of Montreal
BMO.TO,BMO,2021-04-15,2021-04-28,3666697,3122395,640950,5.72,17.43,Bank of Montreal
BMO.TO,BMO,2021-04-30,2021-05-13,3934973,3666697,908534,4.33,7.32,Bank of Montreal
BMO.TO,BMO,2021-05-14,2021-05-27,3241974,3934973,807705,4.01,-17.61,Bank of Montreal
BMO.TO,BMO,2021-05-28,2021-06-10,4337587,3241974,809807,5.36,33.79,Bank of Montreal
BMO.TO,BMO,2021-06-15,2021-06-28,4640301,4336787,689976,6.73,7.0,Bank of Montreal
BMO.TO,BMO,2021-06-30,2021-07-13,3940981,4640301,716124,5.5,-15.07,Bank of Montreal
BMO.TO,BMO,2021-07-15,2021-07-28,3688049,3940981,551478,6.69,-6.42,Bank of Montreal
BMO.TO,BMO,2021-07-30,2021-08-12,3714597,3688049,901793,4.12,0.72,Bank of Montreal
BMO.TO,BMO,2021-08-13,2021-08-26,2451395,3714597,653026,3.75,-34.01,Bank of Montreal
BMO.TO,BMO,2021-08-31,2021-09-13,3473618,2451395,903711,3.84,41.7,Bank of Montreal
BMO.TO,BMO,2021-09-15,2021-09-28,3255189,3473618,496593,6.56,-6.29,Bank of Montreal
BMO.TO,BMO,2021-09-30,2021-10-13,2155500,3255189,694159,3.11,-33.78,Bank of Montreal
BMO.TO,BMO,2021-10-15,2021-10-28,2012190,2155500,479014,4.2,-6.65,Bank of Montreal
BMO.TO,BMO,2021-10-29,2021-11-11,4731426,2012190,619703,7.63,135.14,Bank of Montreal
BMO.TO,BMO,2021-11-15,2021-11-26,2203711,4731426,479800,4.59,-53.42,Bank of Montreal
BMO.TO,BMO,2021-11-30,2021-12-13,2502024,2203711,588143,4.25,13.54,Bank of Montreal
BMO.TO,BMO,2021-12-15,2021-12-28,2651285,2502024,595438,4.45,5.97,Bank of Montreal
BMO.TO,BMO,2021-12-31,2022-01-13,3126012,2651285,821331,3.81,17.91,Bank of Montreal
BMO.TO,BMO,2022-01-14,2022-01-27,3658849,3126012,602798,6.07,17.05,Bank of Montreal
BMO.TO,BMO,2022-01-31,2022-02-11,7427990,3658849,1258445,5.9,103.01,Bank of Montreal
BMO.TO,BMO,2022-02-15,2022-02-28,3383092,7427990,906825,3.73,-54.45,Bank of Montreal
BMO.TO,BMO,2022-02-28,2022-03-11,2183422,3383092,1118202,1.95,-35.46,Bank of Montreal
BMO.TO,BMO,2022-03-15,2022-03-28,2786899,2183422,910807,3.06,27.64,Bank of Montreal
BMO.TO,BMO,2022-03-31,2022-04-13,2321346,2786899,839119,2.77,-16.71,Bank of Montreal
BMO.TO,BMO,2022-04-14,2022-04-27,2493801,2321346,637312,3.91,7.43,Bank of Montreal
BMO.TO,BMO,2022-04-29,2022-05-12,9421749,2493801,955259,9.86,277.81,Bank of Montreal
BMO.TO,BMO,2022-05-13,2022-05-26,7812790,9421749,767164,10.18,-17.08,Bank of Montreal
BMO.TO,BMO,2022-05-31,2022-06-13,6271891,7812790,760683,8.25,-19.72,Bank of Montreal
BMO.TO,BMO,2022-06-15,2022-06-28,6552103,6271891,585918,11.18,4.47,Bank of Montreal
BMO.TO,BMO,2022-06-30,2022-07-13,7922150,6552103,568865,13.93,20.91,Bank of Montreal
BMO.TO,BMO,2022-07-15,2022-07-28,7182692,7922150,591922,12.13,-9.33,Bank of Montreal
BMO.TO,BMO,2022-07-29,2022-08-11,9674713,7182692,665115,14.55,34.69,Bank of Montreal
BMO.TO,BMO,2022-08-15,2022-08-26,6249553,9674713,617978,10.11,-35.4,Bank of Montreal
BMO.TO,BMO,2022-08-31,2022-09-13,4740141,6249553,624954,7.58,-24.15,Bank of Montreal
BMO.TO,BMO,2022-09-15,2022-09-28,8283132,4740141,808879,10.24,74.74,Bank of Montreal
BMO.TO,BMO,2022-09-30,2022-10-13,10428836,8283132,746376,13.97,25.9,Bank of Montreal
BMO.TO,BMO,2022-10-14,2022-10-27,13503307,10428836,811322,16.64,29.48,Bank of Montreal
BMO.TO,BMO,2022-10-31,2022-11-11,18736325,13503307,911171,20.56,38.75,Bank of Montreal
BMO.TO,BMO,2022-11-15,2022-11-28,15506002,18736325,676085,22.93,-17.24,Bank of Montreal
BMO.TO,BMO,2022-11-30,2022-12-13,10384967,15506002,590884,17.58,-33.03,Bank of Montreal
BMO.TO,BMO,2022-12-15,2022-12-28,8729545,10384967,740998,11.78,-15.94,Bank of Montreal
BMO.TO,BMO,2022-12-30,2023-01-12,8337761,8729545,514948,16.19,-4.49,Bank of Montreal
BMO.TO,BMO,2023-01-13,2023-01-26,13224073,8337761,541957,24.4,58.6,Bank of Montreal
BMO.TO,BMO,2023-01-31,2023-02-13,18490731,13224073,729440,25.35,39.83,Bank of Montreal
BMO.TO,BMO,2023-02-15,2023-02-28,7638740,18490731,357166,21.39,-58.69,Bank of Montreal
BMO.TO,BMO,2023-02-28,2023-03-13,6667175,7638740,438328,15.21,-12.72,Bank of Montreal
BMO.TO,BMO,2023-03-15,2023-03-28,5376198,6667175,797442,6.74,-19.36,Bank of Montreal
BMO.TO,BMO,2023-03-31,2023-04-13,8713785,5376798,580759,15.0,62.06,Bank of Montreal
BMO.TO,BMO,2023-04-14,2023-04-27,11413936,8713785,472094,24.18,30.99,Bank of Montreal
BMO.TO,BMO,2023-04-28,2023-05-11,19700022,11413936,535741,36.77,72.6,Bank of Montreal
BMO.TO,BMO,2023-05-15,2023-05-26,11983250,19700022,806280,14.86,-39.17,Bank of Montreal
BMO.TO,BMO,2023-05-31,2023-06-13,10394708,11983250,687996,15.11,-13.26,Bank of Montreal
BMO.TO,BMO,2023-06-15,2023-06-28,8626808,10394708,425713,20.26,-17.01,Bank of Montreal
BMO.TO,BMO,2023-06-30,2023-07-13,6986550,8626808,452328,15.45,-19.01,Bank of Montreal
BMO.TO,BMO,2023-07-14,2023-07-27,8025325,6986550,411940,19.48,14.87,Bank of Montreal
BMO.TO,BMO,2023-07-31,2023-08-11,17054567,8025325,920740,18.52,112.51,Bank of Montreal
BMO.TO,BMO,2023-08-15,2023-08-28,11086919,17054567,503811,22.01,-34.99,Bank of Montreal
BMO.TO,BMO,2023-08-31,2023-09-13,7088274,11086919,583218,12.15,-36.07,Bank of Montreal
BMO.TO,BMO,2023-09-15,2023-09-28,8233378,7088274,504095,16.33,16.15,Bank of Montreal
BMO.TO,BMO,2023-09-29,2023-10-12,7288985,8233378,423316,17.22,-11.47,Bank of Montreal
BMO.TO,BMO,2023-10-13,2023-10-26,12999480,7288985,630057,20.63,78.34,Bank of Montreal
BMO.TO,BMO,2023-10-31,2023-11-13,19438912,12999480,1117620,17.39,49.54,Bank of Montreal
BMO.TO,BMO,2023-11-15,2023-11-28,13495049,19438912,728777,18.52,-30.58,Bank of Montreal
BMO.TO,BMO,2023-11-30,2023-12-13,10255250,13495049,692580,14.81,-24.01,Bank of Montreal
BMO.TO,BMO,2023-12-15,2023-12-28,4191742,10255250,814794,5.14,-59.13,Bank of Montreal
BMO.TO,BMO,2023-12-29,2024-01-11,3925987,4191742,580119,6.77,-6.34,Bank of Montreal
BMO.TO,BMO,2024-01-12,2024-01-25,8807255,3925987,582608,15.12,124.33,Bank of Montreal
BMO.TO,BMO,2024-01-31,2024-02-13,17906315,8807255,819240,21.86,103.31,Bank of Montreal
BMO.TO,BMO,2024-02-15,2024-02-28,7351310,17906315,612873,11.99,-58.95,Bank of Montreal
BMO.TO,BMO,2024-02-29,2024-03-13,6733507,7351310,974490,6.91,-8.4,Bank of Montreal
BMO.TO,BMO,2024-03-15,2024-03-28,6371821,6733507,559870,11.38,-5.37,Bank of Montreal
BMO.TO,BMO,2024-03-28,2024-04-10,5238105,6371821,571854,9.16,-17.79,Bank of Montreal
BMO.TO,BMO,2024-04-15,2024-04-26,11558571,5238105,642023,18.0,120.66,Bank of Montreal
BMO.TO,BMO,2024-04-30,2024-05-13,21163531,11558571,1164204,18.18,83.1,Bank of Montreal
BMO.TO,BMO,2024-05-15,2024-05-28,8119038,21163531,767703,10.58,-61.64,Bank of Montreal
BMO.TO,BMO,2024-05-31,2024-06-13,6304586,8119038,1029225,6.13,-22.35,Bank of Montreal
BMO.TO,BMO,2024-06-14,2024-06-27,7603100,6304586,614587,12.37,20.6,Bank of Montreal
BMO.TO,BMO,2024-06-28,2024-07-11,4271951,7603100,814559,5.24,-43.81,Bank of Montreal
BMO.TO,BMO,2024-07-15,2024-07-26,8659371,4271951,1167474,7.42,102.7,Bank of Montreal
BMO.TO,BMO,2024-07-31,2024-08-13,17267629,8659371,1337641,12.91,99.41,Bank of Montreal
BMO.TO,BMO,2024-08-15,2024-08-28,6370020,17267629,894679,7.12,-63.11,Bank of Montreal
BMO.TO,BMO,2024-08-30,2024-09-12,4581443,6370020,1383182,3.31,-28.08,Bank of Montreal
BMO.TO,BMO,2024-09-13,2024-09-26,4777243,4581443,803976,5.94,4.27,Bank of Montreal
BMO.TO,BMO,2024-09-30,2024-10-11,3206744,4777243,874341,3.67,-32.87,Bank of Montreal
BMO.TO,BMO,2024-10-15,2024-10-28,9817095,3206744,1026779,9.56,206.14,Bank of Montreal
BMO.TO,BMO,2024-10-31,2024-11-13,13474249,9817095,1279536,10.53,37.25,Bank of Montreal
BMO.TO,BMO,2024-11-15,2024-11-28,5515509,13474249,652758,8.45,-59.07,Bank of Montreal
BMO.TO,BMO,2024-11-29,2024-12-12,6065690,5515509,743414,8.16,9.98,Bank of Montreal
BMO.TO,BMO,2024-12-13,2024-12-26,6135258,6065690,953892,6.43,1.15,Bank of Montreal
BMO.TO,BMO,2024-12-31,2025-01-13,5817550,6135258,509004,11.43,-5.18,Bank of Montreal
BMO.TO,BMO,2025-01-15,2025-01-28,7520579,5817550,578259,13.01,29.27,Bank of Montreal
BMO.TO,BMO,2025-01-31,2025-02-13,10945481,7520579,540833,20.24,45.54,Bank of Montreal
BMO.TO,BMO,2025-02-14,2025-02-27,8900708,10945481,691369,12.87,-18.68,Bank of Montreal
BMO.TO,BMO,2025-02-28,2025-03-13,5184112,8900708,682407,7.6,-41.76,Bank of Montreal
BMO.TO,BMO,2025-03-14,2025-03-27,7515192,5184112,690819,10.88,44.97,Bank of Montreal
BMO.TO,BMO,2025-03-31,2025-04-11,7071075,7515192,498948,14.17,-5.91,Bank of Montreal
BMO.TO,BMO,2025-04-15,2025-04-28,13645602,7071075,915806,14.9,92.98,Bank of Montreal
BMO.TO,BMO,2025-04-30,2025-05-13,11414861,13645602,1045424,10.92,-16.35,Bank of Montreal
BMO.TO,BMO,2025-05-15,2025-05-28,5437415,11414861,485047,11.21,-52.37,Bank of Montreal
BMO.TO,BMO,2025-05-30,2025-06-12,5895688,5437415,711452,8.29,8.43,Bank of Montreal
BMO.TO,BMO,2025-06-13,2025-06-26,5589664,5895688,479612,11.65,-5.19,Bank of Montreal
BMO.TO,BMO,2025-06-30,2025-07-11,6684263,5589664,628936,10.63,19.58,Bank of Montreal
BMO.TO,BMO,2025-07-15,2025-07-28,7733437,6684263,527000,14.67,15.7,Bank of Montreal
BMO.TO,BMO,2025-07-31,2025-08-13,8139303,7733437,1004869,8.1,5.25,Bank of Montreal
BMO.TO,BMO,2025-08-15,2025-08-28,6956662,8139303,505584,13.76,-14.53,Bank of Montreal
BMO.TO,BMO,2025-08-29,2025-09-11,6093762,6956662,747264,8.15,-12.4,Bank of Montreal
BMO.TO,BMO,2025-09-15,2025-09-26,6606611,6093762,616267,10.72,8.42,Bank of Montreal
BMO.TO,BMO,2025-09-30,2025-10-13,6071396,6606611,622847,9.75,-8.1,Bank of Montreal
BMO.TO,BMO,2025-10-15,2025-10-28,5819089,6071396,521330,11.16,-4.16,Bank of Montreal
BMO.TO,BMO,2025-10-31,2025-11-13,5843927,5819089,892553,6.55,0.43,Bank of Montreal
BMO.TO,BMO,2025-11-14,2025-11-27,5187043,5843927,753987,6.88,-11.24,Bank of Montreal
BMO.TO,BMO,2025-11-28,2025-12-11,5720933,5181673,492160,11.62,10.41,Bank of Montreal
BMO.TO,BMO,2025-12-15,2025-12-26,5033279,5720933,884917,5.69,-12.02,Bank of Montreal
BMO.TO,BMO,2025-12-31,2026-01-13,4255749,5033279,428173,9.94,-15.45,Bank of Montreal
BMO.TO,BMO,2026-01-15,2026-01-28,5982070,4255749,654307,9.14,40.56,Bank of Montreal
BMO.TO,BMO,2026-01-30,2026-02-12,8718062,5982070,1114501,7.82,45.74,Bank of Montreal
BMO.TO,BMO,2026-02-13,2026-02-26,3215302,8718062,831086,3.87,-63.12,Bank of Montreal
BMO.TO,BMO,2026-02-27,2026-03-12,3465453,3215302,865149,4.01,7.78,Bank of Montreal
BMO.TO,BMO,2026-03-13,2026-03-26,3882673,3465453,777343,4.99,12.04,Bank of Montreal
BMO.TO,BMO,2026-03-31,2026-04-13,4212589,3882673,904597,4.66,8.5,Bank of Montreal
BMO.TO,BMO,2026-04-15,2026-04-28,5228631,4212589,610980,8.56,24.12,Bank of Montreal
BMO.TO,BMO,2026-04-30,2026-05-13,6055301,5228631,870685,6.95,15.81,Bank of Montreal
BMO.TO,BMO,2026-05-15,2026-05-28,4338849,6055301,972992,4.46,-28.35,Bank of Montreal
BMO.TO,BMO,2026-05-29,2026-06-11,4267068,4338849,715572,5.96,-1.65,Bank of Montreal
BMO.TO,BMO,2026-06-15,2026-06-26,4211967,4267068,636493,6.62,-1.29,Bank of Montreal
BMO.TO,BMO,2026-06-30,2026-07-13,4039895,4211967,847747,4.77,-4.09,Bank of Montreal
BMO.TO,BMO,2026-07-15,2026-07-28,6014278,4039895,758326,7.93,48.87,Bank of Montreal
BMO.TO,BMO,2026-07-31,2026-08-13,7306182,6014278,930785,7.85,21.48,Bank of Montreal
BMO.TO,BMO,2026-08-14,2026-08-27,5470101,7306182,556272,9.83,-25.13,Bank of Montreal
BNS.TO,BNS,2017-12-29,2018-01-11,5912697,6305302,474651,12.46,-6.23,Bank Of Nova Scotia (the)
BNS.TO,BNS,2018-01-12,2018-01-25,5726648,5912697,610165,9.39,-3.15,Bank Of Nova Scotia (the)
BNS.TO,BNS,2018-01-31,2018-02-13,5737152,5726648,690557,8.31,0.18,Bank Of Nova Scotia (the)
BNS.TO,BNS,2018-02-15,2018-02-28,6218778,5737152,950986,6.54,8.39,Bank Of Nova Scotia (the)
BNS.TO,BNS,2018-02-28,2018-03-13,6075517,6218778,861570,7.05,-2.3,Bank Of Nova Scotia (the)
BNS.TO,BNS,2018-03-15,2018-03-28,6226643,6075517,752804,8.27,2.49,Bank Of Nova Scotia (the)
BNS.TO,BNS,2018-03-29,2018-04-11,6265965,6226643,870237,7.2,0.63,Bank of Nova Scotia
BNS.TO,BNS,2018-04-13,2018-04-26,5917930,6265965,651175,9.09,-5.55,Bank of Nova Scotia
BNS.TO,BNS,2018-04-30,2018-05-11,5606384,5917930,554862,10.1,-5.26,Bank of Nova Scotia
BNS.TO,BNS,2018-05-15,2018-05-28,5302220,5606384,603839,8.78,-5.43,Bank of Nova Scotia
BNS.TO,BNS,2018-05-31,2018-06-13,6147668,5302220,712994,8.62,15.95,Bank of Nova Scotia
BNS.TO,BNS,2018-06-15,2018-06-28,8170006,6147668,944856,8.65,32.9,Bank of Nova Scotia
BNS.TO,BNS,2018-06-29,2018-07-12,7352065,8170006,899348,8.17,-10.01,Bank of Nova Scotia
BNS.TO,BNS,2018-07-13,2018-07-26,7014233,7352065,836709,8.38,-4.6,Bank of Nova Scotia
BNS.TO,BNS,2018-07-31,2018-08-13,6650506,7014233,587923,11.31,-5.19,Bank of Nova Scotia
BNS.TO,BNS,2018-08-15,2018-08-28,6534418,6650506,610396,10.71,-1.75,Bank of Nova Scotia
BNS.TO,BNS,2018-08-31,2018-09-13,6659947,6534418,724778,9.19,1.92,Bank of Nova Scotia
BNS.TO,BNS,2018-09-14,2018-09-27,6396556,6659947,742117,8.62,-3.95,Bank of Nova Scotia
BNS.TO,BNS,2018-09-28,2018-10-11,6007977,6396556,662803,9.06,-6.07,Bank of Nova Scotia
BNS.TO,BNS,2018-10-15,2018-10-26,5751097,6007977,887286,6.48,-4.28,Bank of Nova Scotia
BNS.TO,BNS,2018-10-31,2018-11-13,5438799,5751097,814893,6.67,-5.43,Bank of Nova Scotia
BNS.TO,BNS,2018-11-15,2018-11-28,5786346,5438799,841829,6.87,6.39,Bank of Nova Scotia
BNS.TO,BNS,2018-11-30,2018-12-13,5522878,5786346,1026133,5.38,-4.55,Bank of Nova Scotia
BNS.TO,BNS,2018-12-14,2018-12-27,6817302,5522878,1109447,6.14,23.44,Bank of Nova Scotia
BNS.TO,BNS,2018-12-31,2019-01-11,7418690,6817302,1128085,6.58,8.82,Bank of Nova Scotia
BNS.TO,BNS,2019-01-15,2019-01-28,9418290,7418690,785862,11.98,26.95,Bank of Nova Scotia
BNS.TO,BNS,2019-01-31,2019-02-13,8278647,9418290,637839,12.98,-12.1,Bank of Nova Scotia
BNS.TO,BNS,2019-02-15,2019-02-28,8707439,8278647,691505,12.59,5.18,Bank of Nova Scotia
BNS.TO,BNS,2019-02-28,2019-03-13,7869475,8707439,941280,8.36,-9.62,Bank of Nova Scotia
BNS.TO,BNS,2019-03-15,2019-03-28,7065365,7869475,857681,8.24,-10.22,Bank of Nova Scotia
BNS.TO,BNS,2019-03-29,2019-04-11,11078304,7065365,1243961,8.91,56.8,Bank of Nova Scotia
BNS.TO,BNS,2019-04-15,2019-04-26,7072722,11078304,642066,11.02,-36.16,Bank of Nova Scotia
BNS.TO,BNS,2019-04-30,2019-05-13,7052928,7072722,582693,12.1,-0.28,Bank of Nova Scotia
BNS.TO,BNS,2019-05-15,2019-05-28,5978343,7052928,493920,12.1,-15.24,Bank of Nova Scotia
BNS.TO,BNS,2019-05-31,2019-06-13,5914054,5978343,767887,7.7,-1.08,Bank of Nova Scotia
BNS.TO,BNS,2019-06-14,2019-06-27,5671334,5914054,842422,6.73,-4.1,Bank of Nova Scotia
BNS.TO,BNS,2019-06-28,2019-07-11,9824531,5671334,604933,16.24,73.23,Bank of Nova Scotia
BNS.TO,BNS,2019-07-15,2019-07-26,8710518,9824531,649732,13.41,-11.34,Bank of Nova Scotia
BNS.TO,BNS,2019-07-31,2019-08-13,5763272,8710518,627204,9.19,-33.84,Bank of Nova Scotia
BNS.TO,BNS,2019-08-15,2019-08-28,5905500,5763272,839794,7.03,2.47,Bank of Nova Scotia
BNS.TO,BNS,2019-08-30,2019-09-12,6445484,5905500,822497,7.84,9.14,Bank of Nova Scotia
BNS.TO,BNS,2019-09-13,2019-09-26,5851160,6445484,946467,6.18,-9.22,Bank of Nova Scotia
BNS.TO,BNS,2019-09-30,2019-10-11,10773303,5851160,1211962,8.89,84.12,Bank of Nova Scotia
BNS.TO,BNS,2019-10-15,2019-10-28,7714025,10773303,934275,8.26,-28.4,Bank of Nova Scotia
BNS.TO,BNS,2019-10-31,2019-11-13,5255195,7714025,618289,8.5,-31.87,Bank of Nova Scotia
BNS.TO,BNS,2019-11-15,2019-11-28,4910077,5255195,734167,6.69,-6.57,Bank of Nova Scotia
BNS.TO,BNS,2019-11-29,2019-12-12,4798925,4910077,844409,5.68,-2.26,Bank of Nova Scotia
BNS.TO,BNS,2019-12-13,2019-12-26,5298952,4798925,732441,7.23,10.42,Bank of Nova Scotia
BNS.TO,BNS,2019-12-31,2020-01-13,5249193,5298952,561438,9.35,-0.94,Bank of Nova Scotia
BNS.TO,BNS,2020-01-15,2020-01-28,7879036,5249193,815900,9.66,50.1,Bank of Nova Scotia
BNS.TO,BNS,2020-01-31,2020-02-13,5346723,8396039,571828,9.35,-36.32,Bank of Nova Scotia
BNS.TO,BNS,2020-02-14,2020-02-27,4876957,5346723,632667,7.71,-8.79,Bank of Nova Scotia
BNS.TO,BNS,2020-02-28,2020-03-12,4954233,4876957,1184602,4.18,1.58,Bank of Nova Scotia
BNS.TO,BNS,2020-03-13,2020-03-26,7356997,4954233,2832395,2.6,48.5,Bank of Nova Scotia
BNS.TO,BNS,2020-03-31,2020-04-13,6857191,7356997,2371919,2.89,-6.79,Bank of Nova Scotia
BNS.TO,BNS,2020-04-15,2020-04-28,10227771,6857191,1968343,5.2,49.15,Bank of Nova Scotia
BNS.TO,BNS,2020-04-30,2020-05-13,6335740,10227771,1391206,4.55,-38.05,Bank of Nova Scotia
BNS.TO,BNS,2020-05-15,2020-05-28,6891775,6383558,1479962,4.66,7.96,Bank of Nova Scotia
BNS.TO,BNS,2020-05-29,2020-06-11,6007827,6891775,1593346,3.77,-12.83,Bank of Nova Scotia
BNS.TO,BNS,2020-06-15,2020-06-26,6255385,6007827,1401365,4.46,4.12,Bank of Nova Scotia
BNS.TO,BNS,2020-06-30,2020-07-13,6162123,6255385,1443127,4.27,-1.49,Bank of Nova Scotia
BNS.TO,BNS,2020-07-15,2020-07-28,5701052,6162123,1412818,4.04,-7.48,Bank of Nova Scotia
BNS.TO,BNS,2020-07-31,2020-08-13,5416576,5701052,795294,6.81,-4.99,Bank of Nova Scotia
BNS.TO,BNS,2020-08-14,2020-08-27,6809576,5416576,671139,10.15,25.72,Bank of Nova Scotia
BNS.TO,BNS,2020-08-31,2020-09-11,7257672,6809576,982711,7.39,6.58,Bank of Nova Scotia
BNS.TO,BNS,2020-09-15,2020-09-28,7300156,7257672,1090399,6.69,0.59,Bank of Nova Scotia
BNS.TO,BNS,2020-09-30,2020-10-13,7709950,7300156,1133444,6.8,5.61,Bank of Nova Scotia
BNS.TO,BNS,2020-10-15,2020-10-28,8300279,7709950,1539258,5.39,7.66,Bank of Nova Scotia
BNS.TO,BNS,2020-10-30,2020-11-12,9188601,8300279,940819,9.77,10.7,Bank of Nova Scotia
BNS.TO,BNS,2020-11-13,2020-11-26,7863281,9188601,1276689,6.16,-14.42,Bank of Nova Scotia
BNS.TO,BNS,2020-11-30,2020-12-11,7693462,7863281,986241,7.8,-2.16,Bank of Nova Scotia
BNS.TO,BNS,2020-12-15,2020-12-28,7209319,7693462,1072341,6.72,-6.29,Bank of Nova Scotia
BNS.TO,BNS,2020-12-31,2021-01-13,7679929,7209319,672422,11.42,6.53,Bank of Nova Scotia
BNS.TO,BNS,2021-01-15,2021-01-28,6820470,7679929,1417939,4.81,-11.19,Bank of Nova Scotia
BNS.TO,BNS,2021-01-29,2021-02-11,7474654,6820470,1088843,6.86,9.59,Bank of Nova Scotia
BNS.TO,BNS,2021-02-12,2021-02-25,6923088,7474654,793786,8.72,-7.38,Bank of Nova Scotia
BNS.TO,BNS,2021-02-26,2021-03-11,7319085,6923088,1330113,5.5,5.72,Bank of Nova Scotia
BNS.TO,BNS,2021-03-15,2021-03-26,6623420,7319085,1571620,4.21,-9.5,Bank of Nova Scotia
BNS.TO,BNS,2021-03-31,2021-04-13,4070724,6623420,1256874,3.24,-38.54,Bank of Nova Scotia
BNS.TO,BNS,2021-04-15,2021-04-28,4533841,4070724,1497059,3.03,11.38,Bank of Nova Scotia
BNS.TO,BNS,2021-04-30,2021-05-13,5507250,4533841,1096666,5.02,21.47,Bank of Nova Scotia
BNS.TO,BNS,2021-05-14,2021-05-27,5946920,5507250,1162946,5.11,7.98,Bank of Nova Scotia
BNS.TO,BNS,2021-05-28,2021-06-10,6476934,5946920,1397677,4.63,8.91,Bank of Nova Scotia
BNS.TO,BNS,2021-06-15,2021-06-28,6866406,6477311,1131321,6.07,6.01,Bank of Nova Scotia
BNS.TO,BNS,2021-06-30,2021-07-13,3719937,6866406,1736889,2.14,-45.82,Bank of Nova Scotia
BNS.TO,BNS,2021-07-15,2021-07-28,6500753,3719937,1488141,4.37,74.75,Bank of Nova Scotia
BNS.TO,BNS,2021-07-30,2021-08-12,4537814,6500753,1120368,4.05,-30.2,Bank of Nova Scotia
BNS.TO,BNS,2021-08-13,2021-08-26,4053874,4537814,806066,5.03,-10.66,Bank of Nova Scotia
BNS.TO,BNS,2021-08-31,2021-09-13,4158984,4053874,1171685,3.55,2.59,Bank of Nova Scotia
BNS.TO,BNS,2021-09-15,2021-09-28,3840406,4158984,813016,4.72,-7.66,Bank of Nova Scotia
BNS.TO,BNS,2021-09-30,2021-10-13,3096354,3840406,1426766,2.17,-19.37,Bank of Nova Scotia
BNS.TO,BNS,2021-10-15,2021-10-28,3401255,3096354,1174510,2.9,9.85,Bank of Nova Scotia
BNS.TO,BNS,2021-10-29,2021-11-11,2454012,3401255,948852,2.59,-27.85,Bank of Nova Scotia
BNS.TO,BNS,2021-11-15,2021-11-26,2183390,2454012,879783,2.48,-11.03,Bank of Nova Scotia
BNS.TO,BNS,2021-11-30,2021-12-13,2395708,2183390,1089344,2.2,9.72,Bank of Nova Scotia
BNS.TO,BNS,2021-12-15,2021-12-28,3359404,2395708,1600615,2.1,40.23,Bank of Nova Scotia
BNS.TO,BNS,2021-12-31,2022-01-13,3894094,3359404,1967495,1.98,15.92,Bank of Nova Scotia
BNS.TO,BNS,2022-01-14,2022-01-27,3198051,3894094,2208641,1.45,-17.87,Bank of Nova Scotia
BNS.TO,BNS,2022-01-31,2022-02-11,5348605,3198051,2017642,2.65,67.25,Bank of Nova Scotia
BNS.TO,BNS,2022-02-15,2022-02-28,5870581,5348605,1343109,4.37,9.76,Bank of Nova Scotia
BNS.TO,BNS,2022-02-28,2022-03-11,5781205,5870581,2196964,2.63,-1.52,Bank of Nova Scotia
BNS.TO,BNS,2022-03-15,2022-03-28,5140403,5781205,1904045,2.7,-11.08,Bank of Nova Scotia
BNS.TO,BNS,2022-03-31,2022-04-13,7794880,5140403,1711535,4.55,51.64,Bank of Nova Scotia
BNS.TO,BNS,2022-04-14,2022-04-27,19272520,7794880,1781598,10.82,147.25,Bank of Nova Scotia
BNS.TO,BNS,2022-04-29,2022-05-12,14020777,19272520,1705174,8.22,-27.25,Bank of Nova Scotia
BNS.TO,BNS,2022-05-13,2022-05-26,14726250,14020777,1758705,8.37,5.03,Bank of Nova Scotia
BNS.TO,BNS,2022-05-31,2022-06-13,14048272,14726250,1537958,9.13,-4.6,Bank of Nova Scotia
BNS.TO,BNS,2022-06-15,2022-06-28,19292232,14048272,1230881,15.67,37.33,Bank of Nova Scotia
BNS.TO,BNS,2022-06-30,2022-07-13,37569652,19292232,2147989,17.49,94.74,Bank of Nova Scotia
BNS.TO,BNS,2022-07-15,2022-07-28,36453047,37569652,1727403,21.1,-2.97,Bank of Nova Scotia
BNS.TO,BNS,2022-07-29,2022-08-11,22681608,36453047,1070108,21.2,-37.78,Bank of Nova Scotia
BNS.TO,BNS,2022-08-15,2022-08-26,21857930,22681608,814570,26.83,-3.63,Bank of Nova Scotia
BNS.TO,BNS,2022-08-31,2022-09-13,24527032,21857930,1336839,18.35,12.21,Bank of Nova Scotia
BNS.TO,BNS,2022-09-15,2022-09-28,34890536,24527032,1683377,20.73,42.25,Bank of Nova Scotia
BNS.TO,BNS,2022-09-30,2022-10-13,49894270,34890536,2308053,21.62,43.0,Bank of Nova Scotia
BNS.TO,BNS,2022-10-14,2022-10-27,39807682,49894270,1969751,20.21,-20.22,Bank of Nova Scotia
BNS.TO,BNS,2022-10-31,2022-11-11,21616576,39807682,3434731,6.29,-45.7,Bank of Nova Scotia
BNS.TO,BNS,2022-11-15,2022-11-28,15463984,21616576,2034149,7.6,-28.46,Bank of Nova Scotia
BNS.TO,BNS,2022-11-30,2022-12-13,15155276,15463984,1479427,10.24,-2.0,Bank of Nova Scotia
BNS.TO,BNS,2022-12-15,2022-12-28,21564158,15155276,1409972,15.29,42.29,Bank of Nova Scotia
BNS.TO,BNS,2022-12-30,2023-01-12,37045460,21564158,2198767,16.85,71.79,Bank of Nova Scotia
BNS.TO,BNS,2023-01-13,2023-01-26,33963745,37045460,1539468,22.06,-8.32,Bank of Nova Scotia
BNS.TO,BNS,2023-01-31,2023-02-13,18046366,33963745,1157789,15.59,-46.87,Bank of Nova Scotia
BNS.TO,BNS,2023-02-15,2023-02-28,17292927,18046366,1254194,13.79,-4.18,Bank of Nova Scotia
BNS.TO,BNS,2023-02-28,2023-03-13,17498796,17292927,1499393,11.67,1.19,Bank of Nova Scotia
BNS.TO,BNS,2023-03-15,2023-03-28,30934066,17498796,2046390,15.12,76.78,Bank of Nova Scotia
BNS.TO,BNS,2023-03-31,2023-04-13,37088497,30934066,1929609,19.22,19.9,Bank of Nova Scotia
BNS.TO,BNS,2023-04-14,2023-04-27,28350584,37088497,1182414,23.98,-23.56,Bank of Nova Scotia
BNS.TO,BNS,2023-04-28,2023-05-11,19921002,28350584,1233464,16.15,-29.73,Bank of Nova Scotia
BNS.TO,BNS,2023-05-15,2023-05-26,19744749,19921002,1245696,15.85,-0.88,Bank of Nova Scotia
BNS.TO,BNS,2023-05-31,2023-06-13,19399541,19744749,1167437,16.62,-1.75,Bank of Nova Scotia
BNS.TO,BNS,2023-06-15,2023-06-28,31872746,19399541,958350,33.26,64.3,Bank of Nova Scotia
BNS.TO,BNS,2023-06-30,2023-07-13,31186328,31872746,1544643,20.19,-2.15,Bank of Nova Scotia
BNS.TO,BNS,2023-07-14,2023-07-27,23739349,31186328,1388611,17.1,-23.88,Bank of Nova Scotia
BNS.TO,BNS,2023-07-31,2023-08-11,12336995,23739349,1503767,8.2,-48.03,Bank of Nova Scotia
BNS.TO,BNS,2023-08-15,2023-08-28,14267008,12336995,1206662,11.82,15.64,Bank of Nova Scotia
BNS.TO,BNS,2023-08-31,2023-09-13,15634867,14267008,1213835,12.88,9.59,Bank of Nova Scotia
BNS.TO,BNS,2023-09-15,2023-09-28,22864075,15634867,1465414,15.6,46.24,Bank of Nova Scotia
BNS.TO,BNS,2023-09-29,2023-10-12,34480536,22864075,1565934,22.02,50.81,Bank of Nova Scotia
BNS.TO,BNS,2023-10-13,2023-10-26,28859423,34480536,2182486,13.22,-16.3,Bank of Nova Scotia
BNS.TO,BNS,2023-10-31,2023-11-13,23403936,28859423,1918152,12.2,-18.9,Bank of Nova Scotia
BNS.TO,BNS,2023-11-15,2023-11-28,24643869,23403936,1386709,17.77,5.3,Bank of Nova Scotia
BNS.TO,BNS,2023-11-30,2023-12-13,19821236,24643869,1745245,11.36,-19.57,Bank of Nova Scotia
BNS.TO,BNS,2023-12-15,2023-12-28,22423953,19821236,2160551,10.38,13.13,Bank of Nova Scotia
BNS.TO,BNS,2023-12-29,2024-01-11,34561409,22423953,2012231,17.18,54.13,Bank of Nova Scotia
BNS.TO,BNS,2024-01-12,2024-01-25,27622960,34561409,2143893,12.88,-20.08,Bank of Nova Scotia
BNS.TO,BNS,2024-01-31,2024-02-13,20652998,27622960,2166859,9.53,-25.23,Bank of Nova Scotia
BNS.TO,BNS,2024-02-15,2024-02-28,22286950,20652998,2184366,10.2,7.91,Bank of Nova Scotia
BNS.TO,BNS,2024-02-29,2024-03-13,19988070,22286950,2120098,9.43,-10.31,Bank of Nova Scotia
BNS.TO,BNS,2024-03-15,2024-03-28,25548139,19988070,2096964,12.18,27.82,Bank of Nova Scotia
BNS.TO,BNS,2024-03-28,2024-04-10,30216716,25548139,1642004,18.4,18.27,Bank of Nova Scotia
BNS.TO,BNS,2024-04-15,2024-04-26,24442832,30216716,2487747,9.83,-19.11,Bank of Nova Scotia
BNS.TO,BNS,2024-04-30,2024-05-13,21771867,24442832,1716127,12.69,-10.93,Bank of Nova Scotia
BNS.TO,BNS,2024-05-15,2024-05-28,23315381,21771867,1243996,18.74,7.09,Bank of Nova Scotia
BNS.TO,BNS,2024-05-31,2024-06-13,22663210,23315381,1813905,12.49,-2.8,Bank of Nova Scotia
BNS.TO,BNS,2024-06-14,2024-06-27,27068117,22663210,1492854,18.13,19.44,Bank of Nova Scotia
BNS.TO,BNS,2024-06-28,2024-07-11,31570212,27068117,1870327,16.88,16.63,Bank of Nova Scotia
BNS.TO,BNS,2024-07-15,2024-07-26,30548994,31570212,1952875,15.64,-3.23,Bank of Nova Scotia
BNS.TO,BNS,2024-07-31,2024-08-13,23382300,30548994,1584043,14.76,-23.46,Bank of Nova Scotia
BNS.TO,BNS,2024-08-15,2024-08-28,24755672,23382300,1704759,14.52,5.87,Bank of Nova Scotia
BNS.TO,BNS,2024-08-30,2024-09-12,24071473,24755672,1397097,17.23,-2.76,Bank of Nova Scotia
BNS.TO,BNS,2024-09-13,2024-09-26,29549080,24071473,1415124,20.88,22.76,Bank of Nova Scotia
BNS.TO,BNS,2024-09-30,2024-10-11,34994636,29549080,2379510,14.71,18.43,Bank of Nova Scotia
BNS.TO,BNS,2024-10-15,2024-10-28,31513938,34994636,1450199,21.73,-9.95,Bank of Nova Scotia
BNS.TO,BNS,2024-10-31,2024-11-13,26850690,31513938,1552593,17.29,-14.8,Bank of Nova Scotia
BNS.TO,BNS,2024-11-15,2024-11-28,29337425,26850690,1186910,24.72,9.26,Bank of Nova Scotia
BNS.TO,BNS,2024-11-29,2024-12-12,28171542,29337425,1167601,24.13,-3.97,Bank of Nova Scotia
BNS.TO,BNS,2024-12-13,2024-12-26,23874295,28171542,1106606,21.57,-15.25,Bank of Nova Scotia
BNS.TO,BNS,2024-12-31,2025-01-13,30259131,23874295,842144,35.93,26.74,Bank of Nova Scotia
BNS.TO,BNS,2025-01-15,2025-01-28,31204229,30259131,2865603,10.89,3.12,Bank of Nova Scotia
BNS.TO,BNS,2025-01-31,2025-02-13,23944674,31204229,1512157,15.83,-23.26,Bank of Nova Scotia
BNS.TO,BNS,2025-02-14,2025-02-27,26372515,23944674,1709709,15.43,10.14,Bank of Nova Scotia
BNS.TO,BNS,2025-02-28,2025-03-13,28673777,26372515,1506991,19.03,8.73,Bank of Nova Scotia
BNS.TO,BNS,2025-03-14,2025-03-27,35439676,28673777,1545060,22.94,23.6,Bank of Nova Scotia
BNS.TO,BNS,2025-03-31,2025-04-11,41795241,35439676,2525664,16.55,17.93,Bank of Nova Scotia
BNS.TO,BNS,2025-04-15,2025-04-28,30310992,41795241,2819518,10.75,-27.48,Bank of Nova Scotia
BNS.TO,BNS,2025-04-30,2025-05-13,25062779,30310992,2079333,12.05,-17.31,Bank of Nova Scotia
BNS.TO,BNS,2025-05-15,2025-05-28,22297769,25062779,1293694,17.24,-11.03,Bank of Nova Scotia
BNS.TO,BNS,2025-05-30,2025-06-12,22778996,22297769,1939696,11.74,2.16,Bank of Nova Scotia
BNS.TO,BNS,2025-06-13,2025-06-26,21867081,22778996,1985033,11.02,-4.0,Bank of Nova Scotia
BNS.TO,BNS,2025-06-30,2025-07-11,27238782,21867081,2410785,11.3,24.57,Bank of Nova Scotia
BNS.TO,BNS,2025-07-15,2025-07-28,26969206,27238782,2790621,9.66,-0.99,Bank of Nova Scotia
BNS.TO,BNS,2025-07-31,2025-08-13,21877538,26969206,1710094,12.79,-18.88,Bank of Nova Scotia
BNS.TO,BNS,2025-08-15,2025-08-28,25210574,21877538,1256546,20.06,15.23,Bank of Nova Scotia
BNS.TO,BNS,2025-08-29,2025-09-11,22330497,25210574,2221862,10.05,-11.42,Bank of Nova Scotia
BNS.TO,BNS,2025-09-15,2025-09-26,21502470,22330497,1799432,11.95,-3.71,Bank of Nova Scotia
BNS.TO,BNS,2025-09-30,2025-10-13,19548955,21502470,1739812,11.24,-9.09,Bank of Nova Scotia
BNS.TO,BNS,2025-10-15,2025-10-28,21031446,19548955,1735275,12.12,7.58,Bank of Nova Scotia
BNS.TO,BNS,2025-10-31,2025-11-13,20322347,21031446,1301246,15.62,-3.37,Bank of Nova Scotia
BNS.TO,BNS,2025-11-14,2025-11-27,19764863,20322347,1432111,13.8,-2.74,Bank of Nova Scotia
BNS.TO,BNS,2025-11-28,2025-12-11,12890273,19692919,1678881,7.68,-34.54,Bank of Nova Scotia
BNS.TO,BNS,2025-12-15,2025-12-26,13794839,12890273,1870305,7.38,7.02,Bank of Nova Scotia
BNS.TO,BNS,2025-12-31,2026-01-13,18512659,13794839,2092334,8.85,34.2,Bank of Nova Scotia
BNS.TO,BNS,2026-01-15,2026-01-28,18153692,18512659,2486627,7.3,-1.94,Bank of Nova Scotia
BNS.TO,BNS,2026-01-30,2026-02-12,7520099,18153692,1919042,3.92,-58.58,Bank of Nova Scotia
BNS.TO,BNS,2026-02-13,2026-02-26,5421821,7520099,1715520,3.16,-27.9,Bank of Nova Scotia
BNS.TO,BNS,2026-02-27,2026-03-12,5240205,5421821,2060791,2.54,-3.35,Bank of Nova Scotia
BNS.TO,BNS,2026-03-13,2026-03-26,6183278,5240205,2128381,2.91,18.0,Bank of Nova Scotia
BNS.TO,BNS,2026-03-31,2026-04-13,11756111,6183278,2179883,5.39,90.13,Bank of Nova Scotia
BNS.TO,BNS,2026-04-15,2026-04-28,8650864,11756111,4058917,2.13,-26.41,Bank of Nova Scotia
BNS.TO,BNS,2026-04-30,2026-05-13,6033471,8650864,2398014,2.52,-30.26,Bank of Nova Scotia
BNS.TO,BNS,2026-05-15,2026-05-28,6120224,6033471,1674112,3.66,1.44,Bank of Nova Scotia
BNS.TO,BNS,2026-05-29,2026-06-11,6727220,6120224,2553122,2.63,9.92,Bank of Nova Scotia
BNS.TO,BNS,2026-06-15,2026-06-26,7345050,6727220,2389650,3.07,9.18,Bank of Nova Scotia
BNS.TO,BNS,2026-06-30,2026-07-13,8050252,7345050,3169623,2.54,9.6,Bank of Nova Scotia
BNS.TO,BNS,2026-07-15,2026-07-28,11451356,8050252,3270913,3.5,42.25,Bank of Nova Scotia
BNS.TO,BNS,2026-07-31,2026-08-13,9864440,11451356,2230323,4.42,-13.86,Bank of Nova Scotia
BNS.TO,BNS,2026-08-14,2026-08-27,7323637,9864440,2212182,3.31,-25.76,Bank of Nova Scotia
CM.TO,CM,2017-12-29,2018-01-11,6938113,6992514,441689,15.71,-0.78,Canadian Imperial Bk Of Commer
CM.TO,CM,2018-01-12,2018-01-25,6685287,6938113,337448,19.81,-3.64,Canadian Imperial Bk Of Commer
CM.TO,CM,2018-01-31,2018-02-13,6298973,6685287,333653,18.88,-5.78,Canadian Imperial Bk Of Commer
CM.TO,CM,2018-02-15,2018-02-28,7409068,6298973,429529,17.25,17.62,Canadian Imperial Bk Of Commer
CM.TO,CM,2018-02-28,2018-03-13,8121354,7409068,493809,16.45,9.61,Canadian Imperial Bk Of Commer
CM.TO,CM,2018-03-15,2018-03-28,8337105,8121354,396026,21.05,2.66,Canadian Imperial Bk Of Commer
CM.TO,CM,2018-03-29,2018-04-11,9674372,8337105,648350,14.92,16.04,Canadian Imperial Bank of Comm
CM.TO,CM,2018-04-13,2018-04-26,9875523,9674372,352210,28.04,2.08,Canadian Imperial Bank of Comm
CM.TO,CM,2018-04-30,2018-05-11,9501860,9875523,269807,35.22,-3.78,Canadian Imperial Bank of Comm
CM.TO,CM,2018-05-15,2018-05-28,8715612,9501860,239994,36.32,-8.27,Canadian Imperial Bank of Comm
CM.TO,CM,2018-05-31,2018-06-13,9307017,8715612,318230,29.25,6.79,Canadian Imperial Bank of Comm
CM.TO,CM,2018-06-15,2018-06-28,9606639,9307017,264513,36.32,3.22,Canadian Imperial Bank of Comm
CM.TO,CM,2018-06-29,2018-07-12,9570196,9606639,252196,37.95,-0.38,Canadian Imperial Bank of Comm
CM.TO,CM,2018-07-13,2018-07-26,9429149,9570196,212035,44.47,-1.47,Canadian Imperial Bank of Comm
CM.TO,CM,2018-07-31,2018-08-13,9247820,9429149,287948,32.12,-1.92,Canadian Imperial Bank of Comm
CM.TO,CM,2018-08-15,2018-08-28,8880201,9247820,281596,31.54,-3.98,Canadian Imperial Bank of Comm
CM.TO,CM,2018-08-31,2018-09-13,9054817,8880201,500004,18.11,1.97,Canadian Imperial Bank of Comm
CM.TO,CM,2018-09-14,2018-09-27,8496091,9054817,385500,22.04,-6.17,Canadian Imperial Bank of Comm
CM.TO,CM,2018-09-28,2018-10-11,7445169,8496091,483514,15.4,-12.37,Canadian Imperial Bank of Comm
CM.TO,CM,2018-10-15,2018-10-26,7412945,7445169,657807,11.27,-0.43,Canadian Imperial Bank of Comm
CM.TO,CM,2018-10-31,2018-11-13,6752042,7412945,345767,19.53,-8.92,Canadian Imperial Bank of Comm
CM.TO,CM,2018-11-15,2018-11-28,6849063,6752042,310869,22.03,1.44,Canadian Imperial Bank of Comm
CM.TO,CM,2018-11-30,2018-12-13,7013909,6849063,335483,20.91,2.41,Canadian Imperial Bank of Comm
CM.TO,CM,2018-12-14,2018-12-27,7815675,7013909,581123,13.45,11.43,Canadian Imperial Bank of Comm
CM.TO,CM,2018-12-31,2019-01-11,8649904,7815675,538785,16.05,10.67,Canadian Imperial Bank of Comm
CM.TO,CM,2019-01-15,2019-01-28,9188591,8649904,385138,23.86,6.23,Canadian Imperial Bank of Comm
CM.TO,CM,2019-01-31,2019-02-13,9567096,9188591,332026,28.81,4.12,Canadian Imperial Bank of Comm
CM.TO,CM,2019-02-15,2019-02-28,9577115,9567096,333688,28.7,0.1,Canadian Imperial Bank of Comm
CM.TO,CM,2019-02-28,2019-03-13,9342639,9577115,458868,20.36,-2.45,Canadian Imperial Bank of Comm
CM.TO,CM,2019-03-15,2019-03-28,9728125,9342639,349384,27.84,4.13,Canadian Imperial Bank of Comm
CM.TO,CM,2019-03-29,2019-04-11,10432854,9728125,542530,19.23,7.24,Canadian Imperial Bank of Comm
CM.TO,CM,2019-04-15,2019-04-26,9738431,10432854,432713,22.51,-6.66,Canadian Imperial Bank of Comm
CM.TO,CM,2019-04-30,2019-05-13,9121468,9738431,339667,26.85,-6.34,Canadian Imperial Bank of Comm
CM.TO,CM,2019-05-15,2019-05-28,8972439,9121468,343753,26.1,-1.63,Canadian Imperial Bank of Comm
CM.TO,CM,2019-05-31,2019-06-13,9201166,8972439,476365,19.32,2.55,Canadian Imperial Bank of Comm
CM.TO,CM,2019-06-14,2019-06-27,8143919,9201166,515017,15.81,-11.49,Canadian Imperial Bank of Comm
CM.TO,CM,2019-06-28,2019-07-11,10519115,8143919,475865,22.11,29.17,Canadian Imperial Bank of Comm
CM.TO,CM,2019-07-15,2019-07-26,7734730,10519115,315978,24.48,-26.47,Canadian Imperial Bank of Comm
CM.TO,CM,2019-07-31,2019-08-13,7394257,7734730,266873,27.71,-4.4,Canadian Imperial Bank of Comm
CM.TO,CM,2019-08-15,2019-08-28,7328892,7394257,368541,19.89,-0.88,Canadian Imperial Bank of Comm
CM.TO,CM,2019-08-30,2019-09-12,7456065,7328892,620997,12.01,1.74,Canadian Imperial Bank of Comm
CM.TO,CM,2019-09-13,2019-09-26,6941529,7456065,612946,11.32,-6.9,Canadian Imperial Bank of Comm
CM.TO,CM,2019-09-30,2019-10-11,9097460,6941529,853256,10.66,31.06,Canadian Imperial Bank of Comm
CM.TO,CM,2019-10-15,2019-10-28,6654213,9097460,485260,13.71,-26.86,Canadian Imperial Bank of Comm
CM.TO,CM,2019-10-31,2019-11-13,6411003,6654213,356881,17.96,-3.65,Canadian Imperial Bank of Comm
CM.TO,CM,2019-11-15,2019-11-28,6130746,6411003,556504,11.02,-4.37,Canadian Imperial Bank of Comm
CM.TO,CM,2019-11-29,2019-12-12,5942048,6130746,330204,18.0,-3.08,Canadian Imperial Bank of Comm
CM.TO,CM,2019-12-13,2019-12-26,6962271,5942048,579922,12.01,17.17,Canadian Imperial Bank of Comm
CM.TO,CM,2019-12-31,2020-01-13,6754964,6962271,311951,21.65,-2.98,Canadian Imperial Bank of Comm
CM.TO,CM,2020-01-15,2020-01-28,6192343,6754964,343337,18.04,-8.33,Canadian Imperial Bank of Comm
CM.TO,CM,2020-01-31,2020-02-13,5944398,6534623,323084,18.4,-9.03,Canadian Imperial Bank of Comm
CM.TO,CM,2020-02-14,2020-02-27,5917552,5944398,269700,21.94,-0.45,Canadian Imperial Bank of Comm
CM.TO,CM,2020-02-28,2020-03-12,6041889,5917552,654848,9.23,2.1,Canadian Imperial Bank of Comm
CM.TO,CM,2020-03-13,2020-03-26,7794941,6041889,858654,9.08,29.01,Canadian Imperial Bank of Comm
CM.TO,CM,2020-03-31,2020-04-13,9095757,7794941,1186759,7.66,16.69,Canadian Imperial Bank of Comm
CM.TO,CM,2020-04-15,2020-04-28,7787345,9095757,821386,9.48,-14.38,Canadian Imperial Bank of Comm
CM.TO,CM,2020-04-30,2020-05-13,7902264,7787345,681418,11.6,1.48,Canadian Imperial Bank of Comm
CM.TO,CM,2020-05-15,2020-05-28,8744508,8530263,569466,15.36,2.51,Canadian Imperial Bank of Comm
CM.TO,CM,2020-05-29,2020-06-11,7511982,8744508,581854,12.91,-14.09,Canadian Imperial Bank of Comm
CM.TO,CM,2020-06-15,2020-06-26,7102534,7511982,521389,13.62,-5.45,Canadian Imperial Bank of Comm
CM.TO,CM,2020-06-30,2020-07-13,7405404,7102534,699820,10.58,4.26,Canadian Imperial Bank of Comm
CM.TO,CM,2020-07-15,2020-07-28,6221442,7405404,340629,18.26,-15.99,Canadian Imperial Bank of Comm
CM.TO,CM,2020-07-31,2020-08-13,5204101,6221442,261869,19.87,-16.35,Canadian Imperial Bank of Comm
CM.TO,CM,2020-08-14,2020-08-27,4856937,5204101,226851,21.41,-6.67,Canadian Imperial Bank of Comm
CM.TO,CM,2020-08-31,2020-09-11,4965214,4856937,327716,15.15,2.23,Canadian Imperial Bank of Comm
CM.TO,CM,2020-09-15,2020-09-28,5733285,4965214,376711,15.22,15.47,Canadian Imperial Bank of Comm
CM.TO,CM,2020-09-30,2020-10-13,8157308,5733285,518222,15.74,42.28,Canadian Imperial Bank of Comm
CM.TO,CM,2020-10-15,2020-10-28,5421406,8157308,255262,21.24,-33.54,Canadian Imperial Bank of Comm
CM.TO,CM,2020-10-30,2020-11-12,5197112,5421406,233958,22.21,-4.14,Canadian Imperial Bank of Comm
CM.TO,CM,2020-11-13,2020-11-26,4984796,5197112,285810,17.44,-4.09,Canadian Imperial Bank of Comm
CM.TO,CM,2020-11-30,2020-12-11,3959860,4984796,261939,15.12,-20.56,Canadian Imperial Bank of Comm
CM.TO,CM,2020-12-15,2020-12-28,3865916,3959860,261809,14.77,-2.37,Canadian Imperial Bank of Comm
CM.TO,CM,2020-12-31,2021-01-13,3892525,3865916,345294,11.27,0.69,Canadian Imperial Bank of Comm
CM.TO,CM,2021-01-15,2021-01-28,3879479,3892525,335731,11.56,-0.34,Canadian Imperial Bank of Comm
CM.TO,CM,2021-01-29,2021-02-11,4433541,3879479,335090,13.23,14.28,Canadian Imperial Bank of Comm
CM.TO,CM,2021-02-12,2021-02-25,4147921,4433541,235166,17.64,-6.44,Canadian Imperial Bank of Comm
CM.TO,CM,2021-02-26,2021-03-11,4080780,4147921,489072,8.34,-1.62,Canadian Imperial Bank of Comm
CM.TO,CM,2021-03-15,2021-03-26,4091579,4080780,667317,6.13,0.26,Canadian Imperial Bank of Comm
CM.TO,CM,2021-03-31,2021-04-13,4367722,4091579,834257,5.24,6.75,Canadian Imperial Bank of Comm
CM.TO,CM,2021-04-15,2021-04-28,3642671,4367722,423038,8.61,-16.6,Canadian Imperial Bank of Comm
CM.TO,CM,2021-04-30,2021-05-13,3531656,3642671,467967,7.55,-3.05,Canadian Imperial Bank of Comm
CM.TO,CM,2021-05-14,2021-05-27,4007477,3531656,393596,10.18,13.47,Canadian Imperial Bank of Comm
CM.TO,CM,2021-05-28,2021-06-10,3549637,4007477,453664,7.82,-11.42,Canadian Imperial Bank of Comm
CM.TO,CM,2021-06-15,2021-06-28,3608753,3548337,513894,7.02,1.7,Canadian Imperial Bank of Comm
CM.TO,CM,2021-06-30,2021-07-13,3964840,3608753,926787,4.28,9.87,Canadian Imperial Bank of Comm
CM.TO,CM,2021-07-15,2021-07-28,3364355,3964840,278652,12.07,-15.15,Canadian Imperial Bank of Comm
CM.TO,CM,2021-07-30,2021-08-12,3354628,3364355,283665,11.83,-0.29,Canadian Imperial Bank of Comm
CM.TO,CM,2021-08-13,2021-08-26,2789790,3354628,295720,9.43,-16.84,Canadian Imperial Bank of Comm
CM.TO,CM,2021-08-31,2021-09-13,3153868,2789790,430446,7.33,13.05,Canadian Imperial Bank of Comm
CM.TO,CM,2021-09-15,2021-09-28,3107311,3153868,292686,10.62,-1.48,Canadian Imperial Bank of Comm
CM.TO,CM,2021-09-30,2021-10-13,4049348,3107311,639256,6.33,30.32,Canadian Imperial Bank of Comm
CM.TO,CM,2021-10-15,2021-10-28,4008233,4049348,477569,8.39,-1.02,Canadian Imperial Bank of Comm
CM.TO,CM,2021-10-29,2021-11-11,3605460,4008233,308034,11.7,-10.05,Canadian Imperial Bank of Comm
CM.TO,CM,2021-11-15,2021-11-26,3182166,3605460,692456,4.6,-11.74,Canadian Imperial Bank of Comm
CM.TO,CM,2021-11-30,2021-12-13,3075053,3182166,369410,8.32,-3.37,Canadian Imperial Bank of Comm
CM.TO,CM,2021-12-15,2021-12-28,3117989,3075053,472772,6.6,1.4,Canadian Imperial Bank of Comm
CM.TO,CM,2021-12-31,2022-01-13,4298473,3117989,541224,7.94,37.86,Canadian Imperial Bank of Comm
CM.TO,CM,2022-01-14,2022-01-27,2611362,4298473,467561,5.59,-39.25,Canadian Imperial Bank of Comm
CM.TO,CM,2022-01-31,2022-02-11,2030479,2611362,538207,3.77,-22.24,Canadian Imperial Bank of Comm
CM.TO,CM,2022-02-15,2022-02-28,1869165,2030479,412324,4.53,-7.94,Canadian Imperial Bank of Comm
CM.TO,CM,2022-02-28,2022-03-11,2742396,1869165,584073,4.7,46.72,Canadian Imperial Bank of Comm
CM.TO,CM,2022-03-15,2022-03-28,2926044,2742396,526310,5.56,6.7,Canadian Imperial Bank of Comm
CM.TO,CM,2022-03-31,2022-04-13,8024525,2926044,716928,11.19,174.24,Canadian Imperial Bank of Comm
CM.TO,CM,2022-04-14,2022-04-27,6830339,8024525,563533,12.12,-14.88,Canadian Imperial Bank of Comm
CM.TO,CM,2022-04-29,2022-05-12,3642316,6830339,417503,8.72,-46.67,Canadian Imperial Bank of Comm
CM.TO,CM,2022-05-13,2022-05-26,4164644,3642316,434119,9.59,14.34,Canadian Imperial Bank of Comm
CM.TO,CM,2022-05-31,2022-06-13,8811867,4164644,900827,9.78,111.59,Canadian Imperial Bank of Comm
CM.TO,CM,2022-06-15,2022-06-28,11726907,8811867,766211,15.31,33.08,Canadian Imperial Bank of Comm
CM.TO,CM,2022-06-30,2022-07-13,31052510,11726907,1444561,21.5,164.8,Canadian Imperial Bank of Comm
CM.TO,CM,2022-07-15,2022-07-28,22900423,31052510,783427,29.23,-26.25,Canadian Imperial Bank of Comm
CM.TO,CM,2022-07-29,2022-08-11,13105783,22900423,680237,19.27,-42.77,Canadian Imperial Bank of Comm
CM.TO,CM,2022-08-15,2022-08-26,10934686,13105783,558744,19.57,-16.57,Canadian Imperial Bank of Comm
CM.TO,CM,2022-08-31,2022-09-13,9901234,10934686,715549,13.84,-9.45,Canadian Imperial Bank of Comm
CM.TO,CM,2022-09-15,2022-09-28,20328533,9901234,891687,22.8,105.31,Canadian Imperial Bank of Comm
CM.TO,CM,2022-09-30,2022-10-13,43972100,20328533,1662581,26.45,116.31,Canadian Imperial Bank of Comm
CM.TO,CM,2022-10-14,2022-10-27,37286273,43972100,1353470,27.55,-15.2,Canadian Imperial Bank of Comm
CM.TO,CM,2022-10-31,2022-11-11,17563426,37286273,842645,20.84,-52.9,Canadian Imperial Bank of Comm
CM.TO,CM,2022-11-15,2022-11-28,15583124,17563426,796280,19.57,-11.28,Canadian Imperial Bank of Comm
CM.TO,CM,2022-11-30,2022-12-13,11707826,15583124,623129,18.79,-24.87,Canadian Imperial Bank of Comm
CM.TO,CM,2022-12-15,2022-12-28,21018281,11707826,1265359,16.61,79.52,Canadian Imperial Bank of Comm
CM.TO,CM,2022-12-30,2023-01-12,26404770,21018281,1360170,19.41,25.63,Canadian Imperial Bank of Comm
CM.TO,CM,2023-01-13,2023-01-26,15641261,26404770,798256,19.59,-40.76,Canadian Imperial Bank of Comm
CM.TO,CM,2023-01-31,2023-02-13,6549508,15641261,878278,7.46,-58.13,Canadian Imperial Bank of Comm
CM.TO,CM,2023-02-15,2023-02-28,6522910,6549508,753020,8.66,-0.41,Canadian Imperial Bank of Comm
CM.TO,CM,2023-02-28,2023-03-13,8078701,6522910,1345034,6.01,23.85,Canadian Imperial Bank of Comm
CM.TO,CM,2023-03-15,2023-03-28,15366389,8078701,1365361,11.25,90.21,Canadian Imperial Bank of Comm
CM.TO,CM,2023-03-31,2023-04-13,19209000,15366389,2027309,9.48,25.01,Canadian Imperial Bank of Comm
CM.TO,CM,2023-04-14,2023-04-27,13660925,19209000,782731,17.45,-28.88,Canadian Imperial Bank of Comm
CM.TO,CM,2023-04-28,2023-05-11,11336683,13660925,989880,11.45,-17.01,Canadian Imperial Bank of Comm
CM.TO,CM,2023-05-15,2023-05-26,10907967,11336683,1166708,9.35,-3.78,Canadian Imperial Bank of Comm
CM.TO,CM,2023-05-31,2023-06-13,9823923,10907967,968977,10.14,-9.94,Canadian Imperial Bank of Comm
CM.TO,CM,2023-06-15,2023-06-28,13029787,9823923,1083957,12.02,32.63,Canadian Imperial Bank of Comm
CM.TO,CM,2023-06-30,2023-07-13,19934228,13029787,1912108,10.43,52.99,Canadian Imperial Bank of Comm
CM.TO,CM,2023-07-14,2023-07-27,15650977,19934228,1114023,14.05,-21.49,Canadian Imperial Bank of Comm
CM.TO,CM,2023-07-31,2023-08-11,8002852,15651301,1014251,7.89,-48.87,Canadian Imperial Bank of Comm
CM.TO,CM,2023-08-15,2023-08-28,8659028,8002852,994561,8.71,8.2,Canadian Imperial Bank of Comm
CM.TO,CM,2023-08-31,2023-09-13,12852440,8659028,1339013,9.6,48.43,Canadian Imperial Bank of Comm
CM.TO,CM,2023-09-15,2023-09-28,15386717,12852440,1255662,12.25,19.72,Canadian Imperial Bank of Comm
CM.TO,CM,2023-09-29,2023-10-12,21159315,15386717,1985328,10.66,37.52,Canadian Imperial Bank of Comm
CM.TO,CM,2023-10-13,2023-10-26,18392936,21159315,1556466,11.82,-13.07,Canadian Imperial Bank of Comm
CM.TO,CM,2023-10-31,2023-11-13,12904926,18392936,1548677,8.33,-29.84,Canadian Imperial Bank of Comm
CM.TO,CM,2023-11-15,2023-11-28,13258792,12904926,1335803,9.93,2.74,Canadian Imperial Bank of Comm
CM.TO,CM,2023-11-30,2023-12-13,12178261,13258792,1429946,8.52,-8.15,Canadian Imperial Bank of Comm
CM.TO,CM,2023-12-15,2023-12-28,15058888,12178261,1475527,10.21,23.65,Canadian Imperial Bank of Comm
CM.TO,CM,2023-12-29,2024-01-11,25690100,15058888,2351691,10.92,70.6,Canadian Imperial Bank of Comm
CM.TO,CM,2024-01-12,2024-01-25,9277199,25690100,1471853,6.3,-63.89,Canadian Imperial Bank of Comm
CM.TO,CM,2024-01-31,2024-02-13,8432382,9277199,1400005,6.02,-9.11,Canadian Imperial Bank of Comm
CM.TO,CM,2024-02-15,2024-02-28,10252462,8432382,1826523,5.61,21.58,Canadian Imperial Bank of Comm
CM.TO,CM,2024-02-29,2024-03-13,9864582,10252462,2501106,3.94,-3.78,Canadian Imperial Bank of Comm
CM.TO,CM,2024-03-15,2024-03-28,15897621,9878637,2487006,6.39,60.93,Canadian Imperial Bank of Comm
CM.TO,CM,2024-03-28,2024-04-10,30023207,15897621,1982215,15.15,88.85,Canadian Imperial Bank of Comm
CM.TO,CM,2024-04-15,2024-04-26,12755635,30023207,1350120,9.45,-57.51,Canadian Imperial Bank of Comm
CM.TO,CM,2024-04-30,2024-05-13,12854657,12755635,1322708,9.72,0.78,Canadian Imperial Bank of Comm
CM.TO,CM,2024-05-15,2024-05-28,10732487,12854657,836993,12.82,-16.51,Canadian Imperial Bank of Comm
CM.TO,CM,2024-05-31,2024-06-13,13624426,10732487,1312356,10.38,26.95,Canadian Imperial Bank of Comm
CM.TO,CM,2024-06-14,2024-06-27,18745630,13624426,1379728,13.59,37.59,Canadian Imperial Bank of Comm
CM.TO,CM,2024-06-28,2024-07-11,33128703,18745630,1068241,31.01,76.73,Canadian Imperial Bank of Comm
CM.TO,CM,2024-07-15,2024-07-26,18398082,33128703,1596736,11.52,-44.46,Canadian Imperial Bank of Comm
CM.TO,CM,2024-07-31,2024-08-13,9017675,18398082,888687,10.15,-50.99,Canadian Imperial Bank of Comm
CM.TO,CM,2024-08-15,2024-08-28,14638662,9017675,973177,15.04,62.33,Canadian Imperial Bank of Comm
CM.TO,CM,2024-08-30,2024-09-12,17237491,14638662,1380874,12.48,17.75,Canadian Imperial Bank of Comm
CM.TO,CM,2024-09-13,2024-09-26,19455110,17237491,1725197,11.28,12.87,Canadian Imperial Bank of Comm
CM.TO,CM,2024-09-30,2024-10-11,19527745,19455110,1232248,15.85,0.37,Canadian Imperial Bank of Comm
CM.TO,CM,2024-10-15,2024-10-28,11380194,19527745,1494027,7.62,-41.72,Canadian Imperial Bank of Comm
CM.TO,CM,2024-10-31,2024-11-13,13404982,11380194,810410,16.54,17.79,Canadian Imperial Bank of Comm
CM.TO,CM,2024-11-15,2024-11-28,14439648,13404982,689046,20.96,7.72,Canadian Imperial Bank of Comm
CM.TO,CM,2024-11-29,2024-12-12,16173888,14439648,690960,23.41,12.01,Canadian Imperial Bank of Comm
CM.TO,CM,2024-12-13,2024-12-26,15419942,16173888,1325985,11.63,-4.66,Canadian Imperial Bank of Comm
CM.TO,CM,2024-12-31,2025-01-13,21974818,15419942,959771,22.9,42.51,Canadian Imperial Bank of Comm
CM.TO,CM,2025-01-15,2025-01-28,15250129,21974818,1286051,11.86,-30.6,Canadian Imperial Bank of Comm
CM.TO,CM,2025-01-31,2025-02-13,13372711,15250129,935608,14.29,-12.31,Canadian Imperial Bank of Comm
CM.TO,CM,2025-02-14,2025-02-27,14661583,13372711,945716,15.5,9.64,Canadian Imperial Bank of Comm
CM.TO,CM,2025-02-28,2025-03-13,16862418,14661583,750466,22.47,15.01,Canadian Imperial Bank of Comm
CM.TO,CM,2025-03-14,2025-03-27,35370282,16862418,1140131,31.02,109.76,Canadian Imperial Bank of Comm
CM.TO,CM,2025-03-31,2025-04-11,38490613,35370282,1488520,25.86,8.82,Canadian Imperial Bank of Comm
CM.TO,CM,2025-04-15,2025-04-28,21186230,38490613,1443700,14.67,-44.96,Canadian Imperial Bank of Comm
CM.TO,CM,2025-04-30,2025-05-13,14237033,21186230,1017013,14.0,-32.8,Canadian Imperial Bank of Comm
CM.TO,CM,2025-05-15,2025-05-28,19814477,14237033,664110,29.84,39.18,Canadian Imperial Bank of Comm
CM.TO,CM,2025-05-30,2025-06-12,19663977,19814477,1247699,15.76,-0.76,Canadian Imperial Bank of Comm
CM.TO,CM,2025-06-13,2025-06-26,19074646,19663977,876463,21.76,-3.0,Canadian Imperial Bank of Comm
CM.TO,CM,2025-06-30,2025-07-11,21412867,19074646,2061020,10.39,12.26,Canadian Imperial Bank of Comm
CM.TO,CM,2025-07-15,2025-07-28,15111326,21412867,1103116,13.7,-29.43,Canadian Imperial Bank of Comm
CM.TO,CM,2025-07-31,2025-08-13,14654612,15111326,1523213,9.62,-3.02,Canadian Imperial Bank of Comm
CM.TO,CM,2025-08-15,2025-08-28,14149632,14654612,1057185,13.38,-3.45,Canadian Imperial Bank of Comm
CM.TO,CM,2025-08-29,2025-09-11,12295858,14149632,1588312,7.74,-13.1,Canadian Imperial Bank of Comm
CM.TO,CM,2025-09-15,2025-09-26,14015592,12295858,943178,14.86,13.99,Canadian Imperial Bank of Comm
CM.TO,CM,2025-09-30,2025-10-13,14274891,14015592,1190783,11.99,1.85,Canadian Imperial Bank of Comm
CM.TO,CM,2025-10-15,2025-10-28,14079595,14274891,945554,14.89,-1.37,Canadian Imperial Bank of Comm
CM.TO,CM,2025-10-31,2025-11-13,11136014,14079595,665898,16.72,-20.91,Canadian Imperial Bank of Comm
CM.TO,CM,2025-11-14,2025-11-27,10014570,11136014,819080,12.23,-10.07,Canadian Imperial Bank of Comm
CM.TO,CM,2025-11-28,2025-12-11,9296722,9223822,1055262,8.81,0.79,Canadian Imperial Bank of Comm
CM.TO,CM,2025-12-15,2025-12-26,9006075,9296722,1134926,7.94,-3.13,Canadian Imperial Bank of Comm
CM.TO,CM,2025-12-31,2026-01-13,16434977,9006075,1551745,10.59,82.49,Canadian Imperial Bank of Comm
CM.TO,CM,2026-01-15,2026-01-28,12854290,16434977,1143852,11.24,-21.79,Canadian Imperial Bank of Comm
CM.TO,CM,2026-01-30,2026-02-12,9102010,12854290,1090976,8.34,-29.19,Canadian Imperial Bank of Comm
CM.TO,CM,2026-02-13,2026-02-26,8816053,9102010,895102,9.85,-3.14,Canadian Imperial Bank of Comm
CM.TO,CM,2026-02-27,2026-03-12,8186323,8816053,1175936,6.96,-7.14,Canadian Imperial Bank of Comm
CM.TO,CM,2026-03-13,2026-03-26,8967238,8186323,1280896,7.0,9.54,Canadian Imperial Bank of Comm
CM.TO,CM,2026-03-31,2026-04-13,12047263,8967238,1948725,6.18,34.35,Canadian Imperial Bank of Comm
CM.TO,CM,2026-04-15,2026-04-28,9468863,12047263,1311543,7.22,-21.4,Canadian Imperial Bank of Comm
CM.TO,CM,2026-04-30,2026-05-13,8694158,9468863,1719510,5.06,-8.18,Canadian Imperial Bank of Comm
CM.TO,CM,2026-05-15,2026-05-28,9448013,8694158,953439,9.91,8.67,Canadian Imperial Bank of Comm
CM.TO,CM,2026-05-29,2026-06-11,10350474,9448013,1069561,9.68,9.55,Canadian Imperial Bank of Comm
CM.TO,CM,2026-06-15,2026-06-26,10953742,10350474,1160352,9.44,5.83,Canadian Imperial Bank of Comm
CM.TO,CM,2026-06-30,2026-07-13,12895272,10953742,2325676,5.54,17.72,Canadian Imperial Bank of Comm
CM.TO,CM,2026-07-15,2026-07-28,11805673,12895272,1483098,7.96,-8.45,Canadian Imperial Bank of Comm
CM.TO,CM,2026-07-31,2026-08-13,14628227,11805673,982413,14.89,23.91,Canadian Imperial Bank of Comm
CM.TO,CM,2026-08-14,2026-08-27,14408143,14628227,833302,17.29,-1.5,Canadian Imperial Bank of Comm
CNQ.TO,CNQ,2017-12-29,2018-01-11,9461881,9524818,1663510,5.69,-0.66,Canadian Natural Resource Ltd.
CNQ.TO,CNQ,2018-01-12,2018-01-25,9099963,9461881,2083354,4.37,-3.83,Canadian Natural Resource Ltd.
CNQ.TO,CNQ,2018-01-31,2018-02-13,8850493,9099963,2370273,3.73,-2.74,Canadian Natural Resource Ltd.
CNQ.TO,CNQ,2018-02-15,2018-02-28,6089987,8850493,3497795,1.74,-31.19,Canadian Natural Resource Ltd.
CNQ.TO,CNQ,2018-02-28,2018-03-13,6203780,6089987,1939366,3.2,1.87,Canadian Natural Resource Ltd.
CNQ.TO,CNQ,2018-03-15,2018-03-28,4798322,6203780,2243372,2.14,-22.65,Canadian Natural Resource Ltd.
CNQ.TO,CNQ,2018-03-29,2018-04-11,3426239,4798322,2751347,1.25,-28.6,Canadian Natural Resources Lim
CNQ.TO,CNQ,2018-04-13,2018-04-26,4954351,3426239,3034201,1.63,44.6,Canadian Natural Resources Lim
CNQ.TO,CNQ,2018-04-30,2018-05-11,5489598,4954351,2002919,2.74,10.8,Canadian Natural Resources Lim
CNQ.TO,CNQ,2018-05-15,2018-05-28,3819790,5489598,5177966,1.0,-30.42,Canadian Natural Resources Lim
CNQ.TO,CNQ,2018-05-31,2018-06-13,2993152,3819790,3581203,1.0,-21.64,Canadian Natural Resources Lim
CNQ.TO,CNQ,2018-06-15,2018-06-28,4628475,2993152,3289368,1.41,54.64,Canadian Natural Resources Lim
CNQ.TO,CNQ,2018-06-29,2018-07-12,4930335,4628475,4939498,1.0,6.52,Canadian Natural Resources Lim
CNQ.TO,CNQ,2018-07-13,2018-07-26,5814205,4930335,2697411,2.16,17.93,Canadian Natural Resources Lim
CNQ.TO,CNQ,2018-07-31,2018-08-13,5091045,5814205,2159734,2.36,-12.44,Canadian Natural Resources Lim
CNQ.TO,CNQ,2018-08-15,2018-08-28,5484612,5091045,2606737,2.1,7.73,Canadian Natural Resources Lim
CNQ.TO,CNQ,2018-08-31,2018-09-13,6348724,5484612,1681049,3.78,15.76,Canadian Natural Resources Lim
CNQ.TO,CNQ,2018-09-14,2018-09-27,5698343,6348724,2446348,2.33,-10.24,Canadian Natural Resources Lim
CNQ.TO,CNQ,2018-09-28,2018-10-11,7365310,5698343,3361747,2.19,29.25,Canadian Natural Resources Lim
CNQ.TO,CNQ,2018-10-15,2018-10-26,7214666,7363710,4752520,1.52,-2.02,Canadian Natural Resources Lim
CNQ.TO,CNQ,2018-10-31,2018-11-13,7945748,7214666,3861098,2.06,10.13,Canadian Natural Resources Lim
CNQ.TO,CNQ,2018-11-15,2018-11-28,10878820,7945748,3687972,2.95,36.91,Canadian Natural Resources Lim
CNQ.TO,CNQ,2018-11-30,2018-12-13,9256896,10878820,3771657,2.45,-14.91,Canadian Natural Resources Lim
CNQ.TO,CNQ,2018-12-14,2018-12-27,6807564,9256896,4644444,1.47,-26.46,Canadian Natural Resources Lim
CNQ.TO,CNQ,2018-12-31,2019-01-11,8114592,6807564,3592374,2.26,19.2,Canadian Natural Resources Lim
CNQ.TO,CNQ,2019-01-15,2019-01-28,7813550,8114592,4677180,1.67,-3.71,Canadian Natural Resources Lim
CNQ.TO,CNQ,2019-01-31,2019-02-13,5968675,7813550,3715915,1.61,-23.61,Canadian Natural Resources Lim
CNQ.TO,CNQ,2019-02-15,2019-02-28,3232841,5968675,2839282,1.14,-45.84,Canadian Natural Resources Lim
CNQ.TO,CNQ,2019-02-28,2019-03-13,3775932,3232841,2151035,1.76,16.8,Canadian Natural Resources Lim
CNQ.TO,CNQ,2019-03-15,2019-03-28,5219381,3775932,3410373,1.53,38.23,Canadian Natural Resources Lim
CNQ.TO,CNQ,2019-03-29,2019-04-11,5331122,5219381,2727030,1.95,2.14,Canadian Natural Resources Lim
CNQ.TO,CNQ,2019-04-15,2019-04-26,7794388,5331122,3014398,2.59,46.21,Canadian Natural Resources Lim
CNQ.TO,CNQ,2019-04-30,2019-05-13,10107878,7794388,2384496,4.24,29.68,Canadian Natural Resources Lim
CNQ.TO,CNQ,2019-05-15,2019-05-28,9986201,10107878,2665918,3.75,-1.2,Canadian Natural Resources Lim
CNQ.TO,CNQ,2019-05-31,2019-06-13,9570032,9986201,2727221,3.51,-4.17,Canadian Natural Resources Lim
CNQ.TO,CNQ,2019-06-14,2019-06-27,13306555,9570932,2212749,6.01,39.03,Canadian Natural Resources Lim
CNQ.TO,CNQ,2019-06-28,2019-07-11,10418674,13306555,2581830,4.04,-21.7,Canadian Natural Resources Lim
CNQ.TO,CNQ,2019-07-15,2019-07-26,8503107,10418674,2133752,3.99,-18.39,Canadian Natural Resources Lim
CNQ.TO,CNQ,2019-07-31,2019-08-13,7315939,8503107,2458473,2.98,-13.96,Canadian Natural Resources Lim
CNQ.TO,CNQ,2019-08-15,2019-08-28,7933091,7315939,2784497,2.85,8.44,Canadian Natural Resources Lim
CNQ.TO,CNQ,2019-08-30,2019-09-12,7249038,7933091,2195879,3.3,-8.62,Canadian Natural Resources Lim
CNQ.TO,CNQ,2019-09-13,2019-09-26,15198817,7249038,3545749,4.29,109.67,Canadian Natural Resources Lim
CNQ.TO,CNQ,2019-09-30,2019-10-11,7624584,15198817,2353439,3.24,-49.83,Canadian Natural Resources Lim
CNQ.TO,CNQ,2019-10-15,2019-10-28,9613278,7624584,2616643,3.67,26.08,Canadian Natural Resources Lim
CNQ.TO,CNQ,2019-10-31,2019-11-13,7368119,9613278,1745193,4.22,-23.35,Canadian Natural Resources Lim
CNQ.TO,CNQ,2019-11-15,2019-11-28,8013765,7368119,2150175,3.73,8.76,Canadian Natural Resources Lim
CNQ.TO,CNQ,2019-11-29,2019-12-12,7391874,8013765,2041563,3.62,-7.76,Canadian Natural Resources Lim
CNQ.TO,CNQ,2019-12-13,2019-12-26,18729614,7391874,3729992,5.02,153.38,Canadian Natural Resources Lim
CNQ.TO,CNQ,2019-12-31,2020-01-13,8060927,18729614,1676760,4.81,-56.96,Canadian Natural Resources Lim
CNQ.TO,CNQ,2020-01-15,2020-01-28,8259656,8060927,2819175,2.93,2.47,Canadian Natural Resources Lim
CNQ.TO,CNQ,2020-01-31,2020-02-13,7795867,8999059,2292057,3.4,-13.37,Canadian Natural Resources Lim
CNQ.TO,CNQ,2020-02-14,2020-02-27,5563865,7795867,2164105,2.57,-28.63,Canadian Natural Resources Lim
CNQ.TO,CNQ,2020-02-28,2020-03-12,3806696,5563865,3135713,1.21,-31.58,Canadian Natural Resources Lim
CNQ.TO,CNQ,2020-03-13,2020-03-26,5779869,3806696,5705057,1.01,51.83,Canadian Natural Resources Lim
CNQ.TO,CNQ,2020-03-31,2020-04-13,9974674,5779869,8372696,1.19,72.58,Canadian Natural Resources Lim
CNQ.TO,CNQ,2020-04-15,2020-04-28,11878805,9974674,8124947,1.46,19.09,Canadian Natural Resources Lim
CNQ.TO,CNQ,2020-04-30,2020-05-13,11150671,11878805,4224901,2.64,-6.13,Canadian Natural Resources Lim
CNQ.TO,CNQ,2020-05-15,2020-05-28,11545241,11239445,4382606,2.63,2.72,Canadian Natural Resources Lim
CNQ.TO,CNQ,2020-05-29,2020-06-11,12699793,11545241,3083530,4.12,10.0,Canadian Natural Resources Lim
CNQ.TO,CNQ,2020-06-15,2020-06-26,23845148,12699793,4535098,5.26,87.76,Canadian Natural Resources Lim
CNQ.TO,CNQ,2020-06-30,2020-07-13,5912582,23845148,4801301,1.23,-75.2,Canadian Natural Resources Lim
CNQ.TO,CNQ,2020-07-15,2020-07-28,3872795,5912582,3790199,1.02,-34.5,Canadian Natural Resources Lim
CNQ.TO,CNQ,2020-07-31,2020-08-13,5081317,3872795,3138211,1.62,31.21,Canadian Natural Resources Lim
CNQ.TO,CNQ,2020-08-14,2020-08-27,6743007,5081317,3137526,2.15,32.7,Canadian Natural Resources Lim
CNQ.TO,CNQ,2020-08-31,2020-09-11,7445768,6743007,1777336,4.19,10.42,Canadian Natural Resources Lim
CNQ.TO,CNQ,2020-09-15,2020-09-28,13112972,7445768,2809005,4.67,76.11,Canadian Natural Resources Lim
CNQ.TO,CNQ,2020-09-30,2020-10-13,5495882,13112972,3816516,1.44,-58.09,Canadian Natural Resources Lim
CNQ.TO,CNQ,2020-10-15,2020-10-28,5999141,5495882,3301029,1.82,9.16,Canadian Natural Resources Lim
CNQ.TO,CNQ,2020-10-30,2020-11-12,5591082,5999141,2432996,2.3,-6.8,Canadian Natural Resources Lim
CNQ.TO,CNQ,2020-11-13,2020-11-26,7638878,5591082,3588006,2.13,36.63,Canadian Natural Resources Lim
CNQ.TO,CNQ,2020-11-30,2020-12-11,6879888,7638878,2776662,2.48,-9.94,Canadian Natural Resources Lim
CNQ.TO,CNQ,2020-12-15,2020-12-28,8514429,6879888,4088204,2.08,23.76,Canadian Natural Resources Lim
CNQ.TO,CNQ,2020-12-31,2021-01-13,7124906,8514429,1904123,3.74,-16.32,Canadian Natural Resources Lim
CNQ.TO,CNQ,2021-01-15,2021-01-28,7973844,7124906,4172664,1.91,11.92,Canadian Natural Resources Lim
CNQ.TO,CNQ,2021-01-29,2021-02-11,5799504,7973844,2800623,2.07,-27.27,Canadian Natural Resources Lim
CNQ.TO,CNQ,2021-02-12,2021-02-25,9537816,5799504,2827979,3.37,64.46,Canadian Natural Resources Lim
CNQ.TO,CNQ,2021-02-26,2021-03-11,9929446,9537816,3134323,3.17,4.11,Canadian Natural Resources Lim
CNQ.TO,CNQ,2021-03-15,2021-03-26,6270635,9929446,4274053,1.47,-36.85,Canadian Natural Resources Lim
CNQ.TO,CNQ,2021-03-31,2021-04-13,7005567,6270635,3889557,1.8,11.72,Canadian Natural Resources Lim
CNQ.TO,CNQ,2021-04-15,2021-04-28,6792685,7005567,2456398,2.77,-3.04,Canadian Natural Resources Lim
CNQ.TO,CNQ,2021-04-30,2021-05-13,5462486,6792685,2772486,1.97,-19.58,Canadian Natural Resources Lim
CNQ.TO,CNQ,2021-05-14,2021-05-27,5647700,5462486,3096680,1.82,3.39,Canadian Natural Resources Lim
CNQ.TO,CNQ,2021-05-28,2021-06-10,5287218,5647700,1916166,2.76,-6.38,Canadian Natural Resources Lim
CNQ.TO,CNQ,2021-06-15,2021-06-28,7673203,5277501,2285778,3.36,45.39,Canadian Natural Resources Lim
CNQ.TO,CNQ,2021-06-30,2021-07-13,6502189,7673203,3397022,1.91,-15.26,Canadian Natural Resources Lim
CNQ.TO,CNQ,2021-07-15,2021-07-28,8625562,6502189,2406439,3.58,32.66,Canadian Natural Resources Lim
CNQ.TO,CNQ,2021-07-30,2021-08-12,8170706,8625562,3211132,2.54,-5.27,Canadian Natural Resources Lim
CNQ.TO,CNQ,2021-08-13,2021-08-26,9014303,8170706,2390969,3.77,10.32,Canadian Natural Resources Lim
CNQ.TO,CNQ,2021-08-31,2021-09-13,8961607,9014303,2786522,3.22,-0.58,Canadian Natural Resources Lim
CNQ.TO,CNQ,2021-09-15,2021-09-28,13908919,8961607,3418185,4.07,55.21,Canadian Natural Resources Lim
CNQ.TO,CNQ,2021-09-30,2021-10-13,11188297,13908919,3432513,3.26,-19.56,Canadian Natural Resources Lim
CNQ.TO,CNQ,2021-10-15,2021-10-28,11570798,11188297,3209362,3.61,3.42,Canadian Natural Resources Lim
CNQ.TO,CNQ,2021-10-29,2021-11-11,10608250,11570798,2306828,4.6,-8.32,Canadian Natural Resources Lim
CNQ.TO,CNQ,2021-11-15,2021-11-26,9142462,10608250,3325498,2.75,-13.82,Canadian Natural Resources Lim
CNQ.TO,CNQ,2021-11-30,2021-12-13,10022929,9142462,3035834,3.3,9.63,Canadian Natural Resources Lim
CNQ.TO,CNQ,2021-12-15,2021-12-28,16852466,10022929,3436891,4.9,68.14,Canadian Natural Resources Lim
CNQ.TO,CNQ,2021-12-31,2022-01-13,12971311,16852466,2054305,6.31,-23.03,Canadian Natural Resources Lim
CNQ.TO,CNQ,2022-01-14,2022-01-27,12887301,12971311,3703039,3.48,-0.65,Canadian Natural Resources Lim
CNQ.TO,CNQ,2022-01-31,2022-02-11,14637100,12887301,4884733,3.0,13.58,Canadian Natural Resources Lim
CNQ.TO,CNQ,2022-02-15,2022-02-28,12731679,14637100,3253096,3.91,-13.02,Canadian Natural Resources Lim
CNQ.TO,CNQ,2022-02-28,2022-03-11,11952133,12731679,3959610,3.02,-6.12,Canadian Natural Resources Lim
CNQ.TO,CNQ,2022-03-15,2022-03-28,14606588,11952133,5070364,2.88,22.21,Canadian Natural Resources Lim
CNQ.TO,CNQ,2022-03-31,2022-04-13,14149265,14606588,2858474,4.95,-3.13,Canadian Natural Resources Lim
CNQ.TO,CNQ,2022-04-14,2022-04-27,11902097,14149265,2641543,4.51,-15.88,Canadian Natural Resources Lim
CNQ.TO,CNQ,2022-04-29,2022-05-12,13391064,11902097,3066107,4.37,12.51,Canadian Natural Resources Lim
CNQ.TO,CNQ,2022-05-13,2022-05-26,15199225,13391064,2781258,5.46,13.5,Canadian Natural Resources Lim
CNQ.TO,CNQ,2022-05-31,2022-06-13,19785220,15199225,2036022,9.72,30.17,Canadian Natural Resources Lim
CNQ.TO,CNQ,2022-06-15,2022-06-28,39061944,19785220,2263060,17.26,97.43,Canadian Natural Resources Lim
CNQ.TO,CNQ,2022-06-30,2022-07-13,39512396,39061944,4395438,8.99,1.15,Canadian Natural Resources Lim
CNQ.TO,CNQ,2022-07-15,2022-07-28,24021293,39512396,3751906,6.4,-39.21,Canadian Natural Resources Lim
CNQ.TO,CNQ,2022-07-29,2022-08-11,17237096,24021293,2973749,5.8,-28.24,Canadian Natural Resources Lim
CNQ.TO,CNQ,2022-08-15,2022-08-26,22795002,17237096,2568887,8.87,32.24,Canadian Natural Resources Lim
CNQ.TO,CNQ,2022-08-31,2022-09-13,54578359,22795002,2897060,18.84,139.43,Canadian Natural Resources Lim
CNQ.TO,CNQ,2022-09-15,2022-09-28,67276772,54578359,2543688,26.45,23.27,Canadian Natural Resources Lim
CNQ.TO,CNQ,2022-09-30,2022-10-13,38161924,67276772,2862789,13.33,-43.28,Canadian Natural Resources Lim
CNQ.TO,CNQ,2022-10-14,2022-10-27,28323626,38161924,2600091,10.89,-25.78,Canadian Natural Resources Lim
CNQ.TO,CNQ,2022-10-31,2022-11-11,19544075,28323626,2065510,9.46,-31.0,Canadian Natural Resources Lim
CNQ.TO,CNQ,2022-11-15,2022-11-28,18307570,19544075,1960266,9.34,-6.33,Canadian Natural Resources Lim
CNQ.TO,CNQ,2022-11-30,2022-12-13,32610676,18307570,1624648,20.07,78.13,Canadian Natural Resources Lim
CNQ.TO,CNQ,2022-12-15,2022-12-28,55696310,32610676,2477092,22.48,70.79,Canadian Natural Resources Lim
CNQ.TO,CNQ,2022-12-30,2023-01-12,45458981,55696310,3518864,12.92,-18.38,Canadian Natural Resources Lim
CNQ.TO,CNQ,2023-01-13,2023-01-26,28767477,45458981,2262626,12.71,-36.72,Canadian Natural Resources Lim
CNQ.TO,CNQ,2023-01-31,2023-02-13,18516991,28767477,2065378,8.97,-35.63,Canadian Natural Resources Lim
CNQ.TO,CNQ,2023-02-15,2023-02-28,14108667,18516991,1703435,8.28,-23.81,Canadian Natural Resources Lim
CNQ.TO,CNQ,2023-02-28,2023-03-13,27008823,14108667,1872523,14.42,91.43,Canadian Natural Resources Lim
CNQ.TO,CNQ,2023-03-15,2023-03-28,72196433,27008823,3048354,23.68,167.31,Canadian Natural Resources Lim
CNQ.TO,CNQ,2023-03-31,2023-04-13,51777788,72196433,2255793,22.95,-28.28,Canadian Natural Resources Lim
CNQ.TO,CNQ,2023-04-14,2023-04-27,17750342,51777788,1749965,10.14,-65.72,Canadian Natural Resources Lim
CNQ.TO,CNQ,2023-04-28,2023-05-11,17501206,17750342,2319439,7.55,-1.4,Canadian Natural Resources Lim
CNQ.TO,CNQ,2023-05-15,2023-05-26,17919926,17501206,1776359,10.09,2.39,Canadian Natural Resources Lim
CNQ.TO,CNQ,2023-05-31,2023-06-13,35907503,17919926,2058364,17.44,100.38,Canadian Natural Resources Lim
CNQ.TO,CNQ,2023-06-15,2023-06-28,66455654,35907503,2472147,26.88,85.07,Canadian Natural Resources Lim
CNQ.TO,CNQ,2023-06-30,2023-07-13,37872673,66455654,1772731,21.36,-43.01,Canadian Natural Resources Lim
CNQ.TO,CNQ,2023-07-14,2023-07-27,13001809,37872673,1509226,8.61,-65.67,Canadian Natural Resources Lim
CNQ.TO,CNQ,2023-07-31,2023-08-11,11410432,13001809,1621490,7.04,-12.24,Canadian Natural Resources Lim
CNQ.TO,CNQ,2023-08-15,2023-08-28,18812862,11410432,1611387,11.67,64.87,Canadian Natural Resources Lim
CNQ.TO,CNQ,2023-08-31,2023-09-13,56709170,18812862,1882932,30.12,201.44,Canadian Natural Resources Lim
CNQ.TO,CNQ,2023-09-15,2023-09-28,125181068,56709170,3253360,38.48,120.74,Canadian Natural Resources Lim
CNQ.TO,CNQ,2023-09-29,2023-10-12,54707280,125181068,2817981,19.41,-56.3,Canadian Natural Resources Lim
CNQ.TO,CNQ,2023-10-13,2023-10-26,30930503,54707280,3371354,9.17,-43.46,Canadian Natural Resources Lim
CNQ.TO,CNQ,2023-10-31,2023-11-13,18803561,30930503,2469570,7.61,-39.21,Canadian Natural Resources Lim
CNQ.TO,CNQ,2023-11-15,2023-11-28,33603270,18803561,4157703,8.08,78.71,Canadian Natural Resources Lim
CNQ.TO,CNQ,2023-11-30,2023-12-13,59757719,33603270,2868590,20.83,77.83,Canadian Natural Resources Lim
CNQ.TO,CNQ,2023-12-15,2023-12-28,74873541,59757719,4129422,18.13,25.3,Canadian Natural Resources Lim
CNQ.TO,CNQ,2023-12-29,2024-01-11,35078978,74873541,2641288,13.28,-53.15,Canadian Natural Resources Lim
CNQ.TO,CNQ,2024-01-12,2024-01-25,26679938,35078978,2988773,8.93,-23.94,Canadian Natural Resources Lim
CNQ.TO,CNQ,2024-01-31,2024-02-13,24260579,26679938,2886468,8.4,-9.07,Canadian Natural Resources Lim
CNQ.TO,CNQ,2024-02-15,2024-02-28,11224367,24260579,3534986,3.18,-53.73,Canadian Natural Resources Lim
CNQ.TO,CNQ,2024-02-29,2024-03-13,32632928,11224367,2998936,10.88,190.73,Canadian Natural Resources Lim
CNQ.TO,CNQ,2024-03-15,2024-03-28,107424532,32632928,3316908,32.39,229.19,Canadian Natural Resources Lim
CNQ.TO,CNQ,2024-03-28,2024-04-10,47202483,107424532,2060815,22.9,-56.06,Canadian Natural Resources Lim
CNQ.TO,CNQ,2024-04-15,2024-04-26,31371185,47202483,4963045,6.32,-33.54,Canadian Natural Resources Lim
CNQ.TO,CNQ,2024-04-30,2024-05-13,23626273,31371185,3167914,7.46,-24.69,Canadian Natural Resources Lim
CNQ.TO,CNQ,2024-05-15,2024-05-28,25868333,23626273,2207829,11.72,9.49,Canadian Natural Resources Lim
CNQ.TO,CNQ,2024-05-31,2024-06-13,29404792,25868333,1510997,19.46,13.67,Canadian Natural Resources Lim
CNQ.TO,CNQ,2024-06-14,2024-06-27,148312016,29404792,5475155,27.09,404.38,Canadian Natural Resources Lim
CNQ.TO,CNQ,2024-06-28,2024-07-11,61127555,148312016,4228234,14.46,-58.78,Canadian Natural Resources Lim
CNQ.TO,CNQ,2024-07-15,2024-07-26,28601702,61127555,4329213,6.61,-53.21,Canadian Natural Resources Lim
CNQ.TO,CNQ,2024-07-31,2024-08-13,25979370,28601702,5618681,4.62,-9.17,Canadian Natural Resources Lim
CNQ.TO,CNQ,2024-08-15,2024-08-28,40703742,25979370,5103248,7.98,56.68,Canadian Natural Resources Lim
CNQ.TO,CNQ,2024-08-30,2024-09-12,111499188,40703742,4169696,26.74,173.93,Canadian Natural Resources Lim
CNQ.TO,CNQ,2024-09-13,2024-09-26,192390727,111499188,6161753,31.22,72.55,Canadian Natural Resources Lim
CNQ.TO,CNQ,2024-09-30,2024-10-11,50784182,192356485,5311290,9.56,-73.6,Canadian Natural Resources Lim
CNQ.TO,CNQ,2024-10-15,2024-10-28,22563228,50784182,5017041,4.5,-55.57,Canadian Natural Resources Lim
CNQ.TO,CNQ,2024-10-31,2024-11-13,21568691,22563228,3555427,6.07,-4.41,Canadian Natural Resources Lim
CNQ.TO,CNQ,2024-11-15,2024-11-28,23913016,21568691,3757606,6.36,10.87,Canadian Natural Resources Lim
CNQ.TO,CNQ,2024-11-29,2024-12-12,29690099,23913016,4031983,7.36,24.16,Canadian Natural Resources Lim
CNQ.TO,CNQ,2024-12-13,2024-12-26,109510844,29688694,4593231,23.84,268.86,Canadian Natural Resources Lim
CNQ.TO,CNQ,2024-12-31,2025-01-13,7617104,109510844,3990727,1.91,-93.04,Canadian Natural Resources Lim
CNQ.TO,CNQ,2025-01-15,2025-01-28,13610930,7617104,6827481,1.99,78.69,Canadian Natural Resources Lim
CNQ.TO,CNQ,2025-01-31,2025-02-13,9497407,13610930,6476663,1.47,-30.22,Canadian Natural Resources Lim
CNQ.TO,CNQ,2025-02-14,2025-02-27,9277714,9497407,4887304,1.9,-2.31,Canadian Natural Resources Lim
CNQ.TO,CNQ,2025-02-28,2025-03-13,41030007,9277714,8115133,5.06,342.24,Canadian Natural Resources Lim
CNQ.TO,CNQ,2025-03-14,2025-03-27,128590551,41030007,9381398,13.71,213.41,Canadian Natural Resources Lim
CNQ.TO,CNQ,2025-03-31,2025-04-11,85650674,128590551,8222399,10.42,-33.39,Canadian Natural Resources Lim
CNQ.TO,CNQ,2025-04-15,2025-04-28,62101537,85650674,8574782,7.24,-27.49,Canadian Natural Resources Lim
CNQ.TO,CNQ,2025-04-30,2025-05-13,25059272,62101537,4843357,5.17,-59.65,Canadian Natural Resources Lim
CNQ.TO,CNQ,2025-05-15,2025-05-28,50059427,25059272,5720118,8.75,99.76,Canadian Natural Resources Lim
CNQ.TO,CNQ,2025-05-30,2025-06-12,79040558,50059427,5225192,15.13,57.89,Canadian Natural Resources Lim
CNQ.TO,CNQ,2025-06-13,2025-06-26,199197380,79040558,7463993,26.69,152.02,Canadian Natural Resources Lim
CNQ.TO,CNQ,2025-06-30,2025-07-11,69241303,199197380,8028076,8.62,-65.24,Canadian Natural Resources Lim
CNQ.TO,CNQ,2025-07-15,2025-07-28,11673550,69241303,4363790,2.68,-83.14,Canadian Natural Resources Lim
CNQ.TO,CNQ,2025-07-31,2025-08-13,19026177,11673550,4207371,4.52,62.99,Canadian Natural Resources Lim
CNQ.TO,CNQ,2025-08-15,2025-08-28,18305407,19026177,4891957,3.74,-3.79,Canadian Natural Resources Lim
CNQ.TO,CNQ,2025-08-29,2025-09-11,103979458,18305407,6698897,15.52,468.03,Canadian Natural Resources Lim
CNQ.TO,CNQ,2025-09-15,2025-09-26,181742216,103979458,6364901,28.55,74.79,Canadian Natural Resources Lim
CNQ.TO,CNQ,2025-09-30,2025-10-13,58097035,181742216,9360868,6.21,-68.03,Canadian Natural Resources Lim
CNQ.TO,CNQ,2025-10-15,2025-10-28,11423867,58097035,7076104,1.61,-80.34,Canadian Natural Resources Lim
CNQ.TO,CNQ,2025-10-31,2025-11-13,16256509,11423867,4958286,3.28,42.3,Canadian Natural Resources Lim
CNQ.TO,CNQ,2025-11-14,2025-11-27,17498862,16256509,6855218,2.55,7.64,Canadian Natural Resources Lim
CNQ.TO,CNQ,2025-11-28,2025-12-11,80077561,17315945,8421664,9.51,362.45,Canadian Natural Resources Lim
CNQ.TO,CNQ,2025-12-15,2025-12-26,178691536,80077561,7774680,22.98,123.15,Canadian Natural Resources Lim
CNQ.TO,CNQ,2025-12-31,2026-01-13,73217989,178691536,6170702,11.87,-59.03,Canadian Natural Resources Lim
CNQ.TO,CNQ,2026-01-15,2026-01-28,16854795,73217989,12531080,1.35,-76.98,Canadian Natural Resources Lim
CNQ.TO,CNQ,2026-01-30,2026-02-12,18820401,16854795,8083131,2.33,11.66,Canadian Natural Resources Lim
CNQ.TO,CNQ,2026-02-13,2026-02-26,17031243,18820401,10238078,1.66,-9.51,Canadian Natural Resources Lim
CNQ.TO,CNQ,2026-02-27,2026-03-12,62811682,17031243,7923905,7.93,268.8,Canadian Natural Resources Lim
CNQ.TO,CNQ,2026-03-13,2026-03-26,147646153,62811682,12894652,11.45,135.06,Canadian Natural Resources Lim
CNQ.TO,CNQ,2026-03-31,2026-04-13,100415896,147646153,13634581,7.36,-31.99,Canadian Natural Resources Lim
CNQ.TO,CNQ,2026-04-15,2026-04-28,22608646,100415896,11521612,1.96,-77.48,Canadian Natural Resources Lim
CNQ.TO,CNQ,2026-04-30,2026-05-13,9862575,22608646,13517525,1.0,-56.38,Canadian Natural Resources Lim
CNQ.TO,CNQ,2026-05-15,2026-05-28,13559429,9862575,7936507,1.71,37.48,Canadian Natural Resources Lim
CNQ.TO,CNQ,2026-05-29,2026-06-11,51596398,13559429,6941931,7.43,280.52,Canadian Natural Resources Lim
CNQ.TO,CNQ,2026-06-15,2026-06-26,112605424,51596398,7487146,15.04,118.24,Canadian Natural Resources Lim
CNQ.TO,CNQ,2026-06-30,2026-07-13,95572175,112605424,12293770,7.77,-15.13,Canadian Natural Resources Lim
CNQ.TO,CNQ,2026-07-15,2026-07-28,47565794,95572175,9137931,5.21,-50.23,Canadian Natural Resources Lim
CNQ.TO,CNQ,2026-07-31,2026-08-13,48494402,47565794,6652061,7.29,1.95,Canadian Natural Resources Lim
CNQ.TO,CNQ,2026-08-14,2026-08-27,57647400,48494402,6844731,8.42,18.87,Canadian Natural Resources Lim
CNR.TO,CNI,2017-12-29,2018-01-11,7276765,6512041,713067,10.2,11.74,Canadian National Railway
CNR.TO,CNI,2018-01-12,2018-01-25,8372795,7276729,1074622,7.79,15.06,Canadian National Railway
CNR.TO,CNI,2018-01-31,2018-02-13,8737339,8372795,1704047,5.13,4.35,Canadian National Railway
CNR.TO,CNI,2018-02-15,2018-02-28,8733192,8737339,1598717,5.46,-0.05,Canadian National Railway
CNR.TO,CNI,2018-02-28,2018-03-13,8729377,8733192,2078122,4.2,-0.04,Canadian National Railway
CNR.TO,CNI,2018-03-15,2018-03-28,6681969,8729377,1638800,4.08,-23.45,Canadian National Railway
CNR.TO,CNI,2018-03-29,2018-04-11,6183917,6681969,1395532,4.43,-7.45,Canadian National Railway
CNR.TO,CNI,2018-04-13,2018-04-26,6848746,6183917,1511841,4.53,10.75,Canadian National Railway
CNR.TO,CNI,2018-04-30,2018-05-11,7259664,6848746,1513380,4.8,6.0,Canadian National Railway
CNR.TO,CNI,2018-05-15,2018-05-28,8010105,7259664,1014100,7.9,10.34,Canadian National Railway
CNR.TO,CNI,2018-05-31,2018-06-13,7973038,8010105,1039167,7.67,-0.46,Canadian National Railway
CNR.TO,CNI,2018-06-15,2018-06-28,6985926,7973038,996922,7.01,-12.38,Canadian National Railway
CNR.TO,CNI,2018-06-29,2018-07-12,5725429,6985926,933945,6.13,-18.04,Canadian National Railway
CNR.TO,CNI,2018-07-13,2018-07-26,5654326,5725429,1001987,5.64,-1.24,Canadian National Railway
CNR.TO,CNI,2018-07-31,2018-08-13,4730471,5654326,1238848,3.82,-16.34,Canadian National Railway
CNR.TO,CNI,2018-08-15,2018-08-28,3725497,4730471,801373,4.65,-21.24,Canadian National Railway
CNR.TO,CNI,2018-08-31,2018-09-13,4094941,3725497,712910,5.74,9.92,Canadian National Railway
CNR.TO,CNI,2018-09-14,2018-09-27,3438498,4094941,873370,3.94,-16.03,Canadian National Railway
CNR.TO,CNI,2018-09-28,2018-10-11,3762296,3438498,1016615,3.7,9.42,Canadian National Railway
CNR.TO,CNI,2018-10-15,2018-10-26,4682593,3757496,1368136,3.42,24.62,Canadian National Railway
CNR.TO,CNI,2018-10-31,2018-11-13,3707139,4682593,1731422,2.14,-20.83,Canadian National Railway
CNR.TO,CNI,2018-11-15,2018-11-28,2935444,3707139,1027523,2.86,-20.82,Canadian National Railway
CNR.TO,CNI,2018-11-30,2018-12-13,3318169,2935444,963673,3.44,13.04,Canadian National Railway
CNR.TO,CNI,2018-12-14,2018-12-27,2913516,3318169,1231672,2.37,-12.2,Canadian National Railway
CNR.TO,CNI,2018-12-31,2019-01-11,3995530,2913516,969327,4.12,37.14,Canadian National Railway
CNR.TO,CNI,2019-01-15,2019-01-28,3394352,3995530,922390,3.68,-15.05,Canadian National Railway
CNR.TO,CNI,2019-01-31,2019-02-13,2486907,3394352,1132421,2.2,-26.73,Canadian National Railway
CNR.TO,CNI,2019-02-15,2019-02-28,3148050,2486907,1006079,3.13,26.58,Canadian National Railway
CNR.TO,CNI,2019-02-28,2019-03-13,3991068,3148050,903066,4.42,26.78,Canadian National Railway
CNR.TO,CNI,2019-03-15,2019-03-28,4666447,3991068,868938,5.37,16.92,Canadian National Railway
CNR.TO,CNI,2019-03-29,2019-04-11,4537245,4666447,919429,4.93,-2.77,Canadian National Railway
CNR.TO,CNI,2019-04-15,2019-04-26,4860820,4537245,1371964,3.54,7.13,Canadian National Railway
CNR.TO,CNI,2019-04-30,2019-05-13,3827948,4860820,906627,4.22,-21.25,Canadian National Railway
CNR.TO,CNI,2019-05-15,2019-05-28,4420279,3827948,696651,6.35,15.47,Canadian National Railway
CNR.TO,CNI,2019-05-31,2019-06-13,4434875,4420279,760705,5.83,0.33,Canadian National Railway
CNR.TO,CNI,2019-06-14,2019-06-27,4011966,4435475,851311,4.71,-9.55,Canadian National Railway
CNR.TO,CNI,2019-06-28,2019-07-11,3889104,4011966,596138,6.52,-3.06,Canadian National Railway
CNR.TO,CNI,2019-07-15,2019-07-26,4045943,3889104,641787,6.3,4.03,Canadian National Railway
CNR.TO,CNI,2019-07-31,2019-08-13,3378506,4045943,944631,3.58,-16.5,Canadian National Railway
CNR.TO,CNI,2019-08-15,2019-08-28,3455605,3378506,839637,4.12,2.28,Canadian National Railway
CNR.TO,CNI,2019-08-30,2019-09-12,3666107,3455605,643183,5.7,6.09,Canadian National Railway
CNR.TO,CNI,2019-09-13,2019-09-26,4510220,3666107,752169,6.0,23.02,Canadian National Railway
CNR.TO,CNI,2019-09-30,2019-10-11,4888017,4510220,750058,6.52,8.38,Canadian National Railway
CNR.TO,CNI,2019-10-15,2019-10-28,4616630,4888017,973348,4.74,-5.55,Canadian National Railway
CNR.TO,CNI,2019-10-31,2019-11-13,3685892,4616630,993820,3.71,-20.16,Canadian National Railway
CNR.TO,CNI,2019-11-15,2019-11-28,3707908,3685892,977078,3.79,0.6,Canadian National Railway
CNR.TO,CNI,2019-11-29,2019-12-12,4062808,3707896,986695,4.12,9.57,Canadian National Railway
CNR.TO,CNI,2019-12-13,2019-12-26,3423202,4062808,835510,4.1,-15.74,Canadian National Railway
CNR.TO,CNI,2019-12-31,2020-01-13,2926409,3423202,578087,5.06,-14.51,Canadian National Railway
CNR.TO,CNI,2020-01-15,2020-01-28,2989879,2926409,607126,4.92,2.17,Canadian National Railway
CNR.TO,CNI,2020-01-31,2020-02-13,4499866,3245772,920533,4.89,38.64,Canadian National Railway
CNR.TO,CNI,2020-02-14,2020-02-27,4034145,4499866,648701,6.22,-10.35,Canadian National Railway
CNR.TO,CNI,2020-02-28,2020-03-12,4906899,4034145,1025737,4.78,21.63,Canadian National Railway
CNR.TO,CNI,2020-03-13,2020-03-26,4469482,4906899,1438509,3.11,-8.91,Canadian National Railway
CNR.TO,CNI,2020-03-31,2020-04-13,3718680,4469482,1503258,2.47,-16.8,Canadian National Railway
CNR.TO,CNI,2020-04-15,2020-04-28,3253055,3718680,934516,3.48,-12.52,Canadian National Railway
CNR.TO,CNI,2020-04-30,2020-05-13,2865888,3253055,1175764,2.44,-11.9,Canadian National Railway
CNR.TO,CNI,2020-05-15,2020-05-28,2187289,2943548,1032579,2.12,-25.69,Canadian National Railway
CNR.TO,CNI,2020-05-29,2020-06-11,2161098,2187289,706191,3.06,-1.2,Canadian National Railway
CNR.TO,CNI,2020-06-15,2020-06-26,2090887,2161098,870929,2.4,-3.25,Canadian National Railway
CNR.TO,CNI,2020-06-30,2020-07-13,1808621,2090887,716535,2.52,-13.5,Canadian National Railway
CNR.TO,CNI,2020-07-15,2020-07-28,2117168,1808621,713264,2.97,17.06,Canadian National Railway
CNR.TO,CNI,2020-07-31,2020-08-13,2142417,2117168,1029973,2.08,1.19,Canadian National Railway
CNR.TO,CNI,2020-08-14,2020-08-27,2935730,2142417,696651,4.21,37.03,Canadian National Railway
CNR.TO,CNI,2020-08-31,2020-09-11,3360844,2935730,634731,5.29,14.48,Canadian National Railway
CNR.TO,CNI,2020-09-15,2020-09-28,2708858,3360844,589036,4.6,-19.4,Canadian National Railway
CNR.TO,CNI,2020-09-30,2020-10-13,2851493,2708858,531284,5.37,5.27,Canadian National Railway
CNR.TO,CNI,2020-10-15,2020-10-28,2117025,2851493,512120,4.13,-25.76,Canadian National Railway
CNR.TO,CNI,2020-10-30,2020-11-12,1937345,2117025,856271,2.26,-8.49,Canadian National Railway
CNR.TO,CNI,2020-11-13,2020-11-26,1751112,1937345,806931,2.17,-9.61,Canadian National Railway
CNR.TO,CNI,2020-11-30,2020-12-11,1725277,1751112,628720,2.74,-1.48,Canadian National Railway
CNR.TO,CNI,2020-12-15,2020-12-28,1336978,1725277,555544,2.41,-22.51,Canadian National Railway
CNR.TO,CNI,2020-12-31,2021-01-13,1535163,1336978,549887,2.79,14.82,Canadian National Railway
CNR.TO,CNI,2021-01-15,2021-01-28,1542390,1535163,671060,2.3,0.47,Canadian National Railway
CNR.TO,CNI,2021-01-29,2021-02-11,1293344,1542390,829994,1.56,-16.15,Canadian National Railway
CNR.TO,CNI,2021-02-12,2021-02-25,2331654,1293344,835121,2.79,80.28,Canadian National Railway
CNR.TO,CNI,2021-02-26,2021-03-11,2011346,2331654,741551,2.71,-13.74,Canadian National Railway
CNR.TO,CNI,2021-03-15,2021-03-26,1123017,2011346,986946,1.14,-44.17,Canadian National Railway
CNR.TO,CNI,2021-03-31,2021-04-13,1891769,1123017,991282,1.91,68.45,Canadian National Railway
CNR.TO,CNI,2021-04-15,2021-04-28,1583760,1891769,533467,2.97,-16.28,Canadian National Railway
CNR.TO,CNI,2021-04-30,2021-05-13,4404250,1583760,2067960,2.13,178.09,Canadian National Railway
CNR.TO,CNI,2021-05-14,2021-05-27,5798856,4404250,964423,6.01,31.67,Canadian National Railway
CNR.TO,CNI,2021-05-28,2021-06-10,12642096,5798856,3572691,3.54,118.01,Canadian National Railway
CNR.TO,CNI,2021-06-15,2021-06-28,14875848,12641796,1940717,7.67,17.67,Canadian National Railway
CNR.TO,CNI,2021-06-30,2021-07-13,15263753,14875848,1549805,9.85,2.61,Canadian National Railway
CNR.TO,CNI,2021-07-15,2021-07-28,14919701,15263753,1632033,9.14,-2.25,Canadian National Railway
CNR.TO,CNI,2021-07-30,2021-08-12,15432876,14919701,1725490,8.94,3.44,Canadian National Railway
CNR.TO,CNI,2021-08-13,2021-08-26,14927205,15432876,1238432,12.05,-3.28,Canadian National Railway
CNR.TO,CNI,2021-08-31,2021-09-13,13077928,14927205,2456547,5.32,-12.39,Canadian National Railway
CNR.TO,CNI,2021-09-15,2021-09-28,7192419,13077928,4824013,1.49,-45.0,Canadian National Railway
CNR.TO,CNI,2021-09-30,2021-10-13,4894492,7192419,2089507,2.34,-31.95,Canadian National Railway
CNR.TO,CNI,2021-10-15,2021-10-28,3637064,4894492,1067890,3.41,-25.69,Canadian National Railway
CNR.TO,CNI,2021-10-29,2021-11-11,3401964,3637064,1709543,1.99,-6.46,Canadian National Railway
CNR.TO,CNI,2021-11-15,2021-11-26,2932479,3401964,800703,3.66,-13.8,Canadian National Railway
CNR.TO,CNI,2021-11-30,2021-12-13,4152823,2932479,850169,4.88,41.61,Canadian National Railway
CNR.TO,CNI,2021-12-15,2021-12-28,4754113,4152823,1639356,2.9,14.48,Canadian National Railway
CNR.TO,CNI,2021-12-31,2022-01-13,4213955,4754113,1366233,3.08,-11.36,Canadian National Railway
CNR.TO,CNI,2022-01-14,2022-01-27,2913665,4213955,1003084,2.9,-30.86,Canadian National Railway
CNR.TO,CNI,2022-01-31,2022-02-11,3309818,2913665,1862716,1.78,13.6,Canadian National Railway
CNR.TO,CNI,2022-02-15,2022-02-28,4188460,3309818,1287722,3.25,26.55,Canadian National Railway
CNR.TO,CNI,2022-02-28,2022-03-11,2493367,4188460,1141664,2.18,-40.47,Canadian National Railway
CNR.TO,CNI,2022-03-15,2022-03-28,1870164,2493367,1635312,1.14,-24.99,Canadian National Railway
CNR.TO,CNI,2022-03-31,2022-04-13,2189363,1870164,1065269,2.06,17.07,Canadian National Railway
CNR.TO,CNI,2022-04-14,2022-04-27,2069777,2189363,1126872,1.84,-5.46,Canadian National Railway
CNR.TO,CNI,2022-04-29,2022-05-12,2862552,2069777,1378925,2.08,38.3,Canadian National Railway
CNR.TO,CNI,2022-05-13,2022-05-26,1850034,2862552,1974842,1.0,-35.37,Canadian National Railway
CNR.TO,CNI,2022-05-31,2022-06-13,4890610,1850034,1755885,2.79,164.35,Canadian National Railway
CNR.TO,CNI,2022-06-15,2022-06-28,3884669,4890610,1579187,2.46,-20.57,Canadian National Railway
CNR.TO,CNI,2022-06-30,2022-07-13,5320155,3884669,1284100,4.14,36.95,Canadian National Railway
CNR.TO,CNI,2022-07-15,2022-07-28,5625673,5320155,1032613,5.45,5.74,Canadian National Railway
CNR.TO,CNI,2022-07-29,2022-08-11,5177138,5625673,983595,5.26,-7.97,Canadian National Railway
CNR.TO,CNI,2022-08-15,2022-08-26,5299920,5177138,936474,5.66,2.37,Canadian National Railway
CNR.TO,CNI,2022-08-31,2022-09-13,5437075,5299920,930669,5.84,2.59,Canadian National Railway
CNR.TO,CNI,2022-09-15,2022-09-28,6353459,5437075,1511632,4.2,16.85,Canadian National Railway
CNR.TO,CNI,2022-09-30,2022-10-13,6345234,6353459,1256416,5.05,-0.13,Canadian National Railway
CNR.TO,CNI,2022-10-14,2022-10-27,7018732,6345234,1007068,6.97,10.61,Canadian National Railway
CNR.TO,CNI,2022-10-31,2022-11-11,5305052,7018732,1426518,3.72,-24.42,Canadian National Railway
CNR.TO,CNI,2022-11-15,2022-11-28,5721339,5305052,1188379,4.81,7.85,Canadian National Railway
CNR.TO,CNI,2022-11-30,2022-12-13,5853190,5721339,925873,6.32,2.3,Canadian National Railway
CNR.TO,CNI,2022-12-15,2022-12-28,7145959,5853190,1245398,5.74,22.09,Canadian National Railway
CNR.TO,CNI,2022-12-30,2023-01-12,5125674,7145959,872170,5.88,-28.27,Canadian National Railway
CNR.TO,CNI,2023-01-13,2023-01-26,5633870,5125674,874333,6.44,9.91,Canadian National Railway
CNR.TO,CNI,2023-01-31,2023-02-13,2364040,5633870,1094326,2.16,-58.04,Canadian National Railway
CNR.TO,CNI,2023-02-15,2023-02-28,2100233,2364040,1041823,2.02,-11.16,Canadian National Railway
CNR.TO,CNI,2023-02-28,2023-03-13,2663221,2100233,1025295,2.6,26.81,Canadian National Railway
CNR.TO,CNI,2023-03-15,2023-03-28,5337607,2663221,1069537,4.99,100.42,Canadian National Railway
CNR.TO,CNI,2023-03-31,2023-04-13,6216347,5337607,1058298,5.87,16.46,Canadian National Railway
CNR.TO,CNI,2023-04-14,2023-04-27,6339684,6216347,1166548,5.43,1.98,Canadian National Railway
CNR.TO,CNI,2023-04-28,2023-05-11,5151762,6339684,1243936,4.14,-18.74,Canadian National Railway
CNR.TO,CNI,2023-05-15,2023-05-26,6245758,5151762,1406608,4.44,21.24,Canadian National Railway
CNR.TO,CNI,2023-05-31,2023-06-13,7847279,6245758,1231244,6.37,25.64,Canadian National Railway
CNR.TO,CNI,2023-06-15,2023-06-28,7604939,7847279,1055719,7.2,-3.09,Canadian National Railway
CNR.TO,CNI,2023-06-30,2023-07-13,7636026,7604939,1025875,7.44,0.41,Canadian National Railway
CNR.TO,CNI,2023-07-14,2023-07-27,7664730,7636026,1057563,7.25,0.38,Canadian National Railway
CNR.TO,CNI,2023-07-31,2023-08-11,5396224,7664730,1544594,3.49,-29.6,Canadian National Railway
CNR.TO,CNI,2023-08-15,2023-08-28,5057971,5396224,954025,5.3,-6.27,Canadian National Railway
CNR.TO,CNI,2023-08-31,2023-09-13,7663157,5057971,739613,10.36,51.51,Canadian National Railway
CNR.TO,CNI,2023-09-15,2023-09-28,7995386,7663157,1511433,5.29,4.34,Canadian National Railway
CNR.TO,CNI,2023-09-29,2023-10-12,7833092,7995386,1161782,6.74,-2.03,Canadian National Railway
CNR.TO,CNI,2023-10-13,2023-10-26,8169688,7833092,1134108,7.2,4.3,Canadian National Railway
CNR.TO,CNI,2023-10-31,2023-11-13,8751600,8169688,1453750,6.02,7.12,Canadian National Railway
CNR.TO,CNI,2023-11-15,2023-11-28,10996544,8751600,1393358,7.89,25.65,Canadian National Railway
CNR.TO,CNI,2023-11-30,2023-12-13,11719129,10996544,1062946,11.03,6.57,Canadian National Railway
CNR.TO,CNI,2023-12-15,2023-12-28,7979661,11719129,1114827,7.16,-31.91,Canadian National Railway
CNR.TO,CNI,2023-12-29,2024-01-11,5386362,7979661,730316,7.38,-32.5,Canadian National Railway
CNR.TO,CNI,2024-01-12,2024-01-25,5460031,5386362,913296,5.98,1.37,Canadian National Railway
CNR.TO,CNI,2024-01-31,2024-02-13,9317355,5460031,1285842,7.25,70.65,Canadian National Railway
CNR.TO,CNI,2024-02-15,2024-02-28,9531507,9317355,967471,9.85,2.3,Canadian National Railway
CNR.TO,CNI,2024-02-29,2024-03-13,9127103,9531507,847004,10.78,-4.24,Canadian National Railway
CNR.TO,CNI,2024-03-15,2024-03-28,7823158,9127103,1029535,7.6,-14.29,Canadian National Railway
CNR.TO,CNI,2024-03-28,2024-04-10,7002516,7823158,915078,7.65,-10.49,Canadian National Railway
CNR.TO,CNI,2024-04-15,2024-04-26,6784275,7002516,937133,7.24,-3.12,Canadian National Railway
CNR.TO,CNI,2024-04-30,2024-05-13,6161154,6784275,1177156,5.23,-9.18,Canadian National Railway
CNR.TO,CNI,2024-05-15,2024-05-28,6231051,6161154,945446,6.59,1.13,Canadian National Railway
CNR.TO,CNI,2024-05-31,2024-06-13,7870608,6231051,752298,10.46,26.31,Canadian National Railway
CNR.TO,CNI,2024-06-14,2024-06-27,6146035,7870608,1103758,5.57,-21.91,Canadian National Railway
CNR.TO,CNI,2024-06-28,2024-07-11,4475544,6146035,2025310,2.21,-27.18,Canadian National Railway
CNR.TO,CNI,2024-07-15,2024-07-26,3758803,4475544,1027881,3.66,-16.01,Canadian National Railway
CNR.TO,CNI,2024-07-31,2024-08-13,2367667,3758803,1271373,1.86,-37.01,Canadian National Railway
CNR.TO,CNI,2024-08-15,2024-08-28,2275312,2367667,1051114,2.16,-3.9,Canadian National Railway
CNR.TO,CNI,2024-08-30,2024-09-12,3119839,2275312,880476,3.54,37.12,Canadian National Railway
CNR.TO,CNI,2024-09-13,2024-09-26,3204124,3119839,1514238,2.12,2.7,Canadian National Railway
CNR.TO,CNI,2024-09-30,2024-10-11,2587905,3204124,1042235,2.48,-19.23,Canadian National Railway
CNR.TO,CNI,2024-10-15,2024-10-28,2342458,2587905,1240068,1.89,-9.48,Canadian National Railway
CNR.TO,CNI,2024-10-31,2024-11-13,2266172,2342458,1345185,1.68,-3.26,Canadian National Railway
CNR.TO,CNI,2024-11-15,2024-11-28,2156496,2266172,1242560,1.74,-4.84,Canadian National Railway
CNR.TO,CNI,2024-11-29,2024-12-12,1901581,2156496,1267793,1.5,-11.82,Canadian National Railway
CNR.TO,CNI,2024-12-13,2024-12-26,2542194,1901581,1665576,1.53,33.69,Canadian National Railway
CNR.TO,CNI,2024-12-31,2025-01-13,2138917,2542194,976427,2.19,-15.86,Canadian National Railway
CNR.TO,CNI,2025-01-15,2025-01-28,2233319,2138917,1204932,1.85,4.41,Canadian National Railway
CNR.TO,CNI,2025-01-31,2025-02-13,1599661,2233319,1436979,1.11,-28.37,Canadian National Railway
CNR.TO,CNI,2025-02-14,2025-02-27,2131338,1599661,1539578,1.38,33.24,Canadian National Railway
CNR.TO,CNI,2025-02-28,2025-03-13,3235412,2131338,1346149,2.4,51.8,Canadian National Railway
CNR.TO,CNI,2025-03-14,2025-03-27,3064688,3235412,1853202,1.65,-5.28,Canadian National Railway
CNR.TO,CNI,2025-03-31,2025-04-11,1987112,3064688,1186419,1.67,-35.16,Canadian National Railway
CNR.TO,CNI,2025-04-15,2025-04-28,2220036,1987112,1812362,1.22,11.72,Canadian National Railway
CNR.TO,CNI,2025-04-30,2025-05-13,1889727,2220036,1217237,1.55,-14.88,Canadian National Railway
CNR.TO,CNI,2025-05-15,2025-05-28,2306761,1889727,1585717,1.45,22.07,Canadian National Railway
CNR.TO,CNI,2025-05-30,2025-06-12,3352400,2306761,1081049,3.1,45.33,Canadian National Railway
CNR.TO,CNI,2025-06-13,2025-06-26,5471713,3352400,1535023,3.56,63.22,Canadian National Railway
CNR.TO,CNI,2025-06-30,2025-07-11,6323900,5471713,1495190,4.23,15.57,Canadian National Railway
CNR.TO,CNI,2025-07-15,2025-07-28,5950258,6323900,1138437,5.23,-5.91,Canadian National Railway
CNR.TO,CNI,2025-07-31,2025-08-13,6186007,5950258,2189801,2.82,3.96,Canadian National Railway
CNR.TO,CNI,2025-08-15,2025-08-28,5110147,6186007,1669856,3.06,-17.39,Canadian National Railway
CNR.TO,CNI,2025-08-29,2025-09-11,9120045,5110147,1641477,5.56,78.47,Canadian National Railway
CNR.TO,CNI,2025-09-15,2025-09-26,10144125,9120045,2009750,5.05,11.23,Canadian National Railway
CNR.TO,CNI,2025-09-30,2025-10-13,5249933,10144125,1630901,3.22,-48.25,Canadian National Railway
CNR.TO,CNI,2025-10-15,2025-10-28,4345402,5249933,1336316,3.25,-17.23,Canadian National Railway
CNR.TO,CNI,2025-10-31,2025-11-13,2739624,4345402,1471206,1.86,-36.95,Canadian National Railway
CNR.TO,CNI,2025-11-14,2025-11-27,3812034,2739624,1304780,2.92,39.14,Canadian National Railway
CNR.TO,CNI,2025-11-28,2025-12-11,3922582,3689502,1405077,2.79,6.32,Canadian National Railway
CNR.TO,CNI,2025-12-15,2025-12-26,3512823,3922582,1827449,1.92,-10.45,Canadian National Railway
CNR.TO,CNI,2025-12-31,2026-01-13,4217944,3512823,988757,4.27,20.07,Canadian National Railway
CNR.TO,CNI,2026-01-15,2026-01-28,4019316,4217944,1100510,3.65,-4.71,Canadian National Railway
CNR.TO,CNI,2026-01-30,2026-02-12,2226368,4019316,1618084,1.38,-44.61,Canadian National Railway
CNR.TO,CNI,2026-02-13,2026-02-26,3519470,2226368,2172491,1.62,58.08,Canadian National Railway
CNR.TO,CNI,2026-02-27,2026-03-12,6302164,3519470,1912867,3.29,79.07,Canadian National Railway
CNR.TO,CNI,2026-03-13,2026-03-26,5237027,6302164,1959829,2.67,-16.9,Canadian National Railway
CNR.TO,CNI,2026-03-31,2026-04-13,2080162,5237027,1743625,1.19,-60.28,Canadian National Railway
CNR.TO,CNI,2026-04-15,2026-04-28,2146075,2080162,1322081,1.62,3.17,Canadian National Railway
CNR.TO,CNI,2026-04-30,2026-05-13,2217974,2146075,1626806,1.36,3.35,Canadian National Railway
CNR.TO,CNI,2026-05-15,2026-05-28,5086732,2217974,1134369,4.48,129.34,Canadian National Railway
CNR.TO,CNI,2026-05-29,2026-06-11,7333698,5086732,1191698,6.15,44.17,Canadian National Railway
CNR.TO,CNI,2026-06-15,2026-06-26,6044119,7333698,1965834,3.07,-17.58,Canadian National Railway
CNR.TO,CNI,2026-06-30,2026-07-13,2806164,6044119,1658988,1.69,-53.57,Canadian National Railway
CNR.TO,CNI,2026-07-15,2026-07-28,3015932,2806164,1381494,2.18,7.48,Canadian National Railway
CNR.TO,CNI,2026-07-31,2026-08-13,4651995,3015932,1822588,2.55,54.25,Canadian National Railway
CNR.TO,CNI,2026-08-14,2026-08-27,4820073,4651995,1305711,3.69,3.61,Canadian National Railway
CP.TO,CP,2017-12-29,2018-01-11,635524,688913,261538,2.43,-7.75,Canadian Pacific Railway Limit
CP.TO,CP,2018-01-12,2018-01-25,710625,635524,512267,1.39,11.82,Canadian Pacific Railway Limit
CP.TO,CP,2018-01-31,2018-02-13,635318,710625,596882,1.06,-10.6,Canadian Pacific Railway Limit
CP.TO,CP,2018-02-15,2018-02-28,602320,635318,582130,1.03,-5.19,Canadian Pacific Railway Limit
CP.TO,CP,2018-02-28,2018-03-13,656855,602320,476754,1.38,9.05,Canadian Pacific Railway Limit
CP.TO,CP,2018-03-15,2018-03-28,405039,656855,435693,1.0,-38.34,Canadian Pacific Railway Limit
CP.TO,CP,2018-03-29,2018-04-11,387387,405039,340306,1.14,-4.36,Canadian Pacific Railway
CP.TO,CP,2018-04-13,2018-04-26,489510,387387,363011,1.35,26.36,Canadian Pacific Railway
CP.TO,CP,2018-04-30,2018-05-11,645636,489510,680900,1.0,31.89,Canadian Pacific Railway
CP.TO,CP,2018-05-15,2018-05-28,673671,645636,400302,1.68,4.34,Canadian Pacific Railway
CP.TO,CP,2018-05-31,2018-06-13,788645,673671,649048,1.22,17.07,Canadian Pacific Railway
CP.TO,CP,2018-06-15,2018-06-28,1321193,788645,675690,1.96,67.53,Canadian Pacific Railway
CP.TO,CP,2018-06-29,2018-07-12,840509,1321193,553183,1.52,-36.38,Canadian Pacific Railway
CP.TO,CP,2018-07-13,2018-07-26,662558,840509,378867,1.75,-21.17,Canadian Pacific Railway
CP.TO,CP,2018-07-31,2018-08-13,976521,662558,671949,1.45,47.39,Canadian Pacific Railway
CP.TO,CP,2018-08-15,2018-08-28,891862,976521,421951,2.11,-8.67,Canadian Pacific Railway
CP.TO,CP,2018-08-31,2018-09-13,923396,891862,388699,2.38,3.54,Canadian Pacific Railway
CP.TO,CP,2018-09-14,2018-09-27,632164,923396,494996,1.28,-31.54,Canadian Pacific Railway
CP.TO,CP,2018-09-28,2018-10-11,637990,632164,618483,1.03,0.92,Canadian Pacific Railway
CP.TO,CP,2018-10-15,2018-10-26,909589,637990,925425,1.0,42.57,Canadian Pacific Railway
CP.TO,CP,2018-10-31,2018-11-13,971559,909589,823781,1.18,6.81,Canadian Pacific Railway
CP.TO,CP,2018-11-15,2018-11-28,1002783,971559,507229,1.98,3.21,Canadian Pacific Railway
CP.TO,CP,2018-11-30,2018-12-13,802209,1002783,703718,1.14,-20.0,Canadian Pacific Railway
CP.TO,CP,2018-12-14,2018-12-27,756432,802209,755611,1.0,-5.71,Canadian Pacific Railway
CP.TO,CP,2018-12-31,2019-01-11,580073,756432,716116,1.0,-23.31,Canadian Pacific Railway
CP.TO,CP,2019-01-15,2019-01-28,641233,580073,598237,1.07,10.54,Canadian Pacific Railway
CP.TO,CP,2019-01-31,2019-02-13,942820,641233,659891,1.43,47.03,Canadian Pacific Railway
CP.TO,CP,2019-02-15,2019-02-28,809214,942820,440222,1.84,-14.17,Canadian Pacific Railway
CP.TO,CP,2019-02-28,2019-03-13,878056,809214,353487,2.48,8.51,Canadian Pacific Railway
CP.TO,CP,2019-03-15,2019-03-28,1259032,878056,431649,2.92,43.39,Canadian Pacific Railway
CP.TO,CP,2019-03-29,2019-04-11,1192882,1259032,421312,2.83,-5.25,Canadian Pacific Railway
CP.TO,CP,2019-04-15,2019-04-26,866040,1192882,407395,2.13,-27.4,Canadian Pacific Railway
CP.TO,CP,2019-04-30,2019-05-13,865478,866040,449076,1.93,-0.06,Canadian Pacific Railway
CP.TO,CP,2019-05-15,2019-05-28,841575,865478,370855,2.27,-2.76,Canadian Pacific Railway
CP.TO,CP,2019-05-31,2019-06-13,1067095,841575,489993,2.18,26.8,Canadian Pacific Railway
CP.TO,CP,2019-06-14,2019-06-27,1221785,1067195,445791,2.74,14.49,Canadian Pacific Railway
CP.TO,CP,2019-06-28,2019-07-11,931443,1221785,334486,2.78,-23.76,Canadian Pacific Railway
CP.TO,CP,2019-07-15,2019-07-26,748794,931443,352738,2.12,-19.61,Canadian Pacific Railway
CP.TO,CP,2019-07-31,2019-08-13,933952,748794,519034,1.8,24.73,Canadian Pacific Railway
CP.TO,CP,2019-08-15,2019-08-28,604247,933952,436658,1.38,-35.3,Canadian Pacific Railway
CP.TO,CP,2019-08-30,2019-09-12,766080,604247,391935,1.95,26.78,Canadian Pacific Railway
CP.TO,CP,2019-09-13,2019-09-26,749303,766080,525554,1.43,-2.19,Canadian Pacific Railway
CP.TO,CP,2019-09-30,2019-10-11,624043,749303,383602,1.63,-16.72,Canadian Pacific Railway
CP.TO,CP,2019-10-15,2019-10-28,602162,624043,425317,1.42,-3.51,Canadian Pacific Railway
CP.TO,CP,2019-10-31,2019-11-13,738022,602162,429264,1.72,22.56,Canadian Pacific Railway
CP.TO,CP,2019-11-15,2019-11-28,861833,738022,357240,2.41,16.78,Canadian Pacific Railway
CP.TO,CP,2019-11-29,2019-12-12,515368,861833,325136,1.59,-40.2,Canadian Pacific Railway
CP.TO,CP,2019-12-13,2019-12-26,756223,515368,364245,2.08,46.73,Canadian Pacific Railway
CP.TO,CP,2019-12-31,2020-01-13,753626,756223,312438,2.41,-0.34,Canadian Pacific Railway
CP.TO,CP,2020-01-15,2020-01-28,661824,753626,283641,2.33,-12.18,Canadian Pacific Railway
CP.TO,CP,2020-01-31,2020-02-13,589775,698383,385956,1.53,-15.55,Canadian Pacific Railway
CP.TO,CP,2020-02-14,2020-02-27,783829,589775,300962,2.6,32.9,Canadian Pacific Railway
CP.TO,CP,2020-02-28,2020-03-12,1077193,783829,571410,1.89,37.43,Canadian Pacific Railway
CP.TO,CP,2020-03-13,2020-03-26,863304,1077193,838295,1.03,-19.86,Canadian Pacific Railway
CP.TO,CP,2020-03-31,2020-04-13,801119,863304,511363,1.57,-7.2,Canadian Pacific Railway
CP.TO,CP,2020-04-15,2020-04-28,794593,801119,402159,1.98,-0.81,Canadian Pacific Railway
CP.TO,CP,2020-04-30,2020-05-13,852982,794593,504254,1.69,7.35,Canadian Pacific Railway
CP.TO,CP,2020-05-15,2020-05-28,503960,854510,681884,1.0,-41.02,Canadian Pacific Railway
CP.TO,CP,2020-05-29,2020-06-11,613135,503960,398059,1.54,21.66,Canadian Pacific Railway
CP.TO,CP,2020-06-15,2020-06-26,531668,613135,339942,1.56,-13.29,Canadian Pacific Railway
CP.TO,CP,2020-06-30,2020-07-13,271068,531668,322814,1.0,-49.02,Canadian Pacific Railway
CP.TO,CP,2020-07-15,2020-07-28,358219,271068,335866,1.07,32.15,Canadian Pacific Railway
CP.TO,CP,2020-07-31,2020-08-13,593236,358219,357323,1.66,65.61,Canadian Pacific Railway
CP.TO,CP,2020-08-14,2020-08-27,840057,593236,339229,2.48,41.61,Canadian Pacific Railway
CP.TO,CP,2020-08-31,2020-09-11,881475,840057,276864,3.18,4.93,Canadian Pacific Railway
CP.TO,CP,2020-09-15,2020-09-28,999579,881475,306863,3.26,13.4,Canadian Pacific Railway
CP.TO,CP,2020-09-30,2020-10-13,896026,999579,268196,3.34,-10.36,Canadian Pacific Railway
CP.TO,CP,2020-10-15,2020-10-28,957746,896026,238872,4.01,6.89,Canadian Pacific Railway
CP.TO,CP,2020-10-30,2020-11-12,960221,957746,419715,2.29,0.26,Canadian Pacific Railway
CP.TO,CP,2020-11-13,2020-11-26,668111,960221,307447,2.17,-30.42,Canadian Pacific Railway
CP.TO,CP,2020-11-30,2020-12-11,635039,668111,272467,2.33,-4.95,Canadian Pacific Railway
CP.TO,CP,2020-12-15,2020-12-28,641073,635039,279463,2.29,0.95,Canadian Pacific Railway
CP.TO,CP,2020-12-31,2021-01-13,549671,641073,167259,3.29,-14.26,Canadian Pacific Railway
CP.TO,CP,2021-01-15,2021-01-28,792520,549671,286700,2.76,44.18,Canadian Pacific Railway
CP.TO,CP,2021-01-29,2021-02-11,572653,792520,295320,1.94,-27.74,Canadian Pacific Railway
CP.TO,CP,2021-02-12,2021-02-25,890476,572653,256833,3.47,55.5,Canadian Pacific Railway
CP.TO,CP,2021-02-26,2021-03-11,991229,890476,191657,5.17,11.31,Canadian Pacific Railway
CP.TO,CP,2021-03-15,2021-03-26,741547,991229,303898,2.44,-25.19,Canadian Pacific Railway
CP.TO,CP,2021-03-31,2021-04-13,2879662,741547,1156095,2.49,288.33,Canadian Pacific Railway
CP.TO,CP,2021-04-15,2021-04-28,4566663,2879662,571134,8.0,58.58,Canadian Pacific Railway
CP.TO,CP,2021-04-30,2021-05-13,3349409,4566663,1090923,3.07,-26.66,Canadian Pacific Railway
CP.TO,CP,2021-05-14,2021-05-27,14366227,3349409,2430172,5.91,328.92,Canadian Pacific Railway
CP.TO,CP,2021-05-28,2021-06-10,14909243,14366227,3409464,4.37,3.78,Canadian Pacific Railway
CP.TO,CP,2021-06-15,2021-06-28,10260412,14906743,1254964,8.18,-31.17,Canadian Pacific Railway
CP.TO,CP,2021-06-30,2021-07-13,9374057,10260412,1454059,6.45,-8.64,Canadian Pacific Railway
CP.TO,CP,2021-07-15,2021-07-28,11876545,9374057,2237818,5.31,26.7,Canadian Pacific Railway
CP.TO,CP,2021-07-30,2021-08-12,13202821,11876545,2349723,5.62,11.17,Canadian Pacific Railway
CP.TO,CP,2021-08-13,2021-08-26,18140648,13202821,2761201,6.57,37.4,Canadian Pacific Railway
CP.TO,CP,2021-08-31,2021-09-13,16423589,18140648,3963582,4.14,-9.47,Canadian Pacific Railway
CP.TO,CP,2021-09-15,2021-09-28,43200008,16423589,9886030,4.37,163.04,Canadian Pacific Railway
CP.TO,CP,2021-09-30,2021-10-13,57382886,43200008,5910455,9.71,32.83,Canadian Pacific Railway
CP.TO,CP,2021-10-15,2021-10-28,60234981,57382886,4393171,13.71,4.97,Canadian Pacific Railway
CP.TO,CP,2021-10-29,2021-11-11,66255663,60234981,4393235,15.08,10.0,Canadian Pacific Railway
CP.TO,CP,2021-11-15,2021-11-26,70593298,66255663,1917268,36.82,6.55,Canadian Pacific Railway
CP.TO,CP,2021-11-30,2021-12-13,70767526,70593298,3952090,17.91,0.25,Canadian Pacific Railway
CP.TO,CP,2021-12-15,2021-12-28,120705000,70767526,9660890,12.49,70.57,Canadian Pacific Railway
CP.TO,CP,2021-12-31,2022-01-13,10062451,120705000,5537783,1.82,-91.66,Canadian Pacific Railway
CP.TO,CP,2022-01-14,2022-01-27,7700420,10062451,4584716,1.68,-23.47,Canadian Pacific Railway
CP.TO,CP,2022-01-31,2022-02-11,11657000,7700420,5730264,2.03,51.38,Canadian Pacific Railway
CP.TO,CP,2022-02-15,2022-02-28,11930777,11657000,2614378,4.56,2.35,Canadian Pacific Railway
CP.TO,CP,2022-02-28,2022-03-11,12535356,11930777,2909070,4.31,5.07,Canadian Pacific Railway
CP.TO,CP,2022-03-15,2022-03-28,11775803,12535356,4668393,2.52,-6.06,Canadian Pacific Railway
CP.TO,CP,2022-03-31,2022-04-13,9147606,11775803,3219429,2.84,-22.32,Canadian Pacific Railway
CP.TO,CP,2022-04-14,2022-04-27,9416590,9147606,2531594,3.72,2.94,Canadian Pacific Railway
CP.TO,CP,2022-04-29,2022-05-12,10142322,9416590,3194602,3.17,7.71,Canadian Pacific Railway
CP.TO,CP,2022-05-13,2022-05-26,9966586,10142322,2398241,4.16,-1.73,Canadian Pacific Railway
CP.TO,CP,2022-05-31,2022-06-13,12114250,9966586,2147391,5.64,21.55,Canadian Pacific Railway
CP.TO,CP,2022-06-15,2022-06-28,11001577,12114250,2272213,4.84,-9.18,Canadian Pacific Railway
CP.TO,CP,2022-06-30,2022-07-13,15938162,11001577,2637433,6.04,44.87,Canadian Pacific Railway
CP.TO,CP,2022-07-15,2022-07-28,14766301,15938162,2345416,6.3,-7.35,Canadian Pacific Railway
CP.TO,CP,2022-07-29,2022-08-11,19600386,14766301,2355575,8.32,32.74,Canadian Pacific Railway
CP.TO,CP,2022-08-15,2022-08-26,14854993,19600386,1808009,8.22,-24.21,Canadian Pacific Railway
CP.TO,CP,2022-08-31,2022-09-13,14465640,14854993,1591315,9.09,-2.62,Canadian Pacific Railway
CP.TO,CP,2022-09-15,2022-09-28,16061496,14465640,1945454,8.26,11.03,Canadian Pacific Railway
CP.TO,CP,2022-09-30,2022-10-13,17260361,16061496,2433971,7.09,7.46,Canadian Pacific Railway
CP.TO,CP,2022-10-14,2022-10-27,16687664,17260361,2084769,8.0,-3.32,Canadian Pacific Railway
CP.TO,CP,2022-10-31,2022-11-11,16498281,16687664,2015769,8.18,-1.13,Canadian Pacific Railway
CP.TO,CP,2022-11-15,2022-11-28,15933643,16498281,1982724,8.04,-3.42,Canadian Pacific Railway
CP.TO,CP,2022-11-30,2022-12-13,15936117,15933643,1726189,9.23,0.02,Canadian Pacific Railway
CP.TO,CP,2022-12-15,2022-12-28,14514552,15936117,1814928,8.0,-8.92,Canadian Pacific Railway
CP.TO,CP,2022-12-30,2023-01-12,14397061,14514552,1436981,10.02,-0.81,Canadian Pacific Railway
CP.TO,CP,2023-01-13,2023-01-26,12685898,14397061,1670565,7.59,-11.89,Canadian Pacific Railway
CP.TO,CP,2023-01-31,2023-02-13,10404261,12685898,2036557,5.11,-17.99,Canadian Pacific Railway
CP.TO,CP,2023-02-15,2023-02-28,10011910,10404261,1815638,5.51,-3.77,Canadian Pacific Railway
CP.TO,CP,2023-02-28,2023-03-13,14336584,10011910,1728264,8.3,43.2,Canadian Pacific Railway
CP.TO,CP,2023-03-15,2023-03-28,12707099,14336584,2625940,4.84,-11.37,Canadian Pacific Railway
CP.TO,CP,2023-03-31,2023-04-13,14100575,12707099,2265248,6.22,10.97,Canadian Pacific Railway
CP.TO,CP,2023-04-14,2023-04-27,15423356,14100575,1442580,10.69,9.38,Canadian Pacific Railway
CP.TO,CP,2023-04-28,2023-05-11,12020953,15423356,1744848,6.89,-22.06,Canadian Pacific Kansas City L
CP.TO,CP,2023-05-15,2023-05-26,15441164,12020953,1898437,8.13,28.45,Canadian Pacific Kansas City L
CP.TO,CP,2023-05-31,2023-06-13,16446263,15441164,1995117,8.24,6.51,Canadian Pacific Kansas City L
CP.TO,CP,2023-06-15,2023-06-28,17929004,16446263,1915820,9.36,9.02,Canadian Pacific Kansas City L
CP.TO,CP,2023-06-30,2023-07-13,15711980,17929004,2818247,5.58,-12.37,Canadian Pacific Kansas City L
CP.TO,CP,2023-07-14,2023-07-27,13128379,15711980,1729538,7.59,-16.44,Canadian Pacific Kansas City L
CP.TO,CP,2023-07-31,2023-08-11,14339275,13129073,2640958,5.43,9.22,Canadian Pacific Kansas City L
CP.TO,CP,2023-08-15,2023-08-28,13118854,14339275,2293834,5.72,-8.51,Canadian Pacific Kansas City L
CP.TO,CP,2023-08-31,2023-09-13,18364379,13118854,1255292,14.63,39.98,Canadian Pacific Kansas City L
CP.TO,CP,2023-09-15,2023-09-28,16601868,18364379,1853934,8.95,-9.6,Canadian Pacific Kansas City L
CP.TO,CP,2023-09-29,2023-10-12,17353965,16601868,1653474,10.5,4.53,Canadian Pacific Kansas City L
CP.TO,CP,2023-10-13,2023-10-26,16037905,17353965,1917382,8.36,-7.58,Canadian Pacific Kansas City L
CP.TO,CP,2023-10-31,2023-11-13,16128458,16037905,2471765,6.53,0.56,Canadian Pacific Kansas City L
CP.TO,CP,2023-11-15,2023-11-28,18097869,16128458,2597338,6.97,12.21,Canadian Pacific Kansas City L
CP.TO,CP,2023-11-30,2023-12-13,15322476,18097869,2880076,5.32,-15.34,Canadian Pacific Kansas City L
CP.TO,CP,2023-12-15,2023-12-28,13503958,15322476,2484148,5.44,-11.87,Canadian Pacific Kansas City L
CP.TO,CP,2023-12-29,2024-01-11,12064294,13503958,2148832,5.61,-10.66,Canadian Pacific Kansas City L
CP.TO,CP,2024-01-12,2024-01-25,10287286,12064294,2930036,3.51,-14.73,Canadian Pacific Kansas City L
CP.TO,CP,2024-01-31,2024-02-13,9629790,10287286,2143936,4.49,-6.39,Canadian Pacific Kansas City L
CP.TO,CP,2024-02-15,2024-02-28,9429212,9629790,2485809,3.79,-2.08,Canadian Pacific Kansas City L
CP.TO,CP,2024-02-29,2024-03-13,10641392,9429212,1715508,6.2,12.86,Canadian Pacific Kansas City L
CP.TO,CP,2024-03-15,2024-03-28,11566579,10641392,1738375,6.65,8.69,Canadian Pacific Kansas City L
CP.TO,CP,2024-03-28,2024-04-10,17859360,11566579,1939312,9.21,54.4,Canadian Pacific Kansas City L
CP.TO,CP,2024-04-15,2024-04-26,10286190,17859360,1505660,6.83,-42.4,Canadian Pacific Kansas City L
CP.TO,CP,2024-04-30,2024-05-13,10500029,10286190,2622844,4.0,2.08,Canadian Pacific Kansas City L
CP.TO,CP,2024-05-15,2024-05-28,11607097,10500029,2216453,5.24,10.54,Canadian Pacific Kansas City L
CP.TO,CP,2024-05-31,2024-06-13,10035822,11607097,2528586,3.97,-13.54,Canadian Pacific Kansas City L
CP.TO,CP,2024-06-14,2024-06-27,8286022,10035822,2056563,4.03,-17.44,Canadian Pacific Kansas City L
CP.TO,CP,2024-06-28,2024-07-11,12916555,8286022,2699078,4.79,55.88,Canadian Pacific Kansas City L
CP.TO,CP,2024-07-15,2024-07-26,8460634,12916555,1994163,4.24,-34.5,Canadian Pacific Kansas City L
CP.TO,CP,2024-07-31,2024-08-13,7262440,8460634,1896159,3.83,-14.16,Canadian Pacific Kansas City L
CP.TO,CP,2024-08-15,2024-08-28,7110896,7262440,1844036,3.86,-2.09,Canadian Pacific Kansas City L
CP.TO,CP,2024-08-30,2024-09-12,7674010,7110896,1496393,5.13,7.92,Canadian Pacific Kansas City L
CP.TO,CP,2024-09-13,2024-09-26,9348259,7674010,1797100,5.2,21.82,Canadian Pacific Kansas City L
CP.TO,CP,2024-09-30,2024-10-11,12492711,9348259,2376446,5.26,33.64,Canadian Pacific Kansas City L
CP.TO,CP,2024-10-15,2024-10-28,6840384,12492711,2085423,3.28,-45.24,Canadian Pacific Kansas City L
CP.TO,CP,2024-10-31,2024-11-13,8626129,6840384,2179624,3.96,26.11,Canadian Pacific Kansas City L
CP.TO,CP,2024-11-15,2024-11-28,9198442,8626129,3514752,2.62,6.63,Canadian Pacific Kansas City L
CP.TO,CP,2024-11-29,2024-12-12,7121221,9198442,4320435,1.65,-22.58,Canadian Pacific Kansas City L
CP.TO,CP,2024-12-13,2024-12-26,6762441,7121221,2844013,2.38,-5.04,Canadian Pacific Kansas City L
CP.TO,CP,2024-12-31,2025-01-13,7109484,6762441,2322865,3.06,5.13,Canadian Pacific Kansas City L
CP.TO,CP,2025-01-15,2025-01-28,9364631,7109484,2382396,3.93,31.72,Canadian Pacific Kansas City L
CP.TO,CP,2025-01-31,2025-02-13,9918243,9364631,4079557,2.43,5.91,Canadian Pacific Kansas City L
CP.TO,CP,2025-02-14,2025-02-27,11523268,9918243,2999733,3.84,16.18,Canadian Pacific Kansas City L
CP.TO,CP,2025-02-28,2025-03-13,9554263,11523268,2094114,4.56,-17.09,Canadian Pacific Kansas City L
CP.TO,CP,2025-03-14,2025-03-27,9488814,9554263,3019716,3.14,-0.69,Canadian Pacific Kansas City L
CP.TO,CP,2025-03-31,2025-04-11,10492384,9488814,4104820,2.56,10.58,Canadian Pacific Kansas City L
CP.TO,CP,2025-04-15,2025-04-28,9837645,10492384,5503841,1.79,-6.24,Canadian Pacific Kansas City L
CP.TO,CP,2025-04-30,2025-05-13,8538148,9837645,2822821,3.02,-13.21,Canadian Pacific Kansas City L
CP.TO,CP,2025-05-15,2025-05-28,9131720,8538148,3999747,2.28,6.95,Canadian Pacific Kansas City L
CP.TO,CP,2025-05-30,2025-06-12,9842199,9131720,2556365,3.85,7.78,Canadian Pacific Kansas City L
CP.TO,CP,2025-06-13,2025-06-26,10239412,9842199,2260364,4.53,4.04,Canadian Pacific Kansas City L
CP.TO,CP,2025-06-30,2025-07-11,13739322,10239412,2933002,4.68,34.18,Canadian Pacific Kansas City L
CP.TO,CP,2025-07-15,2025-07-28,14081180,13739322,2219160,6.35,2.49,Canadian Pacific Kansas City L
CP.TO,CP,2025-07-31,2025-08-13,12349321,14081180,3531495,3.5,-12.3,Canadian Pacific Kansas City L
CP.TO,CP,2025-08-15,2025-08-28,14594943,12349321,3123692,4.67,18.18,Canadian Pacific Kansas City L
CP.TO,CP,2025-08-29,2025-09-11,13439565,14594943,3270933,4.11,-7.92,Canadian Pacific Kansas City L
CP.TO,CP,2025-09-15,2025-09-26,13143045,13439565,2276881,5.77,-2.21,Canadian Pacific Kansas City L
CP.TO,CP,2025-09-30,2025-10-13,15204806,13143045,3200998,4.75,15.69,Canadian Pacific Kansas City L
CP.TO,CP,2025-10-15,2025-10-28,16377702,15204806,2741072,5.97,7.71,Canadian Pacific Kansas City L
CP.TO,CP,2025-10-31,2025-11-13,11333237,16377702,2560523,4.43,-30.8,Canadian Pacific Kansas City L
CP.TO,CP,2025-11-14,2025-11-27,8244568,11333237,3891475,2.12,-27.25,Canadian Pacific Kansas City L
CP.TO,CP,2025-11-28,2025-12-11,7002340,7753263,2019682,3.47,-9.69,Canadian Pacific Kansas City L
CP.TO,CP,2025-12-15,2025-12-26,7948103,7002340,2208722,3.6,13.51,Canadian Pacific Kansas City L
CP.TO,CP,2025-12-31,2026-01-13,10394259,7948103,1599402,6.5,30.78,Canadian Pacific Kansas City L
CP.TO,CP,2026-01-15,2026-01-28,8490261,10394259,2371033,3.58,-18.32,Canadian Pacific Kansas City L
CP.TO,CP,2026-01-30,2026-02-12,7824351,8490261,2717068,2.88,-7.84,Canadian Pacific Kansas City L
CP.TO,CP,2026-02-13,2026-02-26,7603011,7824351,3399578,2.24,-2.83,Canadian Pacific Kansas City L
CP.TO,CP,2026-02-27,2026-03-12,8069634,7603011,3132635,2.58,6.14,Canadian Pacific Kansas City L
CP.TO,CP,2026-03-13,2026-03-26,7056811,8069634,2473101,2.85,-12.55,Canadian Pacific Kansas City L
CP.TO,CP,2026-03-31,2026-04-13,8902758,7056811,2758675,3.23,26.16,Canadian Pacific Kansas City L
CP.TO,CP,2026-04-15,2026-04-28,10665975,8902758,2785453,3.83,19.81,Canadian Pacific Kansas City L
CP.TO,CP,2026-04-30,2026-05-13,11173298,10665975,2856585,3.91,4.76,Canadian Pacific Kansas City L
CP.TO,CP,2026-05-15,2026-05-28,12286637,11173298,2994946,4.1,9.96,Canadian Pacific Kansas City L
CP.TO,CP,2026-05-29,2026-06-11,14891057,12286637,3422630,4.35,21.2,Canadian Pacific Kansas City L
CP.TO,CP,2026-06-15,2026-06-26,15709277,14891057,2430743,6.46,5.49,Canadian Pacific Kansas City L
CP.TO,CP,2026-06-30,2026-07-13,17857860,15709277,2958969,6.04,13.68,Canadian Pacific Kansas City L
CP.TO,CP,2026-07-15,2026-07-28,19130548,17857860,2284329,8.37,7.13,Canadian Pacific Kansas City L
CP.TO,CP,2026-07-31,2026-08-13,18180242,19130548,2745794,6.62,-4.97,Canadian Pacific Kansas City L
CP.TO,CP,2026-08-14,2026-08-27,18735997,18180242,3064511,6.11,3.06,Canadian Pacific Kansas City L
CVE.TO,CVE,2017-12-29,2018-01-11,17640739,20276350,3163186,5.58,-13.0,Cenovus Energy Inc
CVE.TO,CVE,2018-01-12,2018-01-25,20190556,17640729,4295343,4.7,14.45,Cenovus Energy Inc
CVE.TO,CVE,2018-01-31,2018-02-13,22566619,20190556,3099064,7.28,11.77,Cenovus Energy Inc
CVE.TO,CVE,2018-02-15,2018-02-28,20453838,22566619,6162377,3.32,-9.36,Cenovus Energy Inc
CVE.TO,CVE,2018-02-28,2018-03-13,20746234,20453838,4189564,4.95,1.43,Cenovus Energy Inc
CVE.TO,CVE,2018-03-15,2018-03-28,26032114,20746234,3809559,6.83,25.48,Cenovus Energy Inc
CVE.TO,CVE,2018-03-29,2018-04-11,28927308,26032114,4233489,6.83,11.12,Cenovus Energy Inc.
CVE.TO,CVE,2018-04-13,2018-04-26,34147172,28927308,5758315,5.93,18.04,Cenovus Energy Inc.
CVE.TO,CVE,2018-04-30,2018-05-11,37478171,34147172,5030018,7.45,9.75,Cenovus Energy Inc.
CVE.TO,CVE,2018-05-15,2018-05-28,34419206,37478171,4578452,7.52,-8.16,Cenovus Energy Inc.
CVE.TO,CVE,2018-05-31,2018-06-13,29723832,34419206,3914154,7.59,-13.64,Cenovus Energy Inc.
CVE.TO,CVE,2018-06-15,2018-06-28,25656530,29723832,3905377,6.57,-13.68,Cenovus Energy Inc.
CVE.TO,CVE,2018-06-29,2018-07-12,24198798,25656530,3546057,6.82,-5.68,Cenovus Energy Inc.
CVE.TO,CVE,2018-07-13,2018-07-26,23243713,24198798,2401122,9.68,-3.95,Cenovus Energy Inc.
CVE.TO,CVE,2018-07-31,2018-08-13,25985261,23243713,2802503,9.27,11.79,Cenovus Energy Inc.
CVE.TO,CVE,2018-08-15,2018-08-28,26816938,25985261,3030685,8.85,3.2,Cenovus Energy Inc.
CVE.TO,CVE,2018-08-31,2018-09-13,27412758,26816938,3329496,8.23,2.22,Cenovus Energy Inc.
CVE.TO,CVE,2018-09-14,2018-09-27,26384279,27412758,4017185,6.57,-3.75,Cenovus Energy Inc.
CVE.TO,CVE,2018-09-28,2018-10-11,26613042,26384279,3587335,7.42,0.87,Cenovus Energy Inc.
CVE.TO,CVE,2018-10-15,2018-10-26,25483697,26603742,3733729,6.83,-4.21,Cenovus Energy Inc.
CVE.TO,CVE,2018-10-31,2018-11-13,29058293,25483697,4659292,6.24,14.03,Cenovus Energy Inc.
CVE.TO,CVE,2018-11-15,2018-11-28,32938552,29058293,4322534,7.62,13.35,Cenovus Energy Inc.
CVE.TO,CVE,2018-11-30,2018-12-13,29431984,32938552,5319376,5.53,-10.65,Cenovus Energy Inc.
CVE.TO,CVE,2018-12-14,2018-12-27,29570325,29431984,4684148,6.31,0.47,Cenovus Energy Inc.
CVE.TO,CVE,2018-12-31,2019-01-11,29940653,29570325,4113168,7.28,1.25,Cenovus Energy Inc.
CVE.TO,CVE,2019-01-15,2019-01-28,30237670,29940653,3325874,9.09,0.99,Cenovus Energy Inc.
CVE.TO,CVE,2019-01-31,2019-02-13,24221836,30237670,4132766,5.86,-19.9,Cenovus Energy Inc.
CVE.TO,CVE,2019-02-15,2019-02-28,22764003,24221836,5547853,4.1,-6.02,Cenovus Energy Inc.
CVE.TO,CVE,2019-02-28,2019-03-13,22845594,22764003,3938993,5.8,0.36,Cenovus Energy Inc.
CVE.TO,CVE,2019-03-15,2019-03-28,24922961,22845594,4827003,5.16,9.09,Cenovus Energy Inc.
CVE.TO,CVE,2019-03-29,2019-04-11,23023999,24922961,3619070,6.36,-7.62,Cenovus Energy Inc.
CVE.TO,CVE,2019-04-15,2019-04-26,23641687,23023999,4946449,4.78,2.68,Cenovus Energy Inc.
CVE.TO,CVE,2019-04-30,2019-05-13,29719281,23641687,7003237,4.24,25.71,Cenovus Energy Inc.
CVE.TO,CVE,2019-05-15,2019-05-28,29334290,29719281,4914465,5.97,-1.3,Cenovus Energy Inc.
CVE.TO,CVE,2019-05-31,2019-06-13,34537816,29334290,4110437,8.4,17.74,Cenovus Energy Inc.
CVE.TO,CVE,2019-06-14,2019-06-27,41662189,34583680,4179856,9.97,20.47,Cenovus Energy Inc.
CVE.TO,CVE,2019-06-28,2019-07-11,42253407,41662189,3646231,11.59,1.42,Cenovus Energy Inc.
CVE.TO,CVE,2019-07-15,2019-07-26,41084355,42253407,2882513,14.25,-2.77,Cenovus Energy Inc.
CVE.TO,CVE,2019-07-31,2019-08-13,36959662,41084355,4215460,8.77,-10.04,Cenovus Energy Inc.
CVE.TO,CVE,2019-08-15,2019-08-28,33852165,36959662,3041517,11.13,-8.41,Cenovus Energy Inc.
CVE.TO,CVE,2019-08-30,2019-09-12,28049675,33852165,3086253,9.09,-17.14,Cenovus Energy Inc.
CVE.TO,CVE,2019-09-13,2019-09-26,25620168,28049675,3718490,6.89,-8.66,Cenovus Energy Inc.
CVE.TO,CVE,2019-09-30,2019-10-11,22151757,25620168,4849437,4.57,-13.54,Cenovus Energy Inc.
CVE.TO,CVE,2019-10-15,2019-10-28,25899810,22151757,4274004,6.06,16.92,Cenovus Energy Inc.
CVE.TO,CVE,2019-10-31,2019-11-13,25631473,25899810,3655631,7.01,-1.04,Cenovus Energy Inc.
CVE.TO,CVE,2019-11-15,2019-11-28,24606794,25631473,2879398,8.55,-4.0,Cenovus Energy Inc.
CVE.TO,CVE,2019-11-29,2019-12-12,23392594,24606794,2387976,9.8,-4.93,Cenovus Energy Inc.
CVE.TO,CVE,2019-12-13,2019-12-26,23103513,23392594,3062682,7.54,-1.24,Cenovus Energy Inc.
CVE.TO,CVE,2019-12-31,2020-01-13,22617123,23103513,2348132,9.63,-2.11,Cenovus Energy Inc.
CVE.TO,CVE,2020-01-15,2020-01-28,22175044,22617123,2928344,7.57,-1.95,Cenovus Energy Inc.
CVE.TO,CVE,2020-01-31,2020-02-13,22240065,23110654,3890819,5.72,-3.77,Cenovus Energy Inc.
CVE.TO,CVE,2020-02-14,2020-02-27,20107408,22240065,4382680,4.59,-9.59,Cenovus Energy Inc.
CVE.TO,CVE,2020-02-28,2020-03-12,20576385,20107408,5201304,3.96,2.33,Cenovus Energy Inc.
CVE.TO,CVE,2020-03-13,2020-03-26,28533856,20576385,12373281,2.31,38.67,Cenovus Energy Inc.
CVE.TO,CVE,2020-03-31,2020-04-13,27926508,28533856,10433254,2.68,-2.13,Cenovus Energy Inc.
CVE.TO,CVE,2020-04-15,2020-04-28,39983067,27926508,13391281,2.99,43.17,Cenovus Energy Inc.
CVE.TO,CVE,2020-04-30,2020-05-13,29732349,39983067,9527854,3.12,-25.64,Cenovus Energy Inc.
CVE.TO,CVE,2020-05-15,2020-05-28,20676621,30028563,8187757,2.53,-31.14,Cenovus Energy Inc.
CVE.TO,CVE,2020-05-29,2020-06-11,17871530,20676621,5987034,2.99,-13.57,Cenovus Energy Inc.
CVE.TO,CVE,2020-06-15,2020-06-26,19257187,17871530,7998120,2.41,7.75,Cenovus Energy Inc.
CVE.TO,CVE,2020-06-30,2020-07-13,23760547,19257187,6293657,3.78,23.39,Cenovus Energy Inc.
CVE.TO,CVE,2020-07-15,2020-07-28,23357140,23760547,4695388,4.97,-1.7,Cenovus Energy Inc.
CVE.TO,CVE,2020-07-31,2020-08-13,22476199,23357140,5242063,4.29,-3.77,Cenovus Energy Inc.
CVE.TO,CVE,2020-08-14,2020-08-27,18350144,22476199,4414072,4.16,-18.36,Cenovus Energy Inc.
CVE.TO,CVE,2020-08-31,2020-09-11,20075734,18350144,2970820,6.76,9.4,Cenovus Energy Inc.
CVE.TO,CVE,2020-09-15,2020-09-28,21582189,20075734,4266171,5.06,7.5,Cenovus Energy Inc.
CVE.TO,CVE,2020-09-30,2020-10-13,18999033,21582189,4796987,3.96,-11.97,Cenovus Energy Inc.
CVE.TO,CVE,2020-10-15,2020-10-28,17462946,18999033,4843517,3.61,-8.09,Cenovus Energy Inc.
CVE.TO,CVE,2020-10-30,2020-11-12,28604527,17462946,11515434,2.48,63.8,Cenovus Energy Inc.
CVE.TO,CVE,2020-11-13,2020-11-26,25328076,28604527,8406576,3.01,-11.45,Cenovus Energy Inc.
CVE.TO,CVE,2020-11-30,2020-12-11,24160451,25328076,5716442,4.23,-4.61,Cenovus Energy Inc.
CVE.TO,CVE,2020-12-15,2020-12-28,22478660,24160451,8023629,2.8,-6.96,Cenovus Energy Inc.
CVE.TO,CVE,2020-12-31,2021-01-13,22537068,22478660,5972884,3.77,0.26,Cenovus Energy Inc.
CVE.TO,CVE,2021-01-15,2021-01-28,19340524,22537068,12278374,1.58,-14.18,Cenovus Energy Inc.
CVE.TO,CVE,2021-01-29,2021-02-11,16012941,19340524,8352321,1.92,-17.21,Cenovus Energy Inc.
CVE.TO,CVE,2021-02-12,2021-02-25,18299852,16012941,10332925,1.77,14.28,Cenovus Energy Inc.
CVE.TO,CVE,2021-02-26,2021-03-11,12684901,18299852,9518346,1.33,-30.68,Cenovus Energy Inc.
CVE.TO,CVE,2021-03-15,2021-03-26,8767658,12684901,10321892,1.0,-30.88,Cenovus Energy Inc.
CVE.TO,CVE,2021-03-31,2021-04-13,10422913,8767658,8014533,1.3,18.88,Cenovus Energy Inc.
CVE.TO,CVE,2021-04-15,2021-04-28,9839273,10422913,5401110,1.82,-5.6,Cenovus Energy Inc.
CVE.TO,CVE,2021-04-30,2021-05-13,7424750,9839273,6738413,1.1,-24.54,Cenovus Energy Inc.
CVE.TO,CVE,2021-05-14,2021-05-27,9634056,7424750,10082363,1.0,29.76,Cenovus Energy Inc.
CVE.TO,CVE,2021-05-28,2021-06-10,11598453,9634056,7378326,1.57,20.39,Cenovus Energy Inc.
CVE.TO,CVE,2021-06-15,2021-06-28,8772097,11520773,11959463,1.0,-23.86,Cenovus Energy Inc.
CVE.TO,CVE,2021-06-30,2021-07-13,8534034,8772097,9957823,1.0,-2.71,Cenovus Energy Inc.
CVE.TO,CVE,2021-07-15,2021-07-28,12490870,8534034,8904010,1.4,46.37,Cenovus Energy Inc.
CVE.TO,CVE,2021-07-30,2021-08-12,17735911,12490870,9273044,1.91,41.99,Cenovus Energy Inc.
CVE.TO,CVE,2021-08-13,2021-08-26,21110757,17735911,7652961,2.76,19.03,Cenovus Energy Inc.
CVE.TO,CVE,2021-08-31,2021-09-13,14282771,21110757,9252088,1.54,-32.34,Cenovus Energy Inc.
CVE.TO,CVE,2021-09-15,2021-09-28,10299120,14282771,6865530,1.5,-27.89,Cenovus Energy Inc.
CVE.TO,CVE,2021-09-30,2021-10-13,9928765,10299120,9601728,1.03,-3.6,Cenovus Energy Inc.
CVE.TO,CVE,2021-10-15,2021-10-28,9916578,9928765,10851493,1.0,-0.12,Cenovus Energy Inc.
CVE.TO,CVE,2021-10-29,2021-11-11,12533143,9916578,8556893,1.46,26.39,Cenovus Energy Inc.
CVE.TO,CVE,2021-11-15,2021-11-26,17692789,12533143,11445864,1.55,41.17,Cenovus Energy Inc.
CVE.TO,CVE,2021-11-30,2021-12-13,13108965,17692789,9694325,1.35,-25.91,Cenovus Energy Inc.
CVE.TO,CVE,2021-12-15,2021-12-28,12752342,13108965,9579020,1.33,-2.72,Cenovus Energy Inc.
CVE.TO,CVE,2021-12-31,2022-01-13,14734167,12752342,7025758,2.1,15.54,Cenovus Energy Inc.
CVE.TO,CVE,2022-01-14,2022-01-27,15359454,14734167,10614904,1.45,4.24,Cenovus Energy Inc.
CVE.TO,CVE,2022-01-31,2022-02-11,20451254,15359454,12710734,1.61,33.15,Cenovus Energy Inc.
CVE.TO,CVE,2022-02-15,2022-02-28,22978601,20451254,13289290,1.73,12.36,Cenovus Energy Inc.
CVE.TO,CVE,2022-02-28,2022-03-11,13256399,22978601,13985900,1.0,-42.31,Cenovus Energy Inc.
CVE.TO,CVE,2022-03-15,2022-03-28,7511911,13256399,18002791,1.0,-43.33,Cenovus Energy Inc.
CVE.TO,CVE,2022-03-31,2022-04-13,10101268,7511911,12619459,1.0,34.47,Cenovus Energy Inc.
CVE.TO,CVE,2022-04-14,2022-04-27,11605050,10101268,10454291,1.11,14.89,Cenovus Energy Inc.
CVE.TO,CVE,2022-04-29,2022-05-12,18263929,11605050,12304340,1.48,57.38,Cenovus Energy Inc.
CVE.TO,CVE,2022-05-13,2022-05-26,21109272,18263929,13779042,1.53,15.58,Cenovus Energy Inc.
CVE.TO,CVE,2022-05-31,2022-06-13,22163265,21109272,8767332,2.53,4.99,Cenovus Energy Inc.
CVE.TO,CVE,2022-06-15,2022-06-28,26298363,22163265,8747655,3.01,18.66,Cenovus Energy Inc.
CVE.TO,CVE,2022-06-30,2022-07-13,33580829,26298363,12060201,2.78,27.69,Cenovus Energy Inc.
CVE.TO,CVE,2022-07-15,2022-07-28,30508129,33580829,10550098,2.89,-9.15,Cenovus Energy Inc.
CVE.TO,CVE,2022-07-29,2022-08-11,29288879,30508129,10654597,2.75,-4.0,Cenovus Energy Inc.
CVE.TO,CVE,2022-08-15,2022-08-26,16083235,29288879,10168556,1.58,-45.09,Cenovus Energy Inc.
CVE.TO,CVE,2022-08-31,2022-09-13,17389368,16083235,7046728,2.47,8.12,Cenovus Energy Inc.
CVE.TO,CVE,2022-09-15,2022-09-28,27075758,17389368,6454849,4.19,55.7,Cenovus Energy Inc.
CVE.TO,CVE,2022-09-30,2022-10-13,29549314,27075758,8656035,3.41,9.14,Cenovus Energy Inc.
CVE.TO,CVE,2022-10-14,2022-10-27,36750434,29549314,9176240,4.0,24.37,Cenovus Energy Inc.
CVE.TO,CVE,2022-10-31,2022-11-11,36663078,36750434,7864991,4.66,-0.24,Cenovus Energy Inc.
CVE.TO,CVE,2022-11-15,2022-11-28,37861576,36663078,8595855,4.4,3.27,Cenovus Energy Inc.
CVE.TO,CVE,2022-11-30,2022-12-13,40622062,37861576,5853972,6.94,7.29,Cenovus Energy Inc.
CVE.TO,CVE,2022-12-15,2022-12-28,36861239,40622062,5541093,6.65,-9.26,Cenovus Energy Inc.
CVE.TO,CVE,2022-12-30,2023-01-12,32049163,36861239,4129094,7.76,-13.05,Cenovus Energy Inc.
CVE.TO,CVE,2023-01-13,2023-01-26,46524180,32049163,6176804,7.53,45.17,Cenovus Energy Inc.
CVE.TO,CVE,2023-01-31,2023-02-13,42255224,46524180,7397891,5.71,-9.18,Cenovus Energy Inc.
CVE.TO,CVE,2023-02-15,2023-02-28,44147058,42255224,6271872,7.04,4.48,Cenovus Energy Inc.
CVE.TO,CVE,2023-02-28,2023-03-13,50185098,44147058,7863257,6.38,13.68,Cenovus Energy Inc.
CVE.TO,CVE,2023-03-15,2023-03-28,51601547,50185098,7563961,6.82,2.82,Cenovus Energy Inc.
CVE.TO,CVE,2023-03-31,2023-04-13,47515603,51601547,8135018,5.84,-7.92,Cenovus Energy Inc.
CVE.TO,CVE,2023-04-14,2023-04-27,49388990,47515603,8801901,5.61,3.94,Cenovus Energy Inc.
CVE.TO,CVE,2023-04-28,2023-05-11,44070928,49388990,9631958,4.58,-10.77,Cenovus Energy Inc.
CVE.TO,CVE,2023-05-15,2023-05-26,42822288,44070928,7561424,5.66,-2.83,Cenovus Energy Inc.
CVE.TO,CVE,2023-05-31,2023-06-13,51611037,42822288,5981200,8.63,20.52,Cenovus Energy Inc.
CVE.TO,CVE,2023-06-15,2023-06-28,42856995,51611037,8197751,5.23,-16.96,Cenovus Energy Inc.
CVE.TO,CVE,2023-06-30,2023-07-13,35311343,42856995,5146203,6.86,-17.61,Cenovus Energy Inc.
CVE.TO,CVE,2023-07-14,2023-07-27,27993438,35311343,5347394,5.23,-20.72,Cenovus Energy Inc.
CVE.TO,CVE,2023-07-31,2023-08-11,23856179,27993438,8500002,2.81,-14.78,Cenovus Energy Inc.
CVE.TO,CVE,2023-08-15,2023-08-28,36742945,23856179,7403220,4.96,54.02,Cenovus Energy Inc.
CVE.TO,CVE,2023-08-31,2023-09-13,38284472,36742945,7152562,5.35,4.2,Cenovus Energy Inc.
CVE.TO,CVE,2023-09-15,2023-09-28,47312966,38284472,6224427,7.6,23.58,Cenovus Energy Inc.
CVE.TO,CVE,2023-09-29,2023-10-12,36108342,47312966,8886510,4.06,-23.68,Cenovus Energy Inc.
CVE.TO,CVE,2023-10-13,2023-10-26,38456756,36108342,7500380,5.13,6.5,Cenovus Energy Inc.
CVE.TO,CVE,2023-10-31,2023-11-13,38672226,38456756,7165869,5.4,0.56,Cenovus Energy Inc.
CVE.TO,CVE,2023-11-15,2023-11-28,33561722,38672226,10407832,3.22,-13.21,Cenovus Energy Inc.
CVE.TO,CVE,2023-11-30,2023-12-13,32429313,33561722,7610464,4.26,-3.37,Cenovus Energy Inc.
CVE.TO,CVE,2023-12-15,2023-12-28,59524048,32429313,12709299,4.68,83.55,Cenovus Energy Inc.
CVE.TO,CVE,2023-12-29,2024-01-11,33561890,59524048,10030135,3.35,-43.62,Cenovus Energy Inc.
CVE.TO,CVE,2024-01-12,2024-01-25,35084216,33561890,9820388,3.57,4.54,Cenovus Energy Inc.
CVE.TO,CVE,2024-01-31,2024-02-13,38105048,35084216,12859519,2.96,8.61,Cenovus Energy Inc.
CVE.TO,CVE,2024-02-15,2024-02-28,34428024,38105048,12660798,2.72,-9.65,Cenovus Energy Inc.
CVE.TO,CVE,2024-02-29,2024-03-13,34556809,34428024,10255915,3.37,0.37,Cenovus Energy Inc.
CVE.TO,CVE,2024-03-15,2024-03-28,28291475,34556809,14561263,1.94,-18.13,Cenovus Energy Inc.
CVE.TO,CVE,2024-03-28,2024-04-10,29602085,28291475,9466321,3.13,4.63,Cenovus Energy Inc.
CVE.TO,CVE,2024-04-15,2024-04-26,33199680,29602085,9903797,3.35,12.15,Cenovus Energy Inc.
CVE.TO,CVE,2024-04-30,2024-05-13,32163882,33199680,9404765,3.42,-3.12,Cenovus Energy Inc.
CVE.TO,CVE,2024-05-15,2024-05-28,36427948,32163882,7139678,5.1,13.26,Cenovus Energy Inc.
CVE.TO,CVE,2024-05-31,2024-06-13,36153453,36427948,5769047,6.27,-0.75,Cenovus Energy Inc.
CVE.TO,CVE,2024-06-14,2024-06-27,47476628,36153453,8002486,5.93,31.32,Cenovus Energy Inc.
CVE.TO,CVE,2024-06-28,2024-07-11,17761336,47509617,6683142,2.66,-62.62,Cenovus Energy Inc.
CVE.TO,CVE,2024-07-15,2024-07-26,17270602,17761336,5882558,2.94,-2.76,Cenovus Energy Inc.
CVE.TO,CVE,2024-07-31,2024-08-13,15256421,17270602,6468909,2.36,-11.66,Cenovus Energy Inc.
CVE.TO,CVE,2024-08-15,2024-08-28,12388115,15256421,8876751,1.4,-18.8,Cenovus Energy Inc.
CVE.TO,CVE,2024-08-30,2024-09-12,13244726,12388115,6157984,2.15,6.91,Cenovus Energy Inc.
CVE.TO,CVE,2024-09-13,2024-09-26,27149381,13244726,9008221,3.01,104.98,Cenovus Energy Inc.
CVE.TO,CVE,2024-09-30,2024-10-11,13403754,27149381,9083895,1.48,-50.63,Cenovus Energy Inc.
CVE.TO,CVE,2024-10-15,2024-10-28,16523124,13403754,8666218,1.91,23.27,Cenovus Energy Inc.
CVE.TO,CVE,2024-10-31,2024-11-13,15036821,16523124,7112118,2.11,-9.0,Cenovus Energy Inc.
CVE.TO,CVE,2024-11-15,2024-11-28,15679613,15036821,8457880,1.85,4.27,Cenovus Energy Inc.
CVE.TO,CVE,2024-11-29,2024-12-12,17736537,15679613,8814799,2.01,13.12,Cenovus Energy Inc.
CVE.TO,CVE,2024-12-13,2024-12-26,17816343,17736537,6716188,2.65,0.45,Cenovus Energy Inc.
CVE.TO,CVE,2024-12-31,2025-01-13,11180502,17816343,6957848,1.61,-37.25,Cenovus Energy Inc.
CVE.TO,CVE,2025-01-15,2025-01-28,13875898,11180502,9954376,1.39,24.11,Cenovus Energy Inc.
CVE.TO,CVE,2025-01-31,2025-02-13,14826070,13875898,11800403,1.26,6.85,Cenovus Energy Inc.
CVE.TO,CVE,2025-02-14,2025-02-27,12886911,14826070,9883761,1.3,-13.08,Cenovus Energy Inc.
CVE.TO,CVE,2025-02-28,2025-03-13,21609191,12886911,12130057,1.78,67.68,Cenovus Energy Inc.
CVE.TO,CVE,2025-03-14,2025-03-27,57415596,21609191,15071847,3.81,165.7,Cenovus Energy Inc.
CVE.TO,CVE,2025-03-31,2025-04-11,36674539,57415596,8210595,4.47,-36.12,Cenovus Energy Inc.
CVE.TO,CVE,2025-04-15,2025-04-28,30912357,36674539,12466707,2.48,-15.71,Cenovus Energy Inc.
CVE.TO,CVE,2025-04-30,2025-05-13,17100216,30912357,9125010,1.87,-44.68,Cenovus Energy Inc.
CVE.TO,CVE,2025-05-15,2025-05-28,12769805,17100216,14116055,1.0,-25.32,Cenovus Energy Inc.
CVE.TO,CVE,2025-05-30,2025-06-12,18300948,12769805,12340224,1.48,43.31,Cenovus Energy Inc.
CVE.TO,CVE,2025-06-13,2025-06-26,50280917,18300948,14641210,3.43,174.74,Cenovus Energy Inc.
CVE.TO,CVE,2025-06-30,2025-07-11,22589251,50280917,14224818,1.59,-55.07,Cenovus Energy Inc.
CVE.TO,CVE,2025-07-15,2025-07-28,15497275,22589251,9774256,1.59,-31.4,Cenovus Energy Inc.
CVE.TO,CVE,2025-07-31,2025-08-13,17096033,15497275,13423279,1.27,10.32,Cenovus Energy Inc.
CVE.TO,CVE,2025-08-15,2025-08-28,20478876,17096033,12055089,1.7,19.79,Cenovus Energy Inc.
CVE.TO,CVE,2025-08-29,2025-09-11,86666115,20478876,15760098,5.5,323.2,Cenovus Energy Inc.
CVE.TO,CVE,2025-09-15,2025-09-26,123958817,86666115,16035384,7.73,43.03,Cenovus Energy Inc.
CVE.TO,CVE,2025-09-30,2025-10-13,44388654,123958817,28761453,1.54,-64.19,Cenovus Energy Inc.
CVE.TO,CVE,2025-10-15,2025-10-28,53471094,44388654,21417462,2.5,20.46,Cenovus Energy Inc.
CVE.TO,CVE,2025-10-31,2025-11-13,39339459,53471094,11847702,3.32,-26.43,Cenovus Energy Inc.
CVE.TO,CVE,2025-11-14,2025-11-27,41705461,39339459,10051314,4.15,6.01,Cenovus Energy Inc.
CVE.TO,CVE,2025-11-28,2025-12-11,36774281,40164985,10277704,3.58,-8.44,Cenovus Energy Inc.
CVE.TO,CVE,2025-12-15,2025-12-26,90484000,36774281,11103788,8.15,146.05,Cenovus Energy Inc.
CVE.TO,CVE,2025-12-31,2026-01-13,40509382,90484000,8374451,4.84,-55.23,Cenovus Energy Inc.
CVE.TO,CVE,2026-01-15,2026-01-28,33297551,40509382,16116532,2.07,-17.8,Cenovus Energy Inc.
CVE.TO,CVE,2026-01-30,2026-02-12,37541693,33297551,12326455,3.05,12.75,Cenovus Energy Inc.
CVE.TO,CVE,2026-02-13,2026-02-26,47656257,37541693,14461987,3.3,26.94,Cenovus Energy Inc.
CVE.TO,CVE,2026-02-27,2026-03-12,47401684,47656257,13794764,3.44,-0.53,Cenovus Energy Inc.
CVE.TO,CVE,2026-03-13,2026-03-26,62887374,47401684,21388291,2.94,32.67,Cenovus Energy Inc.
CVE.TO,CVE,2026-03-31,2026-04-13,42171986,62887374,16488148,2.56,-32.94,Cenovus Energy Inc.
CVE.TO,CVE,2026-04-15,2026-04-28,37366205,42171986,9808867,3.81,-11.4,Cenovus Energy Inc.
CVE.TO,CVE,2026-04-30,2026-05-13,29956910,37366205,7539736,3.97,-19.83,Cenovus Energy Inc.
CVE.TO,CVE,2026-05-15,2026-05-28,36548306,29956910,9083419,4.02,22.0,Cenovus Energy Inc.
CVE.TO,CVE,2026-05-29,2026-06-11,31734783,36548306,8577380,3.7,-13.17,Cenovus Energy Inc.
CVE.TO,CVE,2026-06-15,2026-06-26,47034000,31734783,8803611,5.34,48.21,Cenovus Energy Inc.
CVE.TO,CVE,2026-06-30,2026-07-13,28673616,47034000,8642637,3.32,-39.04,Cenovus Energy Inc.
CVE.TO,CVE,2026-07-15,2026-07-28,32526686,28673616,7101172,4.58,13.44,Cenovus Energy Inc.
CVE.TO,CVE,2026-07-31,2026-08-13,37099891,32526686,7401151,5.01,14.06,Cenovus Energy Inc.
CVE.TO,CVE,2026-08-14,2026-08-27,39282628,37099891,7158128,5.49,5.88,Cenovus Energy Inc.
ENB.TO,ENB,2017-12-29,2018-01-11,21365959,20766014,1864413,11.46,2.89,Enbridge Inc
ENB.TO,ENB,2018-01-12,2018-01-25,21863780,21365959,2295807,9.52,2.33,Enbridge Inc
ENB.TO,ENB,2018-01-31,2018-02-13,19070361,21863780,2469752,7.72,-12.78,Enbridge Inc
ENB.TO,ENB,2018-02-15,2018-02-28,24781980,19070361,4204912,5.89,29.95,Enbridge Inc
ENB.TO,ENB,2018-02-28,2018-03-13,21285517,24781980,3011312,7.07,-14.11,Enbridge Inc
ENB.TO,ENB,2018-03-15,2018-03-28,22284981,21285517,3441851,6.47,4.7,Enbridge Inc
ENB.TO,ENB,2018-03-29,2018-04-11,26495756,22284981,4778914,5.54,18.9,"Enbridge, Inc"
ENB.TO,ENB,2018-04-13,2018-04-26,26620750,26495756,3189166,8.35,0.47,"Enbridge, Inc"
ENB.TO,ENB,2018-04-30,2018-05-11,25376649,26620750,4521031,5.61,-4.67,"Enbridge, Inc"
ENB.TO,ENB,2018-05-15,2018-05-28,27835416,25376649,3153434,8.83,9.69,"Enbridge, Inc"
ENB.TO,ENB,2018-05-31,2018-06-13,27744326,27835416,4336985,6.4,-0.33,"Enbridge, Inc"
ENB.TO,ENB,2018-06-15,2018-06-28,31032917,27744326,3638832,8.53,11.85,"Enbridge, Inc"
ENB.TO,ENB,2018-06-29,2018-07-12,31939241,31032917,5738000,5.57,2.92,"Enbridge, Inc"
ENB.TO,ENB,2018-07-13,2018-07-26,37170894,31939241,3095740,12.01,16.38,"Enbridge, Inc"
ENB.TO,ENB,2018-07-31,2018-08-13,35843810,37170894,3133737,11.44,-3.57,"Enbridge, Inc"
ENB.TO,ENB,2018-08-15,2018-08-28,33590348,35843810,2596358,12.94,-6.29,"Enbridge, Inc"
ENB.TO,ENB,2018-08-31,2018-09-13,38722677,33590348,3326151,11.64,15.28,"Enbridge, Inc"
ENB.TO,ENB,2018-09-14,2018-09-27,37757441,38722677,2340761,16.13,-2.49,"Enbridge, Inc"
ENB.TO,ENB,2018-09-28,2018-10-11,39915537,37757441,3666608,10.89,5.72,"Enbridge, Inc"
ENB.TO,ENB,2018-10-15,2018-10-26,40810641,39915537,3462749,11.79,2.24,"Enbridge, Inc"
ENB.TO,ENB,2018-10-31,2018-11-13,42807497,40810641,4205796,10.18,4.89,"Enbridge, Inc"
ENB.TO,ENB,2018-11-15,2018-11-28,53890479,42807497,4906017,10.98,25.89,"Enbridge, Inc"
ENB.TO,ENB,2018-11-30,2018-12-13,51811327,53890479,5352245,9.68,-3.86,"Enbridge, Inc"
ENB.TO,ENB,2018-12-14,2018-12-27,57834504,51811327,7227765,8.0,11.63,"Enbridge, Inc"
ENB.TO,ENB,2018-12-31,2019-01-11,37316912,57834504,8614967,4.33,-35.48,"Enbridge, Inc"
ENB.TO,ENB,2019-01-15,2019-01-28,33772960,37316912,4811599,7.02,-9.5,"Enbridge, Inc"
ENB.TO,ENB,2019-01-31,2019-02-13,27500415,33772960,3113721,8.83,-18.57,"Enbridge, Inc"
ENB.TO,ENB,2019-02-15,2019-02-28,27432950,27500415,3573566,7.68,-0.25,"Enbridge, Inc"
ENB.TO,ENB,2019-02-28,2019-03-13,24506277,27432950,4255315,5.76,-10.67,"Enbridge, Inc"
ENB.TO,ENB,2019-03-15,2019-03-28,24933120,24506112,4446486,5.61,1.74,"Enbridge, Inc"
ENB.TO,ENB,2019-03-29,2019-04-11,26307878,24933120,3167580,8.31,5.51,"Enbridge, Inc"
ENB.TO,ENB,2019-04-15,2019-04-26,24708976,26307878,2518926,9.81,-6.08,"Enbridge, Inc"
ENB.TO,ENB,2019-04-30,2019-05-13,23419319,24708976,2871348,8.16,-5.22,"Enbridge, Inc"
ENB.TO,ENB,2019-05-15,2019-05-28,34604051,23419319,3276558,10.56,47.76,"Enbridge, Inc"
ENB.TO,ENB,2019-05-31,2019-06-13,29179525,34604051,3137616,9.3,-15.68,"Enbridge, Inc"
ENB.TO,ENB,2019-06-14,2019-06-27,18323975,29181126,5010206,3.66,-37.21,"Enbridge, Inc"
ENB.TO,ENB,2019-06-28,2019-07-11,14000002,18323975,2912664,4.81,-23.6,"Enbridge, Inc"
ENB.TO,ENB,2019-07-15,2019-07-26,15173656,14000002,2089286,7.26,8.38,"Enbridge, Inc"
ENB.TO,ENB,2019-07-31,2019-08-13,13424710,15173656,2661498,5.04,-11.53,"Enbridge, Inc"
ENB.TO,ENB,2019-08-15,2019-08-28,19666129,13424710,3275400,6.0,46.49,"Enbridge, Inc"
ENB.TO,ENB,2019-08-30,2019-09-12,14583773,19666129,3426403,4.26,-25.84,"Enbridge, Inc"
ENB.TO,ENB,2019-09-13,2019-09-26,10955162,14583773,3420892,3.2,-24.88,"Enbridge, Inc"
ENB.TO,ENB,2019-09-30,2019-10-11,10400031,10955162,2943971,3.53,-5.07,"Enbridge, Inc"
ENB.TO,ENB,2019-10-15,2019-10-28,11371846,10400031,3180275,3.58,9.34,"Enbridge, Inc"
ENB.TO,ENB,2019-10-31,2019-11-13,19358470,11371846,2860490,6.77,70.23,"Enbridge, Inc"
ENB.TO,ENB,2019-11-15,2019-11-28,32049064,19358470,4071319,7.87,65.56,"Enbridge, Inc"
ENB.TO,ENB,2019-11-29,2019-12-12,13773184,32049064,2881796,4.78,-57.02,"Enbridge, Inc"
ENB.TO,ENB,2019-12-13,2019-12-26,15140513,13773184,3161431,4.79,9.93,"Enbridge, Inc"
ENB.TO,ENB,2019-12-31,2020-01-13,14769934,15140513,2064356,7.15,-2.45,"Enbridge, Inc"
ENB.TO,ENB,2020-01-15,2020-01-28,15152715,14769934,2405480,6.3,2.59,"Enbridge, Inc"
ENB.TO,ENB,2020-01-31,2020-02-13,19592008,16829334,2490787,7.87,16.42,"Enbridge, Inc"
ENB.TO,ENB,2020-02-14,2020-02-27,33568091,19592008,4806586,6.98,71.34,"Enbridge, Inc"
ENB.TO,ENB,2020-02-28,2020-03-12,18188143,33568091,5516217,3.3,-45.82,"Enbridge, Inc"
ENB.TO,ENB,2020-03-13,2020-03-26,14456765,18188143,6722118,2.15,-20.52,"Enbridge, Inc"
ENB.TO,ENB,2020-03-31,2020-04-13,12053236,14456765,8032006,1.5,-16.63,"Enbridge, Inc"
ENB.TO,ENB,2020-04-15,2020-04-28,9748097,12053236,6548045,1.49,-19.12,"Enbridge, Inc"
ENB.TO,ENB,2020-04-30,2020-05-13,9372425,9748097,4505498,2.08,-3.85,"Enbridge, Inc"
ENB.TO,ENB,2020-05-15,2020-05-28,22565695,9386154,4848549,4.65,140.41,"Enbridge, Inc"
ENB.TO,ENB,2020-05-29,2020-06-11,8043248,22565695,2673291,3.01,-64.36,"Enbridge, Inc"
ENB.TO,ENB,2020-06-15,2020-06-26,7289231,8043248,3546561,2.06,-9.37,"Enbridge, Inc"
ENB.TO,ENB,2020-06-30,2020-07-13,6271712,7289231,2835899,2.21,-13.96,"Enbridge, Inc"
ENB.TO,ENB,2020-07-15,2020-07-28,4880948,6271712,2309809,2.11,-22.18,"Enbridge, Inc"
ENB.TO,ENB,2020-07-31,2020-08-13,5813002,4880948,2617102,2.22,19.1,"Enbridge, Inc"
ENB.TO,ENB,2020-08-14,2020-08-27,17636506,5813002,2772124,6.36,203.4,"Enbridge, Inc"
ENB.TO,ENB,2020-08-31,2020-09-11,7193541,17636506,2041325,3.52,-59.21,"Enbridge, Inc"
ENB.TO,ENB,2020-09-15,2020-09-28,6109355,7193541,2585651,2.36,-15.07,"Enbridge, Inc"
ENB.TO,ENB,2020-09-30,2020-10-13,5835199,6109355,2419837,2.41,-4.49,"Enbridge, Inc"
ENB.TO,ENB,2020-10-15,2020-10-28,5925330,5835199,2719967,2.18,1.54,"Enbridge, Inc"
ENB.TO,ENB,2020-10-30,2020-11-12,5149498,5925330,3328109,1.55,-13.09,"Enbridge, Inc"
ENB.TO,ENB,2020-11-13,2020-11-26,17547154,5149498,6324661,2.77,240.75,"Enbridge, Inc"
ENB.TO,ENB,2020-11-30,2020-12-11,9342079,17547154,4041398,2.31,-46.76,"Enbridge, Inc"
ENB.TO,ENB,2020-12-15,2020-12-28,12715362,9342079,3879942,3.28,36.11,"Enbridge, Inc"
ENB.TO,ENB,2020-12-31,2021-01-13,13542370,12715362,3171655,4.27,6.5,"Enbridge, Inc"
ENB.TO,ENB,2021-01-15,2021-01-28,13977966,13542370,5502903,2.54,3.22,"Enbridge, Inc"
ENB.TO,ENB,2021-01-29,2021-02-11,14838352,13977966,3288220,4.51,6.16,"Enbridge, Inc"
ENB.TO,ENB,2021-02-12,2021-02-25,31414806,14838352,4329564,7.26,111.71,"Enbridge, Inc"
ENB.TO,ENB,2021-02-26,2021-03-11,14188141,31414806,5792227,2.45,-54.84,"Enbridge, Inc"
ENB.TO,ENB,2021-03-15,2021-03-26,12548261,14188141,4932398,2.54,-11.56,"Enbridge, Inc"
ENB.TO,ENB,2021-03-31,2021-04-13,11682939,12548261,3653722,3.2,-6.9,"Enbridge, Inc"
ENB.TO,ENB,2021-04-15,2021-04-28,12388169,11682939,2337284,5.3,6.04,"Enbridge, Inc"
ENB.TO,ENB,2021-04-30,2021-05-13,9035445,12388169,2935789,3.08,-27.06,"Enbridge, Inc"
ENB.TO,ENB,2021-05-14,2021-05-27,19478938,9035445,4719318,4.13,115.58,"Enbridge, Inc"
ENB.TO,ENB,2021-05-28,2021-06-10,11181547,19478938,4105757,2.72,-42.6,"Enbridge, Inc"
ENB.TO,ENB,2021-06-15,2021-06-28,9414398,11182215,5409505,1.74,-15.81,"Enbridge, Inc"
ENB.TO,ENB,2021-06-30,2021-07-13,13532523,9414398,3404736,3.97,43.74,"Enbridge, Inc"
ENB.TO,ENB,2021-07-15,2021-07-28,13973195,13532523,2310791,6.05,3.26,"Enbridge, Inc"
ENB.TO,ENB,2021-07-30,2021-08-12,9503525,13973195,3663765,2.59,-31.99,"Enbridge, Inc"
ENB.TO,ENB,2021-08-13,2021-08-26,19729390,9503525,3739503,5.28,107.6,"Enbridge, Inc"
ENB.TO,ENB,2021-08-31,2021-09-13,8702242,19729390,3780465,2.3,-55.89,"Enbridge, Inc"
ENB.TO,ENB,2021-09-15,2021-09-28,9450127,8702242,3061295,3.09,8.59,"Enbridge, Inc"
ENB.TO,ENB,2021-09-30,2021-10-13,8965623,9450127,3377863,2.65,-5.13,"Enbridge, Inc"
ENB.TO,ENB,2021-10-15,2021-10-28,8826144,8965623,4402020,2.01,-1.56,"Enbridge, Inc"
ENB.TO,ENB,2021-10-29,2021-11-11,8427053,8826144,4226756,1.99,-4.52,"Enbridge, Inc"
ENB.TO,ENB,2021-11-15,2021-11-26,52305995,8427053,5399490,9.69,520.69,"Enbridge, Inc"
ENB.TO,ENB,2021-11-30,2021-12-13,20177630,52305995,5990990,3.37,-61.42,"Enbridge, Inc"
ENB.TO,ENB,2021-12-15,2021-12-28,14882099,20177630,6766148,2.2,-26.24,"Enbridge, Inc"
ENB.TO,ENB,2021-12-31,2022-01-13,14178965,14882099,6067644,2.34,-4.72,"Enbridge, Inc"
ENB.TO,ENB,2022-01-14,2022-01-27,18687492,14178965,4451569,4.2,31.8,"Enbridge, Inc"
ENB.TO,ENB,2022-01-31,2022-02-11,12411820,18687492,6772215,1.83,-33.58,"Enbridge, Inc"
ENB.TO,ENB,2022-02-15,2022-02-28,51075225,12411820,5885445,8.68,311.5,"Enbridge, Inc"
ENB.TO,ENB,2022-02-28,2022-03-11,29860691,51075225,5177394,5.77,-41.54,"Enbridge, Inc"
ENB.TO,ENB,2022-03-15,2022-03-28,15598300,29860691,5858741,2.66,-47.76,"Enbridge, Inc"
ENB.TO,ENB,2022-03-31,2022-04-13,14094015,15598300,3510699,4.01,-9.64,"Enbridge, Inc"
ENB.TO,ENB,2022-04-14,2022-04-27,14937389,14094015,3093145,4.83,5.98,"Enbridge, Inc"
ENB.TO,ENB,2022-04-29,2022-05-12,18647667,14937389,3447136,5.41,24.84,"Enbridge, Inc"
ENB.TO,ENB,2022-05-13,2022-05-26,63676104,18647667,5827427,10.93,241.47,"Enbridge, Inc"
ENB.TO,ENB,2022-05-31,2022-06-13,24214467,63676104,3624174,6.68,-61.97,"Enbridge, Inc"
ENB.TO,ENB,2022-06-15,2022-06-28,20548056,24214467,3773733,5.45,-15.14,"Enbridge, Inc"
ENB.TO,ENB,2022-06-30,2022-07-13,22338582,20548056,4259554,5.24,8.71,"Enbridge, Inc"
ENB.TO,ENB,2022-07-15,2022-07-28,25589345,22338582,3020149,8.47,14.55,"Enbridge, Inc"
ENB.TO,ENB,2022-07-29,2022-08-11,39499172,25589345,2643767,14.94,54.36,"Enbridge, Inc"
ENB.TO,ENB,2022-08-15,2022-08-26,85218433,39499172,3373838,25.26,115.75,"Enbridge, Inc"
ENB.TO,ENB,2022-08-31,2022-09-13,24779963,85218433,2630899,9.42,-70.92,"Enbridge, Inc"
ENB.TO,ENB,2022-09-15,2022-09-28,25866886,24779963,3011885,8.59,4.39,"Enbridge, Inc"
ENB.TO,ENB,2022-09-30,2022-10-13,28954387,25866886,3780227,7.66,11.94,"Enbridge, Inc"
ENB.TO,ENB,2022-10-14,2022-10-27,31581972,28954387,4353370,7.25,9.07,"Enbridge, Inc"
ENB.TO,ENB,2022-10-31,2022-11-11,76503558,31581972,2904869,26.34,142.24,"Enbridge, Inc"
ENB.TO,ENB,2022-11-15,2022-11-28,107611528,76503558,4878804,22.06,40.66,"Enbridge, Inc"
ENB.TO,ENB,2022-11-30,2022-12-13,32950125,107611528,2856895,11.53,-69.38,"Enbridge, Inc"
ENB.TO,ENB,2022-12-15,2022-12-28,45159252,32950125,4451194,10.15,37.05,"Enbridge, Inc"
ENB.TO,ENB,2022-12-30,2023-01-12,50726882,45159252,3463320,14.65,12.33,"Enbridge, Inc"
ENB.TO,ENB,2023-01-13,2023-01-26,38357221,50726882,2770336,13.85,-24.38,"Enbridge, Inc"
ENB.TO,ENB,2023-01-31,2023-02-13,73301628,38357221,2783609,26.33,91.1,"Enbridge, Inc"
ENB.TO,ENB,2023-02-15,2023-02-28,103619706,73301628,4031794,25.7,41.36,"Enbridge, Inc"
ENB.TO,ENB,2023-02-28,2023-03-13,61149479,103619706,4138984,14.77,-40.99,"Enbridge, Inc"
ENB.TO,ENB,2023-03-15,2023-03-28,43060902,61149479,4404857,9.78,-29.58,"Enbridge, Inc"
ENB.TO,ENB,2023-03-31,2023-04-13,41341320,43060902,3935160,10.51,-3.99,"Enbridge, Inc"
ENB.TO,ENB,2023-04-14,2023-04-27,41651546,41341320,2539100,16.4,0.75,"Enbridge, Inc"
ENB.TO,ENB,2023-04-28,2023-05-11,63664332,41651546,2464014,25.84,52.85,"Enbridge, Inc"
ENB.TO,ENB,2023-05-15,2023-05-26,111003692,63664332,3603831,30.8,74.36,"Enbridge, Inc"
ENB.TO,ENB,2023-05-31,2023-06-13,51852139,111003692,3940391,13.16,-53.29,"Enbridge, Inc"
ENB.TO,ENB,2023-06-15,2023-06-28,33216333,51852139,3454218,9.62,-35.94,"Enbridge, Inc"
ENB.TO,ENB,2023-06-30,2023-07-13,28950566,33216333,2864290,10.11,-12.84,"Enbridge, Inc"
ENB.TO,ENB,2023-07-14,2023-07-27,40693900,28950566,2957525,13.76,40.56,"Enbridge, Inc"
ENB.TO,ENB,2023-07-31,2023-08-11,61382859,40693900,4873670,12.59,50.84,"Enbridge, Inc"
ENB.TO,ENB,2023-08-15,2023-08-28,88539219,61382859,5892421,15.03,44.24,"Enbridge, Inc"
ENB.TO,ENB,2023-08-31,2023-09-13,31007048,88539219,4038408,7.68,-64.98,"Enbridge, Inc"
ENB.TO,ENB,2023-09-15,2023-09-28,37358830,31007048,9968597,3.75,20.48,"Enbridge, Inc"
ENB.TO,ENB,2023-09-29,2023-10-12,41478072,37358830,5235402,7.92,11.03,"Enbridge, Inc"
ENB.TO,ENB,2023-10-13,2023-10-26,43833797,41478072,5178040,8.47,5.68,"Enbridge, Inc"
ENB.TO,ENB,2023-10-31,2023-11-13,62527166,43833797,6342030,9.86,42.65,"Enbridge, Inc"
ENB.TO,ENB,2023-11-15,2023-11-28,88175740,62527166,6401904,13.77,41.02,"Enbridge, Inc"
ENB.TO,ENB,2023-11-30,2023-12-13,49363660,88175740,6420272,7.69,-44.02,"Enbridge, Inc"
ENB.TO,ENB,2023-12-15,2023-12-28,31873658,49363660,5623628,5.67,-35.43,"Enbridge, Inc"
ENB.TO,ENB,2023-12-29,2024-01-11,25980160,31873658,3721536,6.98,-18.49,"Enbridge, Inc"
ENB.TO,ENB,2024-01-12,2024-01-25,23603382,25980160,3962497,5.96,-9.15,"Enbridge, Inc"
ENB.TO,ENB,2024-01-31,2024-02-13,31303690,23603382,6090580,5.14,32.62,"Enbridge, Inc"
ENB.TO,ENB,2024-02-15,2024-02-28,78340191,31303690,7424508,10.55,150.26,"Enbridge, Inc"
ENB.TO,ENB,2024-02-29,2024-03-13,23174376,78340191,7375445,3.14,-70.42,"Enbridge, Inc"
ENB.TO,ENB,2024-03-15,2024-03-28,25212430,23174376,4172160,6.04,8.79,"Enbridge, Inc"
ENB.TO,ENB,2024-03-28,2024-04-10,24511182,25212430,3871942,6.33,-2.78,"Enbridge, Inc"
ENB.TO,ENB,2024-04-15,2024-04-26,26808403,24511182,4316893,6.21,9.37,"Enbridge, Inc"
ENB.TO,ENB,2024-04-30,2024-05-13,63003267,26808403,9082338,6.94,135.01,"Enbridge, Inc"
ENB.TO,ENB,2024-05-15,2024-05-28,81151005,63003267,6783293,11.96,28.8,"Enbridge, Inc"
ENB.TO,ENB,2024-05-31,2024-06-13,22636344,81151005,5201965,4.35,-72.11,"Enbridge, Inc"
ENB.TO,ENB,2024-06-14,2024-06-27,19358722,22636344,4695068,4.12,-14.48,"Enbridge, Inc"
ENB.TO,ENB,2024-06-28,2024-07-11,16418483,19358722,4959949,3.31,-15.19,"Enbridge, Inc"
ENB.TO,ENB,2024-07-15,2024-07-26,15819838,16418483,3121808,5.07,-3.65,"Enbridge, Inc"
ENB.TO,ENB,2024-07-31,2024-08-13,25059818,15819838,4661187,5.38,58.41,"Enbridge, Inc"
ENB.TO,ENB,2024-08-15,2024-08-28,70942794,25059818,5708072,12.43,183.09,"Enbridge, Inc"
ENB.TO,ENB,2024-08-30,2024-09-12,23628897,70942794,4351321,5.43,-66.69,"Enbridge, Inc"
ENB.TO,ENB,2024-09-13,2024-09-26,18630712,23628897,3009562,6.19,-21.15,"Enbridge, Inc"
ENB.TO,ENB,2024-09-30,2024-10-11,18901305,18630712,3062408,6.17,1.45,"Enbridge, Inc"
ENB.TO,ENB,2024-10-15,2024-10-28,24641250,18901305,2481320,9.93,30.37,"Enbridge, Inc"
ENB.TO,ENB,2024-10-31,2024-11-13,29676906,24641250,3056489,9.71,20.44,"Enbridge, Inc"
ENB.TO,ENB,2024-11-15,2024-11-28,63176448,29676906,4754415,13.29,112.88,"Enbridge, Inc"
ENB.TO,ENB,2024-11-29,2024-12-12,18018309,63176448,4192353,4.3,-71.48,"Enbridge, Inc"
ENB.TO,ENB,2024-12-13,2024-12-26,18838266,18018309,5295338,3.56,4.55,"Enbridge, Inc"
ENB.TO,ENB,2024-12-31,2025-01-13,23489273,18838266,2782670,8.44,24.69,"Enbridge, Inc"
ENB.TO,ENB,2025-01-15,2025-01-28,23580997,23489273,3213941,7.34,0.39,"Enbridge, Inc"
ENB.TO,ENB,2025-01-31,2025-02-13,42281420,23580997,4587456,9.22,79.3,"Enbridge, Inc"
ENB.TO,ENB,2025-02-14,2025-02-27,77055300,42281420,4342705,17.74,82.24,"Enbridge, Inc"
ENB.TO,ENB,2025-02-28,2025-03-13,34447331,77055300,5453871,6.32,-55.3,"Enbridge, Inc"
ENB.TO,ENB,2025-03-14,2025-03-27,20492515,34447331,3889316,5.27,-40.51,"Enbridge, Inc"
ENB.TO,ENB,2025-03-31,2025-04-11,30701439,20492515,2617571,11.73,49.82,"Enbridge, Inc"
ENB.TO,ENB,2025-04-15,2025-04-28,29495224,30701439,4932645,5.98,-3.93,"Enbridge, Inc"
ENB.TO,ENB,2025-04-30,2025-05-13,29373543,29495224,3783197,7.76,-0.41,"Enbridge, Inc"
ENB.TO,ENB,2025-05-15,2025-05-28,75392119,29373543,4505497,16.73,156.67,"Enbridge, Inc"
ENB.TO,ENB,2025-05-30,2025-06-12,31274561,75392119,4202934,7.44,-58.52,"Enbridge, Inc"
ENB.TO,ENB,2025-06-13,2025-06-26,22663969,31274561,3236249,7.0,-27.53,"Enbridge, Inc"
ENB.TO,ENB,2025-06-30,2025-07-11,31852925,22663969,3659171,8.7,40.54,"Enbridge, Inc"
ENB.TO,ENB,2025-07-15,2025-07-28,33303027,31852925,3630339,9.17,4.55,"Enbridge, Inc"
ENB.TO,ENB,2025-07-31,2025-08-13,31046262,33303027,4041010,7.68,-6.78,"Enbridge, Inc"
ENB.TO,ENB,2025-08-15,2025-08-28,35457720,31046262,4248184,8.35,14.21,"Enbridge, Inc"
ENB.TO,ENB,2025-08-29,2025-09-11,20927571,35457720,3657882,5.72,-40.98,"Enbridge, Inc"
ENB.TO,ENB,2025-09-15,2025-09-26,20767231,20927571,2560103,8.11,-0.77,"Enbridge, Inc"
ENB.TO,ENB,2025-09-30,2025-10-13,19598351,20767231,3390319,5.78,-5.63,"Enbridge, Inc"
ENB.TO,ENB,2025-10-15,2025-10-28,18768755,19598351,3117895,6.02,-4.23,"Enbridge, Inc"
ENB.TO,ENB,2025-10-31,2025-11-13,24149218,18768755,3414749,7.07,28.67,"Enbridge, Inc"
ENB.TO,ENB,2025-11-14,2025-11-27,46833805,24148718,6081758,7.7,93.94,"Enbridge, Inc"
ENB.TO,ENB,2025-11-28,2025-12-11,15697567,44917217,3975650,3.95,-65.05,"Enbridge, Inc"
ENB.TO,ENB,2025-12-15,2025-12-26,14105531,15697567,3572405,3.95,-10.14,"Enbridge, Inc"
ENB.TO,ENB,2025-12-31,2026-01-13,13706536,14105531,2406460,5.7,-2.83,"Enbridge, Inc"
ENB.TO,ENB,2026-01-15,2026-01-28,14985224,13706536,5263421,2.85,9.33,"Enbridge, Inc"
ENB.TO,ENB,2026-01-30,2026-02-12,16303419,14985224,5403098,3.02,8.8,"Enbridge, Inc"
ENB.TO,ENB,2026-02-13,2026-02-26,28829535,16303419,7111535,4.05,76.83,"Enbridge, Inc"
ENB.TO,ENB,2026-02-27,2026-03-12,26812387,28829535,5497198,4.88,-7.0,"Enbridge, Inc"
ENB.TO,ENB,2026-03-13,2026-03-26,11666329,26812387,4550615,2.56,-56.49,"Enbridge, Inc"
ENB.TO,ENB,2026-03-31,2026-04-13,12611770,11666329,4964117,2.54,8.1,"Enbridge, Inc"
ENB.TO,ENB,2026-04-15,2026-04-28,19563708,12611770,4418473,4.43,55.12,"Enbridge, Inc"
ENB.TO,ENB,2026-04-30,2026-05-13,27590674,19563708,4044807,6.82,41.03,"Enbridge, Inc"
ENB.TO,ENB,2026-05-15,2026-05-28,47958151,27590674,4961062,9.67,73.82,"Enbridge, Inc"
ENB.TO,ENB,2026-05-29,2026-06-11,24440972,47958151,5113579,4.78,-49.04,"Enbridge, Inc"
ENB.TO,ENB,2026-06-15,2026-06-26,19097053,24440972,3781961,5.05,-21.86,"Enbridge, Inc"
ENB.TO,ENB,2026-06-30,2026-07-13,23435546,19097053,3767560,6.22,22.72,"Enbridge, Inc"
ENB.TO,ENB,2026-07-15,2026-07-28,22971868,23435546,4034405,5.69,-1.98,"Enbridge, Inc"
ENB.TO,ENB,2026-07-31,2026-08-13,31138217,22971868,3012886,10.34,35.55,"Enbridge, Inc"
ENB.TO,ENB,2026-08-14,2026-08-27,69771404,31138217,7081580,9.85,124.07,"Enbridge, Inc"
MFC.TO,MFC,2017-12-29,2018-01-11,5633205,6017585,1600106,3.52,-6.39,Manulife Financial
MFC.TO,MFC,2018-01-12,2018-01-25,4989468,5633205,2304604,2.17,-11.43,Manulife Financial
MFC.TO,MFC,2018-01-31,2018-02-13,3320307,4989468,2342707,1.42,-33.45,Manulife Financial
MFC.TO,MFC,2018-02-15,2018-02-28,5897345,3295307,4364589,1.35,78.96,Manulife Financial
MFC.TO,MFC,2018-02-28,2018-03-13,6183106,5897345,2739071,2.26,4.85,Manulife Financial
MFC.TO,MFC,2018-03-15,2018-03-28,6810003,6183106,2707222,2.52,10.14,Manulife Financial
MFC.TO,MFC,2018-03-29,2018-04-11,7558836,6810003,2943941,2.57,11.0,Manulife Financial Corp.
MFC.TO,MFC,2018-04-13,2018-04-26,6993229,7558836,2450844,2.85,-7.48,Manulife Financial Corp.
MFC.TO,MFC,2018-04-30,2018-05-11,6511680,6993229,1989462,3.27,-6.89,Manulife Financial Corp.
MFC.TO,MFC,2018-05-15,2018-05-28,8214217,6511680,2446970,3.36,26.15,Manulife Financial Corp.
MFC.TO,MFC,2018-05-31,2018-06-13,7033639,8214217,1754064,4.01,-14.37,Manulife Financial Corp.
MFC.TO,MFC,2018-06-15,2018-06-28,6396762,7033639,1202514,5.32,-9.05,Manulife Financial Corp.
MFC.TO,MFC,2018-06-29,2018-07-12,6702339,6396762,1698675,3.95,4.78,Manulife Financial Corp.
MFC.TO,MFC,2018-07-13,2018-07-26,6476943,6702339,1604535,4.04,-3.36,Manulife Financial Corp.
MFC.TO,MFC,2018-07-31,2018-08-13,6231927,6476943,1510494,4.13,-3.78,Manulife Financial Corp.
MFC.TO,MFC,2018-08-15,2018-08-28,5632117,6231927,2303074,2.45,-9.62,Manulife Financial Corp.
MFC.TO,MFC,2018-08-31,2018-09-13,5049716,5632117,1425594,3.54,-10.34,Manulife Financial Corp.
MFC.TO,MFC,2018-09-14,2018-09-27,6109854,5049716,1771407,3.45,20.99,Manulife Financial Corp.
MFC.TO,MFC,2018-09-28,2018-10-11,8270432,6109854,2060047,4.01,35.36,Manulife Financial Corp.
MFC.TO,MFC,2018-10-15,2018-10-26,7259643,8270432,6629997,1.09,-12.22,Manulife Financial Corp.
MFC.TO,MFC,2018-10-31,2018-11-13,6552037,7259643,3388490,1.93,-9.75,Manulife Financial Corp.
MFC.TO,MFC,2018-11-15,2018-11-28,4135709,6552037,3066890,1.35,-36.88,Manulife Financial Corp.
MFC.TO,MFC,2018-11-30,2018-12-13,4173466,4135709,1812086,2.3,0.91,Manulife Financial Corp.
MFC.TO,MFC,2018-12-14,2018-12-27,3576799,4173466,2411616,1.48,-14.3,Manulife Financial Corp.
MFC.TO,MFC,2018-12-31,2019-01-11,3255763,3576799,2726179,1.19,-8.98,Manulife Financial Corp.
MFC.TO,MFC,2019-01-15,2019-01-28,4222610,3255763,2043254,2.07,29.7,Manulife Financial Corp.
MFC.TO,MFC,2019-01-31,2019-02-13,4835978,4222610,1664706,2.91,14.53,Manulife Financial Corp.
MFC.TO,MFC,2019-02-15,2019-02-28,5162946,4835978,2251828,2.29,6.76,Manulife Financial Corp.
MFC.TO,MFC,2019-02-28,2019-03-13,5411109,5162946,1983628,2.73,4.81,Manulife Financial Corp.
MFC.TO,MFC,2019-03-15,2019-03-28,4145326,5411109,2087243,1.99,-23.39,Manulife Financial Corp.
MFC.TO,MFC,2019-03-29,2019-04-11,5547540,4145326,3015672,1.84,33.83,Manulife Financial Corp.
MFC.TO,MFC,2019-04-15,2019-04-26,5632281,5547540,1994664,2.82,1.53,Manulife Financial Corp.
MFC.TO,MFC,2019-04-30,2019-05-13,4584838,5632281,2176285,2.11,-18.6,Manulife Financial Corp.
MFC.TO,MFC,2019-05-15,2019-05-28,4135063,4584838,3176004,1.3,-9.81,Manulife Financial Corp.
MFC.TO,MFC,2019-05-31,2019-06-13,5716327,4135063,1914168,2.99,38.24,Manulife Financial Corp.
MFC.TO,MFC,2019-06-14,2019-06-27,5127783,5717827,1545785,3.32,-10.32,Manulife Financial Corp.
MFC.TO,MFC,2019-06-28,2019-07-11,5107393,5127783,1650643,3.09,-0.4,Manulife Financial Corp.
MFC.TO,MFC,2019-07-15,2019-07-26,5641158,5107393,1658541,3.4,10.45,Manulife Financial Corp.
MFC.TO,MFC,2019-07-31,2019-08-13,5850812,5641158,1542540,3.79,3.72,Manulife Financial Corp.
MFC.TO,MFC,2019-08-15,2019-08-28,6470664,5850812,2406478,2.69,10.59,Manulife Financial Corp.
MFC.TO,MFC,2019-08-30,2019-09-12,7937716,6470664,1196090,6.64,22.67,Manulife Financial Corp.
MFC.TO,MFC,2019-09-13,2019-09-26,6861809,7937716,2194697,3.13,-13.55,Manulife Financial Corp.
MFC.TO,MFC,2019-09-30,2019-10-11,6137276,6861809,1263966,4.86,-10.56,Manulife Financial Corp.
MFC.TO,MFC,2019-10-15,2019-10-28,6204574,6137276,1419248,4.37,1.1,Manulife Financial Corp.
MFC.TO,MFC,2019-10-31,2019-11-13,4181200,6204574,1180189,3.54,-32.61,Manulife Financial Corp.
MFC.TO,MFC,2019-11-15,2019-11-28,4281288,4181200,2162514,1.98,2.39,Manulife Financial Corp.
MFC.TO,MFC,2019-11-29,2019-12-12,3273902,4281288,1376919,2.38,-23.53,Manulife Financial Corp.
MFC.TO,MFC,2019-12-13,2019-12-26,2668241,3273902,1379303,1.93,-18.5,Manulife Financial Corp.
MFC.TO,MFC,2019-12-31,2020-01-13,3969883,2668241,1499430,2.65,48.78,Manulife Financial Corp.
MFC.TO,MFC,2020-01-15,2020-01-28,5422749,3969883,1352451,4.01,36.6,Manulife Financial Corp.
MFC.TO,MFC,2020-01-31,2020-02-13,5672039,6467847,1620903,3.5,-12.3,Manulife Financial Corp.
MFC.TO,MFC,2020-02-14,2020-02-27,3179876,5672039,1438254,2.21,-43.94,Manulife Financial Corp.
MFC.TO,MFC,2020-02-28,2020-03-12,10131372,3179876,3840300,2.64,218.61,Manulife Financial Corp.
MFC.TO,MFC,2020-03-13,2020-03-26,7145515,10131372,4650927,1.54,-29.47,Manulife Financial Corp.
MFC.TO,MFC,2020-03-31,2020-04-13,8008319,7145515,3944191,2.03,12.07,Manulife Financial Corp.
MFC.TO,MFC,2020-04-15,2020-04-28,7652460,8008319,3145101,2.43,-4.44,Manulife Financial Corp.
MFC.TO,MFC,2020-04-30,2020-05-13,7243264,7652460,3671913,1.97,-5.35,Manulife Financial Corp.
MFC.TO,MFC,2020-05-15,2020-05-28,9685412,7780909,4216521,2.3,24.48,Manulife Financial Corp.
MFC.TO,MFC,2020-05-29,2020-06-11,7782162,9685412,3018576,2.58,-19.65,Manulife Financial Corp.
MFC.TO,MFC,2020-06-15,2020-06-26,10782209,7782162,4202873,2.57,38.55,Manulife Financial Corp.
MFC.TO,MFC,2020-06-30,2020-07-13,9139874,10782209,2524473,3.62,-15.23,Manulife Financial Corp.
MFC.TO,MFC,2020-07-15,2020-07-28,8153751,9139874,1825698,4.47,-10.79,Manulife Financial Corp.
MFC.TO,MFC,2020-07-31,2020-08-13,7012396,8153751,1758183,3.99,-14.0,Manulife Financial Corp.
MFC.TO,MFC,2020-08-14,2020-08-27,7637988,7012396,2398787,3.18,8.92,Manulife Financial Corp.
MFC.TO,MFC,2020-08-31,2020-09-11,6703471,7637988,1334874,5.02,-12.24,Manulife Financial Corp.
MFC.TO,MFC,2020-09-15,2020-09-28,6445818,6703471,1762495,3.66,-3.84,Manulife Financial Corp.
MFC.TO,MFC,2020-09-30,2020-10-13,7376293,6445818,2216763,3.33,14.44,Manulife Financial Corp.
MFC.TO,MFC,2020-10-15,2020-10-28,6317670,7376293,1321768,4.78,-14.35,Manulife Financial Corp.
MFC.TO,MFC,2020-10-30,2020-11-12,7452794,6317670,2205048,3.38,17.97,Manulife Financial Corp.
MFC.TO,MFC,2020-11-13,2020-11-26,7027183,7452794,2930260,2.4,-5.71,Manulife Financial Corp.
MFC.TO,MFC,2020-11-30,2020-12-11,10256062,7027183,3789264,2.71,45.95,Manulife Financial Corp.
MFC.TO,MFC,2020-12-15,2020-12-28,7572445,10256062,2315055,3.27,-26.17,Manulife Financial Corp.
MFC.TO,MFC,2020-12-31,2021-01-13,6375337,7572445,1400843,4.55,-15.81,Manulife Financial Corp.
MFC.TO,MFC,2021-01-15,2021-01-28,7923525,6375337,2573689,3.08,24.28,Manulife Financial Corp.
MFC.TO,MFC,2021-01-29,2021-02-11,7504568,7923525,1909303,3.93,-5.29,Manulife Financial Corp.
MFC.TO,MFC,2021-02-12,2021-02-25,5496174,7504568,2212491,2.48,-26.76,Manulife Financial Corp.
MFC.TO,MFC,2021-02-26,2021-03-11,11508725,5496174,5026666,2.29,109.4,Manulife Financial Corp.
MFC.TO,MFC,2021-03-15,2021-03-26,7670441,11508725,4853879,1.58,-33.35,Manulife Financial Corp.
MFC.TO,MFC,2021-03-31,2021-04-13,6066414,7670441,2416439,2.51,-20.91,Manulife Financial Corp.
MFC.TO,MFC,2021-04-15,2021-04-28,5889414,6066414,2152811,2.74,-2.92,Manulife Financial Corp.
MFC.TO,MFC,2021-04-30,2021-05-13,7079539,5889414,2899099,2.44,20.21,Manulife Financial Corp.
MFC.TO,MFC,2021-05-14,2021-05-27,11531896,7079539,3517550,3.28,62.89,Manulife Financial Corp.
MFC.TO,MFC,2021-05-28,2021-06-10,9540465,11531896,3957062,2.41,-17.27,Manulife Financial Corp.
MFC.TO,MFC,2021-06-15,2021-06-28,7410111,9520065,2715991,2.73,-22.16,Manulife Financial Corp.
MFC.TO,MFC,2021-06-30,2021-07-13,8429782,7410111,3622610,2.33,13.76,Manulife Financial Corp.
MFC.TO,MFC,2021-07-15,2021-07-28,8410433,8429782,3177462,2.65,-0.23,Manulife Financial Corp.
MFC.TO,MFC,2021-07-30,2021-08-12,7349427,8410433,3316351,2.22,-12.62,Manulife Financial Corp.
MFC.TO,MFC,2021-08-13,2021-08-26,8177153,7349427,3835876,2.13,11.26,Manulife Financial Corp.
MFC.TO,MFC,2021-08-31,2021-09-13,12469064,8177153,3714722,3.36,52.49,Manulife Financial Corp.
MFC.TO,MFC,2021-09-15,2021-09-28,12744493,12469064,2300998,5.54,2.21,Manulife Financial Corp.
MFC.TO,MFC,2021-09-30,2021-10-13,10161405,12744493,3400928,2.99,-20.27,Manulife Financial Corp.
MFC.TO,MFC,2021-10-15,2021-10-28,10248962,10161405,4558711,2.25,0.86,Manulife Financial Corp.
MFC.TO,MFC,2021-10-29,2021-11-11,10079541,10248962,2947797,3.42,-1.65,Manulife Financial Corp.
MFC.TO,MFC,2021-11-15,2021-11-26,7947922,10079541,2989482,2.66,-21.15,Manulife Financial Corp.
MFC.TO,MFC,2021-11-30,2021-12-13,38164239,7947922,5278754,7.23,380.18,Manulife Financial Corp.
MFC.TO,MFC,2021-12-15,2021-12-28,6284249,38164239,2660327,2.36,-83.53,Manulife Financial Corp.
MFC.TO,MFC,2021-12-31,2022-01-13,6206062,6284249,2729604,2.27,-1.24,Manulife Financial Corp.
MFC.TO,MFC,2022-01-14,2022-01-27,7207098,6206062,3276180,2.2,16.13,Manulife Financial Corp.
MFC.TO,MFC,2022-01-31,2022-02-11,6094435,7207098,4716951,1.29,-15.44,Manulife Financial Corp.
MFC.TO,MFC,2022-02-15,2022-02-28,21831383,6094435,4147992,5.26,258.22,Manulife Financial Corp.
MFC.TO,MFC,2022-02-28,2022-03-11,17794178,21831383,5139274,3.46,-18.49,Manulife Financial Corp.
MFC.TO,MFC,2022-03-15,2022-03-28,12228768,17794178,5186539,2.36,-31.28,Manulife Financial Corp.
MFC.TO,MFC,2022-03-31,2022-04-13,6233949,12228768,4333549,1.44,-49.02,Manulife Financial Corp.
MFC.TO,MFC,2022-04-14,2022-04-27,5387925,6233949,3249770,1.66,-13.57,Manulife Financial Corp.
MFC.TO,MFC,2022-04-29,2022-05-12,12434408,5387925,3727019,3.34,130.78,Manulife Financial Corp.
MFC.TO,MFC,2022-05-13,2022-05-26,17373206,12434408,5619958,3.09,39.72,Manulife Financial Corp.
MFC.TO,MFC,2022-05-31,2022-06-13,16704155,17373206,6541386,2.55,-3.85,Manulife Financial Corp.
MFC.TO,MFC,2022-06-15,2022-06-28,12039210,16704155,4642811,2.59,-27.93,Manulife Financial Corp.
MFC.TO,MFC,2022-06-30,2022-07-13,18542897,12039210,4985687,3.72,54.02,Manulife Financial Corp.
MFC.TO,MFC,2022-07-15,2022-07-28,21110824,18542897,3877995,5.44,13.85,Manulife Financial Corp.
MFC.TO,MFC,2022-07-29,2022-08-11,43991211,21110824,2922561,15.05,108.38,Manulife Financial Corp.
MFC.TO,MFC,2022-08-15,2022-08-26,55075548,43991211,2290098,24.05,25.2,Manulife Financial Corp.
MFC.TO,MFC,2022-08-31,2022-09-13,40356268,55075548,2960403,13.63,-26.73,Manulife Financial Corp.
MFC.TO,MFC,2022-09-15,2022-09-28,35537935,40356268,2495795,14.24,-11.94,Manulife Financial Corp.
MFC.TO,MFC,2022-09-30,2022-10-13,20921212,35537935,3606688,5.8,-41.13,Manulife Financial Corp.
MFC.TO,MFC,2022-10-14,2022-10-27,20739970,20921212,4829892,4.29,-0.87,Manulife Financial Corp.
MFC.TO,MFC,2022-10-31,2022-11-11,23214352,20739970,3578552,6.49,11.93,Manulife Financial Corp.
MFC.TO,MFC,2022-11-15,2022-11-28,26495318,23214352,3577338,7.41,14.13,Manulife Financial Corp.
MFC.TO,MFC,2022-11-30,2022-12-13,32320091,26495318,3686606,8.77,21.98,Manulife Financial Corp.
MFC.TO,MFC,2022-12-15,2022-12-28,25452682,32320091,2847559,8.94,-21.25,Manulife Financial Corp.
MFC.TO,MFC,2022-12-30,2023-01-12,10614086,25452682,3457736,3.07,-58.3,Manulife Financial Corp.
MFC.TO,MFC,2023-01-13,2023-01-26,12312001,10614086,2588883,4.76,16.0,Manulife Financial Corp.
MFC.TO,MFC,2023-01-31,2023-02-13,28703365,12312001,3025325,9.49,133.13,Manulife Financial Corp.
MFC.TO,MFC,2023-02-15,2023-02-28,50717053,28703365,3258196,15.57,76.69,Manulife Financial Corp.
MFC.TO,MFC,2023-02-28,2023-03-13,67009344,50717053,3674685,18.24,32.12,Manulife Financial Corp.
MFC.TO,MFC,2023-03-15,2023-03-28,13454629,67009344,4231369,3.18,-79.92,Manulife Financial Corp.
MFC.TO,MFC,2023-03-31,2023-04-13,16166396,13454629,4116758,3.93,20.15,Manulife Financial Corp.
MFC.TO,MFC,2023-04-14,2023-04-27,13800221,16166396,2176652,6.34,-14.64,Manulife Financial Corp.
MFC.TO,MFC,2023-04-28,2023-05-11,16802793,13800221,2439630,6.89,21.76,Manulife Financial Corp.
MFC.TO,MFC,2023-05-15,2023-05-26,28167489,16802793,3734445,7.54,67.64,Manulife Financial Corp.
MFC.TO,MFC,2023-05-31,2023-06-13,36295839,28167489,3337587,10.87,28.86,Manulife Financial Corp.
MFC.TO,MFC,2023-06-15,2023-06-28,21956274,36295839,2679853,8.19,-39.51,Manulife Financial Corp.
MFC.TO,MFC,2023-06-30,2023-07-13,10716642,21956274,3312988,3.23,-51.19,Manulife Financial Corp.
MFC.TO,MFC,2023-07-14,2023-07-27,10866137,10716642,3207506,3.39,1.39,Manulife Financial Corp.
MFC.TO,MFC,2023-07-31,2023-08-11,27716698,10866137,2957288,9.37,155.07,Manulife Financial Corp.
MFC.TO,MFC,2023-08-15,2023-08-28,35304469,27716698,3923920,9.0,27.38,Manulife Financial Corp.
MFC.TO,MFC,2023-08-31,2023-09-13,29025194,35304469,3317453,8.75,-17.79,Manulife Financial Corp.
MFC.TO,MFC,2023-09-15,2023-09-28,19849227,29025194,3926710,5.05,-31.61,Manulife Financial Corp.
MFC.TO,MFC,2023-09-29,2023-10-12,13014974,19849227,3091928,4.21,-34.43,Manulife Financial Corp.
MFC.TO,MFC,2023-10-13,2023-10-26,16485651,13014974,2193049,7.52,26.67,Manulife Financial Corp.
MFC.TO,MFC,2023-10-31,2023-11-13,26074246,16485651,3102617,8.4,58.16,Manulife Financial Corp.
MFC.TO,MFC,2023-11-15,2023-11-28,37158440,26074246,2822902,13.16,42.51,Manulife Financial Corp.
MFC.TO,MFC,2023-11-30,2023-12-13,29084858,37158440,4410625,6.59,-21.73,Manulife Financial Corp.
MFC.TO,MFC,2023-12-15,2023-12-28,7956532,29084858,3344640,2.38,-72.64,Manulife Financial Corp.
MFC.TO,MFC,2023-12-29,2024-01-11,8562879,7956532,2830271,3.03,7.62,Manulife Financial Corp.
MFC.TO,MFC,2024-01-12,2024-01-25,9279398,8562879,2701136,3.44,8.37,Manulife Financial Corp.
MFC.TO,MFC,2024-01-31,2024-02-13,10622214,9279398,3028186,3.51,14.47,Manulife Financial Corp.
MFC.TO,MFC,2024-02-15,2024-02-28,37751979,10622214,3938193,9.59,255.41,Manulife Financial Corp.
MFC.TO,MFC,2024-02-29,2024-03-13,43918213,37751979,4445998,9.88,16.33,Manulife Financial Corp.
MFC.TO,MFC,2024-03-15,2024-03-28,11311818,43918213,3236430,3.5,-74.24,Manulife Financial Corp.
MFC.TO,MFC,2024-03-28,2024-04-10,7517606,11311818,3520525,2.14,-33.54,Manulife Financial Corp.
MFC.TO,MFC,2024-04-15,2024-04-26,10338151,7517606,2716547,3.81,37.52,Manulife Financial Corp.
MFC.TO,MFC,2024-04-30,2024-05-13,11321508,10338151,1916309,5.91,9.51,Manulife Financial Corp.
MFC.TO,MFC,2024-05-15,2024-05-28,36785965,11310008,3737286,9.84,225.25,Manulife Financial Corp.
MFC.TO,MFC,2024-05-31,2024-06-13,31392127,36785965,3615394,8.68,-14.66,Manulife Financial Corp.
MFC.TO,MFC,2024-06-14,2024-06-27,10615820,31392127,1649931,6.43,-66.18,Manulife Financial Corp.
MFC.TO,MFC,2024-06-28,2024-07-11,6524448,10615820,2085030,3.13,-38.54,Manulife Financial Corp.
MFC.TO,MFC,2024-07-15,2024-07-26,11692147,6524448,1574762,7.42,79.21,Manulife Financial Corp.
MFC.TO,MFC,2024-07-31,2024-08-13,11861983,11692147,1548093,7.66,1.45,Manulife Financial Corp.
MFC.TO,MFC,2024-08-15,2024-08-28,36790875,11850383,2202395,16.7,210.46,Manulife Financial Corp.
MFC.TO,MFC,2024-08-30,2024-09-12,36222996,36790875,3086921,11.73,-1.54,Manulife Financial Corp.
MFC.TO,MFC,2024-09-13,2024-09-26,14213242,36222996,1619068,8.78,-60.76,Manulife Financial Corp.
MFC.TO,MFC,2024-09-30,2024-10-11,7789515,14213242,2119074,3.68,-45.2,Manulife Financial Corp.
MFC.TO,MFC,2024-10-15,2024-10-28,9257473,7789515,1469266,6.3,18.85,Manulife Financial Corp.
MFC.TO,MFC,2024-10-31,2024-11-13,16123805,9257473,1282618,12.57,74.17,Manulife Financial Corp.
MFC.TO,MFC,2024-11-15,2024-11-28,27395820,16123805,1920298,14.27,69.91,Manulife Financial Corp.
MFC.TO,MFC,2024-11-29,2024-12-12,25016967,27395820,2624321,9.53,-8.68,Manulife Financial Corp.
MFC.TO,MFC,2024-12-13,2024-12-26,16715296,25016967,2789340,5.99,-33.18,Manulife Financial Corp.
MFC.TO,MFC,2024-12-31,2025-01-13,9462915,16715296,1495961,6.33,-43.39,Manulife Financial Corp.
MFC.TO,MFC,2025-01-15,2025-01-28,7871305,9462915,1558642,5.05,-16.82,Manulife Financial Corp.
MFC.TO,MFC,2025-01-31,2025-02-13,11179581,7871305,1885100,5.93,42.03,Manulife Financial Corp.
MFC.TO,MFC,2025-02-14,2025-02-27,40092330,11179581,2206112,18.17,258.62,Manulife Financial Corp.
MFC.TO,MFC,2025-02-28,2025-03-13,45623485,40092330,3088839,14.77,13.8,Manulife Financial Corp.
MFC.TO,MFC,2025-03-14,2025-03-27,14782616,45623485,3492535,4.23,-67.6,Manulife Financial Corp.
MFC.TO,MFC,2025-03-31,2025-04-11,6194029,14782616,1538145,4.03,-58.1,Manulife Financial Corp.
MFC.TO,MFC,2025-04-15,2025-04-28,5707293,6194029,3545059,1.61,-7.86,Manulife Financial Corp.
MFC.TO,MFC,2025-04-30,2025-05-13,13441248,5707293,1624584,8.27,135.51,Manulife Financial Corp.
MFC.TO,MFC,2025-05-15,2025-05-28,59359990,13441248,2257170,26.3,341.63,Manulife Financial Corp.
MFC.TO,MFC,2025-05-30,2025-06-12,34510526,59359990,2892679,11.93,-41.86,Manulife Financial Corp.
MFC.TO,MFC,2025-06-13,2025-06-26,6150016,34510526,1712867,3.59,-82.18,Manulife Financial Corp.
MFC.TO,MFC,2025-06-30,2025-07-11,9534840,6150016,2741084,3.48,55.04,Manulife Financial Corp.
MFC.TO,MFC,2025-07-15,2025-07-28,10397368,9534840,1913794,5.43,9.05,Manulife Financial Corp.
MFC.TO,MFC,2025-07-31,2025-08-13,11753630,10397368,1798997,6.53,13.04,Manulife Financial Corp.
MFC.TO,MFC,2025-08-15,2025-08-28,23699991,11753630,2537550,9.34,101.64,Manulife Financial Corp.
MFC.TO,MFC,2025-08-29,2025-09-11,13879203,23699991,2641121,5.26,-41.44,Manulife Financial Corp.
MFC.TO,MFC,2025-09-15,2025-09-26,6446759,13879203,1714655,3.76,-53.55,Manulife Financial Corp.
MFC.TO,MFC,2025-09-30,2025-10-13,4790378,6446759,1788406,2.68,-25.69,Manulife Financial Corp.
MFC.TO,MFC,2025-10-15,2025-10-28,5577882,4790378,1605870,3.47,16.44,Manulife Financial Corp.
MFC.TO,MFC,2025-10-31,2025-11-13,14930158,5577882,1258823,11.86,167.67,Manulife Financial Corp.
MFC.TO,MFC,2025-11-14,2025-11-27,13452402,14930158,2278277,5.9,-9.9,Manulife Financial Corp.
MFC.TO,MFC,2025-11-28,2025-12-11,13135126,13145912,3106226,4.23,-0.08,Manulife Financial Corp.
MFC.TO,MFC,2025-12-15,2025-12-26,5614701,13135126,2511523,2.24,-57.25,Manulife Financial Corp.
MFC.TO,MFC,2025-12-31,2026-01-13,5502931,5614701,1434686,3.84,-1.99,Manulife Financial Corp.
MFC.TO,MFC,2026-01-15,2026-01-28,5755230,5502931,1787874,3.22,4.58,Manulife Financial Corp.
MFC.TO,MFC,2026-01-30,2026-02-12,7538654,5755230,1443441,5.22,30.99,Manulife Financial Corp.
MFC.TO,MFC,2026-02-13,2026-02-26,19937731,7533654,2815367,7.08,164.65,Manulife Financial Corp.
MFC.TO,MFC,2026-02-27,2026-03-12,19694734,19937731,4107030,4.8,-1.22,Manulife Financial Corp.
MFC.TO,MFC,2026-03-13,2026-03-26,5496978,19694734,2645573,2.08,-72.09,Manulife Financial Corp.
MFC.TO,MFC,2026-03-31,2026-04-13,4540895,5496978,2134750,2.13,-17.39,Manulife Financial Corp.
MFC.TO,MFC,2026-04-15,2026-04-28,4475943,4540895,1790233,2.5,-1.43,Manulife Financial Corp.
MFC.TO,MFC,2026-04-30,2026-05-13,10937480,4475943,1942688,5.63,144.36,Manulife Financial Corp.
MFC.TO,MFC,2026-05-15,2026-05-28,15001396,10937480,2139804,7.01,37.16,Manulife Financial Corp.
MFC.TO,MFC,2026-05-29,2026-06-11,24904565,15001396,3331786,7.47,66.01,Manulife Financial Corp.
MFC.TO,MFC,2026-06-15,2026-06-26,12989766,24904565,2017294,6.44,-47.84,Manulife Financial Corp.
MFC.TO,MFC,2026-06-30,2026-07-13,6012236,12989766,2009019,2.99,-53.72,Manulife Financial Corp.
MFC.TO,MFC,2026-07-15,2026-07-28,5285069,6012236,1299521,4.07,-12.09,Manulife Financial Corp.
MFC.TO,MFC,2026-07-31,2026-08-13,13067775,5285069,1717506,7.61,147.26,Manulife Financial Corp.
MFC.TO,MFC,2026-08-14,2026-08-27,22134305,13067775,2722088,8.13,69.38,Manulife Financial Corp.
NTR.TO,NTR,2018-01-12,2018-01-25,2518046,0,1799314,1.4,100.0,Nutrien Ltd.
NTR.TO,NTR,2018-01-31,2018-02-13,1443092,2518046,1664172,1.0,-42.69,Nutrien Ltd.
NTR.TO,NTR,2018-02-15,2018-02-28,1664380,1530062,2426762,1.0,8.78,Nutrien Ltd.
NTR.TO,NTR,2018-02-28,2018-03-13,2229563,1664380,2588550,1.0,33.96,Nutrien Ltd.
NTR.TO,NTR,2018-03-15,2018-03-28,3228909,2229563,2011578,1.61,44.82,Nutrien Ltd.
NTR.TO,NTR,2018-03-29,2018-04-11,3730432,3228909,1783663,2.09,15.53,Nutrien Ltd. Common Shares
NTR.TO,NTR,2018-04-13,2018-04-26,3214465,3730432,1282876,2.51,-13.83,Nutrien Ltd. Common Shares
NTR.TO,NTR,2018-04-30,2018-05-11,3021709,3214465,941846,3.21,-6.0,Nutrien Ltd. Common Shares
NTR.TO,NTR,2018-05-15,2018-05-28,3649716,3021709,1630227,2.24,20.78,Nutrien Ltd. Common Shares
NTR.TO,NTR,2018-05-31,2018-06-13,4771603,3649716,1391180,3.43,30.74,Nutrien Ltd. Common Shares
NTR.TO,NTR,2018-06-15,2018-06-28,5837689,4771603,2004340,2.91,22.34,Nutrien Ltd. Common Shares
NTR.TO,NTR,2018-06-29,2018-07-12,7825518,5837689,2117769,3.7,34.05,Nutrien Ltd. Common Shares
NTR.TO,NTR,2018-07-13,2018-07-26,6838044,7825518,1216574,5.62,-12.62,Nutrien Ltd. Common Shares
NTR.TO,NTR,2018-07-31,2018-08-13,6174144,6838044,1474513,4.19,-9.71,Nutrien Ltd. Common Shares
NTR.TO,NTR,2018-08-15,2018-08-28,5915130,6174144,1712544,3.45,-4.2,Nutrien Ltd. Common Shares
NTR.TO,NTR,2018-08-31,2018-09-13,6260516,5915130,1456467,4.3,5.84,Nutrien Ltd. Common Shares
NTR.TO,NTR,2018-09-14,2018-09-27,6397085,6260516,1691180,3.78,2.18,Nutrien Ltd. Common Shares
NTR.TO,NTR,2018-09-28,2018-10-11,5877008,6397085,1864947,3.15,-8.13,Nutrien Ltd. Common Shares
NTR.TO,NTR,2018-10-15,2018-10-26,5762776,5875980,1547986,3.72,-1.93,Nutrien Ltd. Common Shares
NTR.TO,NTR,2018-10-31,2018-11-13,4893356,5762776,1919284,2.55,-15.09,Nutrien Ltd. Common Shares
NTR.TO,NTR,2018-11-15,2018-11-28,4340755,4893356,1804646,2.41,-11.29,Nutrien Ltd. Common Shares
NTR.TO,NTR,2018-11-30,2018-12-13,4373114,4340755,1225818,3.57,0.75,Nutrien Ltd. Common Shares
NTR.TO,NTR,2018-12-14,2018-12-27,4729223,4373114,2020983,2.34,8.14,Nutrien Ltd. Common Shares
NTR.TO,NTR,2018-12-31,2019-01-11,5009325,4729223,2017147,2.48,5.92,Nutrien Ltd. Common Shares
NTR.TO,NTR,2019-01-15,2019-01-28,5291096,5009325,1299875,4.07,5.62,Nutrien Ltd. Common Shares
NTR.TO,NTR,2019-01-31,2019-02-13,5846478,5291096,1465648,3.99,10.5,Nutrien Ltd. Common Shares
NTR.TO,NTR,2019-02-15,2019-02-28,7901161,5846478,1657024,4.77,35.14,Nutrien Ltd. Common Shares
NTR.TO,NTR,2019-02-28,2019-03-13,7675140,7901161,1445658,5.31,-2.86,Nutrien Ltd. Common Shares
NTR.TO,NTR,2019-03-15,2019-03-28,7984961,7675140,1974166,4.04,4.04,Nutrien Ltd. Common Shares
NTR.TO,NTR,2019-03-29,2019-04-11,7572000,7984961,1988978,3.81,-5.17,Nutrien Ltd. Common Shares
NTR.TO,NTR,2019-04-15,2019-04-26,7442813,7572000,1401247,5.31,-1.71,Nutrien Ltd. Common Shares
NTR.TO,NTR,2019-04-30,2019-05-13,9089195,7442813,1249996,7.27,22.12,Nutrien Ltd. Common Shares
NTR.TO,NTR,2019-05-15,2019-05-28,8761178,9089195,2136897,4.1,-3.61,Nutrien Ltd. Common Shares
NTR.TO,NTR,2019-05-31,2019-06-13,7847255,8761178,2112469,3.71,-10.43,Nutrien Ltd. Common Shares
NTR.TO,NTR,2019-06-14,2019-06-27,9360908,7847757,1932198,4.84,19.28,Nutrien Ltd. Common Shares
NTR.TO,NTR,2019-06-28,2019-07-11,7791960,9360908,1608099,4.85,-16.76,Nutrien Ltd. Common Shares
NTR.TO,NTR,2019-07-15,2019-07-26,6884502,7791960,2270932,3.03,-11.65,Nutrien Ltd. Common Shares
NTR.TO,NTR,2019-07-31,2019-08-13,5523796,6884502,1613204,3.42,-19.76,Nutrien Ltd. Common Shares
NTR.TO,NTR,2019-08-15,2019-08-28,5782651,5523796,1473051,3.93,4.69,Nutrien Ltd. Common Shares
NTR.TO,NTR,2019-08-30,2019-09-12,5937338,5782651,829546,7.16,2.68,Nutrien Ltd. Common Shares
NTR.TO,NTR,2019-09-13,2019-09-26,4699119,5937338,1017940,4.62,-20.85,Nutrien Ltd. Common Shares
NTR.TO,NTR,2019-09-30,2019-10-11,4982945,4699119,987844,5.04,6.04,Nutrien Ltd. Common Shares
NTR.TO,NTR,2019-10-15,2019-10-28,4810170,4982945,954746,5.04,-3.47,Nutrien Ltd. Common Shares
NTR.TO,NTR,2019-10-31,2019-11-13,3962049,4810170,1304909,3.04,-17.63,Nutrien Ltd. Common Shares
NTR.TO,NTR,2019-11-15,2019-11-28,4389529,3962049,1162088,3.78,10.79,Nutrien Ltd. Common Shares
NTR.TO,NTR,2019-11-29,2019-12-12,4397745,4389529,1103124,3.99,0.19,Nutrien Ltd. Common Shares
NTR.TO,NTR,2019-12-13,2019-12-26,3585593,4397745,1237139,2.9,-18.47,Nutrien Ltd. Common Shares
NTR.TO,NTR,2019-12-31,2020-01-13,4445174,3585593,961100,4.63,23.97,Nutrien Ltd. Common Shares
NTR.TO,NTR,2020-01-15,2020-01-28,5043066,4445174,1111256,4.54,13.45,Nutrien Ltd. Common Shares
NTR.TO,NTR,2020-01-31,2020-02-13,5641916,5764205,1689603,3.34,-2.12,Nutrien Ltd. Common Shares
NTR.TO,NTR,2020-02-14,2020-02-27,5463662,5641916,1612863,3.39,-3.16,Nutrien Ltd. Common Shares
NTR.TO,NTR,2020-02-28,2020-03-12,5304330,5463662,2481452,2.14,-2.92,Nutrien Ltd. Common Shares
NTR.TO,NTR,2020-03-13,2020-03-26,4418524,5304330,2384596,1.85,-16.7,Nutrien Ltd. Common Shares
NTR.TO,NTR,2020-03-31,2020-04-13,3357515,4418524,2892089,1.16,-24.01,Nutrien Ltd. Common Shares
NTR.TO,NTR,2020-04-15,2020-04-28,4224388,3357515,1643638,2.57,25.82,Nutrien Ltd. Common Shares
NTR.TO,NTR,2020-04-30,2020-05-13,3277766,4224388,1338032,2.45,-22.41,Nutrien Ltd. Common Shares
NTR.TO,NTR,2020-05-15,2020-05-28,2895841,3304223,1570856,1.84,-12.36,Nutrien Ltd. Common Shares
NTR.TO,NTR,2020-05-29,2020-06-11,2860548,2895841,1118515,2.56,-1.22,Nutrien Ltd. Common Shares
NTR.TO,NTR,2020-06-15,2020-06-26,2554990,2860548,1523514,1.68,-10.68,Nutrien Ltd. Common Shares
NTR.TO,NTR,2020-06-30,2020-07-13,3085814,2554990,1224446,2.52,20.78,Nutrien Ltd. Common Shares
NTR.TO,NTR,2020-07-15,2020-07-28,2330509,3085814,1311173,1.78,-24.48,Nutrien Ltd. Common Shares
NTR.TO,NTR,2020-07-31,2020-08-13,3052685,2330509,1486064,2.05,30.99,Nutrien Ltd. Common Shares
NTR.TO,NTR,2020-08-14,2020-08-27,3634909,3052685,1963451,1.85,19.07,Nutrien Ltd. Common Shares
NTR.TO,NTR,2020-08-31,2020-09-11,3493149,3634909,1439500,2.43,-3.9,Nutrien Ltd. Common Shares
NTR.TO,NTR,2020-09-15,2020-09-28,3868864,3493149,1336069,2.9,10.76,Nutrien Ltd. Common Shares
NTR.TO,NTR,2020-09-30,2020-10-13,5514422,3868864,1378629,4.0,42.53,Nutrien Ltd. Common Shares
NTR.TO,NTR,2020-10-15,2020-10-28,4068692,5514422,1088892,3.74,-26.22,Nutrien Ltd. Common Shares
NTR.TO,NTR,2020-10-30,2020-11-12,4054992,4068692,977079,4.15,-0.34,Nutrien Ltd. Common Shares
NTR.TO,NTR,2020-11-13,2020-11-26,5017526,4054992,1677341,2.99,23.74,Nutrien Ltd. Common Shares
NTR.TO,NTR,2020-11-30,2020-12-11,6639608,5017526,1500106,4.43,32.33,Nutrien Ltd. Common Shares
NTR.TO,NTR,2020-12-15,2020-12-28,5295289,6639608,1087867,4.87,-20.25,Nutrien Ltd. Common Shares
NTR.TO,NTR,2020-12-31,2021-01-13,3228844,5295289,1239424,2.61,-39.02,Nutrien Ltd. Common Shares
NTR.TO,NTR,2021-01-15,2021-01-28,5971450,3228844,2224062,2.68,84.94,Nutrien Ltd. Common Shares
NTR.TO,NTR,2021-01-29,2021-02-11,5083421,5971450,1323249,3.84,-14.87,Nutrien Ltd. Common Shares
NTR.TO,NTR,2021-02-12,2021-02-25,5383184,5083421,1582878,3.4,5.9,Nutrien Ltd. Common Shares
NTR.TO,NTR,2021-02-26,2021-03-11,4794063,5383184,2402251,2.0,-10.94,Nutrien Ltd. Common Shares
NTR.TO,NTR,2021-03-15,2021-03-26,3320432,4794063,1702201,1.95,-30.74,Nutrien Ltd. Common Shares
NTR.TO,NTR,2021-03-31,2021-04-13,3228966,3320432,1892116,1.71,-2.75,Nutrien Ltd. Common Shares
NTR.TO,NTR,2021-04-15,2021-04-28,3034293,3228966,1519134,2.0,-6.03,Nutrien Ltd. Common Shares
NTR.TO,NTR,2021-04-30,2021-05-13,3558881,3034293,1730670,2.06,17.29,Nutrien Ltd. Common Shares
NTR.TO,NTR,2021-05-14,2021-05-27,4380582,3558881,2046640,2.14,23.09,Nutrien Ltd. Common Shares
NTR.TO,NTR,2021-05-28,2021-06-10,4306888,4380582,1670450,2.58,-1.68,Nutrien Ltd. Common Shares
NTR.TO,NTR,2021-06-15,2021-06-28,4934125,4302507,2611270,1.89,14.68,Nutrien Ltd. Common Shares
NTR.TO,NTR,2021-06-30,2021-07-13,2619246,4934125,2375850,1.1,-46.92,Nutrien Ltd. Common Shares
NTR.TO,NTR,2021-07-15,2021-07-28,2699063,2619246,1190091,2.27,3.05,Nutrien Ltd. Common Shares
NTR.TO,NTR,2021-07-30,2021-08-12,2204685,2699063,1353189,1.63,-18.32,Nutrien Ltd. Common Shares
NTR.TO,NTR,2021-08-13,2021-08-26,2149758,2204685,1748049,1.23,-2.49,Nutrien Ltd. Common Shares
NTR.TO,NTR,2021-08-31,2021-09-13,2645833,2149758,1476181,1.79,23.08,Nutrien Ltd. Common Shares
NTR.TO,NTR,2021-09-15,2021-09-28,2611074,2645833,1384176,1.89,-1.31,Nutrien Ltd. Common Shares
NTR.TO,NTR,2021-09-30,2021-10-13,4011948,2611074,1622203,2.47,53.65,Nutrien Ltd. Common Shares
NTR.TO,NTR,2021-10-15,2021-10-28,3151142,4011948,2156037,1.46,-21.46,Nutrien Ltd. Common Shares
NTR.TO,NTR,2021-10-29,2021-11-11,2571345,3151142,1217280,2.11,-18.4,Nutrien Ltd. Common Shares
NTR.TO,NTR,2021-11-15,2021-11-26,2960878,2571345,1974538,1.5,15.15,Nutrien Ltd. Common Shares
NTR.TO,NTR,2021-11-30,2021-12-13,4016559,2960878,2096844,1.92,35.65,Nutrien Ltd. Common Shares
NTR.TO,NTR,2021-12-15,2021-12-28,3996813,4016559,1967277,2.03,-0.49,Nutrien Ltd. Common Shares
NTR.TO,NTR,2021-12-31,2022-01-13,4063284,3996813,2153089,1.89,1.66,Nutrien Ltd. Common Shares
NTR.TO,NTR,2022-01-14,2022-01-27,3568557,4063284,3356361,1.06,-12.18,Nutrien Ltd. Common Shares
NTR.TO,NTR,2022-01-31,2022-02-11,4825554,3568557,3099225,1.56,35.22,Nutrien Ltd. Common Shares
NTR.TO,NTR,2022-02-15,2022-02-28,4709109,4825554,2731771,1.72,-2.41,Nutrien Ltd. Common Shares
NTR.TO,NTR,2022-02-28,2022-03-11,6241055,4709109,4401244,1.42,32.53,Nutrien Ltd. Common Shares
NTR.TO,NTR,2022-03-15,2022-03-28,6117559,6241055,6846065,1.0,-1.98,Nutrien Ltd. Common Shares
NTR.TO,NTR,2022-03-31,2022-04-13,4509739,6117559,4185403,1.08,-26.28,Nutrien Ltd. Common Shares
NTR.TO,NTR,2022-04-14,2022-04-27,5372482,4509739,3047037,1.76,19.13,Nutrien Ltd. Common Shares
NTR.TO,NTR,2022-04-29,2022-05-12,4308716,5372482,3894244,1.11,-19.8,Nutrien Ltd. Common Shares
NTR.TO,NTR,2022-05-13,2022-05-26,4700748,4308716,4062974,1.16,9.1,Nutrien Ltd. Common Shares
NTR.TO,NTR,2022-05-31,2022-06-13,4964090,4700748,2939172,1.69,5.6,Nutrien Ltd. Common Shares
NTR.TO,NTR,2022-06-15,2022-06-28,5113628,4964090,3999923,1.28,3.01,Nutrien Ltd. Common Shares
NTR.TO,NTR,2022-06-30,2022-07-13,7694500,5113628,3826811,2.01,50.47,Nutrien Ltd. Common Shares
NTR.TO,NTR,2022-07-15,2022-07-28,7087859,7694500,2655644,2.67,-7.88,Nutrien Ltd. Common Shares
NTR.TO,NTR,2022-07-29,2022-08-11,6560408,7087859,2495127,2.63,-7.44,Nutrien Ltd. Common Shares
NTR.TO,NTR,2022-08-15,2022-08-26,6896361,6560408,2565598,2.69,5.12,Nutrien Ltd. Common Shares
NTR.TO,NTR,2022-08-31,2022-09-13,7383402,6896361,2420634,3.05,7.06,Nutrien Ltd. Common Shares
NTR.TO,NTR,2022-09-15,2022-09-28,9430483,7383402,2354898,4.0,27.73,Nutrien Ltd. Common Shares
NTR.TO,NTR,2022-09-30,2022-10-13,9675759,9430483,2250171,4.3,2.6,Nutrien Ltd. Common Shares
NTR.TO,NTR,2022-10-14,2022-10-27,7985580,9675759,1968124,4.06,-17.47,Nutrien Ltd. Common Shares
NTR.TO,NTR,2022-10-31,2022-11-11,7428255,7985580,1962558,3.78,-6.98,Nutrien Ltd. Common Shares
NTR.TO,NTR,2022-11-15,2022-11-28,8044611,7428255,3255529,2.47,8.3,Nutrien Ltd. Common Shares
NTR.TO,NTR,2022-11-30,2022-12-13,7540117,8044611,1735845,4.34,-6.27,Nutrien Ltd. Common Shares
NTR.TO,NTR,2022-12-15,2022-12-28,6736622,7540117,1857932,3.63,-10.66,Nutrien Ltd. Common Shares
NTR.TO,NTR,2022-12-30,2023-01-12,8044887,6736622,1676028,4.8,19.42,Nutrien Ltd. Common Shares
NTR.TO,NTR,2023-01-13,2023-01-26,6110437,8044887,2285613,2.67,-24.05,Nutrien Ltd. Common Shares
NTR.TO,NTR,2023-01-31,2023-02-13,6112924,6110437,1845236,3.31,0.04,Nutrien Ltd. Common Shares
NTR.TO,NTR,2023-02-15,2023-02-28,6121340,6112924,2475149,2.47,0.14,Nutrien Ltd. Common Shares
NTR.TO,NTR,2023-02-28,2023-03-13,5841281,6121340,2074429,2.82,-4.58,Nutrien Ltd. Common Shares
NTR.TO,NTR,2023-03-15,2023-03-28,6702940,5841281,2645808,2.53,14.75,Nutrien Ltd. Common Shares
NTR.TO,NTR,2023-03-31,2023-04-13,10111013,6702940,2020260,5.0,50.84,Nutrien Ltd. Common Shares
NTR.TO,NTR,2023-04-14,2023-04-27,6648477,10111013,1936960,3.43,-34.25,Nutrien Ltd. Common Shares
NTR.TO,NTR,2023-04-28,2023-05-11,5855016,6648477,1474691,3.97,-11.93,Nutrien Ltd. Common Shares
NTR.TO,NTR,2023-05-15,2023-05-26,5934937,5855016,3636287,1.63,1.37,Nutrien Ltd. Common Shares
NTR.TO,NTR,2023-05-31,2023-06-13,6223833,5934937,3706450,1.68,4.87,Nutrien Ltd. Common Shares
NTR.TO,NTR,2023-06-15,2023-06-28,7046359,6223833,3315157,2.13,13.22,Nutrien Ltd. Common Shares
NTR.TO,NTR,2023-06-30,2023-07-13,6017236,7046359,2422446,2.48,-14.61,Nutrien Ltd. Common Shares
NTR.TO,NTR,2023-07-14,2023-07-27,4688458,6017236,1932555,2.43,-22.08,Nutrien Ltd. Common Shares
NTR.TO,NTR,2023-07-31,2023-08-11,4870164,4688458,2085300,2.34,3.88,Nutrien Ltd. Common Shares
NTR.TO,NTR,2023-08-15,2023-08-28,5192464,4870164,2339239,2.22,6.62,Nutrien Ltd. Common Shares
NTR.TO,NTR,2023-08-31,2023-09-13,4864131,5192464,1566858,3.1,-6.32,Nutrien Ltd. Common Shares
NTR.TO,NTR,2023-09-15,2023-09-28,4658325,4864131,1273032,3.66,-4.23,Nutrien Ltd. Common Shares
NTR.TO,NTR,2023-09-29,2023-10-12,7447068,4658325,1394030,5.34,59.87,Nutrien Ltd. Common Shares
NTR.TO,NTR,2023-10-13,2023-10-26,5973590,7447068,2041550,2.93,-19.79,Nutrien Ltd. Common Shares
NTR.TO,NTR,2023-10-31,2023-11-13,5183458,5973590,1618888,3.2,-13.23,Nutrien Ltd. Common Shares
NTR.TO,NTR,2023-11-15,2023-11-28,5071937,5183458,2247610,2.26,-2.15,Nutrien Ltd. Common Shares
NTR.TO,NTR,2023-11-30,2023-12-13,5552514,5071937,1415560,3.92,9.48,Nutrien Ltd. Common Shares
NTR.TO,NTR,2023-12-15,2023-12-28,4333576,5552514,1804390,2.4,-21.95,Nutrien Ltd. Common Shares
NTR.TO,NTR,2023-12-29,2024-01-11,6461866,4333576,1190224,5.43,49.11,Nutrien Ltd. Common Shares
NTR.TO,NTR,2024-01-12,2024-01-25,5189357,6461866,1956499,2.65,-19.69,Nutrien Ltd. Common Shares
NTR.TO,NTR,2024-01-31,2024-02-13,1889702,5189357,2210410,1.0,-63.59,Nutrien Ltd. Common Shares
NTR.TO,NTR,2024-02-15,2024-02-28,1610610,1889702,1736935,1.0,-14.77,Nutrien Ltd. Common Shares
NTR.TO,NTR,2024-02-29,2024-03-13,2448787,1610610,2187604,1.12,52.04,Nutrien Ltd. Common Shares
NTR.TO,NTR,2024-03-15,2024-03-28,3117040,2448787,2038497,1.53,27.29,Nutrien Ltd. Common Shares
NTR.TO,NTR,2024-03-28,2024-04-10,4700343,3117040,2243663,2.09,50.8,Nutrien Ltd. Common Shares
NTR.TO,NTR,2024-04-15,2024-04-26,3830636,4700343,2141304,1.79,-18.5,Nutrien Ltd. Common Shares
NTR.TO,NTR,2024-04-30,2024-05-13,4234245,3830636,1387220,3.05,10.54,Nutrien Ltd. Common Shares
NTR.TO,NTR,2024-05-15,2024-05-28,4307509,4234245,1745773,2.47,1.73,Nutrien Ltd. Common Shares
NTR.TO,NTR,2024-05-31,2024-06-13,4399750,4307509,1471781,2.99,2.14,Nutrien Ltd. Common Shares
NTR.TO,NTR,2024-06-14,2024-06-27,5563513,4399750,1700573,3.27,26.45,Nutrien Ltd. Common Shares
NTR.TO,NTR,2024-06-28,2024-07-11,9078783,5563513,1746175,5.2,63.18,Nutrien Ltd. Common Shares
NTR.TO,NTR,2024-07-15,2024-07-26,4244191,9078783,2114156,2.01,-53.25,Nutrien Ltd. Common Shares
NTR.TO,NTR,2024-07-31,2024-08-13,3073088,4244191,1671384,1.84,-27.59,Nutrien Ltd. Common Shares
NTR.TO,NTR,2024-08-15,2024-08-28,4831934,3073088,2952201,1.64,57.23,Nutrien Ltd. Common Shares
NTR.TO,NTR,2024-08-30,2024-09-12,6357903,4831934,1373329,4.63,31.58,Nutrien Ltd. Common Shares
NTR.TO,NTR,2024-09-13,2024-09-26,12823534,6357903,2108232,6.08,101.69,Nutrien Ltd. Common Shares
NTR.TO,NTR,2024-09-30,2024-10-11,17990255,12823534,2178052,8.26,40.29,Nutrien Ltd. Common Shares
NTR.TO,NTR,2024-10-15,2024-10-28,8289563,17798310,1967346,4.21,-53.42,Nutrien Ltd. Common Shares
NTR.TO,NTR,2024-10-31,2024-11-13,4209857,8289563,2009123,2.1,-49.21,Nutrien Ltd. Common Shares
NTR.TO,NTR,2024-11-15,2024-11-28,4134094,4209857,2519382,1.64,-1.8,Nutrien Ltd. Common Shares
NTR.TO,NTR,2024-11-29,2024-12-12,3409388,4134094,1781578,1.91,-17.53,Nutrien Ltd. Common Shares
NTR.TO,NTR,2024-12-13,2024-12-26,3598688,3409388,1842797,1.95,5.55,Nutrien Ltd. Common Shares
NTR.TO,NTR,2024-12-31,2025-01-13,5153225,3598688,1936550,2.66,43.2,Nutrien Ltd. Common Shares
NTR.TO,NTR,2025-01-15,2025-01-28,5832483,5153225,2516916,2.32,13.18,Nutrien Ltd. Common Shares
NTR.TO,NTR,2025-01-31,2025-02-13,4781133,5832483,2026363,2.36,-18.03,Nutrien Ltd. Common Shares
NTR.TO,NTR,2025-02-14,2025-02-27,5636179,4781133,2279433,2.47,17.88,Nutrien Ltd. Common Shares
NTR.TO,NTR,2025-02-28,2025-03-13,6415401,5636179,2968984,2.16,13.83,Nutrien Ltd. Common Shares
NTR.TO,NTR,2025-03-14,2025-03-27,16110447,6415401,2619381,6.15,151.12,Nutrien Ltd. Common Shares
NTR.TO,NTR,2025-03-31,2025-04-11,21420428,16110447,1870186,11.45,32.96,Nutrien Ltd. Common Shares
NTR.TO,NTR,2025-04-15,2025-04-28,13291900,21420428,3068892,4.33,-37.95,Nutrien Ltd. Common Shares
NTR.TO,NTR,2025-04-30,2025-05-13,7182441,13291900,2455210,2.93,-45.96,Nutrien Ltd. Common Shares
NTR.TO,NTR,2025-05-15,2025-05-28,7320391,7182441,2290508,3.2,1.92,Nutrien Ltd. Common Shares
NTR.TO,NTR,2025-05-30,2025-06-12,7006433,7320391,1868648,3.75,-4.29,Nutrien Ltd. Common Shares
NTR.TO,NTR,2025-06-13,2025-06-26,6426370,7006433,2065464,3.11,-8.28,Nutrien Ltd. Common Shares
NTR.TO,NTR,2025-06-30,2025-07-11,9402903,6426370,2558829,3.67,46.32,Nutrien Ltd. Common Shares
NTR.TO,NTR,2025-07-15,2025-07-28,6218198,9402903,1714412,3.63,-33.87,Nutrien Ltd. Common Shares
NTR.TO,NTR,2025-07-31,2025-08-13,3584265,6218198,1672204,2.14,-42.36,Nutrien Ltd. Common Shares
NTR.TO,NTR,2025-08-15,2025-08-28,3430329,3584265,2442383,1.4,-4.29,Nutrien Ltd. Common Shares
NTR.TO,NTR,2025-08-29,2025-09-11,4039382,3430329,1959378,2.06,17.75,Nutrien Ltd. Common Shares
NTR.TO,NTR,2025-09-15,2025-09-26,5259540,4039382,2855399,1.84,30.21,Nutrien Ltd. Common Shares
NTR.TO,NTR,2025-09-30,2025-10-13,9719336,5259479,3489548,2.79,84.8,Nutrien Ltd. Common Shares
NTR.TO,NTR,2025-10-15,2025-10-28,5161445,9719336,2718812,1.9,-46.9,Nutrien Ltd. Common Shares
NTR.TO,NTR,2025-10-31,2025-11-13,4511571,5161445,1935464,2.33,-12.59,Nutrien Ltd. Common Shares
NTR.TO,NTR,2025-11-14,2025-11-27,4489477,4511571,2315984,1.94,-0.49,Nutrien Ltd. Common Shares
NTR.TO,NTR,2025-11-28,2025-12-11,4808680,4464913,2166858,2.22,7.7,Nutrien Ltd. Common Shares
NTR.TO,NTR,2025-12-15,2025-12-26,12124530,4808680,3244227,3.74,152.14,Nutrien Ltd. Common Shares
NTR.TO,NTR,2025-12-31,2026-01-13,18013937,12124530,2194617,8.21,48.57,Nutrien Ltd. Common Shares
NTR.TO,NTR,2026-01-15,2026-01-28,8335894,17936659,3216022,2.59,-53.53,Nutrien Ltd. Common Shares
NTR.TO,NTR,2026-01-30,2026-02-12,6216324,8335894,2803888,2.22,-25.43,Nutrien Ltd. Common Shares
NTR.TO,NTR,2026-02-13,2026-02-26,5645091,6216324,3060529,1.84,-9.19,Nutrien Ltd. Common Shares
NTR.TO,NTR,2026-02-27,2026-03-12,5624648,5645091,2685739,2.09,-0.36,Nutrien Ltd. Common Shares
NTR.TO,NTR,2026-03-13,2026-03-26,4695577,5624648,5772251,1.0,-16.52,Nutrien Ltd. Common Shares
NTR.TO,NTR,2026-03-31,2026-04-13,8340769,4695577,4743559,1.76,77.63,Nutrien Ltd. Common Shares
NTR.TO,NTR,2026-04-15,2026-04-28,3717784,8340769,3053082,1.22,-55.43,Nutrien Ltd. Common Shares
NTR.TO,NTR,2026-04-30,2026-05-13,2447755,3717784,2560981,1.0,-34.16,Nutrien Ltd. Common Shares
NTR.TO,NTR,2026-05-15,2026-05-28,2548853,2447755,3231543,1.0,4.13,Nutrien Ltd. Common Shares
NTR.TO,NTR,2026-05-29,2026-06-11,2803734,2548853,2172983,1.29,10.0,Nutrien Ltd. Common Shares
NTR.TO,NTR,2026-06-15,2026-06-26,5310769,2802286,3204984,1.66,89.52,Nutrien Ltd. Common Shares
NTR.TO,NTR,2026-06-30,2026-07-13,10241667,5310769,3476553,2.95,92.85,Nutrien Ltd. Common Shares
NTR.TO,NTR,2026-07-15,2026-07-28,5567872,10241667,2472867,2.25,-45.64,Nutrien Ltd. Common Shares
NTR.TO,NTR,2026-07-31,2026-08-13,3719023,5567872,2095554,1.77,-33.21,Nutrien Ltd. Common Shares
NTR.TO,NTR,2026-08-14,2026-08-27,4543118,3719023,3019596,1.5,22.16,Nutrien Ltd. Common Shares
RY.TO,RY,2017-12-29,2018-01-11,6916182,7350418,547542,12.63,-5.91,Royal Bank Of Canada
RY.TO,RY,2018-01-12,2018-01-25,6487884,6916182,616583,10.52,-6.19,Royal Bank Of Canada
RY.TO,RY,2018-01-31,2018-02-13,6232959,6487884,836040,7.46,-3.93,Royal Bank Of Canada
RY.TO,RY,2018-02-15,2018-02-28,6309174,6232959,1029328,6.13,1.22,Royal Bank Of Canada
RY.TO,RY,2018-02-28,2018-03-13,6094938,6309174,967912,6.3,-3.4,Royal Bank Of Canada
RY.TO,RY,2018-03-15,2018-03-28,5384278,6094938,744977,7.23,-11.66,Royal Bank Of Canada
RY.TO,RY,2018-03-29,2018-04-11,5851060,5384278,835300,7.0,8.67,Royal Bank Of Canada
RY.TO,RY,2018-04-13,2018-04-26,5581662,5851060,740723,7.54,-4.6,Royal Bank Of Canada
RY.TO,RY,2018-04-30,2018-05-11,5662998,5581662,678739,8.34,1.46,Royal Bank of Canada
RY.TO,RY,2018-05-15,2018-05-28,5709416,5662998,553020,10.32,0.82,Royal Bank of Canada
RY.TO,RY,2018-05-31,2018-06-13,6317217,5709416,758804,8.33,10.65,Royal Bank of Canada
RY.TO,RY,2018-06-15,2018-06-28,7005663,6317217,615351,11.38,10.9,Royal Bank of Canada
RY.TO,RY,2018-06-29,2018-07-12,5876708,7005663,823112,7.14,-16.11,Royal Bank of Canada
RY.TO,RY,2018-07-13,2018-07-26,5352041,5876708,543721,9.84,-8.93,Royal Bank of Canada
RY.TO,RY,2018-07-31,2018-08-13,4685102,5352041,702624,6.67,-12.46,Royal Bank of Canada
RY.TO,RY,2018-08-15,2018-08-28,4504521,4685102,529785,8.5,-3.85,Royal Bank of Canada
RY.TO,RY,2018-08-31,2018-09-13,5125231,4504521,759413,6.75,13.78,Royal Bank of Canada
RY.TO,RY,2018-09-14,2018-09-27,5003954,5125231,700090,7.15,-2.37,Royal Bank of Canada
RY.TO,RY,2018-09-28,2018-10-11,3944563,5003954,626536,6.3,-21.17,Royal Bank of Canada
RY.TO,RY,2018-10-15,2018-10-26,4250829,3944563,740457,5.74,7.76,Royal Bank of Canada
RY.TO,RY,2018-10-31,2018-11-13,4535496,4250829,891699,5.09,6.7,Royal Bank of Canada
RY.TO,RY,2018-11-15,2018-11-28,3926237,4535496,531291,7.39,-13.43,Royal Bank of Canada
RY.TO,RY,2018-11-30,2018-12-13,4362181,3926237,939702,4.64,11.1,Royal Bank of Canada
RY.TO,RY,2018-12-14,2018-12-27,4765649,4362181,731494,6.51,9.25,Royal Bank of Canada
RY.TO,RY,2018-12-31,2019-01-11,4461396,4765649,865823,5.15,-6.38,Royal Bank of Canada
RY.TO,RY,2019-01-15,2019-01-28,3831326,4461396,685977,5.59,-14.12,Royal Bank of Canada
RY.TO,RY,2019-01-31,2019-02-13,6021692,3831326,1192782,5.05,57.17,Royal Bank of Canada
RY.TO,RY,2019-02-15,2019-02-28,4951207,6021692,739606,6.69,-17.78,Royal Bank of Canada
RY.TO,RY,2019-02-28,2019-03-13,5941065,4951207,918370,6.47,19.99,Royal Bank of Canada
RY.TO,RY,2019-03-15,2019-03-28,5368316,5941065,837299,6.41,-9.64,Royal Bank of Canada
RY.TO,RY,2019-03-29,2019-04-11,5531445,5368316,1415499,3.91,3.04,Royal Bank of Canada
RY.TO,RY,2019-04-15,2019-04-26,5295225,5531445,804389,6.58,-4.27,Royal Bank of Canada
RY.TO,RY,2019-04-30,2019-05-13,5115901,5295225,726552,7.04,-3.39,Royal Bank of Canada
RY.TO,RY,2019-05-15,2019-05-28,5404470,5115901,847087,6.38,5.64,Royal Bank of Canada
RY.TO,RY,2019-05-31,2019-06-13,5392513,5404470,815056,6.62,-0.22,Royal Bank of Canada
RY.TO,RY,2019-06-14,2019-06-27,5465127,5392513,825019,6.62,1.35,Royal Bank of Canada
RY.TO,RY,2019-06-28,2019-07-11,5226860,5465127,653032,8.0,-4.36,Royal Bank of Canada
RY.TO,RY,2019-07-15,2019-07-26,4987315,5226860,1118168,4.46,-4.58,Royal Bank of Canada
RY.TO,RY,2019-07-31,2019-08-13,7263557,4987315,690566,10.52,45.64,Royal Bank of Canada
RY.TO,RY,2019-08-15,2019-08-28,6083274,7263557,1057564,5.75,-16.25,Royal Bank of Canada
RY.TO,RY,2019-08-30,2019-09-12,4889274,6083274,811634,6.02,-19.63,Royal Bank of Canada
RY.TO,RY,2019-09-13,2019-09-26,4149878,4889274,1109085,3.74,-15.12,Royal Bank of Canada
RY.TO,RY,2019-09-30,2019-10-11,4740430,4149878,891985,5.31,14.23,Royal Bank of Canada
RY.TO,RY,2019-10-15,2019-10-28,4307662,4740430,1350690,3.19,-9.13,Royal Bank of Canada
RY.TO,RY,2019-10-31,2019-11-13,5853036,4307662,956322,6.12,35.88,Royal Bank of Canada
RY.TO,RY,2019-11-15,2019-11-28,3576770,5853036,684813,5.22,-38.89,Royal Bank of Canada
RY.TO,RY,2019-11-29,2019-12-12,3698273,3576770,776779,4.76,3.4,Royal Bank of Canada
RY.TO,RY,2019-12-13,2019-12-26,4035156,3698273,992672,4.06,9.11,Royal Bank of Canada
RY.TO,RY,2019-12-31,2020-01-13,4421720,4035156,689465,6.41,9.58,Royal Bank of Canada
RY.TO,RY,2020-01-15,2020-01-28,4777622,4421720,938010,5.09,8.05,Royal Bank of Canada
RY.TO,RY,2020-01-31,2020-02-13,6331360,5124716,868524,7.29,23.55,Royal Bank of Canada
RY.TO,RY,2020-02-14,2020-02-27,4959288,6331360,587322,8.44,-21.67,Royal Bank of Canada
RY.TO,RY,2020-02-28,2020-03-12,4738309,4959288,1644130,2.88,-4.46,Royal Bank of Canada
RY.TO,RY,2020-03-13,2020-03-26,8824963,4738309,2397955,3.68,86.25,Royal Bank of Canada
RY.TO,RY,2020-03-31,2020-04-13,7080950,8824963,2363426,3.0,-19.76,Royal Bank of Canada
RY.TO,RY,2020-04-15,2020-04-28,6820040,7080950,1293286,5.27,-3.68,Royal Bank of Canada
RY.TO,RY,2020-04-30,2020-05-13,7853736,6820040,1320882,5.95,15.16,Royal Bank of Canada
RY.TO,RY,2020-05-15,2020-05-28,8349573,8426085,1088544,7.67,-0.91,Royal Bank of Canada
RY.TO,RY,2020-05-29,2020-06-11,7579424,8349573,1447952,5.23,-9.22,Royal Bank of Canada
RY.TO,RY,2020-06-15,2020-06-26,6853329,7579424,1239077,5.53,-9.58,Royal Bank of Canada
RY.TO,RY,2020-06-30,2020-07-13,5993937,6853329,847817,7.07,-12.54,Royal Bank of Canada
RY.TO,RY,2020-07-15,2020-07-28,6385880,5993937,772809,8.26,6.54,Royal Bank of Canada
RY.TO,RY,2020-07-31,2020-08-13,12074814,6385880,1161427,10.4,89.09,Royal Bank of Canada
RY.TO,RY,2020-08-14,2020-08-27,7976287,12074814,497470,16.03,-33.94,Royal Bank of Canada
RY.TO,RY,2020-08-31,2020-09-11,5255508,7976287,556082,9.45,-34.11,Royal Bank of Canada
RY.TO,RY,2020-09-15,2020-09-28,5059542,5255508,594591,8.51,-3.73,Royal Bank of Canada
RY.TO,RY,2020-09-30,2020-10-13,4954203,5059542,512490,9.67,-2.08,Royal Bank of Canada
RY.TO,RY,2020-10-15,2020-10-28,5058079,4954203,756998,6.68,2.1,Royal Bank of Canada
RY.TO,RY,2020-10-30,2020-11-12,5780876,5058079,1057875,5.46,14.29,Royal Bank of Canada
RY.TO,RY,2020-11-13,2020-11-26,4963871,5780876,650959,7.63,-14.13,Royal Bank of Canada
RY.TO,RY,2020-11-30,2020-12-11,4867263,4963871,528836,9.2,-1.95,Royal Bank of Canada
RY.TO,RY,2020-12-15,2020-12-28,4313524,4867263,526687,8.19,-11.38,Royal Bank of Canada
RY.TO,RY,2020-12-31,2021-01-13,4736243,4313524,424894,11.15,9.8,Royal Bank of Canada
RY.TO,RY,2021-01-15,2021-01-28,4402818,4736243,633524,6.95,-7.04,Royal Bank of Canada
RY.TO,RY,2021-01-29,2021-02-11,5944376,4402818,1568064,3.79,35.01,Royal Bank of Canada
RY.TO,RY,2021-02-12,2021-02-25,5288460,5944376,1011767,5.23,-11.03,Royal Bank of Canada
RY.TO,RY,2021-02-26,2021-03-11,5431305,5288460,1370872,3.96,2.7,Royal Bank of Canada
RY.TO,RY,2021-03-15,2021-03-26,5590450,5431305,1707742,3.27,2.93,Royal Bank of Canada
RY.TO,RY,2021-03-31,2021-04-13,4775893,5590450,1034512,4.62,-14.57,Royal Bank of Canada
RY.TO,RY,2021-04-15,2021-04-28,5039562,4775893,732409,6.88,5.52,Royal Bank of Canada
RY.TO,RY,2021-04-30,2021-05-13,6661218,5039562,1270398,5.24,32.18,Royal Bank of Canada
RY.TO,RY,2021-05-14,2021-05-27,5193263,6661218,995249,5.22,-22.04,Royal Bank of Canada
RY.TO,RY,2021-05-28,2021-06-10,6015353,5193263,979459,6.14,15.83,Royal Bank of Canada
RY.TO,RY,2021-06-15,2021-06-28,5003691,6015353,946509,5.29,-16.82,Royal Bank of Canada
RY.TO,RY,2021-06-30,2021-07-13,3926289,5003691,1027748,3.82,-21.53,Royal Bank of Canada
RY.TO,RY,2021-07-15,2021-07-28,4760243,3926289,771295,6.17,21.24,Royal Bank of Canada
RY.TO,RY,2021-07-30,2021-08-12,4637818,4760243,1321342,3.51,-2.57,Royal Bank of Canada
RY.TO,RY,2021-08-13,2021-08-26,3681160,4637818,718819,5.12,-20.63,Royal Bank of Canada
RY.TO,RY,2021-08-31,2021-09-13,4329378,3681160,1200542,3.61,17.61,Royal Bank of Canada
RY.TO,RY,2021-09-15,2021-09-28,4443509,4329378,627742,7.08,2.64,Royal Bank of Canada
RY.TO,RY,2021-09-30,2021-10-13,3839411,4443509,1298223,2.96,-13.6,Royal Bank of Canada
RY.TO,RY,2021-10-15,2021-10-28,5226178,3839411,778578,6.71,36.12,Royal Bank of Canada
RY.TO,RY,2021-10-29,2021-11-11,4272528,5226178,1121736,3.81,-18.25,Royal Bank of Canada
RY.TO,RY,2021-11-15,2021-11-26,4577728,4272528,831057,5.51,7.14,Royal Bank of Canada
RY.TO,RY,2021-11-30,2021-12-13,5610551,4577728,1819662,3.08,22.56,Royal Bank of Canada
RY.TO,RY,2021-12-15,2021-12-28,5774213,5610551,1464637,3.94,2.92,Royal Bank of Canada
RY.TO,RY,2021-12-31,2022-01-13,6160519,5774213,1349909,4.56,6.69,Royal Bank of Canada
RY.TO,RY,2022-01-14,2022-01-27,6428802,6160519,1329583,4.84,4.35,Royal Bank of Canada
RY.TO,RY,2022-01-31,2022-02-11,12097908,6428802,2501382,4.84,88.18,Royal Bank of Canada
RY.TO,RY,2022-02-15,2022-02-28,7595052,12097908,1333085,5.7,-37.22,Royal Bank of Canada
RY.TO,RY,2022-02-28,2022-03-11,7269545,7595052,1737386,4.18,-4.29,Royal Bank of Canada
RY.TO,RY,2022-03-15,2022-03-28,7870833,7269545,1306345,6.03,8.27,Royal Bank of Canada
RY.TO,RY,2022-03-31,2022-04-13,7392817,7870833,864499,8.55,-6.07,Royal Bank of Canada
RY.TO,RY,2022-04-14,2022-04-27,7234086,7392817,763732,9.47,-2.15,Royal Bank of Canada
RY.TO,RY,2022-04-29,2022-05-12,14846602,7234086,1211661,12.25,105.23,Royal Bank of Canada
RY.TO,RY,2022-05-13,2022-05-26,12615157,14846602,997951,12.64,-15.03,Royal Bank of Canada
RY.TO,RY,2022-05-31,2022-06-13,6420474,12615157,1093559,5.87,-49.11,Royal Bank of Canada
RY.TO,RY,2022-06-15,2022-06-28,6727525,6420474,884101,7.61,4.78,Royal Bank of Canada
RY.TO,RY,2022-06-30,2022-07-13,12306110,6727525,941010,13.08,82.92,Royal Bank of Canada
RY.TO,RY,2022-07-15,2022-07-28,13586279,12306110,1054244,12.89,10.4,Royal Bank of Canada
RY.TO,RY,2022-07-29,2022-08-11,25748740,13586279,1073671,23.98,89.52,Royal Bank of Canada
RY.TO,RY,2022-08-15,2022-08-26,14012836,25748740,598566,23.41,-45.58,Royal Bank of Canada
RY.TO,RY,2022-08-31,2022-09-13,12610045,14012836,702414,17.95,-10.01,Royal Bank of Canada
RY.TO,RY,2022-09-15,2022-09-28,13030270,12610045,653679,19.93,3.33,Royal Bank of Canada
RY.TO,RY,2022-09-30,2022-10-13,15326063,13030270,768739,19.94,17.62,Royal Bank of Canada
RY.TO,RY,2022-10-14,2022-10-27,18678199,15326063,911636,20.49,21.87,Royal Bank of Canada
RY.TO,RY,2022-10-31,2022-11-11,32378698,18678199,999108,32.41,73.35,Royal Bank of Canada
RY.TO,RY,2022-11-15,2022-11-28,23613900,32378698,648725,36.4,-27.07,Royal Bank of Canada
RY.TO,RY,2022-11-30,2022-12-13,14585053,23613900,625290,23.33,-38.24,Royal Bank of Canada
RY.TO,RY,2022-12-15,2022-12-28,20076050,14585053,1252102,16.03,37.65,Royal Bank of Canada
RY.TO,RY,2022-12-30,2023-01-12,16704795,20076050,926296,18.03,-16.79,Royal Bank of Canada
RY.TO,RY,2023-01-13,2023-01-26,16653089,16704795,808609,20.59,-0.31,Royal Bank of Canada
RY.TO,RY,2023-01-31,2023-02-13,32131739,16653089,1157423,27.76,92.95,Royal Bank of Canada
RY.TO,RY,2023-02-15,2023-02-28,15071886,32131739,637345,23.65,-53.09,Royal Bank of Canada
RY.TO,RY,2023-02-28,2023-03-13,11162446,15071886,664100,16.81,-25.94,Royal Bank of Canada
RY.TO,RY,2023-03-15,2023-03-28,13257828,11162446,1111265,11.93,18.77,Royal Bank of Canada
RY.TO,RY,2023-03-31,2023-04-13,13572117,13257828,780144,17.4,2.37,Royal Bank of Canada
RY.TO,RY,2023-04-14,2023-04-27,22896821,13572117,608570,37.62,68.7,Royal Bank of Canada
RY.TO,RY,2023-04-28,2023-05-11,24736983,22896821,1325197,18.67,8.04,Royal Bank of Canada
RY.TO,RY,2023-05-15,2023-05-26,12796089,24736983,692467,18.48,-48.27,Royal Bank of Canada
RY.TO,RY,2023-05-31,2023-06-13,7411361,12796089,922522,8.03,-42.08,Royal Bank of Canada
RY.TO,RY,2023-06-15,2023-06-28,7712855,7411361,564541,13.66,4.07,Royal Bank of Canada
RY.TO,RY,2023-06-30,2023-07-13,7481576,7712855,601268,12.44,-3.0,Royal Bank of Canada
RY.TO,RY,2023-07-14,2023-07-27,15455936,7481576,868890,17.79,106.59,Royal Bank of Canada
RY.TO,RY,2023-07-31,2023-08-11,29456300,15455936,1365119,21.58,90.58,Royal Bank of Canada
RY.TO,RY,2023-08-15,2023-08-28,17534821,29456300,959930,18.27,-40.47,Royal Bank of Canada
RY.TO,RY,2023-08-31,2023-09-13,8832032,17534821,875176,10.09,-49.63,Royal Bank of Canada
RY.TO,RY,2023-09-15,2023-09-28,10838767,8832032,705100,15.37,22.72,Royal Bank of Canada
RY.TO,RY,2023-09-29,2023-10-12,16878023,10838767,1003939,16.81,55.72,Royal Bank of Canada
RY.TO,RY,2023-10-13,2023-10-26,23642228,16878023,1228569,19.24,40.08,Royal Bank of Canada
RY.TO,RY,2023-10-31,2023-11-13,24199078,23642228,1822186,13.28,2.36,Royal Bank of Canada
RY.TO,RY,2023-11-15,2023-11-28,10793153,24192781,1035674,10.42,-55.39,Royal Bank of Canada
RY.TO,RY,2023-11-30,2023-12-13,9976423,10793153,1091162,9.14,-7.57,Royal Bank of Canada
RY.TO,RY,2023-12-15,2023-12-28,6677810,9976423,1210606,5.52,-33.06,Royal Bank of Canada
RY.TO,RY,2023-12-29,2024-01-11,8548737,6677810,828073,10.32,28.02,Royal Bank of Canada
RY.TO,RY,2024-01-12,2024-01-25,13037374,8548737,1114779,11.7,52.51,Royal Bank of Canada
RY.TO,RY,2024-01-31,2024-02-13,31209880,13037374,1702806,18.33,139.39,Royal Bank of Canada
RY.TO,RY,2024-02-15,2024-02-28,9491766,31209880,1063841,8.92,-69.59,Royal Bank of Canada
RY.TO,RY,2024-02-29,2024-03-13,8844541,9491766,1134505,7.8,-6.82,Royal Bank of Canada
RY.TO,RY,2024-03-15,2024-03-28,9549243,8844541,892189,10.7,7.97,Royal Bank of Canada
RY.TO,RY,2024-03-28,2024-04-10,11912956,9549243,1297835,9.18,24.75,Royal Bank of Canada
RY.TO,RY,2024-04-15,2024-04-26,18003145,11912956,1145712,15.71,51.12,Royal Bank of Canada
RY.TO,RY,2024-04-30,2024-05-13,30043370,18003145,1329366,22.6,66.88,Royal Bank of Canada
RY.TO,RY,2024-05-15,2024-05-28,18896197,30043370,968832,19.5,-37.1,Royal Bank of Canada
RY.TO,RY,2024-05-31,2024-06-13,10298193,18896197,912776,11.28,-45.5,Royal Bank of Canada
RY.TO,RY,2024-06-14,2024-06-27,9141971,10298193,657834,13.9,-11.23,Royal Bank of Canada
RY.TO,RY,2024-06-28,2024-07-11,10464488,9141971,809781,12.92,14.47,Royal Bank of Canada
RY.TO,RY,2024-07-15,2024-07-26,18042802,10464488,1171490,15.4,72.42,Royal Bank of Canada
RY.TO,RY,2024-07-31,2024-08-13,20512024,18042802,1235816,16.6,13.69,Royal Bank of Canada
RY.TO,RY,2024-08-15,2024-08-28,13644330,20512024,987067,13.82,-33.48,Royal Bank of Canada
RY.TO,RY,2024-08-30,2024-09-12,11310082,13644330,1127396,10.03,-17.11,Royal Bank of Canada
RY.TO,RY,2024-09-13,2024-09-26,11810875,11310082,653120,18.08,4.43,Royal Bank of Canada
RY.TO,RY,2024-09-30,2024-10-11,10766091,11810875,667794,16.12,-8.85,Royal Bank of Canada
RY.TO,RY,2024-10-15,2024-10-28,16685840,10766091,919521,18.15,54.99,Royal Bank of Canada
RY.TO,RY,2024-10-31,2024-11-13,18064822,16685840,1651507,10.94,8.26,Royal Bank of Canada
RY.TO,RY,2024-11-15,2024-11-28,10630718,18064822,1342136,7.92,-41.15,Royal Bank of Canada
RY.TO,RY,2024-11-29,2024-12-12,7906421,10630718,964213,8.2,-25.63,Royal Bank of Canada
RY.TO,RY,2024-12-13,2024-12-26,6354593,7906421,728182,8.73,-19.63,Royal Bank of Canada
RY.TO,RY,2024-12-31,2025-01-13,5773488,6354593,849718,6.79,-9.14,Royal Bank of Canada
RY.TO,RY,2025-01-15,2025-01-28,6921126,5773488,1143075,6.05,19.88,Royal Bank of Canada
RY.TO,RY,2025-01-31,2025-02-13,12354176,6921126,1433505,8.62,78.5,Royal Bank of Canada
RY.TO,RY,2025-02-14,2025-02-27,10561804,12354176,1022953,10.32,-14.51,Royal Bank of Canada
RY.TO,RY,2025-02-28,2025-03-13,6458136,10561804,1495755,4.32,-38.85,Royal Bank of Canada
RY.TO,RY,2025-03-14,2025-03-27,5984945,6458136,1311803,4.56,-7.33,Royal Bank of Canada
RY.TO,RY,2025-03-31,2025-04-11,8270350,5984945,811053,10.2,38.19,Royal Bank of Canada
RY.TO,RY,2025-04-15,2025-04-28,19010621,8270350,2052772,9.26,129.86,Royal Bank of Canada
RY.TO,RY,2025-04-30,2025-05-13,19412253,19010621,1360993,14.26,2.11,Royal Bank of Canada
RY.TO,RY,2025-05-15,2025-05-28,4288909,19412253,1183384,3.62,-77.91,Royal Bank of Canada
RY.TO,RY,2025-05-30,2025-06-12,7743376,4288909,1450347,5.34,80.54,Royal Bank of Canada
RY.TO,RY,2025-06-13,2025-06-26,8470488,7743376,873755,9.69,9.39,Royal Bank of Canada
RY.TO,RY,2025-06-30,2025-07-11,9261838,8470488,906601,10.22,9.34,Royal Bank of Canada
RY.TO,RY,2025-07-15,2025-07-28,12916899,9261838,1096101,11.78,39.46,Royal Bank of Canada
RY.TO,RY,2025-07-31,2025-08-13,9666432,12916899,1363675,7.09,-25.16,Royal Bank of Canada
RY.TO,RY,2025-08-15,2025-08-28,8452727,9666432,1202092,7.03,-12.56,Royal Bank of Canada
RY.TO,RY,2025-08-29,2025-09-11,6660546,8452727,1074576,6.2,-21.2,Royal Bank of Canada
RY.TO,RY,2025-09-15,2025-09-26,4667392,6660546,781996,5.97,-29.92,Royal Bank of Canada
RY.TO,RY,2025-09-30,2025-10-13,5998194,4667392,894845,6.7,28.51,Royal Bank of Canada
RY.TO,RY,2025-10-15,2025-10-28,8707372,5998194,899161,9.68,45.17,Royal Bank of Canada
RY.TO,RY,2025-10-31,2025-11-13,6628673,8707372,1388353,4.77,-23.87,Royal Bank of Canada
RY.TO,RY,2025-11-14,2025-11-27,4251607,6628673,1128388,3.77,-35.86,Royal Bank of Canada
RY.TO,RY,2025-11-28,2025-12-11,4672448,4176990,1164028,4.01,11.86,Royal Bank of Canada
RY.TO,RY,2025-12-15,2025-12-26,5399963,4672448,1304194,4.14,15.57,Royal Bank of Canada
RY.TO,RY,2025-12-31,2026-01-13,3192305,5399963,749377,4.26,-40.88,Royal Bank of Canada
RY.TO,RY,2026-01-15,2026-01-28,8146426,3192305,1112346,7.32,155.19,Royal Bank of Canada
RY.TO,RY,2026-01-30,2026-02-12,6804881,8146426,1973501,3.45,-16.47,Royal Bank of Canada
RY.TO,RY,2026-02-13,2026-02-26,2325004,6804881,1466322,1.59,-65.83,Royal Bank of Canada
RY.TO,RY,2026-02-27,2026-03-12,2269034,2325004,1287197,1.76,-2.41,Royal Bank of Canada
RY.TO,RY,2026-03-13,2026-03-26,2924670,2269034,1139440,2.57,28.89,Royal Bank of Canada
RY.TO,RY,2026-03-31,2026-04-13,5056012,2924670,1555850,3.25,72.87,Royal Bank of Canada
RY.TO,RY,2026-04-15,2026-04-28,7507833,5056012,1470865,5.1,48.49,Royal Bank of Canada
RY.TO,RY,2026-04-30,2026-05-13,8815158,7507833,2326999,3.79,17.41,Royal Bank of Canada
RY.TO,RY,2026-05-15,2026-05-28,5308403,8815158,1062523,5.0,-39.78,Royal Bank of Canada
RY.TO,RY,2026-05-29,2026-06-11,5830342,5308403,1053259,5.54,9.83,Royal Bank of Canada
RY.TO,RY,2026-06-15,2026-06-26,6837593,5830342,1643441,4.16,17.28,Royal Bank of Canada
RY.TO,RY,2026-06-30,2026-07-13,7724460,6837593,2133143,3.62,12.97,Royal Bank of Canada
RY.TO,RY,2026-07-15,2026-07-28,9047530,7724460,1439763,6.28,17.13,Royal Bank of Canada
RY.TO,RY,2026-07-31,2026-08-13,6630140,9047530,1513245,4.38,-26.72,Royal Bank of Canada
RY.TO,RY,2026-08-14,2026-08-27,3350969,6630140,1253902,2.67,-49.46,Royal Bank of Canada
SHOP.TO,SHOP,2017-12-29,2018-01-11,5931021,6325284,679724,8.73,-6.23,Shopify Inc.
SHOP.TO,SHOP,2018-01-12,2018-01-25,5828467,5931021,904195,6.45,-1.73,Shopify Inc.
SHOP.TO,SHOP,2018-01-31,2018-02-13,5972706,5828467,1315568,4.54,2.47,Shopify Inc.
SHOP.TO,SHOP,2018-02-15,2018-02-28,5091064,5972706,2632201,1.93,-14.76,Shopify Inc.
SHOP.TO,SHOP,2018-02-28,2018-03-13,4837240,5091064,2335628,2.07,-4.99,Shopify Inc.
SHOP.TO,SHOP,2018-03-15,2018-03-28,5301799,4837240,1357808,3.9,9.6,Shopify Inc.
SHOP.TO,SHOP,2018-03-29,2018-04-11,5663218,5301799,2358861,2.4,6.82,Shopify Inc. ClaSS A subordina
SHOP.TO,SHOP,2018-04-13,2018-04-26,7511505,5663218,1868073,4.02,32.64,Shopify Inc. ClaSS A subordina
SHOP.TO,SHOP,2018-04-30,2018-05-11,10510327,7511505,1973624,5.33,39.92,Shopify Inc. Class A subordina
SHOP.TO,SHOP,2018-05-15,2018-05-28,10588831,10510327,2338569,4.53,0.75,Shopify Inc. Class A subordina
SHOP.TO,SHOP,2018-05-31,2018-06-13,11178016,10588831,1193585,9.37,5.56,Shopify Inc. Class A subordina
SHOP.TO,SHOP,2018-06-15,2018-06-28,8972237,11178016,1372794,6.54,-19.73,Shopify Inc. Class A subordina
SHOP.TO,SHOP,2018-06-29,2018-07-12,9073938,8972237,1665535,5.45,1.13,Shopify Inc. Class A subordina
SHOP.TO,SHOP,2018-07-13,2018-07-26,9538458,9073359,924951,10.31,5.13,Shopify Inc. Class A subordina
SHOP.TO,SHOP,2018-07-31,2018-08-13,9485206,9538458,1917344,4.95,-0.56,Shopify Inc. Class A subordina
SHOP.TO,SHOP,2018-08-15,2018-08-28,11845454,9485206,1482656,7.99,24.88,Shopify Inc. Class A subordina
SHOP.TO,SHOP,2018-08-31,2018-09-13,11790549,11845454,1146103,10.29,-0.46,Shopify Inc. Class A subordina
SHOP.TO,SHOP,2018-09-14,2018-09-27,9932197,11790549,1526865,6.5,-15.76,Shopify Inc. Class A subordina
SHOP.TO,SHOP,2018-09-28,2018-10-11,9356981,9932197,1325040,7.06,-5.79,Shopify Inc. Class A subordina
SHOP.TO,SHOP,2018-10-15,2018-10-26,9880323,9356981,1561350,6.33,5.59,Shopify Inc. Class A subordina
SHOP.TO,SHOP,2018-10-31,2018-11-13,10834878,9880223,2501932,4.33,9.66,Shopify Inc. Class A subordina
SHOP.TO,SHOP,2018-11-15,2018-11-28,10102417,10834878,1515791,6.66,-6.76,Shopify Inc. Class A subordina
SHOP.TO,SHOP,2018-11-30,2018-12-13,10065948,10102417,1368739,7.35,-0.36,Shopify Inc. Class A subordina
SHOP.TO,SHOP,2018-12-14,2018-12-27,9008211,10065948,2006353,4.49,-10.51,Shopify Inc. Class A subordina
SHOP.TO,SHOP,2018-12-31,2019-01-11,8790491,9008211,2364945,3.72,-2.42,Shopify Inc. Class A subordina
SHOP.TO,SHOP,2019-01-15,2019-01-28,8014149,8790491,1246672,6.43,-8.83,Shopify Inc. Class A subordina
SHOP.TO,SHOP,2019-01-31,2019-02-13,7502982,8014149,1110606,6.76,-6.38,Shopify Inc. Class A subordina
SHOP.TO,SHOP,2019-02-15,2019-02-28,6219374,7502982,1852906,3.36,-17.11,Shopify Inc. Class A subordina
SHOP.TO,SHOP,2019-02-28,2019-03-13,5779407,6219374,1212068,4.77,-7.07,Shopify Inc. Class A subordina
SHOP.TO,SHOP,2019-03-15,2019-03-28,6924439,5779407,1325597,5.22,19.81,Shopify Inc. Class A subordina
SHOP.TO,SHOP,2019-03-29,2019-04-11,7965898,6924439,1349113,5.9,15.04,Shopify Inc. Class A subordina
SHOP.TO,SHOP,2019-04-15,2019-04-26,8121564,7965898,1775913,4.57,1.95,Shopify Inc. Class A subordina
SHOP.TO,SHOP,2019-04-30,2019-05-13,6748878,8121564,2013117,3.35,-16.9,Shopify Inc. Class A subordina
SHOP.TO,SHOP,2019-05-15,2019-05-28,5803355,6748878,2492609,2.33,-14.01,Shopify Inc. Class A subordina
SHOP.TO,SHOP,2019-05-31,2019-06-13,5867828,5803355,1558832,3.76,1.11,Shopify Inc. Class A subordina
SHOP.TO,SHOP,2019-06-14,2019-06-27,5782297,5867928,1717625,3.37,-1.46,Shopify Inc. Class A subordina
SHOP.TO,SHOP,2019-06-28,2019-07-11,4363959,5782297,2213042,1.97,-24.53,Shopify Inc. Class A subordina
SHOP.TO,SHOP,2019-07-15,2019-07-26,4443521,4363959,1560069,2.85,1.82,Shopify Inc. Class A subordina
SHOP.TO,SHOP,2019-07-31,2019-08-13,3651994,4443521,1845319,1.98,-17.81,Shopify Inc. Class A subordina
SHOP.TO,SHOP,2019-08-15,2019-08-28,3717514,3651994,2221824,1.67,1.79,Shopify Inc. Class A subordina
SHOP.TO,SHOP,2019-08-30,2019-09-12,3565153,3717514,2264945,1.57,-4.1,Shopify Inc. Class A subordina
SHOP.TO,SHOP,2019-09-13,2019-09-26,3751305,3565153,2890189,1.3,5.22,Shopify Inc. Class A subordina
SHOP.TO,SHOP,2019-09-30,2019-10-11,3511016,3751305,3293522,1.07,-6.41,Shopify Inc. Class A subordina
SHOP.TO,SHOP,2019-10-15,2019-10-28,3578334,3511016,2147292,1.67,1.92,Shopify Inc. Class A subordina
SHOP.TO,SHOP,2019-10-31,2019-11-13,4155052,3578334,2636131,1.58,16.12,Shopify Inc. Class A subordina
SHOP.TO,SHOP,2019-11-15,2019-11-28,4435739,4155052,1979280,2.24,6.76,Shopify Inc. Class A subordina
SHOP.TO,SHOP,2019-11-29,2019-12-12,4180092,4435739,1692975,2.47,-5.76,Shopify Inc. Class A subordina
SHOP.TO,SHOP,2019-12-13,2019-12-26,4715920,4180092,2694830,1.75,12.82,Shopify Inc. Class A subordina
SHOP.TO,SHOP,2019-12-31,2020-01-13,4228538,4715920,1894613,2.23,-10.33,Shopify Inc. Class A subordina
SHOP.TO,SHOP,2020-01-15,2020-01-28,3695689,4228538,1434239,2.58,-12.6,Shopify Inc. Class A subordina
SHOP.TO,SHOP,2020-01-31,2020-02-13,3051558,3858307,1774912,1.72,-20.91,Shopify Inc. Class A subordina
SHOP.TO,SHOP,2020-02-14,2020-02-27,2732047,3051558,2749199,1.0,-10.47,Shopify Inc. Class A subordina
SHOP.TO,SHOP,2020-02-28,2020-03-12,2462379,2732047,2783830,1.0,-9.87,Shopify Inc. Class A subordina
SHOP.TO,SHOP,2020-03-13,2020-03-26,2913064,2462379,2757645,1.06,18.3,Shopify Inc. Class A subordina
SHOP.TO,SHOP,2020-03-31,2020-04-13,3681994,2913064,3122613,1.18,26.4,Shopify Inc. Class A subordina
SHOP.TO,SHOP,2020-04-15,2020-04-28,4532518,3681994,2923031,1.55,23.1,Shopify Inc. Class A subordina
SHOP.TO,SHOP,2020-04-30,2020-05-13,2829457,4532518,4792211,1.0,-37.57,Shopify Inc. Class A subordina
SHOP.TO,SHOP,2020-05-15,2020-05-28,2433196,2921859,3693108,1.0,-16.72,Shopify Inc. Class A subordina
SHOP.TO,SHOP,2020-05-29,2020-06-11,2262639,2433196,4019328,1.0,-7.01,Shopify Inc. Class A subordina
SHOP.TO,SHOP,2020-06-15,2020-06-26,1936608,2262639,1904925,1.02,-14.41,Shopify Inc. Class A subordina
SHOP.TO,SHOP,2020-06-30,2020-07-13,1858081,1936608,2519642,1.0,-4.05,Shopify Inc. Class A subordina
SHOP.TO,SHOP,2020-07-15,2020-07-28,1679822,1858081,2867264,1.0,-9.59,Shopify Inc. Class A subordina
SHOP.TO,SHOP,2020-07-31,2020-08-13,1613146,1679822,2813295,1.0,-3.97,Shopify Inc. Class A subordina
SHOP.TO,SHOP,2020-08-14,2020-08-27,1717965,1613146,1652932,1.04,6.5,Shopify Inc. Class A subordina
SHOP.TO,SHOP,2020-08-31,2020-09-11,1585771,1717965,1420080,1.12,-7.69,Shopify Inc. Class A subordina
SHOP.TO,SHOP,2020-09-15,2020-09-28,1583533,1585771,2013639,1.0,-0.14,Shopify Inc. Class A subordina
SHOP.TO,SHOP,2020-09-30,2020-10-13,1601928,1583533,2272903,1.0,1.16,Shopify Inc. Class A subordina
SHOP.TO,SHOP,2020-10-15,2020-10-28,1409219,1601928,1201073,1.17,-12.03,Shopify Inc. Class A subordina
SHOP.TO,SHOP,2020-10-30,2020-11-12,1113048,1409219,1290017,1.0,-21.02,Shopify Inc. Class A subordina
SHOP.TO,SHOP,2020-11-13,2020-11-26,1539977,1113048,1645240,1.0,38.36,Shopify Inc. Class A subordina
SHOP.TO,SHOP,2020-11-30,2020-12-11,1462855,1539977,1170664,1.25,-5.01,Shopify Inc. Class A subordina
SHOP.TO,SHOP,2020-12-15,2020-12-28,1035516,1462855,1059740,1.0,-29.21,Shopify Inc. Class A subordina
SHOP.TO,SHOP,2020-12-31,2021-01-13,1135691,1035516,1607967,1.0,9.67,Shopify Inc. Class A subordina
SHOP.TO,SHOP,2021-01-15,2021-01-28,1266114,1135691,1046547,1.21,11.48,Shopify Inc. Class A subordina
SHOP.TO,SHOP,2021-01-29,2021-02-11,1084950,1266114,863630,1.26,-14.31,Shopify Inc. Class A subordina
SHOP.TO,SHOP,2021-02-12,2021-02-25,1246724,1084950,1285952,1.0,14.91,Shopify Inc. Class A subordina
SHOP.TO,SHOP,2021-02-26,2021-03-11,1114536,1246724,1735541,1.0,-10.6,Shopify Inc. Class A subordina
SHOP.TO,SHOP,2021-03-15,2021-03-26,1779110,1114536,1774117,1.0,59.63,Shopify Inc. Class A subordina
SHOP.TO,SHOP,2021-03-31,2021-04-13,1801205,1779110,1157523,1.56,1.24,Shopify Inc. Class A subordina
SHOP.TO,SHOP,2021-04-15,2021-04-28,1520269,1801205,952935,1.6,-15.6,Shopify Inc. Class A subordina
SHOP.TO,SHOP,2021-04-30,2021-05-13,1372144,1520269,1250829,1.1,-9.74,Shopify Inc. Class A subordina
SHOP.TO,SHOP,2021-05-14,2021-05-27,1766486,1372144,1419894,1.24,28.74,Shopify Inc. Class A subordina
SHOP.TO,SHOP,2021-05-28,2021-06-10,1798377,1766486,1319366,1.36,1.81,Shopify Inc. Class A subordina
SHOP.TO,SHOP,2021-06-15,2021-06-28,1730309,1798376,960014,1.8,-3.78,Shopify Inc. Class A subordina
SHOP.TO,SHOP,2021-06-30,2021-07-13,1690427,1730309,1939902,1.0,-2.3,Shopify Inc. Class A subordina
SHOP.TO,SHOP,2021-07-15,2021-07-28,1702755,1690427,1332774,1.28,0.73,Shopify Inc. Class A subordina
SHOP.TO,SHOP,2021-07-30,2021-08-12,1575800,1702755,1495351,1.05,-7.46,Shopify Inc. Class A subordina
SHOP.TO,SHOP,2021-08-13,2021-08-26,1701322,1575800,1015694,1.68,7.97,Shopify Inc. Class A subordina
SHOP.TO,SHOP,2021-08-31,2021-09-13,1757556,1701322,834417,2.11,3.31,Shopify Inc. Class A subordina
SHOP.TO,SHOP,2021-09-15,2021-09-28,1620446,1757556,737001,2.2,-7.8,Shopify Inc. Class A subordina
SHOP.TO,SHOP,2021-09-30,2021-10-13,1653331,1620446,844698,1.96,2.03,Shopify Inc. Class A subordina
SHOP.TO,SHOP,2021-10-15,2021-10-28,1883931,1653331,797420,2.36,13.95,Shopify Inc. Class A subordina
SHOP.TO,SHOP,2021-10-29,2021-11-11,2176508,1883931,1300078,1.67,15.53,Shopify Inc. Class A subordina
SHOP.TO,SHOP,2021-11-15,2021-11-26,1812146,2176508,1065515,1.7,-16.74,Shopify Inc. Class A subordina
SHOP.TO,SHOP,2021-11-30,2021-12-13,1868921,1812146,1087949,1.72,3.13,Shopify Inc. Class A subordina
SHOP.TO,SHOP,2021-12-15,2021-12-28,1901495,1868921,1189889,1.6,1.74,Shopify Inc. Class A subordina
SHOP.TO,SHOP,2021-12-31,2022-01-13,2192852,1901495,896810,2.45,15.32,Shopify Inc. Class A subordina
SHOP.TO,SHOP,2022-01-14,2022-01-27,2212420,2192852,1787720,1.24,0.89,Shopify Inc. Class A subordina
SHOP.TO,SHOP,2022-01-31,2022-02-11,2390823,2212420,3397576,1.0,8.06,Shopify Inc. Class A subordina
SHOP.TO,SHOP,2022-02-15,2022-02-28,2491595,2390823,1979177,1.26,4.21,Shopify Inc. Class A subordina
SHOP.TO,SHOP,2022-02-28,2022-03-11,2343172,2491595,4258676,1.0,-5.96,Shopify Inc. Class A subordina
SHOP.TO,SHOP,2022-03-15,2022-03-28,3506867,2343172,2822884,1.24,49.66,Shopify Inc. Class A subordina
SHOP.TO,SHOP,2022-03-31,2022-04-13,4053059,3506867,3400464,1.19,15.57,Shopify Inc. Class A subordina
SHOP.TO,SHOP,2022-04-14,2022-04-27,4394762,4053059,3046245,1.44,8.43,Shopify Inc. Class A subordina
SHOP.TO,SHOP,2022-04-29,2022-05-12,5158210,4394762,3910447,1.32,17.37,Shopify Inc. Class A subordina
SHOP.TO,SHOP,2022-05-13,2022-05-26,5459637,5158210,6761592,1.0,5.84,Shopify Inc. Class A subordina
SHOP.TO,SHOP,2022-05-31,2022-06-13,5382473,5459637,4519310,1.19,-1.41,Shopify Inc. Class A subordina
SHOP.TO,SHOP,2022-06-15,2022-06-28,5262768,5382473,4098069,1.28,-2.22,Shopify Inc. Class A subordina
SHOP.TO,SHOP,2022-06-30,2022-07-13,42006833,5262768,39387064,1.07,698.19,Shopify Inc. Class A subordina
SHOP.TO,SHOP,2022-07-15,2022-07-28,56097915,42006833,23741302,2.36,33.54,Shopify Inc. Class A subordina
SHOP.TO,SHOP,2022-07-29,2022-08-11,57945272,56097915,39606817,1.46,3.29,Shopify Inc. Class A subordina
SHOP.TO,SHOP,2022-08-15,2022-08-26,45489655,57945272,33928356,1.34,-21.5,Shopify Inc. Class A subordina
SHOP.TO,SHOP,2022-08-31,2022-09-13,49284897,45489655,25946430,1.9,8.34,Shopify Inc. Class A subordina
SHOP.TO,SHOP,2022-09-15,2022-09-28,50673321,49284897,27935931,1.81,2.82,Shopify Inc. Class A subordina
SHOP.TO,SHOP,2022-09-30,2022-10-13,48880954,50673321,27644934,1.77,-3.54,Shopify Inc. Class A subordina
SHOP.TO,SHOP,2022-10-14,2022-10-27,41489247,48880954,29890224,1.39,-15.12,Shopify Inc. Class A subordina
SHOP.TO,SHOP,2022-10-31,2022-11-11,41710932,41505197,34806198,1.2,0.5,Shopify Inc. Class A subordina
SHOP.TO,SHOP,2022-11-15,2022-11-28,36281935,41710932,26329731,1.38,-13.02,Shopify Inc. Class A subordina
SHOP.TO,SHOP,2022-11-30,2022-12-13,35632457,36281935,20504117,1.74,-1.79,Shopify Inc. Class A subordina
SHOP.TO,SHOP,2022-12-15,2022-12-28,36027804,35632457,23746279,1.52,1.11,Shopify Inc. Class A subordina
SHOP.TO,SHOP,2022-12-30,2023-01-12,33737658,36027804,14757216,2.29,-6.36,Shopify Inc. Class A subordina
SHOP.TO,SHOP,2023-01-13,2023-01-26,38403448,33737658,19248597,2.0,13.83,Shopify Inc. Class A subordina
SHOP.TO,SHOP,2023-01-31,2023-02-13,46122186,38403448,24398144,1.89,20.1,Shopify Inc. Class A subordina
SHOP.TO,SHOP,2023-02-15,2023-02-28,42590112,46122186,20131856,2.12,-7.66,Shopify Inc. Class A subordina
SHOP.TO,SHOP,2023-02-28,2023-03-13,45889702,42590112,26348049,1.74,7.75,Shopify Inc. Class A subordina
SHOP.TO,SHOP,2023-03-15,2023-03-28,38404490,45889702,17123756,2.24,-16.31,Shopify Inc. Class A subordina
SHOP.TO,SHOP,2023-03-31,2023-04-13,36247721,38404490,13876122,2.61,-5.62,Shopify Inc. Class A subordina
SHOP.TO,SHOP,2023-04-14,2023-04-27,35269754,36247721,13149307,2.68,-2.7,Shopify Inc. Class A subordina
SHOP.TO,SHOP,2023-04-28,2023-05-11,36024787,35269754,11519614,3.13,2.14,Shopify Inc. Class A subordina
SHOP.TO,SHOP,2023-05-15,2023-05-26,38594212,36024787,25760780,1.5,7.13,Shopify Inc. Class A subordina
SHOP.TO,SHOP,2023-05-31,2023-06-13,38348020,38597965,13868785,2.77,-0.65,Shopify Inc. Class A subordina
SHOP.TO,SHOP,2023-06-15,2023-06-28,36140831,38348020,16878515,2.14,-5.76,Shopify Inc. Class A subordina
SHOP.TO,SHOP,2023-06-30,2023-07-13,28360819,36140831,10705208,2.65,-21.53,Shopify Inc. Class A subordina
SHOP.TO,SHOP,2023-07-14,2023-07-27,28847407,28360819,12010512,2.4,1.72,Shopify Inc. Class A subordina
SHOP.TO,SHOP,2023-07-31,2023-08-11,21292727,28847407,9933030,2.14,-26.19,Shopify Inc. Class A subordina
SHOP.TO,SHOP,2023-08-15,2023-08-28,24081949,21292727,14362386,1.68,13.1,Shopify Inc. Class A subordina
SHOP.TO,SHOP,2023-08-31,2023-09-13,25758202,24081949,11318687,2.28,6.96,Shopify Inc. Class A subordina
SHOP.TO,SHOP,2023-09-15,2023-09-28,26726825,25758202,8646075,3.09,3.76,Shopify Inc. Class A subordina
SHOP.TO,SHOP,2023-09-29,2023-10-12,28184155,26726825,10953345,2.57,5.45,Shopify Inc. Class A subordina
SHOP.TO,SHOP,2023-10-13,2023-10-26,27241989,28184155,10537609,2.59,-3.34,Shopify Inc. Class A subordina
SHOP.TO,SHOP,2023-10-31,2023-11-13,24555939,27241989,11203973,2.19,-9.86,Shopify Inc. Class A subordina
SHOP.TO,SHOP,2023-11-15,2023-11-28,26220177,24555939,16320532,1.61,6.78,Shopify Inc. Class A subordina
SHOP.TO,SHOP,2023-11-30,2023-12-13,26108491,26220177,10635994,2.45,-0.43,Shopify Inc. Class A subordina
SHOP.TO,SHOP,2023-12-15,2023-12-28,26716979,26108491,10149834,2.63,2.33,Shopify Inc. Class A subordina
SHOP.TO,SHOP,2023-12-29,2024-01-11,27478490,26716979,8217938,3.34,2.85,Shopify Inc. Class A subordina
SHOP.TO,SHOP,2024-01-12,2024-01-25,25930092,27478490,10376256,2.5,-5.63,Shopify Inc. Class A subordina
SHOP.TO,SHOP,2024-01-31,2024-02-13,25679928,25930092,8662897,2.96,-0.96,Shopify Inc. Class A subordina
SHOP.TO,SHOP,2024-02-15,2024-02-28,22050688,25679928,16568992,1.33,-14.13,Shopify Inc. Class A subordina
SHOP.TO,SHOP,2024-02-29,2024-03-13,19064241,22050688,9384816,2.03,-13.54,Shopify Inc. Class A subordina
SHOP.TO,SHOP,2024-03-15,2024-03-28,18128585,19064241,7507335,2.41,-4.91,Shopify Inc. Class A subordina
SHOP.TO,SHOP,2024-03-28,2024-04-10,16971835,18128585,5730772,2.96,-6.38,Shopify Inc. Class A subordina
SHOP.TO,SHOP,2024-04-15,2024-04-26,16334745,16971835,8110003,2.01,-3.75,Shopify Inc. Class A subordina
SHOP.TO,SHOP,2024-04-30,2024-05-13,15979371,16334745,7937283,2.01,-2.18,Shopify Inc. Class A subordina
SHOP.TO,SHOP,2024-05-15,2024-05-28,19856817,15979371,17796382,1.12,24.27,Shopify Inc. Class A subordina
SHOP.TO,SHOP,2024-05-31,2024-06-13,19679841,19856817,11158380,1.76,-0.89,Shopify Inc. Class A subordina
SHOP.TO,SHOP,2024-06-14,2024-06-27,22866603,19679841,10922664,2.09,16.19,Shopify Inc. Class A subordina
SHOP.TO,SHOP,2024-06-28,2024-07-11,19733198,22866603,8588045,2.3,-13.7,Shopify Inc. Class A subordina
SHOP.TO,SHOP,2024-07-15,2024-07-26,18832670,19733198,6587654,2.86,-4.56,Shopify Inc. Class A subordina
SHOP.TO,SHOP,2024-07-31,2024-08-13,18901224,18832670,8789238,2.15,0.36,Shopify Inc. Class A subordina
SHOP.TO,SHOP,2024-08-15,2024-08-28,21493573,18901224,16855410,1.28,13.72,Shopify Inc. Class A subordina
SHOP.TO,SHOP,2024-08-30,2024-09-12,21610847,21493573,5157282,4.19,0.55,Shopify Inc. Class A subordina
SHOP.TO,SHOP,2024-09-13,2024-09-26,21418075,21610847,5422049,3.95,-0.89,Shopify Inc. Class A subordina
SHOP.TO,SHOP,2024-09-30,2024-10-11,20938381,21418075,6123905,3.42,-2.24,Shopify Inc. Class A subordina
SHOP.TO,SHOP,2024-10-15,2024-10-28,21621193,20938381,5005102,4.32,3.26,Shopify Inc. Class A subordina
SHOP.TO,SHOP,2024-10-31,2024-11-13,21415205,21621193,4319203,4.96,-0.95,Shopify Inc. Class A subordina
SHOP.TO,SHOP,2024-11-15,2024-11-28,17071648,21415205,14743049,1.16,-20.28,Shopify Inc. Class A subordina
SHOP.TO,SHOP,2024-11-29,2024-12-12,15415660,17071648,7784123,1.98,-9.7,Shopify Inc. Class A subordina
SHOP.TO,SHOP,2024-12-13,2024-12-26,16619777,15415660,6991798,2.38,7.81,Shopify Inc. Class A subordina
SHOP.TO,SHOP,2024-12-31,2025-01-13,16181141,16619777,5389922,3.0,-2.64,Shopify Inc. Class A subordina
SHOP.TO,SHOP,2025-01-15,2025-01-28,16889837,16181141,6021756,2.8,4.38,Shopify Inc. Class A subordina
SHOP.TO,SHOP,2025-01-31,2025-02-13,13167336,16889837,6463762,2.04,-22.04,Shopify Inc. Class A subordina
SHOP.TO,SHOP,2025-02-14,2025-02-27,15398771,13167336,11569889,1.33,16.95,Shopify Inc. Class A subordina
SHOP.TO,SHOP,2025-02-28,2025-03-13,15886415,15398771,7714763,2.06,3.17,Shopify Inc. Class A subordina
SHOP.TO,SHOP,2025-03-14,2025-03-27,15151686,15886415,11131644,1.36,-4.62,Shopify Inc. Class A subordina
SHOP.TO,SHOP,2025-03-31,2025-04-11,16273058,15151686,9623378,1.69,7.4,Shopify Inc. Class A Subordina
SHOP.TO,SHOP,2025-04-15,2025-04-28,21830446,16273058,17602848,1.24,34.15,Shopify Inc. Class A Subordina
SHOP.TO,SHOP,2025-04-30,2025-05-13,21323858,21830446,9173880,2.32,-2.32,Shopify Inc. Class A Subordina
SHOP.TO,SHOP,2025-05-15,2025-05-28,18706481,21323858,16284258,1.15,-12.27,Shopify Inc. Class A Subordina
SHOP.TO,SHOP,2025-05-30,2025-06-12,27204841,18706481,16788992,1.62,45.43,Shopify Inc. Class A Subordina
SHOP.TO,SHOP,2025-06-13,2025-06-26,28007842,27204841,8415083,3.33,2.95,Shopify Inc. Class A Subordina
SHOP.TO,SHOP,2025-06-30,2025-07-11,26436169,28007842,7947154,3.33,-5.61,Shopify Inc. Class A Subordina
SHOP.TO,SHOP,2025-07-15,2025-07-28,26378506,26436169,6264798,4.21,-0.22,Shopify Inc. Class A Subordina
SHOP.TO,SHOP,2025-07-31,2025-08-13,22683890,26378506,7944806,2.86,-14.01,Shopify Inc. Class A Subordina
SHOP.TO,SHOP,2025-08-15,2025-08-28,20772330,22683890,11709594,1.77,-8.43,Shopify Inc. Class A Subordina
SHOP.TO,SHOP,2025-08-29,2025-09-11,18534753,20772330,5525193,3.35,-10.77,Shopify Inc. Class A Subordina
SHOP.TO,SHOP,2025-09-15,2025-09-26,20863720,18534753,5692295,3.67,12.57,Shopify Inc. Class A Subordina
SHOP.TO,SHOP,2025-09-30,2025-10-13,21496832,20863720,7613719,2.82,3.03,Shopify Inc. Class A Subordina
SHOP.TO,SHOP,2025-10-15,2025-10-28,20986479,21496832,8767958,2.39,-2.37,Shopify Inc. Class A Subordina
SHOP.TO,SHOP,2025-10-31,2025-11-13,19115214,20986479,8083767,2.36,-8.92,Shopify Inc. Class A Subordina
SHOP.TO,SHOP,2025-11-14,2025-11-27,16719389,19115214,10284659,1.63,-12.53,Shopify Inc. Class A Subordina
SHOP.TO,SHOP,2025-11-28,2025-12-11,17404782,16597355,9374987,1.86,4.86,Shopify Inc. Class A Subordina
SHOP.TO,SHOP,2025-12-15,2025-12-26,17686101,17404782,6466885,2.73,1.62,Shopify Inc. Class A Subordina
SHOP.TO,SHOP,2025-12-31,2026-01-13,15203959,17686101,5584310,2.72,-14.03,Shopify Inc. Class A Subordina
SHOP.TO,SHOP,2026-01-15,2026-01-28,11795858,15203959,5633106,2.09,-22.42,Shopify Inc. Class A Subordina
SHOP.TO,SHOP,2026-01-30,2026-02-12,8607150,11795858,10399752,1.0,-27.03,Shopify Inc. Class A Subordina
SHOP.TO,SHOP,2026-02-13,2026-02-26,14473822,8607150,23609317,1.0,68.16,Shopify Inc. Class A Subordina
SHOP.TO,SHOP,2026-02-27,2026-03-12,16415184,14473822,11765407,1.4,13.41,Shopify Inc. Class A Subordina
SHOP.TO,SHOP,2026-03-13,2026-03-26,18160764,16415184,9596172,1.89,10.63,Shopify Inc. Class A Subordina
SHOP.TO,SHOP,2026-03-31,2026-04-13,16687530,18160764,8153787,2.05,-8.11,Shopify Inc. Class A Subordina
SHOP.TO,SHOP,2026-04-15,2026-04-28,21740318,16687530,7939788,2.74,30.28,Shopify Inc. Class A Subordina
SHOP.TO,SHOP,2026-04-30,2026-05-13,19104684,21740318,6405622,2.98,-12.12,Shopify Inc. Class A Subordina
SHOP.TO,SHOP,2026-05-15,2026-05-28,21812029,19104684,18472421,1.18,14.17,Shopify Inc. Class A Subordina
SHOP.TO,SHOP,2026-05-29,2026-06-11,21687131,21812029,9883144,2.19,-0.57,Shopify Inc. Class A Subordina
SHOP.TO,SHOP,2026-06-15,2026-06-26,21050356,21687131,7952648,2.65,-2.94,Shopify Inc. Class A Subordina
SHOP.TO,SHOP,2026-06-30,2026-07-13,21297085,21050356,9645656,2.21,1.17,Shopify Inc. Class A Subordina
SHOP.TO,SHOP,2026-07-15,2026-07-28,26557096,21297085,6913990,3.84,24.7,Shopify Inc. Class A Subordina
SHOP.TO,SHOP,2026-07-31,2026-08-13,20123318,26557096,8769632,2.29,-24.23,Shopify Inc. Class A Subordina
SHOP.TO,SHOP,2026-08-14,2026-08-27,15388800,20123318,13758159,1.12,-23.53,Shopify Inc. Class A Subordina
SLF.TO,SLF,2017-12-29,2018-01-11,460445,791396,376455,1.22,-41.82,Sun Life Financial Inc
SLF.TO,SLF,2018-01-12,2018-01-25,415556,460411,474134,1.0,-9.74,Sun Life Financial Inc
SLF.TO,SLF,2018-01-31,2018-02-13,531635,415556,509356,1.04,27.93,Sun Life Financial Inc
SLF.TO,SLF,2018-02-15,2018-02-28,934204,531635,708416,1.32,75.72,Sun Life Financial Inc
SLF.TO,SLF,2018-02-28,2018-03-13,1893175,934204,614084,3.08,102.65,Sun Life Financial Inc
SLF.TO,SLF,2018-03-15,2018-03-28,1748987,1893175,529733,3.3,-7.62,Sun Life Financial Inc
SLF.TO,SLF,2018-03-29,2018-04-11,1856579,1748987,703721,2.64,6.15,Sun Life Financial Inc.
SLF.TO,SLF,2018-04-13,2018-04-26,1531019,1856579,638867,2.4,-17.54,Sun Life Financial Inc.
SLF.TO,SLF,2018-04-30,2018-05-11,1236299,1531019,479260,2.58,-19.25,Sun Life Financial Inc.
SLF.TO,SLF,2018-05-15,2018-05-28,2174328,1236299,552156,3.94,75.87,Sun Life Financial Inc.
SLF.TO,SLF,2018-05-31,2018-06-13,2077665,2174328,466740,4.45,-4.45,Sun Life Financial Inc.
SLF.TO,SLF,2018-06-15,2018-06-28,1814886,2077665,319824,5.67,-12.65,Sun Life Financial Inc.
SLF.TO,SLF,2018-06-29,2018-07-12,2588148,1814886,359484,7.2,42.61,Sun Life Financial Inc.
SLF.TO,SLF,2018-07-13,2018-07-26,3053318,2588148,307483,9.93,17.97,Sun Life Financial Inc.
SLF.TO,SLF,2018-07-31,2018-08-13,2593317,3053318,376773,6.88,-15.07,Sun Life Financial Inc.
SLF.TO,SLF,2018-08-15,2018-08-28,2366920,2593317,525825,4.5,-8.73,Sun Life Financial Inc.
SLF.TO,SLF,2018-08-31,2018-09-13,2413420,2366920,406500,5.94,1.96,Sun Life Financial Inc.
SLF.TO,SLF,2018-09-14,2018-09-27,2922255,2413420,319393,9.15,21.08,Sun Life Financial Inc.
SLF.TO,SLF,2018-09-28,2018-10-11,2902409,2922255,354567,8.19,-0.68,Sun Life Financial Inc.
SLF.TO,SLF,2018-10-15,2018-10-26,2902797,2902409,663028,4.38,0.01,Sun Life Financial Inc.
SLF.TO,SLF,2018-10-31,2018-11-13,2903888,2902797,680389,4.27,0.04,Sun Life Financial Inc.
SLF.TO,SLF,2018-11-15,2018-11-28,2848780,2903888,451898,6.3,-1.9,Sun Life Financial Inc.
SLF.TO,SLF,2018-11-30,2018-12-13,3636690,2848780,404954,8.98,27.66,Sun Life Financial Inc.
SLF.TO,SLF,2018-12-14,2018-12-27,4358597,3636690,445714,9.78,19.85,Sun Life Financial Inc.
SLF.TO,SLF,2018-12-31,2019-01-11,3934963,4358597,601362,6.54,-9.72,Sun Life Financial Inc.
SLF.TO,SLF,2019-01-15,2019-01-28,4090317,3934963,511475,8.0,3.95,Sun Life Financial Inc.
SLF.TO,SLF,2019-01-31,2019-02-13,3536992,4090317,440724,8.03,-13.53,Sun Life Financial Inc.
SLF.TO,SLF,2019-02-15,2019-02-28,2261042,3536992,595796,3.79,-36.07,Sun Life Financial Inc.
SLF.TO,SLF,2019-02-28,2019-03-13,2470617,2261042,594506,4.16,9.27,Sun Life Financial Inc.
SLF.TO,SLF,2019-03-15,2019-03-28,4069263,2470617,424504,9.59,64.71,Sun Life Financial Inc.
SLF.TO,SLF,2019-03-29,2019-04-11,2962981,4069263,638560,4.64,-27.19,Sun Life Financial Inc.
SLF.TO,SLF,2019-04-15,2019-04-26,2906597,2962981,353421,8.22,-1.9,Sun Life Financial Inc.
SLF.TO,SLF,2019-04-30,2019-05-13,2397425,2906597,335369,7.15,-17.52,Sun Life Financial Inc.
SLF.TO,SLF,2019-05-15,2019-05-28,2121396,2397425,507514,4.18,-11.51,Sun Life Financial Inc.
SLF.TO,SLF,2019-05-31,2019-06-13,2017672,2121396,812506,2.48,-4.89,Sun Life Financial Inc.
SLF.TO,SLF,2019-06-14,2019-06-27,1999707,2018172,570482,3.51,-0.91,Sun Life Financial Inc.
SLF.TO,SLF,2019-06-28,2019-07-11,2068833,1999707,492745,4.2,3.46,Sun Life Financial Inc.
SLF.TO,SLF,2019-07-15,2019-07-26,2378164,2068833,387295,6.14,14.95,Sun Life Financial Inc.
SLF.TO,SLF,2019-07-31,2019-08-13,2101027,2378164,424037,4.95,-11.65,Sun Life Financial Inc.
SLF.TO,SLF,2019-08-15,2019-08-28,1638878,2101027,715849,2.29,-22.0,Sun Life Financial Inc.
SLF.TO,SLF,2019-08-30,2019-09-12,2911289,1638878,483691,6.02,77.64,Sun Life Financial Inc.
SLF.TO,SLF,2019-09-13,2019-09-26,3016945,2911289,587944,5.13,3.63,Sun Life Financial Inc.
SLF.TO,SLF,2019-09-30,2019-10-11,2517658,3016945,421860,5.97,-16.55,Sun Life Financial Inc.
SLF.TO,SLF,2019-10-15,2019-10-28,2505083,2517658,501739,4.99,-0.5,Sun Life Financial Inc.
SLF.TO,SLF,2019-10-31,2019-11-13,2456287,2505083,541920,4.53,-1.95,Sun Life Financial Inc.
SLF.TO,SLF,2019-11-15,2019-11-28,1918689,2456287,555082,3.46,-21.89,Sun Life Financial Inc.
SLF.TO,SLF,2019-11-29,2019-12-12,4678838,1918689,846715,5.53,143.86,Sun Life Financial Inc.
SLF.TO,SLF,2019-12-13,2019-12-26,981789,4678838,437865,2.24,-79.02,Sun Life Financial Inc.
SLF.TO,SLF,2019-12-31,2020-01-13,3262983,981789,637998,5.11,232.35,Sun Life Financial Inc.
SLF.TO,SLF,2020-01-15,2020-01-28,3842410,3262983,459516,8.36,17.76,Sun Life Financial Inc.
SLF.TO,SLF,2020-01-31,2020-02-13,4037622,3992668,329150,12.27,1.13,Sun Life Financial Inc.
SLF.TO,SLF,2020-02-14,2020-02-27,3091610,4037622,380695,8.12,-23.43,Sun Life Financial Inc.
SLF.TO,SLF,2020-02-28,2020-03-12,3507539,3091610,846588,4.14,13.45,Sun Life Financial Inc.
SLF.TO,SLF,2020-03-13,2020-03-26,2701854,3507539,1228297,2.2,-22.97,Sun Life Financial Inc.
SLF.TO,SLF,2020-03-31,2020-04-13,1699547,2701854,1144079,1.49,-37.1,Sun Life Financial Inc.
SLF.TO,SLF,2020-04-15,2020-04-28,1722737,1699547,711462,2.42,1.36,Sun Life Financial Inc.
SLF.TO,SLF,2020-04-30,2020-05-13,1556082,1722737,699173,2.23,-9.67,Sun Life Financial Inc.
SLF.TO,SLF,2020-05-15,2020-05-28,2686560,2323175,839106,3.2,15.64,Sun Life Financial Inc.
SLF.TO,SLF,2020-05-29,2020-06-11,2437489,2686560,515543,4.73,-9.27,Sun Life Financial Inc.
SLF.TO,SLF,2020-06-15,2020-06-26,2188485,2437489,715295,3.06,-10.22,Sun Life Financial Inc.
SLF.TO,SLF,2020-06-30,2020-07-13,2282833,2188485,558122,4.09,4.31,Sun Life Financial Inc.
SLF.TO,SLF,2020-07-15,2020-07-28,3162698,2282833,791573,4.0,38.54,Sun Life Financial Inc.
SLF.TO,SLF,2020-07-31,2020-08-13,2410756,3162698,414099,5.82,-23.78,Sun Life Financial Inc.
SLF.TO,SLF,2020-08-14,2020-08-27,2707929,2410756,494427,5.48,12.33,Sun Life Financial Inc.
SLF.TO,SLF,2020-08-31,2020-09-11,2505078,2707929,736762,3.4,-7.49,Sun Life Financial Inc.
SLF.TO,SLF,2020-09-15,2020-09-28,2163393,2505078,348897,6.2,-13.64,Sun Life Financial Inc.
SLF.TO,SLF,2020-09-30,2020-10-13,2211794,2163393,373430,5.92,2.24,Sun Life Financial Inc.
SLF.TO,SLF,2020-10-15,2020-10-28,2306912,2211794,283350,8.14,4.3,Sun Life Financial Inc.
SLF.TO,SLF,2020-10-30,2020-11-12,1810142,2306912,415125,4.36,-21.53,Sun Life Financial Inc.
SLF.TO,SLF,2020-11-13,2020-11-26,989992,1810142,525292,1.88,-45.31,Sun Life Financial Inc.
SLF.TO,SLF,2020-11-30,2020-12-11,676168,989992,964131,1.0,-31.7,Sun Life Financial Inc.
SLF.TO,SLF,2020-12-15,2020-12-28,349926,676168,400290,1.0,-48.25,Sun Life Financial Inc.
SLF.TO,SLF,2020-12-31,2021-01-13,617621,349926,295086,2.09,76.5,Sun Life Financial Inc.
SLF.TO,SLF,2021-01-15,2021-01-28,1065538,617621,440013,2.42,72.52,Sun Life Financial Inc.
SLF.TO,SLF,2021-01-29,2021-02-11,1261006,1065538,412240,3.06,18.34,Sun Life Financial Inc.
SLF.TO,SLF,2021-02-12,2021-02-25,1151926,1261006,460413,2.5,-8.65,Sun Life Financial Inc.
SLF.TO,SLF,2021-02-26,2021-03-11,2928296,1151926,824719,3.55,154.21,Sun Life Financial Inc.
SLF.TO,SLF,2021-03-15,2021-03-26,1082633,2928296,495479,2.19,-63.03,Sun Life Financial Inc.
SLF.TO,SLF,2021-03-31,2021-04-13,920419,1082633,433199,2.12,-14.98,Sun Life Financial Inc.
SLF.TO,SLF,2021-04-15,2021-04-28,1299934,920419,407791,3.19,41.23,Sun Life Financial Inc.
SLF.TO,SLF,2021-04-30,2021-05-13,1172329,1299934,405331,2.89,-9.82,Sun Life Financial Inc.
SLF.TO,SLF,2021-05-14,2021-05-27,1353390,1172329,448122,3.02,15.44,Sun Life Financial Inc.
SLF.TO,SLF,2021-05-28,2021-06-10,1522625,1353390,783748,1.94,12.5,Sun Life Financial Inc.
SLF.TO,SLF,2021-06-15,2021-06-28,1722872,1517948,524329,3.29,13.5,Sun Life Financial Inc.
SLF.TO,SLF,2021-06-30,2021-07-13,2288355,1722872,608226,3.76,32.82,Sun Life Financial Inc.
SLF.TO,SLF,2021-07-15,2021-07-28,2474814,2288355,484466,5.11,8.15,Sun Life Financial Inc.
SLF.TO,SLF,2021-07-30,2021-08-12,1923503,2474814,617962,3.11,-22.28,Sun Life Financial Inc.
SLF.TO,SLF,2021-08-13,2021-08-26,1505969,1923503,530067,2.84,-21.71,Sun Life Financial Inc.
SLF.TO,SLF,2021-08-31,2021-09-13,4914949,1505969,1091207,4.5,226.36,Sun Life Financial Inc.
SLF.TO,SLF,2021-09-15,2021-09-28,5211708,4914949,465310,11.2,6.04,Sun Life Financial Inc.
SLF.TO,SLF,2021-09-30,2021-10-13,5669698,5211708,586343,9.67,8.79,Sun Life Financial Inc.
SLF.TO,SLF,2021-10-15,2021-10-28,5288554,5669698,586275,9.02,-6.72,Sun Life Financial Inc.
SLF.TO,SLF,2021-10-29,2021-11-11,5559143,5288554,817227,6.8,5.12,Sun Life Financial Inc.
SLF.TO,SLF,2021-11-15,2021-11-26,5675524,5559143,498470,11.39,2.09,Sun Life Financial Inc.
SLF.TO,SLF,2021-11-30,2021-12-13,11271826,5675524,1438366,7.84,98.6,Sun Life Financial Inc.
SLF.TO,SLF,2021-12-15,2021-12-28,5339375,11271826,638423,8.36,-52.63,Sun Life Financial Inc.
SLF.TO,SLF,2021-12-31,2022-01-13,4045717,5339375,586691,6.9,-24.23,Sun Life Financial Inc.
SLF.TO,SLF,2022-01-14,2022-01-27,4172383,4045717,665052,6.27,3.13,Sun Life Financial Inc.
SLF.TO,SLF,2022-01-31,2022-02-11,3649418,4172383,885654,4.12,-12.53,Sun Life Financial Inc.
SLF.TO,SLF,2022-02-15,2022-02-28,3945500,3649418,910918,4.33,8.11,Sun Life Financial Inc.
SLF.TO,SLF,2022-02-28,2022-03-11,11948522,3945500,1363629,8.76,202.84,Sun Life Financial Inc.
SLF.TO,SLF,2022-03-15,2022-03-28,9347741,11948522,889084,10.51,-21.77,Sun Life Financial Inc.
SLF.TO,SLF,2022-03-31,2022-04-13,2863557,9347741,758826,3.77,-69.37,Sun Life Financial Inc.
SLF.TO,SLF,2022-04-14,2022-04-27,3257935,2863557,611664,5.33,13.77,Sun Life Financial Inc.
SLF.TO,SLF,2022-04-29,2022-05-12,3894743,3257935,729369,5.34,19.55,Sun Life Financial Inc.
SLF.TO,SLF,2022-05-13,2022-05-26,4040011,3894743,1030802,3.92,3.73,Sun Life Financial Inc.
SLF.TO,SLF,2022-05-31,2022-06-13,8711706,4040011,996636,8.74,115.64,Sun Life Financial Inc.
SLF.TO,SLF,2022-06-15,2022-06-28,4670557,8711706,687468,6.79,-46.39,Sun Life Financial Inc.
SLF.TO,SLF,2022-06-30,2022-07-13,4771648,4670557,827268,5.77,2.16,Sun Life Financial Inc.
SLF.TO,SLF,2022-07-15,2022-07-28,4683465,4771648,729238,6.42,-1.85,Sun Life Financial Inc.
SLF.TO,SLF,2022-07-29,2022-08-11,5484977,4683465,641482,8.55,17.11,Sun Life Financial Inc.
SLF.TO,SLF,2022-08-15,2022-08-26,6903209,5484977,660182,10.46,25.86,Sun Life Financial Inc.
SLF.TO,SLF,2022-08-31,2022-09-13,6760788,6903209,962102,7.03,-2.06,Sun Life Financial Inc.
SLF.TO,SLF,2022-09-15,2022-09-28,5869527,6760788,705045,8.33,-13.18,Sun Life Financial Inc.
SLF.TO,SLF,2022-09-30,2022-10-13,5198729,5869527,866921,6.0,-11.43,Sun Life Financial Inc.
SLF.TO,SLF,2022-10-14,2022-10-27,5363670,5198729,828628,6.47,3.17,Sun Life Financial Inc.
SLF.TO,SLF,2022-10-31,2022-11-11,9621807,5363670,652932,14.74,79.39,Sun Life Financial Inc.
SLF.TO,SLF,2022-11-15,2022-11-28,10684791,9621807,672595,15.89,11.05,Sun Life Financial Inc.
SLF.TO,SLF,2022-11-30,2022-12-13,9736564,10684791,1039718,9.36,-8.87,Sun Life Financial Inc.
SLF.TO,SLF,2022-12-15,2022-12-28,6897869,9736564,440369,15.66,-29.15,Sun Life Financial Inc.
SLF.TO,SLF,2022-12-30,2023-01-12,2638920,6897869,362967,7.27,-61.74,Sun Life Financial Inc.
SLF.TO,SLF,2023-01-13,2023-01-26,2617023,2638920,412889,6.34,-0.83,Sun Life Financial Inc.
SLF.TO,SLF,2023-01-31,2023-02-13,2774478,2617023,384808,7.21,6.02,Sun Life Financial Inc.
SLF.TO,SLF,2023-02-15,2023-02-28,10703614,2774478,447730,23.91,285.79,Sun Life Financial Inc.
SLF.TO,SLF,2023-02-28,2023-03-13,13240256,10703614,830729,15.94,23.7,Sun Life Financial Inc.
SLF.TO,SLF,2023-03-15,2023-03-28,3696591,13240256,684966,5.4,-72.08,Sun Life Financial Inc.
SLF.TO,SLF,2023-03-31,2023-04-13,4104845,3696591,552071,7.44,11.04,Sun Life Financial Inc.
SLF.TO,SLF,2023-04-14,2023-04-27,3236502,4104845,328482,9.85,-21.15,Sun Life Financial Inc.
SLF.TO,SLF,2023-04-28,2023-05-11,2929927,3236502,410382,7.14,-9.47,Sun Life Financial Inc.
SLF.TO,SLF,2023-05-15,2023-05-26,7278647,2929927,540956,13.46,148.42,Sun Life Financial Inc.
SLF.TO,SLF,2023-05-31,2023-06-13,13460183,7278647,467843,28.77,84.93,Sun Life Financial Inc.
SLF.TO,SLF,2023-06-15,2023-06-28,6622441,13460183,399689,16.57,-50.8,Sun Life Financial Inc.
SLF.TO,SLF,2023-06-30,2023-07-13,2154249,6622441,444878,4.84,-67.47,Sun Life Financial Inc.
SLF.TO,SLF,2023-07-14,2023-07-27,2110138,2154249,399984,5.28,-2.05,Sun Life Financial Inc.
SLF.TO,SLF,2023-07-31,2023-08-11,2412852,2110138,382684,6.31,14.35,Sun Life Financial Inc.
SLF.TO,SLF,2023-08-15,2023-08-28,6873019,2412852,610863,11.25,184.85,Sun Life Financial Inc.
SLF.TO,SLF,2023-08-31,2023-09-13,8910912,6873019,690849,12.9,29.65,Sun Life Financial Inc.
SLF.TO,SLF,2023-09-15,2023-09-28,5238397,8910912,766925,6.83,-41.21,Sun Life Financial Inc.
SLF.TO,SLF,2023-09-29,2023-10-12,5462559,5238397,490473,11.14,4.28,Sun Life Financial Inc.
SLF.TO,SLF,2023-10-13,2023-10-26,5462895,5462559,444083,12.3,0.01,Sun Life Financial Inc.
SLF.TO,SLF,2023-10-31,2023-11-13,5015149,5462895,585539,8.57,-8.2,Sun Life Financial Inc.
SLF.TO,SLF,2023-11-15,2023-11-28,5467023,5015149,829265,6.59,9.01,Sun Life Financial Inc.
SLF.TO,SLF,2023-11-30,2023-12-13,11459789,5467023,1183610,9.68,109.62,Sun Life Financial Inc.
SLF.TO,SLF,2023-12-15,2023-12-28,2606800,11459789,775785,3.36,-77.25,Sun Life Financial Inc.
SLF.TO,SLF,2023-12-29,2024-01-11,1809453,2606800,506010,3.58,-30.59,Sun Life Financial Inc.
SLF.TO,SLF,2024-01-12,2024-01-25,1650184,1809453,453064,3.64,-8.8,Sun Life Financial Inc.
SLF.TO,SLF,2024-01-31,2024-02-13,1719096,1650184,519299,3.31,4.18,Sun Life Financial Inc.
SLF.TO,SLF,2024-02-15,2024-02-28,8828569,1719096,706217,12.5,413.56,Sun Life Financial Inc.
SLF.TO,SLF,2024-02-29,2024-03-13,14740994,8828569,1161694,12.69,66.97,Sun Life Financial Inc.
SLF.TO,SLF,2024-03-15,2024-03-28,4044104,14740994,606490,6.67,-72.57,Sun Life Financial Inc.
SLF.TO,SLF,2024-03-28,2024-04-10,1993932,4044104,343570,5.8,-50.7,Sun Life Financial Inc.
SLF.TO,SLF,2024-04-15,2024-04-26,3372622,1993932,607966,5.55,69.14,Sun Life Financial Inc.
SLF.TO,SLF,2024-04-30,2024-05-13,3010655,3372622,492495,6.11,-10.73,Sun Life Financial Inc.
SLF.TO,SLF,2024-05-15,2024-05-28,7340008,3010655,1077411,6.81,143.8,Sun Life Financial Inc.
SLF.TO,SLF,2024-05-31,2024-06-13,11930409,7340008,1424611,8.37,62.54,Sun Life Financial Inc.
SLF.TO,SLF,2024-06-14,2024-06-27,7540281,11930409,964541,7.82,-36.8,Sun Life Financial Inc.
SLF.TO,SLF,2024-06-28,2024-07-11,2625036,7540281,678025,3.87,-65.19,Sun Life Financial Inc.
SLF.TO,SLF,2024-07-15,2024-07-26,5693255,2625036,419415,13.57,116.88,Sun Life Financial Inc.
SLF.TO,SLF,2024-07-31,2024-08-13,5413609,5693255,347603,15.57,-4.91,Sun Life Financial Inc.
SLF.TO,SLF,2024-08-15,2024-08-28,10523008,5413609,704339,14.94,94.38,Sun Life Financial Inc.
SLF.TO,SLF,2024-08-30,2024-09-12,11596162,10523008,996682,11.63,10.2,Sun Life Financial Inc.
SLF.TO,SLF,2024-09-13,2024-09-26,5179529,11596162,590551,8.77,-55.33,Sun Life Financial Inc.
SLF.TO,SLF,2024-09-30,2024-10-11,1907352,5179529,398920,4.78,-63.18,Sun Life Financial Inc.
SLF.TO,SLF,2024-10-15,2024-10-28,1858642,1907352,316584,5.87,-2.55,Sun Life Financial Inc.
SLF.TO,SLF,2024-10-31,2024-11-13,2372897,1858642,345790,6.86,27.67,Sun Life Financial Inc.
SLF.TO,SLF,2024-11-15,2024-11-28,4420195,2372897,798896,5.53,86.28,Sun Life Financial Inc.
SLF.TO,SLF,2024-11-29,2024-12-12,6456710,4420195,847479,7.62,46.07,Sun Life Financial Inc.
SLF.TO,SLF,2024-12-13,2024-12-26,3369723,6456710,807715,4.17,-47.81,Sun Life Financial Inc.
SLF.TO,SLF,2024-12-31,2025-01-13,1547835,3369723,440227,3.52,-54.07,Sun Life Financial Inc.
SLF.TO,SLF,2025-01-15,2025-01-28,1661789,1547835,422456,3.93,7.36,Sun Life Financial Inc.
SLF.TO,SLF,2025-01-31,2025-02-13,2442284,1661789,572849,4.26,46.97,Sun Life Financial Inc.
SLF.TO,SLF,2025-02-14,2025-02-27,12098951,2442284,807648,14.98,395.39,Sun Life Financial Inc.
SLF.TO,SLF,2025-02-28,2025-03-13,16384550,12098951,1530082,10.71,35.42,Sun Life Financial Inc.
SLF.TO,SLF,2025-03-14,2025-03-27,5442701,16384550,718667,7.57,-66.78,Sun Life Financial Inc.
SLF.TO,SLF,2025-03-31,2025-04-11,1522007,5442701,340138,4.47,-72.04,Sun Life Financial Inc.
SLF.TO,SLF,2025-04-15,2025-04-28,2338931,1522007,544610,4.29,53.67,Sun Life Financial Inc.
SLF.TO,SLF,2025-04-30,2025-05-13,3484966,2338931,461594,7.55,49.0,Sun Life Financial Inc.
SLF.TO,SLF,2025-05-15,2025-05-28,12119558,3484966,491899,24.64,247.77,Sun Life Financial Inc.
SLF.TO,SLF,2025-05-30,2025-06-12,8784502,12119558,1314539,6.68,-27.52,Sun Life Financial Inc.
SLF.TO,SLF,2025-06-13,2025-06-26,1219422,8784502,556697,2.19,-86.12,Sun Life Financial Inc.
SLF.TO,SLF,2025-06-30,2025-07-11,3438759,1219422,472647,7.28,182.0,Sun Life Financial Inc.
SLF.TO,SLF,2025-07-15,2025-07-28,3710406,3438759,509411,7.28,7.9,Sun Life Financial Inc.
SLF.TO,SLF,2025-07-31,2025-08-13,3584534,3710406,901479,3.98,-3.39,Sun Life Financial Inc.
SLF.TO,SLF,2025-08-15,2025-08-28,7755298,3584534,889005,8.72,116.35,Sun Life Financial Inc.
SLF.TO,SLF,2025-08-29,2025-09-11,7988044,7755298,820357,9.74,3.0,Sun Life Financial Inc.
SLF.TO,SLF,2025-09-15,2025-09-26,3616180,7988044,422073,8.57,-54.73,Sun Life Financial Inc.
SLF.TO,SLF,2025-09-30,2025-10-13,2719380,3616180,462485,5.88,-24.8,Sun Life Financial Inc.
SLF.TO,SLF,2025-10-15,2025-10-28,2922101,2719380,383458,7.62,7.45,Sun Life Financial Inc.
SLF.TO,SLF,2025-10-31,2025-11-13,2550700,2922101,341112,7.48,-12.71,Sun Life Financial Inc.
SLF.TO,SLF,2025-11-14,2025-11-27,4411736,2546700,608541,7.25,73.23,Sun Life Financial Inc.
SLF.TO,SLF,2025-11-28,2025-12-11,5110988,4174034,498033,10.26,22.45,Sun Life Financial Inc.
SLF.TO,SLF,2025-12-15,2025-12-26,2092141,5110988,468010,4.47,-59.07,Sun Life Financial Inc.
SLF.TO,SLF,2025-12-31,2026-01-13,1587163,2092141,302538,5.25,-24.14,Sun Life Financial Inc.
SLF.TO,SLF,2026-01-15,2026-01-28,1716126,1587163,405273,4.23,8.13,Sun Life Financial Inc.
SLF.TO,SLF,2026-01-30,2026-02-12,1899306,1716126,440681,4.31,10.67,Sun Life Financial Inc.
SLF.TO,SLF,2026-02-13,2026-02-26,4598972,1899306,880324,5.22,142.14,Sun Life Financial Inc.
SLF.TO,SLF,2026-02-27,2026-03-12,5637790,4598972,1150416,4.9,22.59,Sun Life Financial Inc.
SLF.TO,SLF,2026-03-13,2026-03-26,2211253,5637790,632315,3.5,-60.78,Sun Life Financial Inc.
SLF.TO,SLF,2026-03-31,2026-04-13,2334810,2211253,633692,3.68,5.59,Sun Life Financial Inc.
SLF.TO,SLF,2026-04-15,2026-04-28,3010642,2334810,616536,4.88,28.95,Sun Life Financial Inc.
SLF.TO,SLF,2026-04-30,2026-05-13,3698593,3010642,661499,5.59,22.85,Sun Life Financial Inc.
SLF.TO,SLF,2026-05-15,2026-05-28,6213718,3698593,710364,8.75,68.0,Sun Life Financial Inc.
SLF.TO,SLF,2026-05-29,2026-06-11,5662030,6213718,1129164,5.01,-8.88,Sun Life Financial Inc.
SLF.TO,SLF,2026-06-15,2026-06-26,2313664,5662030,559386,4.14,-59.14,Sun Life Financial Inc.
SLF.TO,SLF,2026-06-30,2026-07-13,3077530,2313664,607955,5.06,33.02,Sun Life Financial Inc.
SLF.TO,SLF,2026-07-15,2026-07-28,2757571,3077530,499194,5.52,-10.4,Sun Life Financial Inc.
SLF.TO,SLF,2026-07-31,2026-08-13,5095872,2757571,581283,8.77,84.8,Sun Life Financial Inc.
SLF.TO,SLF,2026-08-14,2026-08-27,7109114,5095872,845585,8.41,39.51,Sun Life Financial Inc.
SU.TO,SU,2017-12-29,2018-01-11,3740419,5666215,2537386,1.47,-33.99,Suncor Energy
SU.TO,SU,2018-01-12,2018-01-25,3409169,3740419,2502048,1.36,-8.86,Suncor Energy
SU.TO,SU,2018-01-31,2018-02-13,3507491,3409169,2627162,1.34,2.88,Suncor Energy
SU.TO,SU,2018-02-15,2018-02-28,4332864,3507491,5218401,1.0,23.53,Suncor Energy
SU.TO,SU,2018-02-28,2018-03-13,4004525,4332864,3135631,1.28,-7.58,Suncor Energy
SU.TO,SU,2018-03-15,2018-03-28,3568040,4004525,3926682,1.0,-10.9,Suncor Energy
SU.TO,SU,2018-03-29,2018-04-11,5735618,3568040,3574298,1.6,60.75,"Suncor Energy, Inc."
SU.TO,SU,2018-04-13,2018-04-26,7542221,5735618,3475370,2.17,31.5,"Suncor Energy, Inc."
SU.TO,SU,2018-04-30,2018-05-11,5541236,7542221,2734653,2.03,-26.53,"Suncor Energy, Inc."
SU.TO,SU,2018-05-15,2018-05-28,7205854,5541236,3523900,2.04,30.04,"Suncor Energy, Inc."
SU.TO,SU,2018-05-31,2018-06-13,6212309,7205854,3358321,1.85,-13.79,"Suncor Energy, Inc."
SU.TO,SU,2018-06-15,2018-06-28,6816726,6212309,3675636,1.85,9.73,"Suncor Energy, Inc."
SU.TO,SU,2018-06-29,2018-07-12,6883784,6816726,4593982,1.5,0.98,"Suncor Energy, Inc."
SU.TO,SU,2018-07-13,2018-07-26,7654542,6883784,3153975,2.43,11.2,"Suncor Energy, Inc."
SU.TO,SU,2018-07-31,2018-08-13,6876466,7654542,3080633,2.23,-10.16,"Suncor Energy, Inc."
SU.TO,SU,2018-08-15,2018-08-28,5005033,6876466,2451372,2.04,-27.22,"Suncor Energy, Inc."
SU.TO,SU,2018-08-31,2018-09-13,5006967,5005033,1960199,2.55,0.04,"Suncor Energy, Inc."
SU.TO,SU,2018-09-14,2018-09-27,4183718,5006967,2995693,1.4,-16.44,"Suncor Energy, Inc."
SU.TO,SU,2018-09-28,2018-10-11,4607892,4183718,3495955,1.32,10.14,"Suncor Energy, Inc."
SU.TO,SU,2018-10-15,2018-10-26,4994628,4607892,4129499,1.21,8.39,"Suncor Energy, Inc."
SU.TO,SU,2018-10-31,2018-11-13,5254304,4994628,4346030,1.21,5.2,"Suncor Energy, Inc."
SU.TO,SU,2018-11-15,2018-11-28,6323363,5254304,4539052,1.39,20.35,"Suncor Energy, Inc."
SU.TO,SU,2018-11-30,2018-12-13,10610497,6323363,4999598,2.12,67.8,"Suncor Energy, Inc."
SU.TO,SU,2018-12-14,2018-12-27,12477077,10610497,5204097,2.4,17.59,"Suncor Energy, Inc."
SU.TO,SU,2018-12-31,2019-01-11,11241866,12477077,5251226,2.14,-9.9,"Suncor Energy, Inc."
SU.TO,SU,2019-01-15,2019-01-28,8689019,11241866,3758976,2.31,-22.71,"Suncor Energy, Inc."
SU.TO,SU,2019-01-31,2019-02-13,8509967,8689019,3815558,2.23,-2.06,"Suncor Energy, Inc."
SU.TO,SU,2019-02-15,2019-02-28,7779731,8509967,4081467,1.91,-8.58,"Suncor Energy, Inc."
SU.TO,SU,2019-02-28,2019-03-13,11368247,7779731,3302475,3.44,46.13,"Suncor Energy, Inc."
SU.TO,SU,2019-03-15,2019-03-28,10052672,11368247,3856968,2.61,-11.57,"Suncor Energy, Inc."
SU.TO,SU,2019-03-29,2019-04-11,7111113,10052672,3415316,2.08,-29.26,"Suncor Energy, Inc."
SU.TO,SU,2019-04-15,2019-04-26,6053629,7111113,2929368,2.07,-14.87,"Suncor Energy, Inc."
SU.TO,SU,2019-04-30,2019-05-13,5440479,6053629,2376811,2.29,-10.13,"Suncor Energy, Inc."
SU.TO,SU,2019-05-15,2019-05-28,6027259,5440479,2982448,2.02,10.79,"Suncor Energy, Inc."
SU.TO,SU,2019-05-31,2019-06-13,9962331,6027259,2851240,3.49,65.29,"Suncor Energy, Inc."
SU.TO,SU,2019-06-14,2019-06-27,8287671,9963531,3011872,2.75,-16.82,"Suncor Energy, Inc."
SU.TO,SU,2019-06-28,2019-07-11,3525083,8287671,3184859,1.11,-57.47,"Suncor Energy, Inc."
SU.TO,SU,2019-07-15,2019-07-26,4948175,3525083,2480271,2.0,40.37,"Suncor Energy, Inc."
SU.TO,SU,2019-07-31,2019-08-13,8809706,4948175,3201959,2.75,78.04,"Suncor Energy, Inc."
SU.TO,SU,2019-08-15,2019-08-28,13785519,8809706,5293737,2.6,56.48,"Suncor Energy, Inc."
SU.TO,SU,2019-08-30,2019-09-12,11562271,13785519,3387829,3.41,-16.13,"Suncor Energy, Inc."
SU.TO,SU,2019-09-13,2019-09-26,10768824,11562271,3024678,3.56,-6.86,"Suncor Energy, Inc."
SU.TO,SU,2019-09-30,2019-10-11,9252699,10768824,2681995,3.45,-14.08,"Suncor Energy, Inc."
SU.TO,SU,2019-10-15,2019-10-28,9639780,9252699,2669423,3.61,4.18,"Suncor Energy, Inc."
SU.TO,SU,2019-10-31,2019-11-13,9411207,9639780,2915304,3.23,-2.37,"Suncor Energy, Inc."
SU.TO,SU,2019-11-15,2019-11-28,9702358,9411207,3192655,3.04,3.09,"Suncor Energy, Inc."
SU.TO,SU,2019-11-29,2019-12-12,17013460,9702358,2638632,6.45,75.35,"Suncor Energy, Inc."
SU.TO,SU,2019-12-13,2019-12-26,9259021,17013460,2268586,4.08,-45.58,"Suncor Energy, Inc."
SU.TO,SU,2019-12-31,2020-01-13,8294351,9259021,2465193,3.36,-10.42,"Suncor Energy, Inc."
SU.TO,SU,2020-01-15,2020-01-28,9943493,8294351,3648719,2.73,19.88,"Suncor Energy, Inc."
SU.TO,SU,2020-01-31,2020-02-13,9291318,10202176,2970841,3.13,-8.93,"Suncor Energy, Inc."
SU.TO,SU,2020-02-14,2020-02-27,10548422,9291318,3759320,2.81,13.53,"Suncor Energy, Inc."
SU.TO,SU,2020-02-28,2020-03-12,14763605,10548422,5108987,2.89,39.96,"Suncor Energy, Inc."
SU.TO,SU,2020-03-13,2020-03-26,13390326,14763605,7218007,1.86,-9.3,"Suncor Energy, Inc."
SU.TO,SU,2020-03-31,2020-04-13,9246332,13390326,14595362,1.0,-30.95,"Suncor Energy, Inc."
SU.TO,SU,2020-04-15,2020-04-28,11480036,9246332,11017632,1.04,24.16,"Suncor Energy, Inc."
SU.TO,SU,2020-04-30,2020-05-13,9456453,11480036,7429017,1.27,-17.63,"Suncor Energy, Inc."
SU.TO,SU,2020-05-15,2020-05-28,7997637,10493576,7208494,1.11,-23.79,"Suncor Energy, Inc."
SU.TO,SU,2020-05-29,2020-06-11,7610560,7997637,4599785,1.65,-4.84,"Suncor Energy, Inc."
SU.TO,SU,2020-06-15,2020-06-26,6434670,7610560,5237122,1.23,-15.45,"Suncor Energy, Inc."
SU.TO,SU,2020-06-30,2020-07-13,8427354,6434670,4954061,1.7,30.97,"Suncor Energy, Inc."
SU.TO,SU,2020-07-15,2020-07-28,8593638,8427354,4022059,2.14,1.97,"Suncor Energy, Inc."
SU.TO,SU,2020-07-31,2020-08-13,9223661,8593638,4560618,2.02,7.33,"Suncor Energy, Inc."
SU.TO,SU,2020-08-14,2020-08-27,9650307,9223661,4354322,2.22,4.63,"Suncor Energy, Inc."
SU.TO,SU,2020-08-31,2020-09-11,9498672,9650307,3444377,2.76,-1.57,"Suncor Energy, Inc."
SU.TO,SU,2020-09-15,2020-09-28,12891328,9498672,7928067,1.63,35.72,"Suncor Energy, Inc."
SU.TO,SU,2020-09-30,2020-10-13,10513155,12891328,9036086,1.16,-18.45,"Suncor Energy, Inc."
SU.TO,SU,2020-10-15,2020-10-28,13096565,10513155,8516933,1.54,24.57,"Suncor Energy, Inc."
SU.TO,SU,2020-10-30,2020-11-12,12438590,13096565,7737064,1.61,-5.02,"Suncor Energy, Inc."
SU.TO,SU,2020-11-13,2020-11-26,12116296,12438590,7675172,1.58,-2.59,"Suncor Energy, Inc."
SU.TO,SU,2020-11-30,2020-12-11,11688499,12116296,6729370,1.74,-3.53,"Suncor Energy, Inc."
SU.TO,SU,2020-12-15,2020-12-28,12405903,11688499,7826831,1.59,6.14,"Suncor Energy, Inc."
SU.TO,SU,2020-12-31,2021-01-13,9176119,12405903,5012415,1.83,-26.03,"Suncor Energy, Inc."
SU.TO,SU,2021-01-15,2021-01-28,12208478,9176119,8074304,1.51,33.05,"Suncor Energy, Inc."
SU.TO,SU,2021-01-29,2021-02-11,11274440,12208478,6540919,1.72,-7.65,"Suncor Energy, Inc."
SU.TO,SU,2021-02-12,2021-02-25,12291865,11274440,9574142,1.28,9.02,"Suncor Energy, Inc."
SU.TO,SU,2021-02-26,2021-03-11,10107323,12291865,9803064,1.03,-17.77,"Suncor Energy, Inc."
SU.TO,SU,2021-03-15,2021-03-26,9836095,10107323,9923241,1.0,-2.68,"Suncor Energy, Inc."
SU.TO,SU,2021-03-31,2021-04-13,11941157,9836095,7605132,1.57,21.4,"Suncor Energy, Inc."
SU.TO,SU,2021-04-15,2021-04-28,9935467,11941157,5470081,1.82,-16.8,"Suncor Energy, Inc."
SU.TO,SU,2021-04-30,2021-05-13,8997209,9935467,5116985,1.76,-9.44,"Suncor Energy, Inc."
SU.TO,SU,2021-05-14,2021-05-27,9157150,8997209,6005749,1.52,1.78,"Suncor Energy, Inc."
SU.TO,SU,2021-05-28,2021-06-10,12366058,9157150,5309083,2.33,35.04,"Suncor Energy, Inc."
SU.TO,SU,2021-06-15,2021-06-28,9355530,12366058,7490965,1.25,-24.35,"Suncor Energy, Inc."
SU.TO,SU,2021-06-30,2021-07-13,12546133,9355530,5483915,2.29,34.1,"Suncor Energy, Inc."
SU.TO,SU,2021-07-15,2021-07-28,11081458,12546133,5531359,2.0,-11.67,"Suncor Energy, Inc."
SU.TO,SU,2021-07-30,2021-08-12,12718189,11081458,8606608,1.48,14.77,"Suncor Energy, Inc."
SU.TO,SU,2021-08-13,2021-08-26,12284614,12718189,5568175,2.21,-3.41,"Suncor Energy, Inc."
SU.TO,SU,2021-08-31,2021-09-13,18258870,12284614,7699791,2.37,48.63,"Suncor Energy, Inc."
SU.TO,SU,2021-09-15,2021-09-28,14776677,18258870,8668205,1.7,-19.07,"Suncor Energy, Inc."
SU.TO,SU,2021-09-30,2021-10-13,10994085,14776677,6713775,1.64,-25.6,"Suncor Energy, Inc."
SU.TO,SU,2021-10-15,2021-10-28,12836138,10994085,6896726,1.86,16.75,"Suncor Energy, Inc."
SU.TO,SU,2021-10-29,2021-11-11,9971014,12836138,9552310,1.04,-22.32,"Suncor Energy, Inc."
SU.TO,SU,2021-11-15,2021-11-26,5356192,9971014,7236018,1.0,-46.28,"Suncor Energy, Inc."
SU.TO,SU,2021-11-30,2021-12-13,7614857,5356192,7532475,1.01,42.17,"Suncor Energy, Inc."
SU.TO,SU,2021-12-15,2021-12-28,7633418,7614857,7929552,1.0,0.24,"Suncor Energy, Inc."
SU.TO,SU,2021-12-31,2022-01-13,12125875,7633418,4636177,2.62,58.85,"Suncor Energy, Inc."
SU.TO,SU,2022-01-14,2022-01-27,18445983,12125875,7504459,2.46,52.12,"Suncor Energy, Inc."
SU.TO,SU,2022-01-31,2022-02-11,19845338,18445983,9472533,2.1,7.59,"Suncor Energy, Inc."
SU.TO,SU,2022-02-15,2022-02-28,23053445,19845338,8787219,2.62,16.17,"Suncor Energy, Inc."
SU.TO,SU,2022-02-28,2022-03-11,60071595,23053445,8599969,6.99,160.58,"Suncor Energy, Inc."
SU.TO,SU,2022-03-15,2022-03-28,30958320,60071595,11357262,2.73,-48.46,"Suncor Energy, Inc."
SU.TO,SU,2022-03-31,2022-04-13,15855879,30958320,7460699,2.13,-48.78,"Suncor Energy, Inc."
SU.TO,SU,2022-04-14,2022-04-27,15711960,15855879,5587715,2.81,-0.91,"Suncor Energy, Inc."
SU.TO,SU,2022-04-29,2022-05-12,19933270,15711960,7669884,2.6,26.87,"Suncor Energy, Inc."
SU.TO,SU,2022-05-13,2022-05-26,19025584,19933270,9342531,2.04,-4.55,"Suncor Energy, Inc."
SU.TO,SU,2022-05-31,2022-06-13,31438588,19025584,7575631,4.15,65.24,"Suncor Energy, Inc."
SU.TO,SU,2022-06-15,2022-06-28,31916967,31438588,7308076,4.37,1.52,"Suncor Energy, Inc."
SU.TO,SU,2022-06-30,2022-07-13,10635427,31916967,9557747,1.11,-66.68,"Suncor Energy, Inc."
SU.TO,SU,2022-07-15,2022-07-28,14049926,10635427,9019129,1.56,32.1,"Suncor Energy, Inc."
SU.TO,SU,2022-07-29,2022-08-11,15112103,14049926,5551533,2.72,7.56,"Suncor Energy, Inc."
SU.TO,SU,2022-08-15,2022-08-26,31419860,15112103,6563935,4.79,107.91,"Suncor Energy, Inc."
SU.TO,SU,2022-08-31,2022-09-13,70048190,31419860,5055088,13.86,122.94,"Suncor Energy, Inc."
SU.TO,SU,2022-09-15,2022-09-28,60469703,70048190,4406874,13.72,-13.67,"Suncor Energy, Inc."
SU.TO,SU,2022-09-30,2022-10-13,25931145,60469703,5285422,4.91,-57.12,"Suncor Energy, Inc."
SU.TO,SU,2022-10-14,2022-10-27,24580875,25931145,5168416,4.76,-5.21,"Suncor Energy, Inc."
SU.TO,SU,2022-10-31,2022-11-11,15462221,24580875,4462469,3.46,-37.1,"Suncor Energy, Inc."
SU.TO,SU,2022-11-15,2022-11-28,28658992,15462221,5147749,5.57,85.35,"Suncor Energy, Inc."
SU.TO,SU,2022-11-30,2022-12-13,106453286,28658992,5339456,19.94,271.45,"Suncor Energy, Inc."
SU.TO,SU,2022-12-15,2022-12-28,76120246,106453286,7897425,9.64,-28.49,"Suncor Energy, Inc."
SU.TO,SU,2022-12-30,2023-01-12,47368555,76120246,3614653,13.1,-37.77,"Suncor Energy, Inc."
SU.TO,SU,2023-01-13,2023-01-26,31851188,47368555,4600637,6.92,-32.76,"Suncor Energy, Inc."
SU.TO,SU,2023-01-31,2023-02-13,9687846,31851188,3869525,2.5,-69.58,"Suncor Energy, Inc."
SU.TO,SU,2023-02-15,2023-02-28,54334961,9687846,3935620,13.81,460.86,"Suncor Energy, Inc."
SU.TO,SU,2023-02-28,2023-03-13,97198834,54333102,4568188,21.28,78.89,"Suncor Energy, Inc."
SU.TO,SU,2023-03-15,2023-03-28,37727271,97198834,5886131,6.41,-61.19,"Suncor Energy, Inc."
SU.TO,SU,2023-03-31,2023-04-13,18679104,37727271,4736463,3.94,-50.49,"Suncor Energy, Inc."
SU.TO,SU,2023-04-14,2023-04-27,15352563,18679104,4711810,3.26,-17.81,"Suncor Energy, Inc."
SU.TO,SU,2023-04-28,2023-05-11,17184711,15352563,4816780,3.57,11.93,"Suncor Energy, Inc."
SU.TO,SU,2023-05-15,2023-05-26,57774064,17184711,4368662,13.22,236.19,"Suncor Energy, Inc."
SU.TO,SU,2023-05-31,2023-06-13,106408276,57774064,5455191,19.51,84.18,"Suncor Energy, Inc."
SU.TO,SU,2023-06-15,2023-06-28,48732295,106408276,4551606,10.71,-54.2,"Suncor Energy, Inc."
SU.TO,SU,2023-06-30,2023-07-13,25983015,48732295,3734510,6.96,-46.68,"Suncor Energy, Inc."
SU.TO,SU,2023-07-14,2023-07-27,25690349,25983015,3589264,7.16,-1.13,"Suncor Energy, Inc."
SU.TO,SU,2023-07-31,2023-08-11,21245143,25690349,4579280,4.64,-17.3,"Suncor Energy, Inc."
SU.TO,SU,2023-08-15,2023-08-28,48002705,21245143,4316976,11.12,125.95,"Suncor Energy, Inc."
SU.TO,SU,2023-08-31,2023-09-13,94464832,48002705,5984942,15.78,96.79,"Suncor Energy, Inc."
SU.TO,SU,2023-09-15,2023-09-28,25855788,94464832,4821481,5.36,-72.63,"Suncor Energy, Inc."
SU.TO,SU,2023-09-29,2023-10-12,20609520,25855788,5676295,3.63,-20.29,"Suncor Energy, Inc."
SU.TO,SU,2023-10-13,2023-10-26,24032517,20609520,4570148,5.26,16.61,"Suncor Energy, Inc."
SU.TO,SU,2023-10-31,2023-11-13,21018572,24032517,3536363,5.94,-12.54,"Suncor Energy, Inc."
SU.TO,SU,2023-11-15,2023-11-28,38818493,21018572,5089293,7.63,84.69,"Suncor Energy, Inc."
SU.TO,SU,2023-11-30,2023-12-13,85677588,38818493,6069967,14.12,120.71,"Suncor Energy, Inc."
SU.TO,SU,2023-12-15,2023-12-28,24109342,85677588,6194611,3.89,-71.86,"Suncor Energy, Inc."
SU.TO,SU,2023-12-29,2024-01-11,9801419,24109342,3187631,3.07,-59.35,"Suncor Energy, Inc."
SU.TO,SU,2024-01-12,2024-01-25,13053224,9801419,4586837,2.85,33.18,"Suncor Energy, Inc."
SU.TO,SU,2024-01-31,2024-02-13,13884672,13053224,2915173,4.76,6.37,"Suncor Energy, Inc."
SU.TO,SU,2024-02-15,2024-02-28,32546603,13884672,4471555,7.28,134.41,"Suncor Energy, Inc."
SU.TO,SU,2024-02-29,2024-03-13,72139275,32546603,4708826,15.32,121.65,"Suncor Energy, Inc."
SU.TO,SU,2024-03-15,2024-03-28,38468316,72139275,6025492,6.38,-46.67,"Suncor Energy, Inc."
SU.TO,SU,2024-03-28,2024-04-10,19530825,38468316,3255199,6.0,-49.23,"Suncor Energy, Inc."
SU.TO,SU,2024-04-15,2024-04-26,15873259,19530825,4467014,3.55,-18.73,"Suncor Energy, Inc."
SU.TO,SU,2024-04-30,2024-05-13,15566274,15873259,3626264,4.29,-1.93,"Suncor Energy, Inc."
SU.TO,SU,2024-05-15,2024-05-28,36830376,15566274,4707651,7.82,136.6,"Suncor Energy, Inc."
SU.TO,SU,2024-05-31,2024-06-13,62565069,36830376,5635478,11.1,69.87,"Suncor Energy, Inc."
SU.TO,SU,2024-06-14,2024-06-27,31529513,62565069,5916247,5.33,-49.61,"Suncor Energy, Inc."
SU.TO,SU,2024-06-28,2024-07-11,14039501,31529513,6262340,2.24,-55.47,"Suncor Energy, Inc."
SU.TO,SU,2024-07-15,2024-07-26,11840387,14039501,3369713,3.51,-15.66,"Suncor Energy, Inc."
SU.TO,SU,2024-07-31,2024-08-13,11364664,11840387,2957403,3.84,-4.02,"Suncor Energy, Inc."
SU.TO,SU,2024-08-15,2024-08-28,42278112,11364664,4522986,9.35,272.01,"Suncor Energy, Inc."
SU.TO,SU,2024-08-30,2024-09-12,78629478,42278112,3558537,22.1,85.98,"Suncor Energy, Inc."
SU.TO,SU,2024-09-13,2024-09-26,32166732,78629478,5695742,5.65,-59.09,"Suncor Energy, Inc."
SU.TO,SU,2024-09-30,2024-10-11,9609373,32166732,4139320,2.32,-70.13,"Suncor Energy, Inc."
SU.TO,SU,2024-10-15,2024-10-28,11057647,9609373,2948900,3.75,15.07,"Suncor Energy, Inc."
SU.TO,SU,2024-10-31,2024-11-13,11427614,11057647,2534484,4.51,3.35,"Suncor Energy, Inc."
SU.TO,SU,2024-11-15,2024-11-28,18999973,11427614,4484284,4.24,66.26,"Suncor Energy, Inc."
SU.TO,SU,2024-11-29,2024-12-12,45846815,18999973,4278818,10.71,141.3,"Suncor Energy, Inc."
SU.TO,SU,2024-12-13,2024-12-26,24910380,45846815,5413879,4.6,-45.67,"Suncor Energy, Inc."
SU.TO,SU,2024-12-31,2025-01-13,11934458,24910380,3625407,3.29,-52.09,"Suncor Energy, Inc."
SU.TO,SU,2025-01-15,2025-01-28,11204370,11934458,4517912,2.48,-6.12,"Suncor Energy, Inc."
SU.TO,SU,2025-01-31,2025-02-13,10292165,11204370,3988843,2.58,-8.14,"Suncor Energy, Inc."
SU.TO,SU,2025-02-14,2025-02-27,43061834,10292165,5431569,7.93,318.39,"Suncor Energy, Inc."
SU.TO,SU,2025-02-28,2025-03-13,50777114,43061834,3646911,13.92,17.92,"Suncor Energy, Inc."
SU.TO,SU,2025-03-14,2025-03-27,13355863,50777114,7071564,1.89,-73.7,"Suncor Energy, Inc."
SU.TO,SU,2025-03-31,2025-04-11,10664765,13355863,4017591,2.65,-20.15,"Suncor Energy, Inc."
SU.TO,SU,2025-04-15,2025-04-28,11637511,10664765,6416874,1.81,9.12,"Suncor Energy, Inc."
SU.TO,SU,2025-04-30,2025-05-13,8261774,11637511,3370890,2.45,-29.01,"Suncor Energy, Inc."
SU.TO,SU,2025-05-15,2025-05-28,33328180,8261774,5996156,5.56,303.4,"Suncor Energy, Inc."
SU.TO,SU,2025-05-30,2025-06-12,47226800,33328180,3385923,13.95,41.7,"Suncor Energy, Inc."
SU.TO,SU,2025-06-13,2025-06-26,22196167,47226800,6661833,3.33,-53.0,"Suncor Energy, Inc."
SU.TO,SU,2025-06-30,2025-07-11,9471756,22196167,6038323,1.57,-57.33,"Suncor Energy, Inc."
SU.TO,SU,2025-07-15,2025-07-28,10652638,9471756,3750787,2.84,12.47,"Suncor Energy, Inc."
SU.TO,SU,2025-07-31,2025-08-13,9355369,10652638,3078369,3.04,-12.18,"Suncor Energy, Inc."
SU.TO,SU,2025-08-15,2025-08-28,25750583,9355369,3151017,8.17,175.25,"Suncor Energy, Inc."
SU.TO,SU,2025-08-29,2025-09-11,27468388,25750583,4365122,6.29,6.67,"Suncor Energy, Inc."
SU.TO,SU,2025-09-15,2025-09-26,10632632,27468278,4585043,2.32,-61.29,"Suncor Energy, Inc."
SU.TO,SU,2025-09-30,2025-10-13,8225133,10632632,4303813,1.91,-22.64,"Suncor Energy, Inc."
SU.TO,SU,2025-10-15,2025-10-28,8029622,8225133,3283487,2.45,-2.38,"Suncor Energy, Inc."
SU.TO,SU,2025-10-31,2025-11-13,13565561,8029622,3208897,4.23,68.94,"Suncor Energy, Inc."
SU.TO,SU,2025-11-14,2025-11-27,29037766,13565561,5224058,5.56,114.06,"Suncor Energy, Inc."
SU.TO,SU,2025-11-28,2025-12-11,31273579,29034866,3188262,9.81,7.71,"Suncor Energy, Inc."
SU.TO,SU,2025-12-15,2025-12-26,8143255,31273579,6042780,1.35,-73.96,"Suncor Energy, Inc."
SU.TO,SU,2025-12-31,2026-01-13,8336984,8143255,2987837,2.79,2.38,"Suncor Energy, Inc."
SU.TO,SU,2026-01-15,2026-01-28,8234926,8336984,6059125,1.36,-1.22,"Suncor Energy, Inc."
SU.TO,SU,2026-01-30,2026-02-12,6349777,8234926,4309918,1.47,-22.89,"Suncor Energy, Inc."
SU.TO,SU,2026-02-13,2026-02-26,19196977,6349777,5944954,3.23,202.33,"Suncor Energy, Inc."
SU.TO,SU,2026-02-27,2026-03-12,18698827,19196977,4346579,4.3,-2.59,"Suncor Energy, Inc."
SU.TO,SU,2026-03-13,2026-03-26,6133106,18698827,6875258,1.0,-67.2,"Suncor Energy, Inc."
SU.TO,SU,2026-03-31,2026-04-13,7301394,6133106,6115466,1.19,19.05,"Suncor Energy, Inc."
SU.TO,SU,2026-04-15,2026-04-28,8236193,7301394,4377857,1.88,12.8,"Suncor Energy, Inc."
SU.TO,SU,2026-04-30,2026-05-13,7276893,8236193,3353489,2.17,-11.65,"Suncor Energy, Inc."
SU.TO,SU,2026-05-15,2026-05-28,12451828,7276893,3569110,3.49,71.11,"Suncor Energy, Inc."
SU.TO,SU,2026-05-29,2026-06-11,13886606,12451828,3087001,4.5,11.52,"Suncor Energy, Inc."
SU.TO,SU,2026-06-15,2026-06-26,10428810,13886606,5181493,2.01,-24.9,"Suncor Energy, Inc."
SU.TO,SU,2026-06-30,2026-07-13,7183388,10428810,5807985,1.24,-31.12,"Suncor Energy, Inc."
SU.TO,SU,2026-07-15,2026-07-28,9315057,7183388,4110859,2.27,29.67,"Suncor Energy, Inc."
SU.TO,SU,2026-07-31,2026-08-13,13262277,9315057,3679876,3.6,42.37,"Suncor Energy, Inc."
SU.TO,SU,2026-08-14,2026-08-27,23419730,13262277,5833816,4.01,76.59,"Suncor Energy, Inc."
T.TO,TU,2017-12-29,2018-01-11,4074258,3838067,279356,14.58,6.15,Telus Corp
T.TO,TU,2018-01-12,2018-01-25,4543722,4074258,421939,10.77,11.52,Telus Corp
T.TO,TU,2018-01-31,2018-02-13,4133628,4543722,342109,12.08,-9.03,Telus Corp
T.TO,TU,2018-02-15,2018-02-28,3376049,4133628,529598,6.37,-18.33,Telus Corp
T.TO,TU,2018-02-28,2018-03-13,3858364,3376049,398267,9.69,14.29,Telus Corp
T.TO,TU,2018-03-15,2018-03-28,4087518,3858364,440822,9.27,5.94,Telus Corp
T.TO,TU,2018-03-29,2018-04-11,3514239,4087518,509990,6.89,-14.03,Telus Corporation
T.TO,TU,2018-04-13,2018-04-26,3222607,3514239,371345,8.68,-8.3,Telus Corporation
T.TO,TU,2018-04-30,2018-05-11,3289657,3222607,279306,11.78,2.08,Telus Corporation
T.TO,TU,2018-05-15,2018-05-28,2813105,3289657,279924,10.05,-14.49,Telus Corporation
T.TO,TU,2018-05-31,2018-06-13,2816823,2813105,359557,7.83,0.13,Telus Corporation
T.TO,TU,2018-06-15,2018-06-28,2951949,2816823,282952,10.43,4.8,Telus Corporation
T.TO,TU,2018-06-29,2018-07-12,3274476,2951949,392794,8.34,10.93,Telus Corporation
T.TO,TU,2018-07-13,2018-07-26,2949737,3274476,283350,10.41,-9.92,Telus Corporation
T.TO,TU,2018-07-31,2018-08-13,2792573,2949737,273939,10.19,-5.33,Telus Corporation
T.TO,TU,2018-08-15,2018-08-28,2451725,2792573,335909,7.3,-12.21,Telus Corporation
T.TO,TU,2018-08-31,2018-09-13,2560860,2451725,328419,7.8,4.45,Telus Corporation
T.TO,TU,2018-09-14,2018-09-27,3099852,2560860,362633,8.55,21.05,Telus Corporation
T.TO,TU,2018-09-28,2018-10-11,2853614,3099852,416706,6.85,-7.94,Telus Corporation
T.TO,TU,2018-10-15,2018-10-26,2025274,2853614,484373,4.18,-29.03,Telus Corporation
T.TO,TU,2018-10-31,2018-11-13,1841844,2025274,420954,4.38,-9.06,Telus Corporation
T.TO,TU,2018-11-15,2018-11-28,1772739,1841844,394516,4.49,-3.75,Telus Corporation
T.TO,TU,2018-11-30,2018-12-13,1905795,1772739,348588,5.47,7.51,Telus Corporation
T.TO,TU,2018-12-14,2018-12-27,1840433,1905795,374868,4.91,-3.43,Telus Corporation
T.TO,TU,2018-12-31,2019-01-11,1857446,1840433,496018,3.74,0.92,Telus Corporation
T.TO,TU,2019-01-15,2019-01-28,1657321,1857446,412776,4.02,-10.77,Telus Corporation
T.TO,TU,2019-01-31,2019-02-13,2042407,1657321,373674,5.47,23.24,Telus Corporation
T.TO,TU,2019-02-15,2019-02-28,1947047,2042407,407594,4.78,-4.67,Telus Corporation
T.TO,TU,2019-02-28,2019-03-13,1598737,1947047,447388,3.57,-17.89,Telus Corporation
T.TO,TU,2019-03-15,2019-03-28,1165608,1598737,395409,2.95,-27.09,Telus Corporation
T.TO,TU,2019-03-29,2019-04-11,1151052,1165608,397383,2.9,-1.25,Telus Corporation
T.TO,TU,2019-04-15,2019-04-26,1136454,1151052,307299,3.7,-1.27,Telus Corporation
T.TO,TU,2019-04-30,2019-05-13,1125113,1136454,417748,2.69,-1.0,Telus Corporation
T.TO,TU,2019-05-15,2019-05-28,1073819,1125113,356666,3.01,-4.56,Telus Corporation
T.TO,TU,2019-05-31,2019-06-13,1206612,1073819,370785,3.25,12.37,Telus Corporation
T.TO,TU,2019-06-14,2019-06-27,1252494,1206612,530776,2.36,3.8,Telus Corporation
T.TO,TU,2019-06-28,2019-07-11,1300644,1252494,444417,2.93,3.84,Telus Corporation
T.TO,TU,2019-07-15,2019-07-26,1219371,1300644,345293,3.53,-6.25,Telus Corporation
T.TO,TU,2019-07-31,2019-08-13,1062173,1219371,390106,2.72,-12.89,Telus Corporation
T.TO,TU,2019-08-15,2019-08-28,1078533,1062173,364988,2.95,1.54,Telus Corporation
T.TO,TU,2019-08-30,2019-09-12,1094027,1078533,467486,2.34,1.44,Telus Corporation
T.TO,TU,2019-09-13,2019-09-26,1453766,1094027,495000,2.94,32.88,Telus Corporation
T.TO,TU,2019-09-30,2019-10-11,1223818,1453766,395658,3.09,-15.82,Telus Corporation
T.TO,TU,2019-10-15,2019-10-28,1150854,1223818,393157,2.93,-5.96,Telus Corporation
T.TO,TU,2019-10-31,2019-11-13,1233268,1150854,476236,2.59,7.16,Telus Corporation
T.TO,TU,2019-11-15,2019-11-28,2025569,1233268,386493,5.24,64.24,Telus Corporation
T.TO,TU,2019-11-29,2019-12-12,1705887,2025569,455478,3.75,-15.78,Telus Corporation
T.TO,TU,2019-12-13,2019-12-26,1487308,1705887,432398,3.44,-12.81,Telus Corporation
T.TO,TU,2019-12-31,2020-01-13,1636171,1487308,321294,5.09,10.01,Telus Corporation
T.TO,TU,2020-01-15,2020-01-28,1461755,1636171,318631,4.59,-10.66,Telus Corporation
T.TO,TU,2020-01-31,2020-02-13,2982035,2290106,363699,8.2,30.21,Telus Corporation
T.TO,TU,2020-02-14,2020-02-27,2349331,2982035,548127,4.29,-21.22,Telus Corporation
T.TO,TU,2020-02-28,2020-03-12,1475330,2349331,904998,1.63,-37.2,Telus Corporation
T.TO,TU,2020-03-13,2020-03-26,1251579,1475330,1033033,1.21,-15.17,Telus Corporation
T.TO,TU,2020-03-31,2020-04-13,1911393,1251579,1702575,1.12,52.72,Telus Corporation
T.TO,TU,2020-04-15,2020-04-28,2604815,1911393,1117052,2.33,36.28,Telus Corporation
T.TO,TU,2020-04-30,2020-05-13,3326359,2604815,1317018,2.53,27.7,Telus Corporation
T.TO,TU,2020-05-15,2020-05-28,2798091,3266726,1087741,2.57,-14.35,Telus Corporation
T.TO,TU,2020-05-29,2020-06-11,3641088,2798091,1070998,3.4,30.13,Telus Corporation
T.TO,TU,2020-06-15,2020-06-26,3112612,3641088,1211249,2.57,-14.51,Telus Corporation
T.TO,TU,2020-06-30,2020-07-13,2913808,3112612,1268820,2.3,-6.39,Telus Corporation
T.TO,TU,2020-07-15,2020-07-28,4207537,2913808,1052209,4.0,44.4,Telus Corporation
T.TO,TU,2020-07-31,2020-08-13,5364037,4207537,1042074,5.15,27.49,Telus Corporation
T.TO,TU,2020-08-14,2020-08-27,5352351,5364037,792993,6.75,-0.22,Telus Corporation
T.TO,TU,2020-08-31,2020-09-11,4535747,5352351,737091,6.15,-15.26,Telus Corporation
T.TO,TU,2020-09-15,2020-09-28,4047095,4535747,1011969,4.0,-10.77,Telus Corporation
T.TO,TU,2020-09-30,2020-10-13,4954995,4047095,1325218,3.74,22.43,Telus Corporation
T.TO,TU,2020-10-15,2020-10-28,3852279,4954995,814933,4.73,-22.25,Telus Corporation
T.TO,TU,2020-10-30,2020-11-12,3491104,3852279,1041834,3.35,-9.38,Telus Corporation
T.TO,TU,2020-11-13,2020-11-26,4820460,3491104,1517593,3.18,38.08,Telus Corporation
T.TO,TU,2020-11-30,2020-12-11,3982504,4820460,780671,5.1,-17.38,Telus Corporation
T.TO,TU,2020-12-15,2020-12-28,4263947,3982504,902440,4.72,7.07,Telus Corporation
T.TO,TU,2020-12-31,2021-01-13,4995861,4263947,819007,6.1,17.17,Telus Corporation
T.TO,TU,2021-01-15,2021-01-28,5977892,4995861,1043863,5.73,19.66,Telus Corporation
T.TO,TU,2021-01-29,2021-02-11,5531656,5977892,1004737,5.51,-7.46,Telus Corporation
T.TO,TU,2021-02-12,2021-02-25,5910668,5531656,1432189,4.13,6.85,Telus Corporation
T.TO,TU,2021-02-26,2021-03-11,4898336,5910668,1722051,2.84,-17.13,Telus Corporation
T.TO,TU,2021-03-15,2021-03-26,3360063,4898336,1149665,2.92,-31.4,Telus Corporation
T.TO,TU,2021-03-31,2021-04-13,3425423,3360063,1932283,1.77,1.95,Telus Corporation
T.TO,TU,2021-04-15,2021-04-28,3313332,3425423,981017,3.38,-3.27,Telus Corporation
T.TO,TU,2021-04-30,2021-05-13,4741415,3313332,1125742,4.21,43.1,Telus Corporation
T.TO,TU,2021-05-14,2021-05-27,4817021,4741415,982280,4.9,1.59,Telus Corporation
T.TO,TU,2021-05-28,2021-06-10,5519797,4817021,842812,6.55,14.59,Telus Corporation
T.TO,TU,2021-06-15,2021-06-28,4478684,5514637,909586,4.92,-18.79,Telus Corporation
T.TO,TU,2021-06-30,2021-07-13,5495443,4478684,963011,5.71,22.7,Telus Corporation
T.TO,TU,2021-07-15,2021-07-28,5026818,5495443,713557,7.04,-8.53,Telus Corporation
T.TO,TU,2021-07-30,2021-08-12,6227275,5026818,1080304,5.76,23.88,Telus Corporation
T.TO,TU,2021-08-13,2021-08-26,6319736,6227275,815464,7.75,1.48,Telus Corporation
T.TO,TU,2021-08-31,2021-09-13,4877536,6319736,989217,4.93,-22.82,Telus Corporation
T.TO,TU,2021-09-15,2021-09-28,5777178,4877536,1245458,4.64,18.44,Telus Corporation
T.TO,TU,2021-09-30,2021-10-13,3897052,5777178,1278704,3.05,-32.54,Telus Corporation
T.TO,TU,2021-10-15,2021-10-28,3624721,3897052,835939,4.34,-6.99,Telus Corporation
T.TO,TU,2021-10-29,2021-11-11,4289782,3624721,733453,5.85,18.35,Telus Corporation
T.TO,TU,2021-11-15,2021-11-26,4410205,4289782,938894,4.7,2.81,Telus Corporation
T.TO,TU,2021-11-30,2021-12-13,5217234,4410205,868508,6.01,18.3,Telus Corporation
T.TO,TU,2021-12-15,2021-12-28,5701289,5217234,1032941,5.52,9.28,Telus Corporation
T.TO,TU,2021-12-31,2022-01-13,5737307,5701289,803539,7.14,0.63,Telus Corporation
T.TO,TU,2022-01-14,2022-01-27,5240080,5737307,987144,5.31,-8.67,Telus Corporation
T.TO,TU,2022-01-31,2022-02-11,5399693,5240080,1354582,3.99,3.05,Telus Corporation
T.TO,TU,2022-02-15,2022-02-28,5487084,5399693,1977762,2.77,1.62,Telus Corporation
T.TO,TU,2022-02-28,2022-03-11,5874101,5487084,2145213,2.74,7.05,Telus Corporation
T.TO,TU,2022-03-15,2022-03-28,5498296,5874101,1786036,3.08,-6.4,Telus Corporation
T.TO,TU,2022-03-31,2022-04-13,4022790,5498296,1765859,2.28,-26.84,Telus Corporation
T.TO,TU,2022-04-14,2022-04-27,3959421,4022790,1845449,2.15,-1.58,Telus Corporation
T.TO,TU,2022-04-29,2022-05-12,3672495,3959421,1779591,2.06,-7.25,Telus Corporation
T.TO,TU,2022-05-13,2022-05-26,5662581,3672495,2244909,2.52,54.19,Telus Corporation
T.TO,TU,2022-05-31,2022-06-13,5797347,5662581,1913951,3.03,2.38,Telus Corporation
T.TO,TU,2022-06-15,2022-06-28,7546354,5797347,1462019,5.16,30.17,Telus Corporation
T.TO,TU,2022-06-30,2022-07-13,15172142,7546354,1964425,7.72,101.05,Telus Corporation
T.TO,TU,2022-07-15,2022-07-28,15768063,15172142,1179416,13.37,3.93,Telus Corporation
T.TO,TU,2022-07-29,2022-08-11,14082363,15768063,1035563,13.6,-10.69,Telus Corporation
T.TO,TU,2022-08-15,2022-08-26,13936609,14082363,1128951,12.34,-1.04,Telus Corporation
T.TO,TU,2022-08-31,2022-09-13,13821702,13936609,919149,15.04,-0.82,Telus Corporation
T.TO,TU,2022-09-15,2022-09-28,15060303,13821702,1254565,12.0,8.96,Telus Corporation
T.TO,TU,2022-09-30,2022-10-13,17184257,15060303,1559948,11.02,14.1,Telus Corporation
T.TO,TU,2022-10-14,2022-10-27,16020356,17184257,1523930,10.51,-6.77,Telus Corporation
T.TO,TU,2022-10-31,2022-11-11,14392006,16020356,1354651,10.62,-10.16,Telus Corporation
T.TO,TU,2022-11-15,2022-11-28,14912704,14392006,1394354,10.7,3.62,Telus Corporation
T.TO,TU,2022-11-30,2022-12-13,13369262,14912704,1369242,9.76,-10.35,Telus Corporation
T.TO,TU,2022-12-15,2022-12-28,12670017,13369262,1820218,6.96,-5.23,Telus Corporation
T.TO,TU,2022-12-30,2023-01-12,9451652,12670017,1480158,6.39,-25.4,Telus Corporation
T.TO,TU,2023-01-13,2023-01-26,10851405,9451652,1449250,7.49,14.81,Telus Corporation
T.TO,TU,2023-01-31,2023-02-13,9402087,10851405,1397058,6.73,-13.36,Telus Corporation
T.TO,TU,2023-02-15,2023-02-28,10206581,9402087,1951209,5.23,8.56,Telus Corporation
T.TO,TU,2023-02-28,2023-03-13,11440082,10206581,1233799,9.27,12.09,Telus Corporation
T.TO,TU,2023-03-15,2023-03-28,13598176,11440082,1781329,7.63,18.86,Telus Corporation
T.TO,TU,2023-03-31,2023-04-13,13586363,13598176,1456187,9.33,-0.09,Telus Corporation
T.TO,TU,2023-04-14,2023-04-27,14409931,13586363,1555861,9.26,6.06,Telus Corporation
T.TO,TU,2023-04-28,2023-05-11,12032967,14409931,1254233,9.59,-16.5,Telus Corporation
T.TO,TU,2023-05-15,2023-05-26,11669407,12032967,1370795,8.51,-3.02,Telus Corporation
T.TO,TU,2023-05-31,2023-06-13,11572919,11669407,1289930,8.97,-0.83,Telus Corporation
T.TO,TU,2023-06-15,2023-06-28,12225930,11572919,1403928,8.71,5.64,Telus Corporation
T.TO,TU,2023-06-30,2023-07-13,8363039,12225930,1646939,5.08,-31.6,Telus Corporation
T.TO,TU,2023-07-14,2023-07-27,8789102,8363039,1604508,5.48,5.09,Telus Corporation
T.TO,TU,2023-07-31,2023-08-11,11893403,8789102,2415133,4.92,35.32,Telus Corporation
T.TO,TU,2023-08-15,2023-08-28,14075592,11893403,1739609,8.09,18.35,Telus Corporation
T.TO,TU,2023-08-31,2023-09-13,16032125,14075592,1326295,12.09,13.9,Telus Corporation
T.TO,TU,2023-09-15,2023-09-28,16666375,16032125,1548233,10.76,3.96,Telus Corporation
T.TO,TU,2023-09-29,2023-10-12,18411062,16666375,1534010,12.0,10.47,Telus Corporation
T.TO,TU,2023-10-13,2023-10-26,21709734,18411062,2410172,9.01,17.92,Telus Corporation
T.TO,TU,2023-10-31,2023-11-13,21685210,21709734,1686725,12.86,-0.11,Telus Corporation
T.TO,TU,2023-11-15,2023-11-28,21031123,21685159,1919271,10.96,-3.02,Telus Corporation
T.TO,TU,2023-11-30,2023-12-13,20961135,21031123,1468160,14.28,-0.33,Telus Corporation
T.TO,TU,2023-12-15,2023-12-28,17759820,20961135,1865314,9.52,-15.27,Telus Corporation
T.TO,TU,2023-12-29,2024-01-11,13313521,17759820,2512745,5.3,-25.04,Telus Corporation
T.TO,TU,2024-01-12,2024-01-25,14845543,13313521,2071252,7.17,11.51,Telus Corporation
T.TO,TU,2024-01-31,2024-02-13,15870443,14845543,2116425,7.5,6.9,Telus Corporation
T.TO,TU,2024-02-15,2024-02-28,20599068,15870443,2723825,7.56,29.8,Telus Corporation
T.TO,TU,2024-02-29,2024-03-13,19311872,20599068,1880437,10.27,-6.25,Telus Corporation
T.TO,TU,2024-03-15,2024-03-28,20940953,19311872,2189358,9.56,8.44,Telus Corporation
T.TO,TU,2024-03-28,2024-04-10,24209731,20940953,3548868,6.82,15.61,Telus Corporation
T.TO,TU,2024-04-15,2024-04-26,25124217,24209731,2991107,8.4,3.78,Telus Corporation
T.TO,TU,2024-04-30,2024-05-13,26659061,25124217,2242673,11.89,6.11,Telus Corporation
T.TO,TU,2024-05-15,2024-05-28,27045707,26659061,2330507,11.61,1.45,Telus Corporation
T.TO,TU,2024-05-31,2024-06-13,29471160,27045707,1828152,16.12,8.97,Telus Corporation
T.TO,TU,2024-06-14,2024-06-27,28409585,29471160,2524098,11.26,-3.6,Telus Corporation
T.TO,TU,2024-06-28,2024-07-11,31588247,28409585,2017557,15.66,11.19,Telus Corporation
T.TO,TU,2024-07-15,2024-07-26,30549970,31588247,1820312,16.78,-3.29,Telus Corporation
T.TO,TU,2024-07-31,2024-08-13,29038692,30549970,1766428,16.44,-4.95,Telus Corporation
T.TO,TU,2024-08-15,2024-08-28,28233073,29038692,2538327,11.12,-2.77,Telus Corporation
T.TO,TU,2024-08-30,2024-09-12,30230220,28233073,1934741,15.62,7.07,Telus Corporation
T.TO,TU,2024-09-13,2024-09-26,31623643,30230220,2342891,13.5,4.61,Telus Corporation
T.TO,TU,2024-09-30,2024-10-11,29278874,31623643,1912107,15.31,-7.41,Telus Corporation
T.TO,TU,2024-10-15,2024-10-28,33761740,29278874,1775214,19.02,15.31,Telus Corporation
T.TO,TU,2024-10-31,2024-11-13,36426906,33761740,2126478,17.13,7.89,Telus Corporation
T.TO,TU,2024-11-15,2024-11-28,34227242,36426906,3692723,9.27,-6.04,Telus Corporation
T.TO,TU,2024-11-29,2024-12-12,33928288,34227242,2772792,12.24,-0.87,Telus Corporation
T.TO,TU,2024-12-13,2024-12-26,38066849,33928288,3496531,10.89,12.2,Telus Corporation
T.TO,TU,2024-12-31,2025-01-13,40083657,38066849,3925927,10.21,5.3,Telus Corporation
T.TO,TU,2025-01-15,2025-01-28,42138210,40083657,3411335,12.35,5.13,Telus Corporation
T.TO,TU,2025-01-31,2025-02-13,43432474,42138210,4119748,10.54,3.07,Telus Corporation
T.TO,TU,2025-02-14,2025-02-27,40204966,43432474,3976990,10.11,-7.43,Telus Corporation
T.TO,TU,2025-02-28,2025-03-13,39114498,40204966,3374803,11.59,-2.71,Telus Corporation
T.TO,TU,2025-03-14,2025-03-27,36014292,39114498,3971500,9.07,-7.93,Telus Corporation
T.TO,TU,2025-03-31,2025-04-11,35113485,36014292,3519737,9.98,-2.5,Telus Corporation
T.TO,TU,2025-04-15,2025-04-28,36115282,35113485,5271415,6.85,2.85,Telus Corporation
T.TO,TU,2025-04-30,2025-05-13,33648208,36115282,2280553,14.75,-6.83,Telus Corporation
T.TO,TU,2025-05-15,2025-05-28,32163495,33648208,3535898,9.1,-4.41,Telus Corporation
T.TO,TU,2025-05-30,2025-06-12,30063052,32163495,2156311,13.94,-6.53,Telus Corporation
T.TO,TU,2025-06-13,2025-06-26,34269378,30063052,2684844,12.76,13.99,Telus Corporation
T.TO,TU,2025-06-30,2025-07-11,33232794,34269378,3115737,10.67,-3.02,Telus Corporation
T.TO,TU,2025-07-15,2025-07-28,31787320,33232794,3020641,10.52,-4.35,Telus Corporation
T.TO,TU,2025-07-31,2025-08-13,34340601,31787320,3128241,10.98,8.03,Telus Corporation
T.TO,TU,2025-08-15,2025-08-28,31555387,34340601,3139362,10.05,-8.11,Telus Corporation
T.TO,TU,2025-08-29,2025-09-11,28203795,31555387,2706427,10.42,-10.62,Telus Corporation
T.TO,TU,2025-09-15,2025-09-26,32367831,28203795,3502946,9.24,14.76,Telus Corporation
T.TO,TU,2025-09-30,2025-10-13,33206796,32367831,3590756,9.25,2.59,Telus Corporation
T.TO,TU,2025-10-15,2025-10-28,41896458,33206796,4079603,10.27,26.17,Telus Corporation
T.TO,TU,2025-10-31,2025-11-13,52988656,41896458,4561062,11.62,26.48,Telus Corporation
T.TO,TU,2025-11-14,2025-11-27,60501769,52988656,6196702,9.76,14.18,Telus Corporation
T.TO,TU,2025-11-28,2025-12-11,73814227,57801268,7898266,9.35,27.7,Telus Corporation
T.TO,TU,2025-12-15,2025-12-26,71480623,73814227,7638941,9.36,-3.16,Telus Corporation
T.TO,TU,2025-12-31,2026-01-13,73127020,71480623,6006553,12.17,2.3,Telus Corporation
T.TO,TU,2026-01-15,2026-01-28,75743543,73127020,4874054,15.54,3.58,Telus Corporation
T.TO,TU,2026-01-30,2026-02-12,71866455,75743543,5307611,13.54,-5.12,Telus Corporation
T.TO,TU,2026-02-13,2026-02-26,66341633,71866455,7307000,9.08,-7.69,Telus Corporation
T.TO,TU,2026-02-27,2026-03-12,69065672,66341633,4531363,15.24,4.11,Telus Corporation
T.TO,TU,2026-03-13,2026-03-26,74703604,69065672,7240151,10.32,8.16,Telus Corporation
T.TO,TU,2026-03-31,2026-04-13,75481974,74703604,5192371,14.54,1.04,Telus Corporation
T.TO,TU,2026-04-15,2026-04-28,74101948,75481974,7293820,10.16,-1.83,Telus Corporation
T.TO,TU,2026-04-30,2026-05-13,64544924,74101948,4861835,13.28,-12.9,Telus Corporation
T.TO,TU,2026-05-15,2026-05-28,64507446,64544924,4987817,12.93,-0.06,Telus Corporation
T.TO,TU,2026-05-29,2026-06-11,69051738,64507446,4913920,14.05,7.04,Telus Corporation
T.TO,TU,2026-06-15,2026-06-26,73335070,69051738,6311363,11.62,6.2,Telus Corporation
T.TO,TU,2026-06-30,2026-07-13,66895777,73335070,6866445,9.74,-8.78,Telus Corporation
T.TO,TU,2026-07-15,2026-07-28,69363311,66895777,5720058,12.13,3.69,Telus Corporation
T.TO,TU,2026-07-31,2026-08-13,67453912,69363311,9796599,6.89,-2.75,Telus Corporation
T.TO,TU,2026-08-14,2026-08-27,72543186,67453912,9517677,7.62,7.54,Telus Corporation
TD.TO,TD,2017-12-29,2018-01-11,4663778,5215986,889054,5.25,-10.59,Toronto Dominion Bank
TD.TO,TD,2018-01-12,2018-01-25,5791280,4663778,1088553,5.32,24.18,Toronto Dominion Bank
TD.TO,TD,2018-01-31,2018-02-13,4412067,5791280,1209021,3.65,-23.82,Toronto Dominion Bank
TD.TO,TD,2018-02-15,2018-02-28,5000314,4412067,1581196,3.16,13.33,Toronto Dominion Bank
TD.TO,TD,2018-02-28,2018-03-13,4660141,5000314,1442392,3.23,-6.8,Toronto Dominion Bank
TD.TO,TD,2018-03-15,2018-03-28,5358557,4660141,1563330,3.43,14.99,Toronto Dominion Bank
TD.TO,TD,2018-03-29,2018-04-11,5329229,5358557,1505063,3.54,-0.55,Toronto Dominion Bank
TD.TO,TD,2018-04-13,2018-04-26,6263693,5329229,1376277,4.55,17.53,Toronto Dominion Bank
TD.TO,TD,2018-04-30,2018-05-11,6464679,6263693,1126823,5.74,3.21,Toronto Dominion Bank
TD.TO,TD,2018-05-15,2018-05-28,6361560,6464679,1162188,5.47,-1.6,Toronto Dominion Bank
TD.TO,TD,2018-05-31,2018-06-13,6876623,6361560,1171012,5.87,8.1,Toronto Dominion Bank
TD.TO,TD,2018-06-15,2018-06-28,5373499,6876623,991989,5.42,-21.86,Toronto Dominion Bank
TD.TO,TD,2018-06-29,2018-07-12,5390062,5373499,1086590,4.96,0.31,Toronto Dominion Bank
TD.TO,TD,2018-07-13,2018-07-26,4989382,5390062,778454,6.41,-7.43,Toronto Dominion Bank
TD.TO,TD,2018-07-31,2018-08-13,3893163,4989382,1152096,3.38,-21.97,Toronto Dominion Bank
TD.TO,TD,2018-08-15,2018-08-28,4386973,3893163,1047063,4.19,12.68,Toronto Dominion Bank
TD.TO,TD,2018-08-31,2018-09-13,4721038,4386973,1296704,3.64,7.61,Toronto Dominion Bank
TD.TO,TD,2018-09-14,2018-09-27,3621359,4721038,1282144,2.82,-23.29,Toronto Dominion Bank
TD.TO,TD,2018-09-28,2018-10-11,2883892,3621359,1379097,2.09,-20.36,Toronto Dominion Bank
TD.TO,TD,2018-10-15,2018-10-26,3083656,2870492,1569409,1.96,7.43,Toronto Dominion Bank
TD.TO,TD,2018-10-31,2018-11-13,3686476,3083656,1547643,2.38,19.55,Toronto Dominion Bank
TD.TO,TD,2018-11-15,2018-11-28,3355034,3686476,1224779,2.74,-8.99,Toronto Dominion Bank
TD.TO,TD,2018-11-30,2018-12-13,4051575,3355034,1337285,3.03,20.76,Toronto Dominion Bank
TD.TO,TD,2018-12-14,2018-12-27,4070832,4051575,1773508,2.3,0.48,Toronto Dominion Bank
TD.TO,TD,2018-12-31,2019-01-11,4030768,4070832,2007388,2.01,-0.98,Toronto Dominion Bank
TD.TO,TD,2019-01-15,2019-01-28,6563319,4030768,1569507,4.18,62.83,Toronto Dominion Bank
TD.TO,TD,2019-01-31,2019-02-13,5368982,6563319,1506371,3.56,-18.2,Toronto Dominion Bank
TD.TO,TD,2019-02-15,2019-02-28,5556282,5368982,1089294,5.1,3.49,Toronto Dominion Bank
TD.TO,TD,2019-02-28,2019-03-13,5712229,5556282,1325334,4.31,2.81,Toronto Dominion Bank
TD.TO,TD,2019-03-15,2019-03-28,5608943,5712229,1117894,5.02,-1.81,Toronto Dominion Bank
TD.TO,TD,2019-03-29,2019-04-11,6178628,5608943,1596663,3.87,10.16,Toronto Dominion Bank
TD.TO,TD,2019-04-15,2019-04-26,8520696,6178628,1057819,8.05,37.91,Toronto Dominion Bank
TD.TO,TD,2019-04-30,2019-05-13,5338505,8520696,1018570,5.24,-37.35,Toronto Dominion Bank
TD.TO,TD,2019-05-15,2019-05-28,5070295,5338505,946410,5.36,-5.02,Toronto Dominion Bank
TD.TO,TD,2019-05-31,2019-06-13,4912454,5070295,1244433,3.95,-3.11,Toronto Dominion Bank
TD.TO,TD,2019-06-14,2019-06-27,4548004,4912454,960165,4.74,-7.42,Toronto Dominion Bank
TD.TO,TD,2019-06-28,2019-07-11,3464805,4548004,777386,4.46,-23.82,Toronto Dominion Bank
TD.TO,TD,2019-07-15,2019-07-26,7271436,3464805,1316871,5.52,109.87,Toronto Dominion Bank
TD.TO,TD,2019-07-31,2019-08-13,4897399,7271436,896215,5.46,-32.65,Toronto Dominion Bank
TD.TO,TD,2019-08-15,2019-08-28,4097054,4897399,1390729,2.95,-16.34,Toronto Dominion Bank
TD.TO,TD,2019-08-30,2019-09-12,3099369,4097054,1204589,2.57,-24.35,Toronto Dominion Bank
TD.TO,TD,2019-09-13,2019-09-26,2933869,3099369,1449556,2.02,-5.34,Toronto Dominion Bank
TD.TO,TD,2019-09-30,2019-10-11,3285196,2933869,1161457,2.83,11.97,Toronto Dominion Bank
TD.TO,TD,2019-10-15,2019-10-28,7579861,3285196,1732304,4.38,130.73,Toronto Dominion Bank
TD.TO,TD,2019-10-31,2019-11-13,3941901,7579861,769167,5.12,-48.0,Toronto Dominion Bank
TD.TO,TD,2019-11-15,2019-11-28,3306543,3941901,1093777,3.02,-16.12,Toronto Dominion Bank
TD.TO,TD,2019-11-29,2019-12-12,2707987,3306543,977551,2.77,-18.1,Toronto Dominion Bank
TD.TO,TD,2019-12-13,2019-12-26,4382842,2707987,1210964,3.62,61.85,Toronto Dominion Bank
TD.TO,TD,2019-12-31,2020-01-13,5000376,4382842,745982,6.7,14.09,Toronto Dominion Bank
TD.TO,TD,2020-01-15,2020-01-28,6483729,5000376,974778,6.65,29.66,Toronto Dominion Bank
TD.TO,TD,2020-01-31,2020-02-13,5675190,6652987,995149,5.7,-14.7,Toronto Dominion Bank
TD.TO,TD,2020-02-14,2020-02-27,5499803,5675190,1050273,5.24,-3.09,Toronto Dominion Bank
TD.TO,TD,2020-02-28,2020-03-12,4796224,5499803,1610994,2.98,-12.79,Toronto Dominion Bank
TD.TO,TD,2020-03-13,2020-03-26,10229341,4796224,3679765,2.78,113.28,Toronto Dominion Bank
TD.TO,TD,2020-03-31,2020-04-13,7680780,10229341,3269319,2.35,-24.91,Toronto Dominion Bank
TD.TO,TD,2020-04-15,2020-04-28,6103619,7680780,2796271,2.18,-20.53,Toronto Dominion Bank
TD.TO,TD,2020-04-30,2020-05-13,5917748,6103619,2220837,2.66,-3.05,Toronto Dominion Bank
TD.TO,TD,2020-05-15,2020-05-28,8198855,6730699,2497439,3.28,21.81,Toronto Dominion Bank
TD.TO,TD,2020-05-29,2020-06-11,7568166,8198855,2382858,3.18,-7.69,Toronto Dominion Bank
TD.TO,TD,2020-06-15,2020-06-26,7492171,7568166,2226272,3.37,-1.0,Toronto Dominion Bank
TD.TO,TD,2020-06-30,2020-07-13,7798089,7492171,1568061,4.97,4.08,Toronto Dominion Bank
TD.TO,TD,2020-07-15,2020-07-28,12637046,7798089,1644946,7.68,62.05,Toronto Dominion Bank
TD.TO,TD,2020-07-31,2020-08-13,5829308,12637046,1114033,5.23,-53.87,Toronto Dominion Bank
TD.TO,TD,2020-08-14,2020-08-27,5072285,5829308,944504,5.37,-12.99,Toronto Dominion Bank
TD.TO,TD,2020-08-31,2020-09-11,7114481,5072285,1361400,5.23,40.26,Toronto Dominion Bank
TD.TO,TD,2020-09-15,2020-09-28,5994835,7114481,1338655,4.48,-15.74,Toronto Dominion Bank
TD.TO,TD,2020-09-30,2020-10-13,5886871,5994835,1268146,4.64,-1.8,Toronto Dominion Bank
TD.TO,TD,2020-10-15,2020-10-28,9447844,5886871,2378662,3.97,60.49,Toronto Dominion Bank
TD.TO,TD,2020-10-30,2020-11-12,5985873,9447844,1146574,5.22,-36.64,Toronto Dominion Bank
TD.TO,TD,2020-11-13,2020-11-26,5749736,5985873,1510997,3.81,-3.94,Toronto Dominion Bank
TD.TO,TD,2020-11-30,2020-12-11,5387218,5749736,1305241,4.13,-6.3,Toronto Dominion Bank
TD.TO,TD,2020-12-15,2020-12-28,5168136,5387218,1215484,4.25,-4.07,Toronto Dominion Bank
TD.TO,TD,2020-12-31,2021-01-13,6270935,5168136,813299,7.71,21.34,Toronto Dominion Bank
TD.TO,TD,2021-01-15,2021-01-28,5647742,6270935,1988897,2.84,-9.94,Toronto Dominion Bank
TD.TO,TD,2021-01-29,2021-02-11,6165547,5647742,1132367,5.44,9.17,Toronto Dominion Bank
TD.TO,TD,2021-02-12,2021-02-25,6712568,6165547,1141271,5.88,8.87,Toronto Dominion Bank
TD.TO,TD,2021-02-26,2021-03-11,7973567,6712568,1857230,4.29,18.79,Toronto Dominion Bank
TD.TO,TD,2021-03-15,2021-03-26,7504552,7973567,2260776,3.32,-5.88,Toronto Dominion Bank
TD.TO,TD,2021-03-31,2021-04-13,5972520,7504552,1582018,3.78,-20.41,Toronto Dominion Bank
TD.TO,TD,2021-04-15,2021-04-28,5960263,5972520,1730545,3.44,-0.21,Toronto Dominion Bank
TD.TO,TD,2021-04-30,2021-05-13,7657197,5960263,1529708,5.01,28.47,Toronto Dominion Bank
TD.TO,TD,2021-05-14,2021-05-27,7268042,7657197,1501461,4.84,-5.08,Toronto Dominion Bank
TD.TO,TD,2021-05-28,2021-06-10,7370057,7268042,1393667,5.29,1.4,Toronto Dominion Bank
TD.TO,TD,2021-06-15,2021-06-28,7515131,7370666,1283831,5.85,1.96,Toronto Dominion Bank
TD.TO,TD,2021-06-30,2021-07-13,5654230,7515131,1974454,2.86,-24.76,Toronto Dominion Bank
TD.TO,TD,2021-07-15,2021-07-28,8376961,5654230,2201737,3.8,48.15,Toronto Dominion Bank
TD.TO,TD,2021-07-30,2021-08-12,8315103,8376961,1673183,4.97,-0.74,Toronto Dominion Bank
TD.TO,TD,2021-08-13,2021-08-26,8249722,8315103,1061785,7.77,-0.79,Toronto Dominion Bank
TD.TO,TD,2021-08-31,2021-09-13,9362799,8249722,1536227,6.09,13.49,Toronto Dominion Bank
TD.TO,TD,2021-09-15,2021-09-28,9351721,9362799,1166470,8.02,-0.12,Toronto Dominion Bank
TD.TO,TD,2021-09-30,2021-10-13,7187994,9351721,1539966,4.67,-23.14,Toronto Dominion Bank
TD.TO,TD,2021-10-15,2021-10-28,5895453,7187994,1543946,3.82,-17.98,Toronto Dominion Bank
TD.TO,TD,2021-10-29,2021-11-11,4770835,5895453,1086475,4.39,-19.08,Toronto Dominion Bank
TD.TO,TD,2021-11-15,2021-11-26,5024761,4770835,1616287,3.11,5.32,Toronto Dominion Bank
TD.TO,TD,2021-11-30,2021-12-13,5531832,5024761,2254711,2.45,10.09,Toronto Dominion Bank
TD.TO,TD,2021-12-15,2021-12-28,5637954,5531832,2213211,2.55,1.92,Toronto Dominion Bank
TD.TO,TD,2021-12-31,2022-01-13,7849314,5637954,1289327,6.09,39.22,Toronto Dominion Bank
TD.TO,TD,2022-01-14,2022-01-27,6807225,7849314,2159369,3.15,-13.28,Toronto Dominion Bank
TD.TO,TD,2022-01-31,2022-02-11,6792508,6807225,2241482,3.03,-0.22,Toronto Dominion Bank
TD.TO,TD,2022-02-15,2022-02-28,8158357,6792508,2184698,3.73,20.11,Toronto Dominion Bank
TD.TO,TD,2022-02-28,2022-03-11,7660463,8158357,2644322,2.9,-6.1,Toronto Dominion Bank
TD.TO,TD,2022-03-15,2022-03-28,7505353,7660463,2472238,3.04,-2.02,Toronto Dominion Bank
TD.TO,TD,2022-03-31,2022-04-13,6656807,7505353,1859148,3.58,-11.31,Toronto Dominion Bank
TD.TO,TD,2022-04-14,2022-04-27,17481107,6656807,2378243,7.35,162.6,Toronto Dominion Bank
TD.TO,TD,2022-04-29,2022-05-12,10035918,17481107,2538748,3.95,-42.59,Toronto Dominion Bank
TD.TO,TD,2022-05-13,2022-05-26,12749788,10035918,4500906,2.83,27.04,Toronto Dominion Bank
TD.TO,TD,2022-05-31,2022-06-13,13685336,12749788,2317526,5.91,7.34,Toronto Dominion Bank
TD.TO,TD,2022-06-15,2022-06-28,17968508,13685336,1753947,10.24,31.3,Toronto Dominion Bank
TD.TO,TD,2022-06-30,2022-07-13,39538066,17968508,1966714,20.1,120.04,Toronto Dominion Bank
TD.TO,TD,2022-07-15,2022-07-28,45325288,39538066,2625800,17.26,14.64,Toronto Dominion Bank
TD.TO,TD,2022-07-29,2022-08-11,12321813,45325288,1683736,7.32,-72.81,Toronto Dominion Bank
TD.TO,TD,2022-08-15,2022-08-26,12368835,12321813,1626072,7.61,0.38,Toronto Dominion Bank
TD.TO,TD,2022-08-31,2022-09-13,9465167,12368835,1789015,5.29,-23.48,Toronto Dominion Bank
TD.TO,TD,2022-09-15,2022-09-28,13690320,9465167,1707671,8.02,44.64,Toronto Dominion Bank
TD.TO,TD,2022-09-30,2022-10-13,33349539,13690320,1744863,19.11,143.6,Toronto Dominion Bank
TD.TO,TD,2022-10-14,2022-10-27,38876714,33349539,2505450,15.52,16.57,Toronto Dominion Bank
TD.TO,TD,2022-10-31,2022-11-11,16120493,38876714,1508957,10.68,-58.53,Toronto Dominion Bank
TD.TO,TD,2022-11-15,2022-11-28,16155288,16120493,1581033,10.22,0.22,Toronto Dominion Bank
TD.TO,TD,2022-11-30,2022-12-13,12958124,16155288,1157362,11.2,-19.79,Toronto Dominion Bank
TD.TO,TD,2022-12-15,2022-12-28,18006443,12958124,2092962,8.6,38.96,Toronto Dominion Bank
TD.TO,TD,2022-12-30,2023-01-12,24555064,18006443,1326615,18.51,36.37,Toronto Dominion Bank
TD.TO,TD,2023-01-13,2023-01-26,40271001,24555064,2401448,16.77,64.0,Toronto Dominion Bank
TD.TO,TD,2023-01-31,2023-02-13,6993570,40271001,1564584,4.47,-82.63,Toronto Dominion Bank
TD.TO,TD,2023-02-15,2023-02-28,6626975,6993570,1402216,4.73,-5.24,Toronto Dominion Bank
TD.TO,TD,2023-02-28,2023-03-13,5110472,6626975,1405263,3.64,-22.88,Toronto Dominion Bank
TD.TO,TD,2023-03-15,2023-03-28,16887610,5110472,3216181,5.25,230.45,Toronto Dominion Bank
TD.TO,TD,2023-03-31,2023-04-13,42117789,16887610,3338110,12.62,149.4,Toronto Dominion Bank
TD.TO,TD,2023-04-14,2023-04-27,37385121,42117789,3175502,11.77,-11.24,Toronto Dominion Bank
TD.TO,TD,2023-04-28,2023-05-11,10481845,37385121,1960788,5.35,-71.96,Toronto Dominion Bank
TD.TO,TD,2023-05-15,2023-05-26,10157559,10481845,2591431,3.92,-3.09,Toronto Dominion Bank
TD.TO,TD,2023-05-31,2023-06-13,11289393,10157559,2123746,5.32,11.14,Toronto Dominion Bank
TD.TO,TD,2023-06-15,2023-06-28,15875846,11289393,2060773,7.7,40.63,Toronto Dominion Bank
TD.TO,TD,2023-06-30,2023-07-13,35701795,15875846,2347045,15.21,124.88,Toronto Dominion Bank
TD.TO,TD,2023-07-14,2023-07-27,31466282,35701795,2657496,11.84,-11.86,Toronto Dominion Bank
TD.TO,TD,2023-07-31,2023-08-11,10678024,31466282,2136552,5.0,-66.07,Toronto Dominion Bank
TD.TO,TD,2023-08-15,2023-08-28,13997967,10678024,1656170,8.45,31.09,Toronto Dominion Bank
TD.TO,TD,2023-08-31,2023-09-13,19144438,13997967,2515632,7.61,36.77,Toronto Dominion Bank
TD.TO,TD,2023-09-15,2023-09-28,25558163,19144438,2421476,10.55,33.5,Toronto Dominion Bank
TD.TO,TD,2023-09-29,2023-10-12,45604900,25558163,2271867,20.07,78.44,Toronto Dominion Bank
TD.TO,TD,2023-10-13,2023-10-26,36795292,45604900,3902227,9.43,-19.32,Toronto Dominion Bank
TD.TO,TD,2023-10-31,2023-11-13,20720945,36795292,3552222,5.83,-43.69,Toronto Dominion Bank
TD.TO,TD,2023-11-15,2023-11-28,19177582,20712741,2780954,6.9,-7.41,Toronto Dominion Bank
TD.TO,TD,2023-11-30,2023-12-13,17236139,19177582,1928278,8.94,-10.12,Toronto Dominion Bank
TD.TO,TD,2023-12-15,2023-12-28,13923218,17236139,4313944,3.23,-19.22,Toronto Dominion Bank
TD.TO,TD,2023-12-29,2024-01-11,18460735,13923218,2529893,7.3,32.59,Toronto Dominion Bank
TD.TO,TD,2024-01-12,2024-01-25,48847239,18460735,3420050,14.28,164.6,Toronto Dominion Bank
TD.TO,TD,2024-01-31,2024-02-13,18199523,48847239,2868003,6.35,-62.74,Toronto Dominion Bank
TD.TO,TD,2024-02-15,2024-02-28,14325120,18199523,2962887,4.83,-21.29,Toronto Dominion Bank
TD.TO,TD,2024-02-29,2024-03-13,10431333,14325120,2857088,3.65,-27.18,Toronto Dominion Bank
TD.TO,TD,2024-03-15,2024-03-28,11538345,10431333,2272140,5.08,10.61,Toronto Dominion Bank
TD.TO,TD,2024-03-28,2024-04-10,25968418,11538345,2697906,9.63,125.06,Toronto Dominion Bank
TD.TO,TD,2024-04-15,2024-04-26,18160985,25968418,3578067,5.08,-30.07,Toronto Dominion Bank
TD.TO,TD,2024-04-30,2024-05-13,9388882,18160985,3074395,3.05,-48.3,Toronto Dominion Bank
TD.TO,TD,2024-05-15,2024-05-28,10575489,9388882,3725077,2.84,12.64,Toronto Dominion Bank
TD.TO,TD,2024-05-31,2024-06-13,4264194,10575489,2496209,1.71,-59.68,Toronto Dominion Bank
TD.TO,TD,2024-06-14,2024-06-27,17501292,4264194,2182068,8.02,310.42,Toronto Dominion Bank
TD.TO,TD,2024-06-28,2024-07-11,18687389,17501292,2494077,7.49,6.78,Toronto Dominion Bank
TD.TO,TD,2024-07-15,2024-07-26,25572274,18687389,3403254,7.51,36.84,Toronto Dominion Bank
TD.TO,TD,2024-07-31,2024-08-13,13032393,25572274,2063197,6.32,-49.04,Toronto Dominion Bank
TD.TO,TD,2024-08-15,2024-08-28,10277422,13032393,2137770,4.81,-21.14,Toronto Dominion Bank
TD.TO,TD,2024-08-30,2024-09-12,14853149,10277422,1672716,8.88,44.52,Toronto Dominion Bank
TD.TO,TD,2024-09-13,2024-09-26,18503572,14853149,1666922,11.1,24.58,Toronto Dominion Bank
TD.TO,TD,2024-09-30,2024-10-11,32112327,18503572,2287973,14.04,73.55,Toronto Dominion Bank
TD.TO,TD,2024-10-15,2024-10-28,49946273,32112327,4692099,10.64,55.54,Toronto Dominion Bank
TD.TO,TD,2024-10-31,2024-11-13,21636266,49946273,3547472,6.1,-56.68,Toronto Dominion Bank
TD.TO,TD,2024-11-15,2024-11-28,16856751,21636266,1669755,10.1,-22.09,Toronto Dominion Bank
TD.TO,TD,2024-11-29,2024-12-12,14327739,16856751,1871576,7.66,-15.0,Toronto Dominion Bank
TD.TO,TD,2024-12-13,2024-12-26,12685383,14327739,2873886,4.41,-11.46,Toronto Dominion Bank
TD.TO,TD,2024-12-31,2025-01-13,22560484,12685383,1532071,14.73,77.85,Toronto Dominion Bank
TD.TO,TD,2025-01-15,2025-01-28,43786720,22560484,3432361,12.76,94.09,Toronto Dominion Bank
TD.TO,TD,2025-01-31,2025-02-13,10144125,43807941,2361517,4.3,-76.84,Toronto Dominion Bank
TD.TO,TD,2025-02-14,2025-02-27,9250408,10144125,2904367,3.18,-8.81,Toronto Dominion Bank
TD.TO,TD,2025-02-28,2025-03-13,11718981,9250408,1518496,7.72,26.69,Toronto Dominion Bank
TD.TO,TD,2025-03-14,2025-03-27,17850520,11718981,1983499,9.0,52.32,Toronto Dominion Bank
TD.TO,TD,2025-03-31,2025-04-11,37924358,17850520,1965332,19.3,112.46,Toronto Dominion Bank
TD.TO,TD,2025-04-15,2025-04-28,54639540,37924358,2691924,20.3,44.08,Toronto Dominion Bank
TD.TO,TD,2025-04-30,2025-05-13,11261912,54639540,2312930,4.87,-79.39,Toronto Dominion Bank
TD.TO,TD,2025-05-15,2025-05-28,12893324,11261912,1309277,9.85,14.49,Toronto Dominion Bank
TD.TO,TD,2025-05-30,2025-06-12,13136932,12893324,1983437,6.62,1.89,Toronto Dominion Bank
TD.TO,TD,2025-06-13,2025-06-26,13235521,13136932,1698146,7.79,0.75,Toronto Dominion Bank
TD.TO,TD,2025-06-30,2025-07-11,17781013,13235521,2050457,8.67,34.34,Toronto Dominion Bank
TD.TO,TD,2025-07-15,2025-07-28,27997652,17781013,2320031,12.07,57.46,Toronto Dominion Bank
TD.TO,TD,2025-07-31,2025-08-13,14344451,27997652,1787508,8.02,-48.77,Toronto Dominion Bank
TD.TO,TD,2025-08-15,2025-08-28,12332214,14344451,1703029,7.24,-14.03,Toronto Dominion Bank
TD.TO,TD,2025-08-29,2025-09-11,10680871,12332214,2388831,4.47,-13.39,Toronto Dominion Bank
TD.TO,TD,2025-09-15,2025-09-26,9488893,10680871,1500922,6.32,-11.16,Toronto Dominion Bank
TD.TO,TD,2025-09-30,2025-10-13,11246905,9488893,2044351,5.5,18.53,Toronto Dominion Bank
TD.TO,TD,2025-10-15,2025-10-28,14785451,11246905,1751002,8.44,31.46,Toronto Dominion Bank
TD.TO,TD,2025-10-31,2025-11-13,5381774,14785451,1415655,3.8,-63.6,Toronto Dominion Bank
TD.TO,TD,2025-11-14,2025-11-27,6685478,5381774,2073301,3.22,24.22,Toronto Dominion Bank
TD.TO,TD,2025-11-28,2025-12-11,8500943,6200427,1730425,4.91,37.1,Toronto Dominion Bank
TD.TO,TD,2025-12-15,2025-12-26,7236299,8500943,2934866,2.47,-14.88,Toronto Dominion Bank
TD.TO,TD,2025-12-31,2026-01-13,11903439,7236299,1712705,6.95,64.5,Toronto Dominion Bank
TD.TO,TD,2026-01-15,2026-01-28,17034896,11903439,2942136,5.79,43.11,Toronto Dominion Bank
TD.TO,TD,2026-01-30,2026-02-12,8083356,17034896,1918160,4.21,-52.55,Toronto Dominion Bank
TD.TO,TD,2026-02-13,2026-02-26,5542081,8083356,2810701,1.97,-31.44,Toronto Dominion Bank
TD.TO,TD,2026-02-27,2026-03-12,3319271,5542081,2632831,1.26,-40.11,Toronto Dominion Bank
TD.TO,TD,2026-03-13,2026-03-26,6368463,3319271,1966162,3.24,91.86,Toronto Dominion Bank
TD.TO,TD,2026-03-31,2026-04-13,10886028,6368463,2465561,4.42,70.94,Toronto Dominion Bank
TD.TO,TD,2026-04-15,2026-04-28,18548724,10886028,3834784,4.84,70.39,Toronto Dominion Bank
TD.TO,TD,2026-04-30,2026-05-13,9747325,18548724,2186548,4.46,-47.45,Toronto Dominion Bank
TD.TO,TD,2026-05-15,2026-05-28,4127228,9747325,1339140,3.08,-57.66,Toronto Dominion Bank
TD.TO,TD,2026-05-29,2026-06-11,6179019,4127228,1849134,3.34,49.71,Toronto Dominion Bank
TD.TO,TD,2026-06-15,2026-06-26,6077905,6179019,2558477,2.38,-1.64,Toronto Dominion Bank
TD.TO,TD,2026-06-30,2026-07-13,7837489,6077905,2149462,3.65,28.95,Toronto Dominion Bank
TD.TO,TD,2026-07-15,2026-07-28,10027029,7837489,3946788,2.54,27.94,Toronto Dominion Bank
TD.TO,TD,2026-07-31,2026-08-13,10458686,10027029,2502689,4.18,4.3,Toronto Dominion Bank
TD.TO,TD,2026-08-14,2026-08-27,7180538,10458686,2081055,3.45,-31.34,Toronto Dominion Bank
TRP.TO,TRP,2017-12-29,2018-01-11,4151655,4954747,783438,5.3,-16.21,Transcanada
TRP.TO,TRP,2018-01-12,2018-01-25,4112059,4151655,1050854,3.91,-0.95,Transcanada
TRP.TO,TRP,2018-01-31,2018-02-13,3650026,4112059,1616756,2.26,-11.24,Transcanada
TRP.TO,TRP,2018-02-15,2018-02-28,3818036,3650026,1659329,2.3,4.6,Transcanada
TRP.TO,TRP,2018-02-28,2018-03-13,5983642,3818036,1351406,4.43,56.72,Transcanada
TRP.TO,TRP,2018-03-15,2018-03-28,5590693,5983642,1399392,4.0,-6.57,Transcanada
TRP.TO,TRP,2018-03-29,2018-04-11,7198109,5590693,1920780,3.75,28.75,TransCanada Corporation
TRP.TO,TRP,2018-04-13,2018-04-26,6408110,7198109,1470082,4.36,-10.98,TransCanada Corporation
TRP.TO,TRP,2018-04-30,2018-05-11,6619320,6408110,1482971,4.46,3.3,TransCanada Corporation
TRP.TO,TRP,2018-05-15,2018-05-28,6999004,6619320,1055945,6.63,5.74,TransCanada Corporation
TRP.TO,TRP,2018-05-31,2018-06-13,5816903,6999004,2419806,2.4,-16.89,TransCanada Corporation
TRP.TO,TRP,2018-06-15,2018-06-28,6583542,5816903,1219456,5.4,13.18,TransCanada Corporation
TRP.TO,TRP,2018-06-29,2018-07-12,7907560,6583542,1217688,6.49,20.11,TransCanada Corporation
TRP.TO,TRP,2018-07-13,2018-07-26,10116316,7907560,1002276,10.09,27.93,TransCanada Corporation
TRP.TO,TRP,2018-07-31,2018-08-13,9313533,10116316,933327,9.98,-7.94,TransCanada Corporation
TRP.TO,TRP,2018-08-15,2018-08-28,7847932,9313533,832645,9.43,-15.74,TransCanada Corporation
TRP.TO,TRP,2018-08-31,2018-09-13,6908781,7847932,906426,7.62,-11.97,TransCanada Corporation
TRP.TO,TRP,2018-09-14,2018-09-27,9327585,6908781,811071,11.5,35.01,TransCanada Corporation
TRP.TO,TRP,2018-09-28,2018-10-11,8351350,9327585,1196848,6.98,-10.47,TransCanada Corporation
TRP.TO,TRP,2018-10-15,2018-10-26,8745801,8351350,1507613,5.8,4.72,TransCanada Corporation
TRP.TO,TRP,2018-10-31,2018-11-13,9264862,8745801,1477331,6.27,5.93,TransCanada Corporation
TRP.TO,TRP,2018-11-15,2018-11-28,9026312,9264862,1355400,6.66,-2.57,TransCanada Corporation
TRP.TO,TRP,2018-11-30,2018-12-13,11876344,9026312,1743603,6.81,31.57,TransCanada Corporation
TRP.TO,TRP,2018-12-14,2018-12-27,12293359,11876344,1940882,6.33,3.51,TransCanada Corporation
TRP.TO,TRP,2018-12-31,2019-01-11,12285507,12293359,1914993,6.42,-0.06,TransCanada Corporation
TRP.TO,TRP,2019-01-15,2019-01-28,12113940,12285507,1721315,7.04,-1.4,TransCanada Corporation
TRP.TO,TRP,2019-01-31,2019-02-13,10064761,12113940,1096890,9.18,-16.92,TransCanada Corporation
TRP.TO,TRP,2019-02-15,2019-02-28,11054432,10064761,1304965,8.47,9.83,TransCanada Corporation
TRP.TO,TRP,2019-02-28,2019-03-13,11257007,11054432,1648434,6.83,1.83,TransCanada Corporation
TRP.TO,TRP,2019-03-15,2019-03-28,10727033,11257007,1214044,8.84,-4.71,TransCanada Corporation
TRP.TO,TRP,2019-03-29,2019-04-11,13519675,10727033,1195537,11.31,26.03,TransCanada Corporation
TRP.TO,TRP,2019-04-15,2019-04-26,11311991,13519675,1670775,6.77,-16.33,TransCanada Corporation
TRP.TO,TRP,2019-04-30,2019-05-13,10350243,11311991,1465961,7.06,-8.5,TransCanada Corporation
TRP.TO,TRP,2019-05-15,2019-05-28,9747044,10350243,1590380,6.13,-5.83,TC Energy Corporation
TRP.TO,TRP,2019-05-31,2019-06-13,8483834,9747044,1409969,6.02,-12.96,TC Energy Corporation
TRP.TO,TRP,2019-06-14,2019-06-27,7730351,8484534,1467763,5.27,-8.89,TC Energy Corporation
TRP.TO,TRP,2019-06-28,2019-07-11,8261855,7730351,1327944,6.22,6.88,TC Energy Corporation
TRP.TO,TRP,2019-07-15,2019-07-26,6363250,8261855,920961,6.91,-22.98,TC Energy Corporation
TRP.TO,TRP,2019-07-31,2019-08-13,5925712,6363250,1229534,4.82,-6.88,TC Energy Corporation
TRP.TO,TRP,2019-08-15,2019-08-28,5191999,5925712,1531941,3.39,-12.38,TC Energy Corporation
TRP.TO,TRP,2019-08-30,2019-09-12,5903479,5191999,1306280,4.52,13.7,TC Energy Corporation
TRP.TO,TRP,2019-09-13,2019-09-26,5552720,5903479,2013250,2.76,-5.94,TC Energy Corporation
TRP.TO,TRP,2019-09-30,2019-10-11,10777312,5552720,1581608,6.81,94.09,TC Energy Corporation
TRP.TO,TRP,2019-10-15,2019-10-28,6028722,10777312,1553874,3.88,-44.06,TC Energy Corporation
TRP.TO,TRP,2019-10-31,2019-11-13,5793441,6028722,948734,6.11,-3.9,TC Energy Corporation
TRP.TO,TRP,2019-11-15,2019-11-28,5004692,5793441,1420145,3.52,-13.61,TC Energy Corporation
TRP.TO,TRP,2019-11-29,2019-12-12,5242152,5004677,1016871,5.16,4.75,TC Energy Corporation
TRP.TO,TRP,2019-12-13,2019-12-26,5016464,5242152,1611099,3.11,-4.31,TC Energy Corporation
TRP.TO,TRP,2019-12-31,2020-01-13,8793979,5016464,1506680,5.84,75.3,TC Energy Corporation
TRP.TO,TRP,2020-01-15,2020-01-28,6385569,8793979,1600404,3.99,-27.39,TC Energy Corporation
TRP.TO,TRP,2020-01-31,2020-02-13,9767744,7544127,1309279,7.46,29.47,TC Energy Corporation
TRP.TO,TRP,2020-02-14,2020-02-27,8269813,9767744,1127436,7.34,-15.34,TC Energy Corporation
TRP.TO,TRP,2020-02-28,2020-03-12,9278421,8269813,2173668,4.27,12.2,TC Energy Corporation
TRP.TO,TRP,2020-03-13,2020-03-26,5449834,9278421,3549527,1.54,-41.26,TC Energy Corporation
TRP.TO,TRP,2020-03-31,2020-04-13,12210173,5449834,3436215,3.55,124.05,TC Energy Corporation
TRP.TO,TRP,2020-04-15,2020-04-28,7084764,12210173,2409728,2.94,-41.98,TC Energy Corporation
TRP.TO,TRP,2020-04-30,2020-05-13,5310950,7084764,1880639,2.82,-25.04,TC Energy Corporation
TRP.TO,TRP,2020-05-15,2020-05-28,5646357,6123020,1751866,3.22,-7.78,TC Energy Corporation
TRP.TO,TRP,2020-05-29,2020-06-11,3961286,5646357,2014863,1.97,-29.84,TC Energy Corporation
TRP.TO,TRP,2020-06-15,2020-06-26,4920577,3961286,1300639,3.78,24.22,TC Energy Corporation
TRP.TO,TRP,2020-06-30,2020-07-13,15431442,4920577,1442177,10.7,213.61,TC Energy Corporation
TRP.TO,TRP,2020-07-15,2020-07-28,5786950,15431442,991750,5.84,-62.5,TC Energy Corporation
TRP.TO,TRP,2020-07-31,2020-08-13,6277739,5786950,969965,6.47,8.48,TC Energy Corporation
TRP.TO,TRP,2020-08-14,2020-08-27,7551452,6277739,1163486,6.49,20.29,TC Energy Corporation
TRP.TO,TRP,2020-08-31,2020-09-11,7707949,7551452,899654,8.57,2.07,TC Energy Corporation
TRP.TO,TRP,2020-09-15,2020-09-28,6192779,7707949,869890,7.12,-19.66,TC Energy Corporation
TRP.TO,TRP,2020-09-30,2020-10-13,11228289,6192779,1391730,8.07,81.31,TC Energy Corporation
TRP.TO,TRP,2020-10-15,2020-10-28,6688119,11228289,1547466,4.32,-40.44,TC Energy Corporation
TRP.TO,TRP,2020-10-30,2020-11-12,4445809,6688119,1208365,3.68,-33.53,TC Energy Corporation
TRP.TO,TRP,2020-11-13,2020-11-26,4742579,4445809,1460829,3.25,6.68,TC Energy Corporation
TRP.TO,TRP,2020-11-30,2020-12-11,6537842,4742579,1312822,4.98,37.85,TC Energy Corporation
TRP.TO,TRP,2020-12-15,2020-12-28,6984928,6537842,1401948,4.98,6.84,TC Energy Corporation
TRP.TO,TRP,2020-12-31,2021-01-13,13254859,6984928,2215523,5.98,89.76,TC Energy Corporation
TRP.TO,TRP,2021-01-15,2021-01-28,9188911,13254859,2203252,4.17,-30.68,TC Energy Corporation
TRP.TO,TRP,2021-01-29,2021-02-11,8265291,9188911,2138726,3.86,-10.05,TC Energy Corporation
TRP.TO,TRP,2021-02-12,2021-02-25,12114922,8265291,1854865,6.53,46.58,TC Energy Corporation
TRP.TO,TRP,2021-02-26,2021-03-11,14124737,12114922,2059656,6.86,16.59,TC Energy Corporation
TRP.TO,TRP,2021-03-15,2021-03-26,5426214,14124737,3960855,1.37,-61.58,TC Energy Corporation
TRP.TO,TRP,2021-03-31,2021-04-13,8788627,5426214,2705527,3.25,61.97,TC Energy Corporation
TRP.TO,TRP,2021-04-15,2021-04-28,4496562,8788627,1581992,2.84,-48.84,TC Energy Corporation
TRP.TO,TRP,2021-04-30,2021-05-13,8009812,4496562,1621604,4.94,78.13,TC Energy Corporation
TRP.TO,TRP,2021-05-14,2021-05-27,8145428,8009812,1334879,6.1,1.69,TC Energy Corporation
TRP.TO,TRP,2021-05-28,2021-06-10,8009878,8145428,1271955,6.3,-1.66,TC Energy Corporation
TRP.TO,TRP,2021-06-15,2021-06-28,7219812,8003907,1475590,4.89,-9.8,TC Energy Corporation
TRP.TO,TRP,2021-06-30,2021-07-13,13163053,7219812,2183977,6.03,82.32,TC Energy Corporation
TRP.TO,TRP,2021-07-15,2021-07-28,4816027,13163053,897961,5.36,-63.41,TC Energy Corporation
TRP.TO,TRP,2021-07-30,2021-08-12,6206389,4816027,1261774,4.92,28.87,TC Energy Corporation
TRP.TO,TRP,2021-08-13,2021-08-26,5614973,6206389,1113468,5.04,-9.53,TC Energy Corporation
TRP.TO,TRP,2021-08-31,2021-09-13,5343110,5614973,1115410,4.79,-4.84,TC Energy Corporation
TRP.TO,TRP,2021-09-15,2021-09-28,4690112,5343110,1169509,4.01,-12.22,TC Energy Corporation
TRP.TO,TRP,2021-09-30,2021-10-13,12745123,4690112,2302631,5.54,171.74,TC Energy Corporation
TRP.TO,TRP,2021-10-15,2021-10-28,5808674,12745123,1265034,4.59,-54.42,TC Energy Corporation
TRP.TO,TRP,2021-10-29,2021-11-11,6407479,5808674,1472000,4.35,10.31,TC Energy Corporation
TRP.TO,TRP,2021-11-15,2021-11-26,6850412,6407479,1724566,3.97,6.91,TC Energy Corporation
TRP.TO,TRP,2021-11-30,2021-12-13,8998869,6850412,1567222,5.74,31.36,TC Energy Corporation
TRP.TO,TRP,2021-12-15,2021-12-28,6763125,8998869,1785757,3.79,-24.84,TC Energy Corporation
TRP.TO,TRP,2021-12-31,2022-01-13,16676000,6763125,1753418,9.51,146.57,TC Energy Corporation
TRP.TO,TRP,2022-01-14,2022-01-27,10127757,16676000,2328872,4.35,-39.27,TC Energy Corporation
TRP.TO,TRP,2022-01-31,2022-02-11,9579953,10127757,1993080,4.81,-5.41,TC Energy Corporation
TRP.TO,TRP,2022-02-15,2022-02-28,9632430,9579953,1965157,4.9,0.55,TC Energy Corporation
TRP.TO,TRP,2022-02-28,2022-03-11,12979855,9632430,2159622,6.01,34.75,TC Energy Corporation
TRP.TO,TRP,2022-03-15,2022-03-28,10736529,12979855,1861344,5.77,-17.28,TC Energy Corporation
TRP.TO,TRP,2022-03-31,2022-04-13,36667492,10736529,1989041,18.43,241.52,TC Energy Corporation
TRP.TO,TRP,2022-04-14,2022-04-27,17522350,36667492,1366877,12.82,-52.21,TC Energy Corporation
TRP.TO,TRP,2022-04-29,2022-05-12,9806888,17522350,1677171,5.85,-44.03,TC Energy Corporation
TRP.TO,TRP,2022-05-13,2022-05-26,13245878,9806888,1830556,7.24,35.07,TC Energy Corporation
TRP.TO,TRP,2022-05-31,2022-06-13,12385739,13245878,1632362,7.59,-6.49,TC Energy Corporation
TRP.TO,TRP,2022-06-15,2022-06-28,27166596,12385739,1309467,20.75,119.34,TC Energy Corporation
TRP.TO,TRP,2022-06-30,2022-07-13,55258908,27166596,2580376,21.42,103.41,TC Energy Corporation
TRP.TO,TRP,2022-07-15,2022-07-28,38321266,55258908,1461636,26.22,-30.65,TC Energy Corporation
TRP.TO,TRP,2022-07-29,2022-08-11,16431694,38321266,1662001,9.89,-57.12,TC Energy Corporation
TRP.TO,TRP,2022-08-15,2022-08-26,16463468,16431694,2316794,7.11,0.19,TC Energy Corporation
TRP.TO,TRP,2022-08-31,2022-09-13,13321589,16463468,1638232,8.13,-19.08,TC Energy Corporation
TRP.TO,TRP,2022-09-15,2022-09-28,27588906,13321589,1334033,20.68,107.1,TC Energy Corporation
TRP.TO,TRP,2022-09-30,2022-10-13,62840511,27588906,2594535,24.22,127.77,TC Energy Corporation
TRP.TO,TRP,2022-10-14,2022-10-27,45509957,62840511,2291702,19.86,-27.58,TC Energy Corporation
TRP.TO,TRP,2022-10-31,2022-11-11,15502769,45509957,1704770,9.09,-65.94,TC Energy Corporation
TRP.TO,TRP,2022-11-15,2022-11-28,17832866,15502769,1528724,11.67,15.03,TC Energy Corporation
TRP.TO,TRP,2022-11-30,2022-12-13,14561890,17832866,2237388,6.51,-18.34,TC Energy Corporation
TRP.TO,TRP,2022-12-15,2022-12-28,15767914,14561890,2223289,7.09,8.28,TC Energy Corporation
TRP.TO,TRP,2022-12-30,2023-01-12,53315367,15767914,2983984,17.87,238.13,TC Energy Corporation
TRP.TO,TRP,2023-01-13,2023-01-26,33505925,53315367,1843954,18.17,-37.16,TC Energy Corporation
TRP.TO,TRP,2023-01-31,2023-02-13,14401335,33505925,1409578,10.22,-57.02,TC Energy Corporation
TRP.TO,TRP,2023-02-15,2023-02-28,13172208,14401335,2516214,5.23,-8.53,TC Energy Corporation
TRP.TO,TRP,2023-02-28,2023-03-13,20427596,13172208,2227755,9.17,55.08,TC Energy Corporation
TRP.TO,TRP,2023-03-15,2023-03-28,45935752,20427596,1629663,28.19,124.87,TC Energy Corporation
TRP.TO,TRP,2023-03-31,2023-04-13,106092520,45935752,2404144,44.13,130.96,TC Energy Corporation
TRP.TO,TRP,2023-04-14,2023-04-27,43045329,106092520,1701163,25.3,-59.43,TC Energy Corporation
TRP.TO,TRP,2023-04-28,2023-05-11,26993807,43045329,1861702,14.5,-37.29,TC Energy Corporation
TRP.TO,TRP,2023-05-15,2023-05-26,22412622,26993807,1508902,14.85,-16.97,TC Energy Corporation
TRP.TO,TRP,2023-05-31,2023-06-13,28259039,22412622,1309559,21.58,26.09,TC Energy Corporation
TRP.TO,TRP,2023-06-15,2023-06-28,45276637,28259039,1338238,33.83,60.22,TC Energy Corporation
TRP.TO,TRP,2023-06-30,2023-07-13,82856331,45276637,3661597,22.63,83.0,TC Energy Corporation
TRP.TO,TRP,2023-07-14,2023-07-27,45294208,82856331,1614467,28.06,-45.33,TC Energy Corporation
TRP.TO,TRP,2023-07-31,2023-08-11,19385811,45295118,4985408,3.89,-57.2,TC Energy Corporation
TRP.TO,TRP,2023-08-15,2023-08-28,22605904,19385811,2718757,8.31,16.61,TC Energy Corporation
TRP.TO,TRP,2023-08-31,2023-09-13,29985661,22605904,1553950,19.3,32.65,TC Energy Corporation
TRP.TO,TRP,2023-09-15,2023-09-28,47887790,29985661,3225731,14.85,59.7,TC Energy Corporation
TRP.TO,TRP,2023-09-29,2023-10-12,119434149,47887790,4131039,28.91,149.4,TC Energy Corporation
TRP.TO,TRP,2023-10-13,2023-10-26,78022450,119434149,4088291,19.08,-34.67,TC Energy Corporation
TRP.TO,TRP,2023-10-31,2023-11-13,24178622,78022450,3069245,7.88,-69.01,TC Energy Corporation
TRP.TO,TRP,2023-11-15,2023-11-28,23699958,24160798,2144425,11.05,-1.91,TC Energy Corporation
TRP.TO,TRP,2023-11-30,2023-12-13,22794111,23699958,2107939,10.81,-3.82,TC Energy Corporation
TRP.TO,TRP,2023-12-15,2023-12-28,37230341,22794111,2921693,12.74,63.33,TC Energy Corporation
TRP.TO,TRP,2023-12-29,2024-01-11,93750694,37230341,2787112,33.64,151.81,TC Energy Corporation
TRP.TO,TRP,2024-01-12,2024-01-25,45366902,93750694,2478566,18.3,-51.61,TC Energy Corporation
TRP.TO,TRP,2024-01-31,2024-02-13,18395095,45366902,1913400,9.61,-59.45,TC Energy Corporation
TRP.TO,TRP,2024-02-15,2024-02-28,23038279,18395095,2429508,9.48,25.24,TC Energy Corporation
TRP.TO,TRP,2024-02-29,2024-03-13,19364617,23038279,2218383,8.73,-15.95,TC Energy Corporation
TRP.TO,TRP,2024-03-15,2024-03-28,45647951,19364617,2510845,18.18,135.73,TC Energy Corporation
TRP.TO,TRP,2024-03-28,2024-04-10,111813019,45647951,4278855,26.13,144.95,TC Energy Corporation
TRP.TO,TRP,2024-04-15,2024-04-26,52663997,111813019,4600736,11.45,-52.9,TC Energy Corporation
TRP.TO,TRP,2024-04-30,2024-05-13,16052627,52663997,4076313,3.94,-69.52,TC Energy Corporation
TRP.TO,TRP,2024-05-15,2024-05-28,13724352,16052627,2966312,4.63,-14.5,TC Energy Corporation
TRP.TO,TRP,2024-05-31,2024-06-13,23461737,13724352,2262937,10.37,70.95,TC Energy Corporation
TRP.TO,TRP,2024-06-14,2024-06-27,30939842,23461737,3424876,9.03,31.87,TC Energy Corporation
TRP.TO,TRP,2024-06-28,2024-07-11,77767157,30939842,3101537,25.07,151.35,TC Energy Corporation
TRP.TO,TRP,2024-07-15,2024-07-26,50118761,77767157,3706672,13.52,-35.55,TC Energy Corporation
TRP.TO,TRP,2024-07-31,2024-08-13,18778995,50118761,2587595,7.26,-62.53,TC Energy Corporation
TRP.TO,TRP,2024-08-15,2024-08-28,18649648,18778995,2560650,7.28,-0.69,TC Energy Corporation
TRP.TO,TRP,2024-08-30,2024-09-12,22807384,18649648,1723123,13.24,22.29,TC Energy Corporation
TRP.TO,TRP,2024-09-13,2024-09-26,30693210,22807384,3240363,9.47,34.58,TC Energy Corporation
TRP.TO,TRP,2024-09-30,2024-10-11,38145865,30693210,3291509,11.59,24.28,TC Energy Corporation
TRP.TO,TRP,2024-10-15,2024-10-28,14617741,38106267,3583223,4.08,-61.64,TC Energy Corporation
TRP.TO,TRP,2024-10-31,2024-11-13,10482070,14617741,1449679,7.23,-28.29,TC Energy Corporation
TRP.TO,TRP,2024-11-15,2024-11-28,11673270,10482070,1746341,6.68,11.36,TC Energy Corporation
TRP.TO,TRP,2024-11-29,2024-12-12,11611624,11673270,2182327,5.32,-0.53,TC Energy Corporation
TRP.TO,TRP,2024-12-13,2024-12-26,10856076,11611624,3086444,3.52,-6.51,TC Energy Corporation
TRP.TO,TRP,2024-12-31,2025-01-13,48414613,10856076,1606385,30.14,345.97,TC Energy Corporation
TRP.TO,TRP,2025-01-15,2025-01-28,18396748,48414613,2170476,8.48,-62.0,TC Energy Corporation
TRP.TO,TRP,2025-01-31,2025-02-13,7647391,18396748,2231683,3.43,-58.43,TC Energy Corporation
TRP.TO,TRP,2025-02-14,2025-02-27,7141759,7647391,2004335,3.56,-6.61,TC Energy Corporation
TRP.TO,TRP,2025-02-28,2025-03-13,7584990,7141759,1846555,4.11,6.21,TC Energy Corporation
TRP.TO,TRP,2025-03-14,2025-03-27,34943976,7584990,2692406,12.98,360.7,TC Energy Corporation
TRP.TO,TRP,2025-03-31,2025-04-11,72623486,34943976,1933736,37.56,107.83,TC Energy Corporation
TRP.TO,TRP,2025-04-15,2025-04-28,32406960,72623486,3849439,8.42,-55.38,TC Energy Corporation
TRP.TO,TRP,2025-04-30,2025-05-13,10466920,32406960,2710852,3.86,-67.7,TC Energy Corporation
TRP.TO,TRP,2025-05-15,2025-05-28,10888222,10466920,1699248,6.41,4.03,TC Energy Corporation
TRP.TO,TRP,2025-05-30,2025-06-12,10333024,10888222,1508130,6.85,-5.1,TC Energy Corporation
TRP.TO,TRP,2025-06-13,2025-06-26,20766292,10333024,2454109,8.46,100.97,TC Energy Corporation
TRP.TO,TRP,2025-06-30,2025-07-11,58279351,20766292,4087858,14.26,180.64,TC Energy Corporation
TRP.TO,TRP,2025-07-15,2025-07-28,33541999,58279351,2929883,11.45,-42.45,TC Energy Corporation
TRP.TO,TRP,2025-07-31,2025-08-13,8290610,33541999,1923128,4.31,-75.28,TC Energy Corporation
TRP.TO,TRP,2025-08-15,2025-08-28,8628424,8290610,1346409,6.41,4.07,TC Energy Corporation
TRP.TO,TRP,2025-08-29,2025-09-11,14874796,8628424,1568546,9.48,72.39,TC Energy Corporation
TRP.TO,TRP,2025-09-15,2025-09-26,24919919,14874796,1836650,13.57,67.53,TC Energy Corporation
TRP.TO,TRP,2025-09-30,2025-10-13,57463076,24919919,2215858,25.93,130.59,TC Energy Corporation
TRP.TO,TRP,2025-10-15,2025-10-28,11643060,57463076,2180014,5.34,-79.74,TC Energy Corporation
TRP.TO,TRP,2025-10-31,2025-11-13,6779474,11643060,2461755,2.75,-41.77,TC Energy Corporation
TRP.TO,TRP,2025-11-14,2025-11-27,8466897,6779474,2608271,3.25,24.89,TC Energy Corporation
TRP.TO,TRP,2025-11-28,2025-12-11,7453086,7491656,1730338,4.31,-0.51,TC Energy Corporation
TRP.TO,TRP,2025-12-15,2025-12-26,26929168,7453086,1650558,16.32,261.32,TC Energy Corporation
TRP.TO,TRP,2025-12-31,2026-01-13,51222899,26929168,2153563,23.79,90.21,TC Energy Corporation
TRP.TO,TRP,2026-01-15,2026-01-28,22072799,51222899,2372773,9.3,-56.91,TC Energy Corporation
TRP.TO,TRP,2026-01-30,2026-02-12,6679374,22072799,2784129,2.4,-69.74,TC Energy Corporation
TRP.TO,TRP,2026-02-13,2026-02-26,9578255,6679374,2518445,3.8,43.4,TC Energy Corporation
TRP.TO,TRP,2026-02-27,2026-03-12,10413036,9578255,2271466,4.58,8.72,TC Energy Corporation
TRP.TO,TRP,2026-03-13,2026-03-26,18879760,10413036,2379529,7.93,81.31,TC Energy Corporation
TRP.TO,TRP,2026-03-31,2026-04-13,40979723,18879760,3133384,13.08,117.06,TC Energy Corporation
TRP.TO,TRP,2026-04-15,2026-04-28,21973961,40979723,2666595,8.24,-46.38,TC Energy Corporation
TRP.TO,TRP,2026-04-30,2026-05-13,5885060,21973961,2691801,2.19,-73.22,TC Energy Corporation
TRP.TO,TRP,2026-05-15,2026-05-28,14887013,5885060,2133937,6.98,152.96,TC Energy Corporation
TRP.TO,TRP,2026-05-29,2026-06-11,15718616,14887013,2454918,6.4,5.59,TC Energy Corporation
TRP.TO,TRP,2026-06-15,2026-06-26,22898714,15718616,2012829,11.38,45.68,TC Energy Corporation
TRP.TO,TRP,2026-06-30,2026-07-13,32403545,22898714,3065251,10.57,41.51,TC Energy Corporation
TRP.TO,TRP,2026-07-15,2026-07-28,23096513,32403545,2680274,8.62,-28.72,TC Energy Corporation
TRP.TO,TRP,2026-07-31,2026-08-13,22026225,23096513,2284659,9.64,-4.63,TC Energy Corporation
TRP.TO,TRP,2026-08-14,2026-08-27,22679914,22026225,2607226,8.7,2.97,TC Energy Corporation
