t,cik,date,acceptance,when
A,1090872,2017-02-14,2017-02-14T21:13:30.000Z,AFTER_CLOSE
A,1090872,2017-05-22,2017-05-22T20:09:54.000Z,AFTER_CLOSE
A,1090872,2017-08-15,2017-08-15T20:12:29.000Z,AFTER_CLOSE
A,1090872,2017-11-20,2017-11-20T21:09:02.000Z,AFTER_CLOSE
A,1090872,2018-02-14,2018-02-14T21:27:02.000Z,AFTER_CLOSE
A,1090872,2018-05-14,2018-05-14T20:07:01.000Z,AFTER_CLOSE
A,1090872,2018-08-14,2018-08-14T20:09:51.000Z,AFTER_CLOSE
A,1090872,2018-11-19,2018-11-19T21:06:31.000Z,AFTER_CLOSE
A,1090872,2019-02-20,2019-02-20T21:06:36.000Z,AFTER_CLOSE
A,1090872,2019-05-14,2019-05-14T20:08:02.000Z,AFTER_CLOSE
A,1090872,2019-08-14,2019-08-14T20:07:17.000Z,AFTER_CLOSE
A,1090872,2019-11-25,2019-11-25T21:07:24.000Z,AFTER_CLOSE
A,1090872,2020-02-18,2020-02-18T21:09:58.000Z,AFTER_CLOSE
A,1090872,2020-05-21,2020-05-21T20:06:56.000Z,AFTER_CLOSE
A,1090872,2020-08-18,2020-08-18T20:07:08.000Z,AFTER_CLOSE
A,1090872,2020-11-23,2020-11-23T21:07:55.000Z,AFTER_CLOSE
A,1090872,2021-02-16,2021-02-16T21:06:50.000Z,AFTER_CLOSE
A,1090872,2021-05-25,2021-05-25T20:07:28.000Z,AFTER_CLOSE
A,1090872,2021-08-17,2021-08-17T20:07:17.000Z,AFTER_CLOSE
A,1090872,2021-11-22,2021-11-22T21:06:52.000Z,AFTER_CLOSE
A,1090872,2022-02-22,2022-02-22T21:08:41.000Z,AFTER_CLOSE
A,1090872,2022-05-24,2022-05-24T20:10:07.000Z,AFTER_CLOSE
A,1090872,2022-08-16,2022-08-16T20:07:37.000Z,AFTER_CLOSE
A,1090872,2022-11-21,2022-11-21T21:06:29.000Z,AFTER_CLOSE
A,1090872,2023-02-28,2023-02-28T21:07:52.000Z,AFTER_CLOSE
A,1090872,2023-05-23,2023-05-23T20:07:23.000Z,AFTER_CLOSE
A,1090872,2023-08-15,2023-08-15T20:06:40.000Z,AFTER_CLOSE
A,1090872,2023-11-20,2023-11-20T21:06:59.000Z,AFTER_CLOSE
A,1090872,2024-02-27,2024-02-27T21:06:38.000Z,AFTER_CLOSE
A,1090872,2024-05-29,2024-05-29T20:06:45.000Z,AFTER_CLOSE
A,1090872,2024-08-21,2024-08-21T20:06:43.000Z,AFTER_CLOSE
A,1090872,2024-11-25,2024-11-25T21:06:14.000Z,AFTER_CLOSE
A,1090872,2025-02-26,2025-02-26T21:05:37.000Z,AFTER_CLOSE
A,1090872,2025-05-28,2025-05-28T20:06:14.000Z,AFTER_CLOSE
A,1090872,2025-08-27,2025-08-27T20:06:24.000Z,AFTER_CLOSE
A,1090872,2025-11-24,2025-11-24T21:11:19.000Z,AFTER_CLOSE
A,1090872,2026-02-25,2026-02-25T21:06:32.000Z,AFTER_CLOSE
A,1090872,2026-05-27,2026-05-27T20:06:04.000Z,AFTER_CLOSE
A,1090872,2026-08-26,2026-08-26T20:06:25.000Z,AFTER_CLOSE
AAPL,320193,2015-10-27,2015-10-27T20:30:36.000Z,AFTER_CLOSE
AAPL,320193,2016-01-26,2016-01-26T21:31:06.000Z,AFTER_CLOSE
AAPL,320193,2016-04-26,2016-04-26T20:31:09.000Z,AFTER_CLOSE
AAPL,320193,2016-07-26,2016-07-26T20:30:55.000Z,AFTER_CLOSE
AAPL,320193,2016-10-25,2016-10-25T20:32:39.000Z,AFTER_CLOSE
AAPL,320193,2017-01-31,2017-01-31T21:31:02.000Z,AFTER_CLOSE
AAPL,320193,2017-05-02,2017-05-02T20:31:37.000Z,AFTER_CLOSE
AAPL,320193,2017-08-01,2017-08-01T20:30:15.000Z,AFTER_CLOSE
AAPL,320193,2017-11-02,2017-11-02T20:30:16.000Z,AFTER_CLOSE
AAPL,320193,2018-02-01,2018-02-01T21:30:17.000Z,AFTER_CLOSE
AAPL,320193,2018-05-01,2018-05-01T20:30:17.000Z,AFTER_CLOSE
AAPL,320193,2018-07-31,2018-07-31T20:30:20.000Z,AFTER_CLOSE
AAPL,320193,2018-11-01,2018-11-01T20:30:21.000Z,AFTER_CLOSE
AAPL,320193,2019-01-02,2019-01-02T21:30:03.000Z,AFTER_CLOSE
AAPL,320193,2019-01-29,2019-01-29T21:30:18.000Z,AFTER_CLOSE
AAPL,320193,2019-04-30,2019-04-30T20:30:16.000Z,AFTER_CLOSE
AAPL,320193,2019-07-30,2019-07-30T20:30:36.000Z,AFTER_CLOSE
AAPL,320193,2019-10-30,2019-10-30T20:30:40.000Z,AFTER_CLOSE
AAPL,320193,2020-01-28,2020-01-28T21:30:40.000Z,AFTER_CLOSE
AAPL,320193,2020-04-30,2020-04-30T20:30:41.000Z,AFTER_CLOSE
AAPL,320193,2020-07-30,2020-07-30T22:55:04.000Z,AFTER_CLOSE
AAPL,320193,2020-10-29,2020-10-29T20:30:32.000Z,AFTER_CLOSE
AAPL,320193,2021-01-27,2021-01-27T21:30:35.000Z,AFTER_CLOSE
AAPL,320193,2021-04-28,2021-04-28T20:30:33.000Z,AFTER_CLOSE
AAPL,320193,2021-07-27,2021-07-27T20:35:44.000Z,AFTER_CLOSE
AAPL,320193,2021-10-28,2021-10-28T20:30:23.000Z,AFTER_CLOSE
AAPL,320193,2022-01-27,2022-01-27T21:30:36.000Z,AFTER_CLOSE
AAPL,320193,2022-04-28,2022-04-28T20:32:12.000Z,AFTER_CLOSE
AAPL,320193,2022-07-28,2022-07-28T20:31:44.000Z,AFTER_CLOSE
AAPL,320193,2022-10-27,2022-10-27T20:30:22.000Z,AFTER_CLOSE
AAPL,320193,2023-02-02,2023-02-02T21:30:33.000Z,AFTER_CLOSE
AAPL,320193,2023-05-04,2023-05-04T20:30:43.000Z,AFTER_CLOSE
AAPL,320193,2023-08-03,2023-08-03T20:30:21.000Z,AFTER_CLOSE
AAPL,320193,2023-11-02,2023-11-02T20:30:32.000Z,AFTER_CLOSE
AAPL,320193,2024-02-01,2024-02-01T21:30:30.000Z,AFTER_CLOSE
AAPL,320193,2024-05-02,2024-05-02T20:30:34.000Z,AFTER_CLOSE
AAPL,320193,2024-08-01,2024-08-01T20:30:26.000Z,AFTER_CLOSE
AAPL,320193,2024-10-31,2024-10-31T20:30:25.000Z,AFTER_CLOSE
AAPL,320193,2025-01-30,2025-01-30T21:30:23.000Z,AFTER_CLOSE
AAPL,320193,2025-05-01,2025-05-01T20:30:21.000Z,AFTER_CLOSE
AAPL,320193,2025-07-31,2025-07-31T20:30:25.000Z,AFTER_CLOSE
AAPL,320193,2025-10-30,2025-10-30T20:30:35.000Z,AFTER_CLOSE
AAPL,320193,2026-01-29,2026-01-29T21:30:33.000Z,AFTER_CLOSE
AAPL,320193,2026-04-30,2026-04-30T20:30:41.000Z,AFTER_CLOSE
AAPL,320193,2026-07-30,2026-07-30T20:30:28.000Z,AFTER_CLOSE
ABBV,1551152,2017-07-28,2017-07-28T11:45:49.000Z,BEFORE_OPEN
ABBV,1551152,2017-10-27,2017-10-27T11:43:33.000Z,BEFORE_OPEN
ABBV,1551152,2018-01-26,2018-01-26T12:53:08.000Z,BEFORE_OPEN
ABBV,1551152,2018-04-26,2018-04-26T11:51:56.000Z,BEFORE_OPEN
ABBV,1551152,2018-07-27,2018-07-27T11:43:10.000Z,BEFORE_OPEN
ABBV,1551152,2018-11-02,2018-11-02T11:50:42.000Z,BEFORE_OPEN
ABBV,1551152,2019-01-25,2019-01-25T12:46:25.000Z,BEFORE_OPEN
ABBV,1551152,2019-04-25,2019-04-25T11:45:02.000Z,BEFORE_OPEN
ABBV,1551152,2019-07-26,2019-07-26T11:44:13.000Z,BEFORE_OPEN
ABBV,1551152,2019-11-01,2019-11-01T11:50:34.000Z,BEFORE_OPEN
ABBV,1551152,2020-02-07,2020-02-07T12:48:07.000Z,BEFORE_OPEN
ABBV,1551152,2020-05-01,2020-05-01T11:44:53.000Z,BEFORE_OPEN
ABBV,1551152,2020-07-29,2020-07-29T20:57:26.000Z,AFTER_CLOSE
ABBV,1551152,2020-07-31,2020-07-31T12:41:37.000Z,BEFORE_OPEN
ABBV,1551152,2020-10-30,2020-10-30T11:52:23.000Z,BEFORE_OPEN
ABBV,1551152,2021-02-03,2021-02-03T12:41:10.000Z,BEFORE_OPEN
ABBV,1551152,2021-04-30,2021-04-30T11:44:56.000Z,BEFORE_OPEN
ABBV,1551152,2021-07-30,2021-07-30T11:52:10.000Z,BEFORE_OPEN
ABBV,1551152,2021-10-29,2021-10-29T11:42:43.000Z,BEFORE_OPEN
ABBV,1551152,2022-02-02,2022-02-02T12:48:04.000Z,BEFORE_OPEN
ABBV,1551152,2022-04-21,2022-04-21T21:12:34.000Z,AFTER_CLOSE
ABBV,1551152,2022-04-29,2022-04-29T13:00:02.000Z,BEFORE_OPEN
ABBV,1551152,2022-04-29,2022-04-29T11:45:08.000Z,BEFORE_OPEN
ABBV,1551152,2022-07-06,2022-07-06T20:17:34.000Z,AFTER_CLOSE
ABBV,1551152,2022-07-29,2022-07-29T11:49:25.000Z,BEFORE_OPEN
ABBV,1551152,2022-10-05,2022-10-05T20:14:22.000Z,AFTER_CLOSE
ABBV,1551152,2022-10-28,2022-10-28T11:48:37.000Z,BEFORE_OPEN
ABBV,1551152,2023-01-06,2023-01-06T21:15:27.000Z,AFTER_CLOSE
ABBV,1551152,2023-02-09,2023-02-09T12:55:01.000Z,BEFORE_OPEN
ABBV,1551152,2023-04-05,2023-04-05T20:33:31.000Z,AFTER_CLOSE
ABBV,1551152,2023-04-27,2023-04-27T11:36:48.000Z,BEFORE_OPEN
ABBV,1551152,2023-07-06,2023-07-06T20:18:09.000Z,AFTER_CLOSE
ABBV,1551152,2023-07-27,2023-07-27T11:45:22.000Z,BEFORE_OPEN
ABBV,1551152,2023-10-04,2023-10-04T20:11:14.000Z,AFTER_CLOSE
ABBV,1551152,2023-10-27,2023-10-27T11:49:53.000Z,BEFORE_OPEN
ABBV,1551152,2024-01-05,2024-01-05T21:03:27.000Z,AFTER_CLOSE
ABBV,1551152,2024-02-02,2024-02-02T12:51:16.000Z,BEFORE_OPEN
ABBV,1551152,2024-04-03,2024-04-03T20:06:09.000Z,AFTER_CLOSE
ABBV,1551152,2024-04-26,2024-04-26T11:43:16.000Z,BEFORE_OPEN
ABBV,1551152,2024-07-03,2024-07-03T18:07:48.000Z,IN_SESSION
ABBV,1551152,2024-07-25,2024-07-25T11:41:17.000Z,BEFORE_OPEN
ABBV,1551152,2024-10-03,2024-10-03T20:07:32.000Z,AFTER_CLOSE
ABBV,1551152,2024-10-30,2024-10-30T11:43:14.000Z,BEFORE_OPEN
ABBV,1551152,2025-01-06,2025-01-06T21:02:39.000Z,AFTER_CLOSE
ABBV,1551152,2025-01-31,2025-01-31T12:42:37.000Z,BEFORE_OPEN
ABBV,1551152,2025-04-03,2025-04-03T20:13:07.000Z,AFTER_CLOSE
ABBV,1551152,2025-04-25,2025-04-25T11:48:22.000Z,BEFORE_OPEN
ABBV,1551152,2025-07-03,2025-07-03T17:07:55.000Z,IN_SESSION
ABBV,1551152,2025-07-31,2025-07-31T11:48:24.000Z,BEFORE_OPEN
ABBV,1551152,2025-10-03,2025-10-03T20:09:03.000Z,AFTER_CLOSE
ABBV,1551152,2025-10-31,2025-10-31T11:51:43.000Z,BEFORE_OPEN
ABBV,1551152,2026-01-07,2026-01-07T21:08:59.000Z,AFTER_CLOSE
ABBV,1551152,2026-02-04,2026-02-04T12:54:33.000Z,BEFORE_OPEN
ABBV,1551152,2026-04-03,2026-04-03T20:05:55.000Z,AFTER_CLOSE
ABBV,1551152,2026-04-29,2026-04-29T11:50:28.000Z,BEFORE_OPEN
ABBV,1551152,2026-07-06,2026-07-06T20:12:09.000Z,AFTER_CLOSE
ABBV,1551152,2026-07-31,2026-07-31T11:51:32.000Z,BEFORE_OPEN
ABNB,1559720,2023-05-09,2023-05-09T20:01:26.000Z,AFTER_CLOSE
ABNB,1559720,2023-08-03,2023-08-03T20:01:02.000Z,AFTER_CLOSE
ABNB,1559720,2023-11-01,2023-11-01T20:01:04.000Z,AFTER_CLOSE
ABNB,1559720,2024-02-13,2024-02-13T21:09:06.000Z,AFTER_CLOSE
ABNB,1559720,2024-05-08,2024-05-08T20:01:08.000Z,AFTER_CLOSE
ABNB,1559720,2024-08-06,2024-08-06T20:00:57.000Z,AFTER_CLOSE
ABNB,1559720,2024-11-07,2024-11-07T21:00:59.000Z,AFTER_CLOSE
ABNB,1559720,2025-02-13,2025-02-13T21:02:39.000Z,AFTER_CLOSE
ABNB,1559720,2025-05-01,2025-05-01T20:01:26.000Z,AFTER_CLOSE
ABNB,1559720,2025-08-06,2025-08-06T20:01:48.000Z,AFTER_CLOSE
ABNB,1559720,2025-11-06,2025-11-06T21:00:50.000Z,AFTER_CLOSE
ABNB,1559720,2026-02-12,2026-02-12T21:01:56.000Z,AFTER_CLOSE
ABNB,1559720,2026-05-07,2026-05-07T20:00:27.000Z,AFTER_CLOSE
ABNB,1559720,2026-08-06,2026-08-06T20:02:53.000Z,AFTER_CLOSE
ABT,1800,2018-07-18,2018-07-18T11:49:43.000Z,BEFORE_OPEN
ABT,1800,2018-10-17,2018-10-17T11:54:13.000Z,BEFORE_OPEN
ABT,1800,2019-01-23,2019-01-23T12:52:17.000Z,BEFORE_OPEN
ABT,1800,2019-04-17,2019-04-17T11:50:00.000Z,BEFORE_OPEN
ABT,1800,2019-07-17,2019-07-17T11:37:35.000Z,BEFORE_OPEN
ABT,1800,2019-10-16,2019-10-16T11:38:57.000Z,BEFORE_OPEN
ABT,1800,2020-01-22,2020-01-22T12:49:49.000Z,BEFORE_OPEN
ABT,1800,2020-04-16,2020-04-16T11:43:27.000Z,BEFORE_OPEN
ABT,1800,2020-07-16,2020-07-16T11:41:26.000Z,BEFORE_OPEN
ABT,1800,2020-10-21,2020-10-21T11:35:23.000Z,BEFORE_OPEN
ABT,1800,2021-01-27,2021-01-27T12:41:28.000Z,BEFORE_OPEN
ABT,1800,2021-04-20,2021-04-20T11:38:48.000Z,BEFORE_OPEN
ABT,1800,2021-07-22,2021-07-22T11:22:59.000Z,BEFORE_OPEN
ABT,1800,2021-10-20,2021-10-20T11:47:37.000Z,BEFORE_OPEN
ABT,1800,2022-01-26,2022-01-26T12:47:05.000Z,BEFORE_OPEN
ABT,1800,2022-04-20,2022-04-20T11:37:14.000Z,BEFORE_OPEN
ABT,1800,2022-07-20,2022-07-20T11:36:38.000Z,BEFORE_OPEN
ABT,1800,2022-10-19,2022-10-19T11:58:37.000Z,BEFORE_OPEN
ABT,1800,2023-01-25,2023-01-25T12:38:48.000Z,BEFORE_OPEN
ABT,1800,2023-04-19,2023-04-19T11:25:16.000Z,BEFORE_OPEN
ABT,1800,2023-07-20,2023-07-20T12:29:15.000Z,BEFORE_OPEN
ABT,1800,2023-10-18,2023-10-18T11:37:08.000Z,BEFORE_OPEN
ABT,1800,2024-01-24,2024-01-24T12:36:44.000Z,BEFORE_OPEN
ABT,1800,2024-04-17,2024-04-17T11:36:02.000Z,BEFORE_OPEN
ABT,1800,2024-07-18,2024-07-18T11:37:35.000Z,BEFORE_OPEN
ABT,1800,2024-10-16,2024-10-16T11:37:36.000Z,BEFORE_OPEN
ABT,1800,2025-01-22,2025-01-22T12:13:21.000Z,BEFORE_OPEN
ABT,1800,2025-04-16,2025-04-16T11:36:02.000Z,BEFORE_OPEN
ABT,1800,2025-07-17,2025-07-17T11:34:53.000Z,BEFORE_OPEN
ABT,1800,2025-10-15,2025-10-15T11:33:48.000Z,BEFORE_OPEN
ABT,1800,2026-01-22,2026-01-22T12:35:32.000Z,BEFORE_OPEN
ABT,1800,2026-04-16,2026-04-16T11:36:25.000Z,BEFORE_OPEN
ABT,1800,2026-07-16,2026-07-16T11:36:19.000Z,BEFORE_OPEN
ACGL,947484,2014-07-31,2014-07-31T20:19:50.000Z,AFTER_CLOSE
ACGL,947484,2014-10-29,2014-10-29T20:39:19.000Z,AFTER_CLOSE
ACGL,947484,2015-02-10,2015-02-10T21:17:42.000Z,AFTER_CLOSE
ACGL,947484,2015-04-28,2015-04-28T20:32:39.000Z,AFTER_CLOSE
ACGL,947484,2015-07-29,2015-07-29T20:08:00.000Z,AFTER_CLOSE
ACGL,947484,2015-10-28,2015-10-28T20:18:05.000Z,AFTER_CLOSE
ACGL,947484,2016-02-10,2016-02-10T14:17:48.000Z,BEFORE_OPEN
ACGL,947484,2016-04-27,2016-04-27T20:15:09.000Z,AFTER_CLOSE
ACGL,947484,2016-07-27,2016-07-27T20:25:17.000Z,AFTER_CLOSE
ACGL,947484,2016-10-26,2016-10-26T20:27:29.000Z,AFTER_CLOSE
ACGL,947484,2017-02-13,2017-02-13T21:27:29.000Z,AFTER_CLOSE
ACGL,947484,2017-04-25,2017-04-25T20:43:08.000Z,AFTER_CLOSE
ACGL,947484,2017-07-26,2017-07-26T20:48:04.000Z,AFTER_CLOSE
ACGL,947484,2017-10-12,2017-10-12T20:17:48.000Z,AFTER_CLOSE
ACGL,947484,2017-10-25,2017-10-25T20:08:34.000Z,AFTER_CLOSE
ACGL,947484,2018-01-09,2018-01-09T22:08:46.000Z,AFTER_CLOSE
ACGL,947484,2018-02-12,2018-02-12T21:09:18.000Z,AFTER_CLOSE
ACGL,947484,2018-05-01,2018-05-01T20:07:52.000Z,AFTER_CLOSE
ACGL,947484,2018-07-31,2018-07-31T20:18:01.000Z,AFTER_CLOSE
ACGL,947484,2018-10-30,2018-10-30T20:10:24.000Z,AFTER_CLOSE
ACGL,947484,2019-01-10,2019-01-10T21:08:11.000Z,AFTER_CLOSE
ACGL,947484,2019-02-12,2019-02-12T21:06:36.000Z,AFTER_CLOSE
ACGL,947484,2019-04-30,2019-04-30T20:48:20.000Z,AFTER_CLOSE
ACGL,947484,2019-07-29,2019-07-29T20:49:15.000Z,AFTER_CLOSE
ACGL,947484,2019-10-07,2019-10-07T20:42:54.000Z,AFTER_CLOSE
ACGL,947484,2019-10-30,2019-10-29T23:24:37.000Z,AFTER_CLOSE
ACGL,947484,2020-02-11,2020-02-11T21:37:07.000Z,AFTER_CLOSE
ACGL,947484,2020-04-15,2020-04-15T21:20:29.000Z,AFTER_CLOSE
ACGL,947484,2020-05-04,2020-05-04T20:19:13.000Z,AFTER_CLOSE
ACGL,947484,2020-07-14,2020-07-14T20:32:20.000Z,AFTER_CLOSE
ACGL,947484,2020-07-29,2020-07-29T20:19:44.000Z,AFTER_CLOSE
ACGL,947484,2020-10-13,2020-10-13T20:22:24.000Z,AFTER_CLOSE
ACGL,947484,2020-10-29,2020-10-29T20:18:20.000Z,AFTER_CLOSE
ACGL,947484,2021-01-21,2021-01-21T21:17:47.000Z,AFTER_CLOSE
ACGL,947484,2021-02-09,2021-02-09T21:25:31.000Z,AFTER_CLOSE
ACGL,947484,2021-04-16,2021-04-16T12:47:53.000Z,BEFORE_OPEN
ACGL,947484,2021-04-27,2021-04-27T21:04:22.000Z,AFTER_CLOSE
ACGL,947484,2021-07-28,2021-07-28T20:16:00.000Z,AFTER_CLOSE
ACGL,947484,2021-10-12,2021-10-12T12:55:21.000Z,BEFORE_OPEN
ACGL,947484,2021-10-27,2021-10-27T20:19:14.000Z,AFTER_CLOSE
ACGL,947484,2022-02-09,2022-02-09T21:18:35.000Z,AFTER_CLOSE
ACGL,947484,2022-04-27,2022-04-27T20:14:17.000Z,AFTER_CLOSE
ACGL,947484,2022-07-27,2022-07-27T20:14:52.000Z,AFTER_CLOSE
ACGL,947484,2022-10-20,2022-10-20T15:14:02.000Z,IN_SESSION
ACGL,947484,2022-10-26,2022-10-26T20:53:41.000Z,AFTER_CLOSE
ACGL,947484,2023-02-13,2023-02-13T21:12:20.000Z,AFTER_CLOSE
ACGL,947484,2023-04-26,2023-04-26T20:34:21.000Z,AFTER_CLOSE
ACGL,947484,2023-07-26,2023-07-26T20:16:57.000Z,AFTER_CLOSE
ACGL,947484,2023-10-30,2023-10-30T20:16:16.000Z,AFTER_CLOSE
ACGL,947484,2024-02-14,2024-02-14T21:13:46.000Z,AFTER_CLOSE
ACGL,947484,2024-04-29,2024-04-29T20:13:07.000Z,AFTER_CLOSE
ACGL,947484,2024-07-30,2024-07-30T20:07:39.000Z,AFTER_CLOSE
ACGL,947484,2024-10-30,2024-10-30T20:08:20.000Z,AFTER_CLOSE
ACGL,947484,2025-02-10,2025-02-10T21:07:44.000Z,AFTER_CLOSE
ACGL,947484,2025-04-29,2025-04-29T20:09:43.000Z,AFTER_CLOSE
ACGL,947484,2025-07-29,2025-07-29T20:09:36.000Z,AFTER_CLOSE
ACGL,947484,2025-10-27,2025-10-27T20:06:37.000Z,AFTER_CLOSE
ACGL,947484,2026-02-09,2026-02-09T21:27:12.000Z,AFTER_CLOSE
ACGL,947484,2026-04-28,2026-04-28T20:07:36.000Z,AFTER_CLOSE
ACGL,947484,2026-07-28,2026-07-28T20:04:34.000Z,AFTER_CLOSE
ACN,1467373,2023-06-22,2023-06-22T10:48:52.000Z,BEFORE_OPEN
ACN,1467373,2023-09-28,2023-09-28T10:49:52.000Z,BEFORE_OPEN
ACN,1467373,2023-12-19,2023-12-19T11:54:16.000Z,BEFORE_OPEN
ACN,1467373,2024-03-21,2024-03-21T10:42:50.000Z,BEFORE_OPEN
ACN,1467373,2024-06-20,2024-06-20T10:43:02.000Z,BEFORE_OPEN
ACN,1467373,2024-09-26,2024-09-26T10:43:28.000Z,BEFORE_OPEN
ACN,1467373,2024-12-19,2024-12-19T11:46:11.000Z,BEFORE_OPEN
ACN,1467373,2025-03-20,2025-03-20T10:43:05.000Z,BEFORE_OPEN
ACN,1467373,2025-06-20,2025-06-20T10:43:34.000Z,BEFORE_OPEN
ACN,1467373,2025-09-25,2025-09-25T10:43:15.000Z,BEFORE_OPEN
ACN,1467373,2025-12-18,2025-12-18T11:42:19.000Z,BEFORE_OPEN
ACN,1467373,2026-03-19,2026-03-19T10:40:55.000Z,BEFORE_OPEN
ACN,1467373,2026-06-18,2026-06-18T10:41:29.000Z,BEFORE_OPEN
ADBE,796343,2018-06-14,2018-06-14T20:06:19.000Z,AFTER_CLOSE
ADBE,796343,2018-09-13,2018-09-13T20:07:47.000Z,AFTER_CLOSE
ADBE,796343,2018-12-13,2018-12-13T21:06:11.000Z,AFTER_CLOSE
ADBE,796343,2019-03-14,2019-03-14T20:07:18.000Z,AFTER_CLOSE
ADBE,796343,2019-06-18,2019-06-18T20:07:20.000Z,AFTER_CLOSE
ADBE,796343,2019-09-17,2019-09-17T20:08:52.000Z,AFTER_CLOSE
ADBE,796343,2019-12-12,2019-12-12T21:08:16.000Z,AFTER_CLOSE
ADBE,796343,2020-03-12,2020-03-12T20:07:22.000Z,AFTER_CLOSE
ADBE,796343,2020-06-11,2020-06-11T20:07:40.000Z,AFTER_CLOSE
ADBE,796343,2020-09-15,2020-09-15T20:07:22.000Z,AFTER_CLOSE
ADBE,796343,2020-12-10,2020-12-10T13:04:03.000Z,BEFORE_OPEN
ADBE,796343,2021-03-23,2021-03-23T20:07:40.000Z,AFTER_CLOSE
ADBE,796343,2021-06-17,2021-06-17T20:09:03.000Z,AFTER_CLOSE
ADBE,796343,2021-09-21,2021-09-21T20:06:40.000Z,AFTER_CLOSE
ADBE,796343,2021-12-16,2021-12-16T13:06:28.000Z,BEFORE_OPEN
ADBE,796343,2022-03-22,2022-03-22T20:06:38.000Z,AFTER_CLOSE
ADBE,796343,2022-06-16,2022-06-16T20:06:52.000Z,AFTER_CLOSE
ADBE,796343,2022-09-15,2022-09-15T12:03:30.000Z,BEFORE_OPEN
ADBE,796343,2022-12-15,2022-12-15T21:06:10.000Z,AFTER_CLOSE
ADBE,796343,2023-03-15,2023-03-15T20:06:36.000Z,AFTER_CLOSE
ADBE,796343,2023-06-15,2023-06-15T20:06:02.000Z,AFTER_CLOSE
ADBE,796343,2023-09-14,2023-09-14T20:06:02.000Z,AFTER_CLOSE
ADBE,796343,2023-12-13,2023-12-13T21:06:47.000Z,AFTER_CLOSE
ADBE,796343,2024-03-14,2024-03-14T20:07:21.000Z,AFTER_CLOSE
ADBE,796343,2024-06-13,2024-06-13T20:06:10.000Z,AFTER_CLOSE
ADBE,796343,2024-09-12,2024-09-12T20:06:12.000Z,AFTER_CLOSE
ADBE,796343,2024-12-11,2024-12-11T21:06:49.000Z,AFTER_CLOSE
ADBE,796343,2025-03-12,2025-03-12T20:06:35.000Z,AFTER_CLOSE
ADBE,796343,2025-06-12,2025-06-12T20:19:20.000Z,AFTER_CLOSE
ADBE,796343,2025-09-11,2025-09-11T20:06:22.000Z,AFTER_CLOSE
ADBE,796343,2025-12-10,2025-12-10T21:05:55.000Z,AFTER_CLOSE
ADBE,796343,2026-03-12,2026-03-12T20:09:23.000Z,AFTER_CLOSE
ADBE,796343,2026-06-11,2026-06-11T20:08:53.000Z,AFTER_CLOSE
ADI,6281,2018-11-20,2018-11-20T13:09:07.000Z,BEFORE_OPEN
ADI,6281,2019-02-20,2019-02-20T13:10:09.000Z,BEFORE_OPEN
ADI,6281,2019-05-22,2019-05-22T11:31:58.000Z,BEFORE_OPEN
ADI,6281,2019-08-21,2019-08-21T12:02:28.000Z,BEFORE_OPEN
ADI,6281,2019-11-26,2019-11-26T13:03:19.000Z,BEFORE_OPEN
ADI,6281,2020-02-19,2020-02-19T13:03:44.000Z,BEFORE_OPEN
ADI,6281,2020-05-20,2020-05-20T11:33:24.000Z,BEFORE_OPEN
ADI,6281,2020-08-19,2020-08-19T12:03:02.000Z,BEFORE_OPEN
ADI,6281,2020-11-24,2020-11-24T13:04:26.000Z,BEFORE_OPEN
ADI,6281,2021-02-17,2021-02-17T13:03:54.000Z,BEFORE_OPEN
ADI,6281,2021-05-19,2021-05-19T11:02:26.000Z,BEFORE_OPEN
ADI,6281,2021-08-18,2021-08-18T11:04:47.000Z,BEFORE_OPEN
ADI,6281,2021-11-23,2021-11-23T12:03:28.000Z,BEFORE_OPEN
ADI,6281,2022-02-16,2022-02-16T12:04:04.000Z,BEFORE_OPEN
ADI,6281,2022-05-18,2022-05-18T11:02:56.000Z,BEFORE_OPEN
ADI,6281,2022-08-17,2022-08-17T11:02:27.000Z,BEFORE_OPEN
ADI,6281,2022-11-22,2022-11-22T12:03:17.000Z,BEFORE_OPEN
ADI,6281,2023-02-15,2023-02-15T12:04:00.000Z,BEFORE_OPEN
ADI,6281,2023-05-24,2023-05-24T11:02:36.000Z,BEFORE_OPEN
ADI,6281,2023-08-23,2023-08-23T11:02:02.000Z,BEFORE_OPEN
ADI,6281,2023-11-21,2023-11-21T12:02:08.000Z,BEFORE_OPEN
ADI,6281,2024-02-21,2024-02-21T12:05:04.000Z,BEFORE_OPEN
ADI,6281,2024-05-22,2024-05-22T11:03:06.000Z,BEFORE_OPEN
ADI,6281,2024-08-21,2024-08-21T11:01:54.000Z,BEFORE_OPEN
ADI,6281,2024-11-26,2024-11-26T12:04:01.000Z,BEFORE_OPEN
ADI,6281,2025-02-19,2025-02-19T12:11:13.000Z,BEFORE_OPEN
ADI,6281,2025-05-22,2025-05-22T11:04:54.000Z,BEFORE_OPEN
ADI,6281,2025-08-20,2025-08-20T11:02:53.000Z,BEFORE_OPEN
ADI,6281,2025-11-25,2025-11-25T12:03:07.000Z,BEFORE_OPEN
ADI,6281,2026-02-18,2026-02-18T12:02:27.000Z,BEFORE_OPEN
ADI,6281,2026-05-20,2026-05-20T11:01:45.000Z,BEFORE_OPEN
ADI,6281,2026-08-19,2026-08-19T11:03:13.000Z,BEFORE_OPEN
ADM,7084,2020-04-30,2020-04-30T15:33:52.000Z,IN_SESSION
ADM,7084,2020-07-30,2020-07-29T21:42:14.000Z,AFTER_CLOSE
ADM,7084,2020-10-29,2020-10-29T21:17:43.000Z,AFTER_CLOSE
ADM,7084,2021-01-26,2021-01-26T15:37:30.000Z,IN_SESSION
ADM,7084,2021-04-27,2021-04-27T14:37:14.000Z,IN_SESSION
ADM,7084,2021-07-27,2021-07-27T14:14:39.000Z,IN_SESSION
ADM,7084,2021-10-26,2021-10-26T14:49:38.000Z,IN_SESSION
ADM,7084,2022-01-25,2022-01-25T16:18:19.000Z,IN_SESSION
ADM,7084,2022-04-26,2022-04-26T14:10:13.000Z,IN_SESSION
ADM,7084,2022-07-26,2022-07-26T14:41:14.000Z,IN_SESSION
ADM,7084,2022-10-25,2022-10-25T14:02:19.000Z,IN_SESSION
ADM,7084,2023-01-26,2023-01-26T14:57:44.000Z,IN_SESSION
ADM,7084,2023-04-25,2023-04-25T14:31:38.000Z,IN_SESSION
ADM,7084,2023-07-25,2023-07-25T14:28:40.000Z,IN_SESSION
ADM,7084,2023-10-24,2023-10-24T15:07:45.000Z,IN_SESSION
ADM,7084,2024-01-22,2024-01-22T11:05:34.000Z,BEFORE_OPEN
ADM,7084,2024-03-12,2024-03-12T14:53:47.000Z,IN_SESSION
ADM,7084,2024-04-30,2024-04-30T14:03:52.000Z,IN_SESSION
ADM,7084,2024-07-30,2024-07-30T14:52:06.000Z,IN_SESSION
ADM,7084,2024-11-05,2024-11-05T01:19:30.000Z,AFTER_CLOSE
ADM,7084,2024-11-18,2024-11-18T21:34:57.000Z,AFTER_CLOSE
ADM,7084,2025-02-04,2025-02-04T12:35:07.000Z,BEFORE_OPEN
ADM,7084,2025-05-06,2025-05-06T11:04:16.000Z,BEFORE_OPEN
ADM,7084,2025-08-05,2025-08-05T11:08:22.000Z,BEFORE_OPEN
ADM,7084,2025-11-04,2025-11-04T11:05:51.000Z,BEFORE_OPEN
ADM,7084,2026-02-03,2026-02-03T11:03:39.000Z,BEFORE_OPEN
ADM,7084,2026-05-05,2026-05-05T10:04:26.000Z,BEFORE_OPEN
ADM,7084,2026-08-04,2026-08-04T10:03:55.000Z,BEFORE_OPEN
ADP,8670,2018-08-01,2018-08-01T11:00:41.000Z,BEFORE_OPEN
ADP,8670,2018-10-31,2018-10-31T10:56:50.000Z,BEFORE_OPEN
ADP,8670,2019-01-30,2019-01-30T11:55:41.000Z,BEFORE_OPEN
ADP,8670,2019-05-01,2019-05-01T10:55:27.000Z,BEFORE_OPEN
ADP,8670,2019-07-31,2019-07-31T10:55:34.000Z,BEFORE_OPEN
ADP,8670,2019-10-30,2019-10-30T14:04:03.000Z,IN_SESSION
ADP,8670,2020-01-29,2020-01-29T11:56:03.000Z,BEFORE_OPEN
ADP,8670,2020-04-29,2020-04-29T10:56:46.000Z,BEFORE_OPEN
ADP,8670,2020-07-29,2020-07-29T11:11:16.000Z,BEFORE_OPEN
ADP,8670,2020-10-28,2020-10-28T10:58:23.000Z,BEFORE_OPEN
ADP,8670,2021-01-27,2021-01-27T11:55:49.000Z,BEFORE_OPEN
ADP,8670,2021-04-28,2021-04-28T10:56:47.000Z,BEFORE_OPEN
ADP,8670,2021-07-28,2021-07-28T10:55:39.000Z,BEFORE_OPEN
ADP,8670,2021-10-27,2021-10-27T10:55:43.000Z,BEFORE_OPEN
ADP,8670,2022-01-26,2022-01-26T11:55:28.000Z,BEFORE_OPEN
ADP,8670,2022-04-27,2022-04-27T10:55:35.000Z,BEFORE_OPEN
ADP,8670,2022-07-27,2022-07-27T10:55:42.000Z,BEFORE_OPEN
ADP,8670,2022-10-26,2022-10-26T10:55:31.000Z,BEFORE_OPEN
ADP,8670,2023-01-25,2023-01-25T11:55:21.000Z,BEFORE_OPEN
ADP,8670,2023-04-26,2023-04-26T10:55:20.000Z,BEFORE_OPEN
ADP,8670,2023-07-26,2023-07-26T10:55:25.000Z,BEFORE_OPEN
ADP,8670,2023-10-25,2023-10-25T10:55:20.000Z,BEFORE_OPEN
ADP,8670,2024-01-31,2024-01-31T11:55:21.000Z,BEFORE_OPEN
ADP,8670,2024-05-01,2024-05-01T10:55:20.000Z,BEFORE_OPEN
ADP,8670,2024-07-31,2024-07-31T10:55:18.000Z,BEFORE_OPEN
ADP,8670,2024-10-30,2024-10-30T10:55:33.000Z,BEFORE_OPEN
ADP,8670,2025-01-29,2025-01-29T11:55:24.000Z,BEFORE_OPEN
ADP,8670,2025-04-30,2025-04-30T10:57:16.000Z,BEFORE_OPEN
ADP,8670,2025-07-30,2025-07-30T10:55:16.000Z,BEFORE_OPEN
ADP,8670,2025-10-29,2025-10-29T10:55:19.000Z,BEFORE_OPEN
ADP,8670,2026-01-28,2026-01-28T11:55:14.000Z,BEFORE_OPEN
ADP,8670,2026-04-29,2026-04-29T10:55:17.000Z,BEFORE_OPEN
ADP,8670,2026-07-29,2026-07-29T10:57:30.000Z,BEFORE_OPEN
ADSK,769397,2015-08-27,2015-08-27T20:01:16.000Z,AFTER_CLOSE
ADSK,769397,2015-11-19,2015-11-19T21:00:34.000Z,AFTER_CLOSE
ADSK,769397,2016-02-03,2016-02-03T14:00:38.000Z,BEFORE_OPEN
ADSK,769397,2016-02-25,2016-02-25T21:00:57.000Z,AFTER_CLOSE
ADSK,769397,2016-05-19,2016-05-19T20:01:43.000Z,AFTER_CLOSE
ADSK,769397,2016-08-25,2016-08-25T20:01:17.000Z,AFTER_CLOSE
ADSK,769397,2016-11-29,2016-11-29T21:01:05.000Z,AFTER_CLOSE
ADSK,769397,2017-02-07,2017-02-07T14:06:02.000Z,BEFORE_OPEN
ADSK,769397,2017-03-02,2017-03-02T21:01:37.000Z,AFTER_CLOSE
ADSK,769397,2017-05-18,2017-05-18T20:02:30.000Z,AFTER_CLOSE
ADSK,769397,2017-08-24,2017-08-24T20:02:07.000Z,AFTER_CLOSE
ADSK,769397,2017-11-28,2017-11-28T21:01:12.000Z,AFTER_CLOSE
ADSK,769397,2018-03-06,2018-03-06T21:01:28.000Z,AFTER_CLOSE
ADSK,769397,2018-05-24,2018-05-24T20:09:17.000Z,AFTER_CLOSE
ADSK,769397,2018-08-23,2018-08-23T20:01:22.000Z,AFTER_CLOSE
ADSK,769397,2018-11-20,2018-11-20T21:05:29.000Z,AFTER_CLOSE
ADSK,769397,2019-02-28,2019-02-28T21:02:24.000Z,AFTER_CLOSE
ADSK,769397,2019-05-23,2019-05-23T20:01:48.000Z,AFTER_CLOSE
ADSK,769397,2019-08-27,2019-08-27T20:01:57.000Z,AFTER_CLOSE
ADSK,769397,2019-11-26,2019-11-26T21:01:41.000Z,AFTER_CLOSE
ADSK,769397,2020-02-27,2020-02-27T21:01:58.000Z,AFTER_CLOSE
ADSK,769397,2020-05-27,2020-05-27T20:01:46.000Z,AFTER_CLOSE
ADSK,769397,2020-08-25,2020-08-25T20:01:33.000Z,AFTER_CLOSE
ADSK,769397,2020-11-12,2020-11-12T21:37:29.000Z,AFTER_CLOSE
ADSK,769397,2020-11-24,2020-11-24T21:01:30.000Z,AFTER_CLOSE
ADSK,769397,2021-02-25,2021-02-25T21:07:22.000Z,AFTER_CLOSE
ADSK,769397,2021-05-27,2021-05-27T20:26:54.000Z,AFTER_CLOSE
ADSK,769397,2021-08-25,2021-08-25T20:07:00.000Z,AFTER_CLOSE
ADSK,769397,2021-11-23,2021-11-23T21:03:36.000Z,AFTER_CLOSE
ADSK,769397,2022-02-24,2022-02-24T21:03:29.000Z,AFTER_CLOSE
ADSK,769397,2022-05-26,2022-05-26T20:03:23.000Z,AFTER_CLOSE
ADSK,769397,2022-08-24,2022-08-24T20:04:28.000Z,AFTER_CLOSE
ADSK,769397,2022-11-22,2022-11-22T21:04:36.000Z,AFTER_CLOSE
ADSK,769397,2023-02-23,2023-02-23T21:05:16.000Z,AFTER_CLOSE
ADSK,769397,2023-05-25,2023-05-25T20:05:51.000Z,AFTER_CLOSE
ADSK,769397,2023-08-23,2023-08-23T20:03:37.000Z,AFTER_CLOSE
ADSK,769397,2023-11-21,2023-11-21T21:04:34.000Z,AFTER_CLOSE
ADSK,769397,2024-02-29,2024-02-29T21:06:42.000Z,AFTER_CLOSE
ADSK,769397,2024-06-03,2024-06-03T20:05:12.000Z,AFTER_CLOSE
ADSK,769397,2024-06-11,2024-06-11T20:05:24.000Z,AFTER_CLOSE
ADSK,769397,2024-08-29,2024-08-29T20:04:36.000Z,AFTER_CLOSE
ADSK,769397,2024-11-26,2024-11-26T21:05:55.000Z,AFTER_CLOSE
ADSK,769397,2025-02-27,2025-02-27T21:34:02.000Z,AFTER_CLOSE
ADSK,769397,2025-05-22,2025-05-22T20:01:42.000Z,AFTER_CLOSE
ADSK,769397,2025-08-28,2025-08-28T20:03:53.000Z,AFTER_CLOSE
ADSK,769397,2025-11-25,2025-11-25T21:03:21.000Z,AFTER_CLOSE
ADSK,769397,2026-02-26,2026-02-26T21:07:03.000Z,AFTER_CLOSE
ADSK,769397,2026-05-28,2026-05-28T20:14:49.000Z,AFTER_CLOSE
ADSK,769397,2026-08-27,2026-08-27T20:05:06.000Z,AFTER_CLOSE
AEE,1002910,2015-05-07,2015-05-07T12:27:06.000Z,BEFORE_OPEN
AEE,1002910,2015-07-31,2015-07-31T12:06:09.000Z,BEFORE_OPEN
AEE,1002910,2015-11-06,2015-11-06T13:17:02.000Z,BEFORE_OPEN
AEE,1002910,2016-02-19,2016-02-19T13:04:07.000Z,BEFORE_OPEN
AEE,1002910,2016-05-10,2016-05-10T20:26:22.000Z,AFTER_CLOSE
AEE,1002910,2016-08-05,2016-08-05T12:38:14.000Z,BEFORE_OPEN
AEE,1002910,2016-11-04,2016-11-04T12:25:09.000Z,BEFORE_OPEN
AEE,1002910,2017-02-16,2017-02-16T13:05:05.000Z,BEFORE_OPEN
AEE,1002910,2017-05-04,2017-05-04T12:16:42.000Z,BEFORE_OPEN
AEE,1002910,2017-08-04,2017-08-04T12:14:46.000Z,BEFORE_OPEN
AEE,1002910,2017-11-03,2017-11-03T12:10:58.000Z,BEFORE_OPEN
AEE,1002910,2018-02-16,2018-02-16T13:05:03.000Z,BEFORE_OPEN
AEE,1002910,2018-05-09,2018-05-09T12:03:07.000Z,BEFORE_OPEN
AEE,1002910,2018-08-03,2018-08-03T12:08:42.000Z,BEFORE_OPEN
AEE,1002910,2018-10-31,2018-10-31T12:05:24.000Z,BEFORE_OPEN
AEE,1002910,2019-02-14,2019-02-14T13:08:29.000Z,BEFORE_OPEN
AEE,1002910,2019-05-09,2019-05-09T12:01:54.000Z,BEFORE_OPEN
AEE,1002910,2019-08-02,2019-08-02T12:02:30.000Z,BEFORE_OPEN
AEE,1002910,2019-11-08,2019-11-08T12:32:50.000Z,BEFORE_OPEN
AEE,1002910,2020-02-26,2020-02-26T12:41:38.000Z,BEFORE_OPEN
AEE,1002910,2020-04-03,2020-04-03T15:22:14.000Z,IN_SESSION
AEE,1002910,2020-05-11,2020-05-11T20:18:57.000Z,AFTER_CLOSE
AEE,1002910,2020-08-06,2020-08-06T20:18:46.000Z,AFTER_CLOSE
AEE,1002910,2020-11-04,2020-11-04T22:04:44.000Z,AFTER_CLOSE
AEE,1002910,2021-02-19,2021-02-18T22:49:52.000Z,AFTER_CLOSE
AEE,1002910,2021-05-10,2021-05-10T21:16:18.000Z,AFTER_CLOSE
AEE,1002910,2021-08-05,2021-08-05T21:02:40.000Z,AFTER_CLOSE
AEE,1002910,2021-11-03,2021-11-03T20:33:00.000Z,AFTER_CLOSE
AEE,1002910,2022-02-17,2022-02-17T21:40:02.000Z,AFTER_CLOSE
AEE,1002910,2022-05-05,2022-05-05T21:08:08.000Z,AFTER_CLOSE
AEE,1002910,2022-08-04,2022-08-04T20:37:15.000Z,AFTER_CLOSE
AEE,1002910,2022-11-03,2022-11-03T20:32:51.000Z,AFTER_CLOSE
AEE,1002910,2023-02-15,2023-02-15T21:36:31.000Z,AFTER_CLOSE
AEE,1002910,2023-05-04,2023-05-04T20:34:48.000Z,AFTER_CLOSE
AEE,1002910,2023-08-02,2023-08-02T20:35:06.000Z,AFTER_CLOSE
AEE,1002910,2023-11-08,2023-11-08T21:38:18.000Z,AFTER_CLOSE
AEE,1002910,2024-02-22,2024-02-22T22:07:50.000Z,AFTER_CLOSE
AEE,1002910,2024-05-02,2024-05-02T21:06:42.000Z,AFTER_CLOSE
AEE,1002910,2024-08-01,2024-08-01T20:36:51.000Z,AFTER_CLOSE
AEE,1002910,2024-11-06,2024-11-06T21:32:36.000Z,AFTER_CLOSE
AEE,1002910,2025-02-13,2025-02-13T21:37:21.000Z,AFTER_CLOSE
AEE,1002910,2025-05-01,2025-05-01T20:38:37.000Z,AFTER_CLOSE
AEE,1002910,2025-07-31,2025-07-31T20:33:45.000Z,AFTER_CLOSE
AEE,1002910,2025-11-05,2025-11-05T21:35:15.000Z,AFTER_CLOSE
AEE,1002910,2026-02-11,2026-02-11T21:32:18.000Z,AFTER_CLOSE
AEE,1002910,2026-05-05,2026-05-05T20:33:57.000Z,AFTER_CLOSE
AEE,1002910,2026-07-30,2026-07-30T20:31:55.000Z,AFTER_CLOSE
AEP,4904,2019-10-24,2019-10-24T11:12:43.000Z,BEFORE_OPEN
AEP,4904,2020-02-20,2020-02-20T12:06:12.000Z,BEFORE_OPEN
AEP,4904,2020-05-06,2020-05-06T11:05:52.000Z,BEFORE_OPEN
AEP,4904,2020-08-06,2020-08-06T11:04:54.000Z,BEFORE_OPEN
AEP,4904,2020-10-22,2020-10-22T11:00:49.000Z,BEFORE_OPEN
AEP,4904,2021-02-25,2021-02-25T12:03:24.000Z,BEFORE_OPEN
AEP,4904,2021-04-22,2021-04-22T11:02:48.000Z,BEFORE_OPEN
AEP,4904,2021-07-22,2021-07-22T11:01:20.000Z,BEFORE_OPEN
AEP,4904,2021-10-28,2021-10-28T11:00:10.000Z,BEFORE_OPEN
AEP,4904,2022-02-24,2022-02-24T12:00:40.000Z,BEFORE_OPEN
AEP,4904,2022-04-28,2022-04-28T10:59:27.000Z,BEFORE_OPEN
AEP,4904,2022-07-27,2022-07-27T11:00:34.000Z,BEFORE_OPEN
AEP,4904,2022-10-27,2022-10-27T11:00:02.000Z,BEFORE_OPEN
AEP,4904,2023-02-23,2023-02-23T12:01:03.000Z,BEFORE_OPEN
AEP,4904,2023-05-04,2023-05-04T11:01:38.000Z,BEFORE_OPEN
AEP,4904,2023-07-27,2023-07-27T11:00:31.000Z,BEFORE_OPEN
AEP,4904,2023-11-02,2023-11-02T11:00:47.000Z,BEFORE_OPEN
AEP,4904,2024-02-26,2024-02-26T21:37:09.000Z,AFTER_CLOSE
AEP,4904,2024-04-30,2024-04-30T11:01:38.000Z,BEFORE_OPEN
AEP,4904,2024-07-30,2024-07-30T11:00:00.000Z,BEFORE_OPEN
AEP,4904,2024-11-06,2024-11-06T12:01:46.000Z,BEFORE_OPEN
AEP,4904,2025-02-13,2025-02-13T12:00:16.000Z,BEFORE_OPEN
AEP,4904,2025-05-06,2025-05-06T11:04:12.000Z,BEFORE_OPEN
AEP,4904,2025-07-30,2025-07-30T11:02:36.000Z,BEFORE_OPEN
AEP,4904,2025-10-29,2025-10-29T11:02:27.000Z,BEFORE_OPEN
AEP,4904,2026-02-12,2026-02-12T12:04:12.000Z,BEFORE_OPEN
AEP,4904,2026-05-05,2026-05-05T11:03:37.000Z,BEFORE_OPEN
AEP,4904,2026-07-30,2026-07-30T10:59:36.000Z,BEFORE_OPEN
AFL,4977,2017-01-31,2017-01-31T22:01:30.000Z,AFTER_CLOSE
AFL,4977,2017-04-27,2017-04-27T21:00:05.000Z,AFTER_CLOSE
AFL,4977,2017-07-27,2017-07-27T20:45:40.000Z,AFTER_CLOSE
AFL,4977,2017-10-25,2017-10-25T20:53:34.000Z,AFTER_CLOSE
AFL,4977,2018-01-31,2018-01-31T21:59:51.000Z,AFTER_CLOSE
AFL,4977,2018-04-25,2018-04-25T21:20:40.000Z,AFTER_CLOSE
AFL,4977,2018-07-26,2018-07-26T20:39:03.000Z,AFTER_CLOSE
AFL,4977,2018-10-24,2018-10-24T20:28:42.000Z,AFTER_CLOSE
AFL,4977,2019-01-31,2019-01-31T22:08:15.000Z,AFTER_CLOSE
AFL,4977,2019-04-25,2019-04-25T20:31:30.000Z,AFTER_CLOSE
AFL,4977,2019-07-25,2019-07-25T20:25:09.000Z,AFTER_CLOSE
AFL,4977,2019-10-25,2019-10-24T23:11:49.000Z,AFTER_CLOSE
AFL,4977,2020-02-04,2020-02-04T21:24:22.000Z,AFTER_CLOSE
AFL,4977,2020-04-29,2020-04-29T20:21:52.000Z,AFTER_CLOSE
AFL,4977,2020-07-28,2020-07-28T20:36:28.000Z,AFTER_CLOSE
AFL,4977,2020-10-27,2020-10-27T20:44:17.000Z,AFTER_CLOSE
AFL,4977,2021-02-03,2021-02-03T22:00:01.000Z,AFTER_CLOSE
AFL,4977,2021-04-28,2021-04-28T20:14:47.000Z,AFTER_CLOSE
AFL,4977,2021-07-28,2021-07-28T20:28:42.000Z,AFTER_CLOSE
AFL,4977,2021-10-27,2021-10-27T20:18:00.000Z,AFTER_CLOSE
AFL,4977,2022-02-02,2022-02-02T21:44:31.000Z,AFTER_CLOSE
AFL,4977,2022-04-27,2022-04-27T21:09:56.000Z,AFTER_CLOSE
AFL,4977,2022-08-01,2022-08-01T20:45:58.000Z,AFTER_CLOSE
AFL,4977,2022-10-31,2022-10-31T20:35:42.000Z,AFTER_CLOSE
AFL,4977,2023-02-01,2023-02-01T21:57:38.000Z,AFTER_CLOSE
AFL,4977,2023-04-27,2023-04-26T23:01:03.000Z,AFTER_CLOSE
AFL,4977,2023-08-01,2023-08-01T20:20:58.000Z,AFTER_CLOSE
AFL,4977,2023-11-01,2023-11-01T20:14:49.000Z,AFTER_CLOSE
AFL,4977,2024-01-31,2024-01-31T21:23:57.000Z,AFTER_CLOSE
AFL,4977,2024-05-01,2024-05-01T20:30:39.000Z,AFTER_CLOSE
AFL,4977,2024-07-31,2024-07-31T21:08:13.000Z,AFTER_CLOSE
AFL,4977,2024-10-30,2024-10-30T20:20:09.000Z,AFTER_CLOSE
AFL,4977,2025-02-05,2025-02-05T22:22:25.000Z,AFTER_CLOSE
AFL,4977,2025-04-30,2025-04-30T20:43:17.000Z,AFTER_CLOSE
AFL,4977,2025-08-05,2025-08-05T20:09:16.000Z,AFTER_CLOSE
AFL,4977,2025-11-04,2025-11-04T21:38:48.000Z,AFTER_CLOSE
AFL,4977,2026-02-04,2026-02-04T21:20:42.000Z,AFTER_CLOSE
AFL,4977,2026-04-29,2026-04-29T20:19:50.000Z,AFTER_CLOSE
AFL,4977,2026-08-06,2026-08-06T20:14:30.000Z,AFTER_CLOSE
AFRM,1820953,2021-02-11,2021-02-11T21:08:00.000Z,AFTER_CLOSE
AFRM,1820953,2021-05-10,2021-05-10T20:12:31.000Z,AFTER_CLOSE
AFRM,1820953,2021-09-09,2021-09-09T20:09:23.000Z,AFTER_CLOSE
AFRM,1820953,2021-11-10,2021-11-10T21:10:17.000Z,AFTER_CLOSE
AFRM,1820953,2022-02-10,2022-02-10T21:04:47.000Z,AFTER_CLOSE
AFRM,1820953,2022-05-12,2022-05-12T20:08:48.000Z,AFTER_CLOSE
AFRM,1820953,2022-08-25,2022-08-25T20:07:09.000Z,AFTER_CLOSE
AFRM,1820953,2022-11-08,2022-11-08T21:07:47.000Z,AFTER_CLOSE
AFRM,1820953,2023-02-08,2023-02-08T21:06:21.000Z,AFTER_CLOSE
AFRM,1820953,2023-05-09,2023-05-09T20:14:06.000Z,AFTER_CLOSE
AFRM,1820953,2023-08-24,2023-08-24T20:12:31.000Z,AFTER_CLOSE
AFRM,1820953,2023-11-08,2023-11-08T21:08:27.000Z,AFTER_CLOSE
AFRM,1820953,2024-02-08,2024-02-08T21:05:43.000Z,AFTER_CLOSE
AFRM,1820953,2024-05-08,2024-05-08T11:00:39.000Z,BEFORE_OPEN
AFRM,1820953,2024-08-28,2024-08-28T20:05:24.000Z,AFTER_CLOSE
AFRM,1820953,2024-11-07,2024-11-07T21:05:48.000Z,AFTER_CLOSE
AFRM,1820953,2025-02-06,2025-02-06T21:06:26.000Z,AFTER_CLOSE
AFRM,1820953,2025-05-08,2025-05-08T20:07:08.000Z,AFTER_CLOSE
AFRM,1820953,2025-08-28,2025-08-28T20:06:01.000Z,AFTER_CLOSE
AFRM,1820953,2025-11-06,2025-11-06T21:07:26.000Z,AFTER_CLOSE
AFRM,1820953,2026-02-05,2026-02-05T21:09:12.000Z,AFTER_CLOSE
AFRM,1820953,2026-05-07,2026-05-07T20:11:08.000Z,AFTER_CLOSE
AFRM,1820953,2026-08-27,2026-08-27T20:31:12.000Z,AFTER_CLOSE
AIG,5272,2021-02-16,2021-02-16T21:27:34.000Z,AFTER_CLOSE
AIG,5272,2021-05-06,2021-05-06T20:30:52.000Z,AFTER_CLOSE
AIG,5272,2021-08-05,2021-08-05T20:39:01.000Z,AFTER_CLOSE
AIG,5272,2021-11-04,2021-11-04T21:01:44.000Z,AFTER_CLOSE
AIG,5272,2022-02-16,2022-02-16T22:04:20.000Z,AFTER_CLOSE
AIG,5272,2022-05-03,2022-05-03T20:27:50.000Z,AFTER_CLOSE
AIG,5272,2022-08-08,2022-08-08T20:37:06.000Z,AFTER_CLOSE
AIG,5272,2022-11-01,2022-11-01T20:26:32.000Z,AFTER_CLOSE
AIG,5272,2023-02-15,2023-02-15T21:30:05.000Z,AFTER_CLOSE
AIG,5272,2023-05-04,2023-05-04T20:32:55.000Z,AFTER_CLOSE
AIG,5272,2023-08-01,2023-08-01T20:21:09.000Z,AFTER_CLOSE
AIG,5272,2023-11-01,2023-11-01T21:01:29.000Z,AFTER_CLOSE
AIG,5272,2024-02-13,2024-02-13T21:54:44.000Z,AFTER_CLOSE
AIG,5272,2024-05-01,2024-05-01T20:23:23.000Z,AFTER_CLOSE
AIG,5272,2024-07-31,2024-07-31T20:21:43.000Z,AFTER_CLOSE
AIG,5272,2024-11-04,2024-11-04T21:23:37.000Z,AFTER_CLOSE
AIG,5272,2025-02-11,2025-02-11T21:19:55.000Z,AFTER_CLOSE
AIG,5272,2025-05-01,2025-05-01T20:19:22.000Z,AFTER_CLOSE
AIG,5272,2025-08-06,2025-08-06T20:19:11.000Z,AFTER_CLOSE
AIG,5272,2025-11-04,2025-11-04T21:19:09.000Z,AFTER_CLOSE
AIG,5272,2026-02-10,2026-02-10T21:19:21.000Z,AFTER_CLOSE
AIG,5272,2026-04-30,2026-04-30T20:17:53.000Z,AFTER_CLOSE
AIG,5272,2026-08-06,2026-08-06T20:21:41.000Z,AFTER_CLOSE
AJG,354190,2018-07-26,2018-07-26T20:35:06.000Z,AFTER_CLOSE
AJG,354190,2018-10-25,2018-10-25T20:37:06.000Z,AFTER_CLOSE
AJG,354190,2019-01-31,2019-01-31T21:22:07.000Z,AFTER_CLOSE
AJG,354190,2019-04-25,2019-04-25T20:27:33.000Z,AFTER_CLOSE
AJG,354190,2019-07-25,2019-07-25T20:32:04.000Z,AFTER_CLOSE
AJG,354190,2019-10-24,2019-10-24T22:52:18.000Z,AFTER_CLOSE
AJG,354190,2020-01-30,2020-01-30T21:29:42.000Z,AFTER_CLOSE
AJG,354190,2020-04-30,2020-04-30T20:32:17.000Z,AFTER_CLOSE
AJG,354190,2020-07-30,2020-07-30T23:19:40.000Z,AFTER_CLOSE
AJG,354190,2020-10-29,2020-10-29T20:44:35.000Z,AFTER_CLOSE
AJG,354190,2021-01-28,2021-01-28T21:22:55.000Z,AFTER_CLOSE
AJG,354190,2021-04-29,2021-04-29T20:24:45.000Z,AFTER_CLOSE
AJG,354190,2021-07-29,2021-07-29T20:20:52.000Z,AFTER_CLOSE
AJG,354190,2021-10-28,2021-10-28T20:22:06.000Z,AFTER_CLOSE
AJG,354190,2022-01-27,2022-01-27T22:21:09.000Z,AFTER_CLOSE
AJG,354190,2022-04-28,2022-04-28T20:23:46.000Z,AFTER_CLOSE
AJG,354190,2022-07-28,2022-07-28T20:25:26.000Z,AFTER_CLOSE
AJG,354190,2022-10-27,2022-10-27T20:27:07.000Z,AFTER_CLOSE
AJG,354190,2023-01-26,2023-01-26T21:23:04.000Z,AFTER_CLOSE
AJG,354190,2023-04-27,2023-04-27T20:21:08.000Z,AFTER_CLOSE
AJG,354190,2023-07-27,2023-07-27T20:18:59.000Z,AFTER_CLOSE
AJG,354190,2023-10-26,2023-10-26T20:23:32.000Z,AFTER_CLOSE
AJG,354190,2024-01-25,2024-01-25T21:53:53.000Z,AFTER_CLOSE
AJG,354190,2024-04-25,2024-04-25T20:25:04.000Z,AFTER_CLOSE
AJG,354190,2024-07-25,2024-07-25T20:26:52.000Z,AFTER_CLOSE
AJG,354190,2024-10-24,2024-10-24T20:23:02.000Z,AFTER_CLOSE
AJG,354190,2025-01-30,2025-01-30T21:56:21.000Z,AFTER_CLOSE
AJG,354190,2025-05-01,2025-05-01T20:25:44.000Z,AFTER_CLOSE
AJG,354190,2025-07-31,2025-07-31T21:07:20.000Z,AFTER_CLOSE
AJG,354190,2025-10-30,2025-10-30T20:52:29.000Z,AFTER_CLOSE
AJG,354190,2026-01-29,2026-01-29T21:20:58.000Z,AFTER_CLOSE
AJG,354190,2026-04-30,2026-04-30T20:19:29.000Z,AFTER_CLOSE
AJG,354190,2026-07-30,2026-07-30T20:18:40.000Z,AFTER_CLOSE
ALAB,1736297,2024-05-07,2024-05-07T20:08:03.000Z,AFTER_CLOSE
ALAB,1736297,2024-08-06,2024-08-06T20:08:27.000Z,AFTER_CLOSE
ALAB,1736297,2024-11-04,2024-11-04T21:06:49.000Z,AFTER_CLOSE
ALAB,1736297,2025-02-10,2025-02-10T21:13:01.000Z,AFTER_CLOSE
ALAB,1736297,2025-05-06,2025-05-06T20:06:47.000Z,AFTER_CLOSE
ALAB,1736297,2025-08-05,2025-08-05T20:08:44.000Z,AFTER_CLOSE
ALAB,1736297,2025-11-04,2025-11-04T21:09:11.000Z,AFTER_CLOSE
ALAB,1736297,2026-02-10,2026-02-10T21:09:36.000Z,AFTER_CLOSE
ALAB,1736297,2026-05-05,2026-05-05T20:11:18.000Z,AFTER_CLOSE
ALAB,1736297,2026-08-04,2026-08-04T20:09:40.000Z,AFTER_CLOSE
ALL,899051,2018-05-01,2018-05-01T20:46:32.000Z,AFTER_CLOSE
ALL,899051,2018-08-01,2018-08-01T20:16:06.000Z,AFTER_CLOSE
ALL,899051,2018-10-31,2018-10-31T20:15:43.000Z,AFTER_CLOSE
ALL,899051,2019-02-05,2019-02-05T21:40:47.000Z,AFTER_CLOSE
ALL,899051,2019-05-01,2019-05-01T20:15:56.000Z,AFTER_CLOSE
ALL,899051,2019-10-29,2019-10-29T23:15:20.000Z,AFTER_CLOSE
ALL,899051,2020-02-04,2020-02-04T21:15:53.000Z,AFTER_CLOSE
ALL,899051,2020-05-05,2020-05-05T20:16:28.000Z,AFTER_CLOSE
ALL,899051,2020-08-04,2020-08-04T20:16:57.000Z,AFTER_CLOSE
ALL,899051,2020-11-04,2020-11-04T21:15:40.000Z,AFTER_CLOSE
ALL,899051,2021-02-03,2021-02-03T21:15:55.000Z,AFTER_CLOSE
ALL,899051,2021-05-05,2021-05-05T20:20:41.000Z,AFTER_CLOSE
ALL,899051,2021-08-04,2021-08-04T20:20:10.000Z,AFTER_CLOSE
ALL,899051,2021-11-03,2021-11-03T20:17:28.000Z,AFTER_CLOSE
ALL,899051,2022-02-02,2022-02-02T21:16:48.000Z,AFTER_CLOSE
ALL,899051,2022-04-21,2022-04-21T20:05:36.000Z,AFTER_CLOSE
ALL,899051,2022-05-04,2022-05-04T20:18:48.000Z,AFTER_CLOSE
ALL,899051,2022-07-20,2022-07-20T21:10:56.000Z,AFTER_CLOSE
ALL,899051,2022-08-03,2022-08-03T20:16:45.000Z,AFTER_CLOSE
ALL,899051,2022-10-19,2022-10-19T20:54:45.000Z,AFTER_CLOSE
ALL,899051,2022-11-02,2022-11-02T20:16:17.000Z,AFTER_CLOSE
ALL,899051,2023-01-18,2023-01-18T22:15:51.000Z,AFTER_CLOSE
ALL,899051,2023-02-01,2023-02-01T21:16:25.000Z,AFTER_CLOSE
ALL,899051,2023-04-20,2023-04-20T12:01:25.000Z,BEFORE_OPEN
ALL,899051,2023-05-03,2023-05-03T20:16:13.000Z,AFTER_CLOSE
ALL,899051,2023-07-20,2023-07-20T12:00:42.000Z,BEFORE_OPEN
ALL,899051,2023-08-01,2023-08-01T20:15:39.000Z,AFTER_CLOSE
ALL,899051,2023-10-19,2023-10-19T11:57:48.000Z,BEFORE_OPEN
ALL,899051,2023-11-01,2023-11-01T20:16:33.000Z,AFTER_CLOSE
ALL,899051,2024-01-18,2024-01-18T13:00:43.000Z,BEFORE_OPEN
ALL,899051,2024-02-07,2024-02-07T21:16:20.000Z,AFTER_CLOSE
ALL,899051,2024-04-18,2024-04-18T11:45:38.000Z,BEFORE_OPEN
ALL,899051,2024-05-01,2024-05-01T20:15:47.000Z,AFTER_CLOSE
ALL,899051,2024-07-31,2024-07-31T20:15:51.000Z,AFTER_CLOSE
ALL,899051,2024-10-30,2024-10-30T20:15:31.000Z,AFTER_CLOSE
ALL,899051,2025-02-05,2025-02-05T21:15:36.000Z,AFTER_CLOSE
ALL,899051,2025-04-30,2025-04-30T20:16:42.000Z,AFTER_CLOSE
ALL,899051,2025-07-30,2025-07-30T20:16:52.000Z,AFTER_CLOSE
ALL,899051,2025-11-05,2025-11-05T21:17:50.000Z,AFTER_CLOSE
ALL,899051,2026-02-04,2026-02-04T21:17:28.000Z,AFTER_CLOSE
ALL,899051,2026-04-29,2026-04-29T20:15:58.000Z,AFTER_CLOSE
ALL,899051,2026-08-05,2026-08-05T20:15:57.000Z,AFTER_CLOSE
ALNY,1178670,2014-11-05,2014-11-05T21:33:30.000Z,AFTER_CLOSE
ALNY,1178670,2015-01-08,2015-01-08T13:15:33.000Z,BEFORE_OPEN
ALNY,1178670,2015-02-12,2015-02-12T21:10:44.000Z,AFTER_CLOSE
ALNY,1178670,2015-05-07,2015-05-07T20:10:20.000Z,AFTER_CLOSE
ALNY,1178670,2015-08-06,2015-08-06T20:10:29.000Z,AFTER_CLOSE
ALNY,1178670,2015-11-09,2015-11-09T12:10:20.000Z,BEFORE_OPEN
ALNY,1178670,2016-01-11,2016-01-11T13:12:03.000Z,BEFORE_OPEN
ALNY,1178670,2016-02-11,2016-02-11T21:10:45.000Z,AFTER_CLOSE
ALNY,1178670,2016-05-02,2016-05-02T20:10:35.000Z,AFTER_CLOSE
ALNY,1178670,2016-08-04,2016-08-04T20:10:40.000Z,AFTER_CLOSE
ALNY,1178670,2016-11-02,2016-11-02T20:10:22.000Z,AFTER_CLOSE
ALNY,1178670,2017-02-08,2017-02-08T21:10:47.000Z,AFTER_CLOSE
ALNY,1178670,2017-05-05,2017-05-05T12:10:20.000Z,BEFORE_OPEN
ALNY,1178670,2017-08-09,2017-08-09T20:15:21.000Z,AFTER_CLOSE
ALNY,1178670,2017-11-07,2017-11-07T21:15:19.000Z,AFTER_CLOSE
ALNY,1178670,2018-01-08,2018-01-08T12:03:04.000Z,BEFORE_OPEN
ALNY,1178670,2018-02-08,2018-02-08T13:15:27.000Z,BEFORE_OPEN
ALNY,1178670,2018-05-03,2018-05-03T20:15:26.000Z,AFTER_CLOSE
ALNY,1178670,2018-08-02,2018-08-02T12:15:27.000Z,BEFORE_OPEN
ALNY,1178670,2018-11-07,2018-11-07T13:16:37.000Z,BEFORE_OPEN
ALNY,1178670,2019-01-07,2019-01-07T13:11:33.000Z,BEFORE_OPEN
ALNY,1178670,2019-02-07,2019-02-07T21:15:18.000Z,AFTER_CLOSE
ALNY,1178670,2019-05-01,2019-05-01T12:45:41.000Z,BEFORE_OPEN
ALNY,1178670,2019-08-06,2019-08-06T12:15:26.000Z,BEFORE_OPEN
ALNY,1178670,2019-10-31,2019-10-31T12:10:40.000Z,BEFORE_OPEN
ALNY,1178670,2020-01-13,2020-01-13T11:13:40.000Z,BEFORE_OPEN
ALNY,1178670,2020-02-06,2020-02-06T13:28:40.000Z,BEFORE_OPEN
ALNY,1178670,2020-05-06,2020-05-06T12:10:47.000Z,BEFORE_OPEN
ALNY,1178670,2020-08-06,2020-08-06T12:10:23.000Z,BEFORE_OPEN
ALNY,1178670,2020-11-05,2020-11-05T13:10:18.000Z,BEFORE_OPEN
ALNY,1178670,2021-01-11,2021-01-11T13:37:31.000Z,BEFORE_OPEN
ALNY,1178670,2021-02-11,2021-02-11T13:10:21.000Z,BEFORE_OPEN
ALNY,1178670,2021-04-29,2021-04-29T12:12:13.000Z,BEFORE_OPEN
ALNY,1178670,2021-08-03,2021-08-03T12:10:58.000Z,BEFORE_OPEN
ALNY,1178670,2021-10-28,2021-10-28T12:11:08.000Z,BEFORE_OPEN
ALNY,1178670,2022-01-10,2022-01-10T12:01:00.000Z,BEFORE_OPEN
ALNY,1178670,2022-02-10,2022-02-10T13:10:23.000Z,BEFORE_OPEN
ALNY,1178670,2022-04-28,2022-04-28T12:10:31.000Z,BEFORE_OPEN
ALNY,1178670,2022-07-28,2022-07-28T12:10:29.000Z,BEFORE_OPEN
ALNY,1178670,2022-10-27,2022-10-27T12:10:19.000Z,BEFORE_OPEN
ALNY,1178670,2023-01-09,2023-01-09T12:00:57.000Z,BEFORE_OPEN
ALNY,1178670,2023-02-23,2023-02-23T13:10:22.000Z,BEFORE_OPEN
ALNY,1178670,2023-05-04,2023-05-04T12:10:25.000Z,BEFORE_OPEN
ALNY,1178670,2023-08-03,2023-08-03T12:10:58.000Z,BEFORE_OPEN
ALNY,1178670,2023-11-02,2023-11-02T12:10:20.000Z,BEFORE_OPEN
ALNY,1178670,2024-01-08,2024-01-08T12:00:54.000Z,BEFORE_OPEN
ALNY,1178670,2024-02-15,2024-02-15T13:10:27.000Z,BEFORE_OPEN
ALNY,1178670,2025-01-13,2025-01-13T12:31:19.000Z,BEFORE_OPEN
ALNY,1178670,2025-07-31,2025-07-31T12:05:29.000Z,BEFORE_OPEN
ALNY,1178670,2025-10-30,2025-10-30T12:06:02.000Z,BEFORE_OPEN
ALNY,1178670,2026-01-12,2026-01-12T12:30:20.000Z,BEFORE_OPEN
ALNY,1178670,2026-02-12,2026-02-12T13:05:43.000Z,BEFORE_OPEN
ALNY,1178670,2026-04-30,2026-04-30T12:04:14.000Z,BEFORE_OPEN
ALNY,1178670,2026-07-30,2026-07-30T12:06:25.000Z,BEFORE_OPEN
AMAT,6951,2013-05-16,2013-05-16T20:07:51.000Z,AFTER_CLOSE
AMAT,6951,2013-08-15,2013-08-15T20:08:48.000Z,AFTER_CLOSE
AMAT,6951,2013-11-14,2013-11-14T21:13:24.000Z,AFTER_CLOSE
AMAT,6951,2014-02-12,2014-02-12T21:07:23.000Z,AFTER_CLOSE
AMAT,6951,2014-05-15,2014-05-15T20:05:57.000Z,AFTER_CLOSE
AMAT,6951,2014-08-14,2014-08-14T20:06:57.000Z,AFTER_CLOSE
AMAT,6951,2014-11-13,2014-11-13T21:06:22.000Z,AFTER_CLOSE
AMAT,6951,2015-02-11,2015-02-11T21:05:48.000Z,AFTER_CLOSE
AMAT,6951,2015-05-14,2015-05-14T20:05:25.000Z,AFTER_CLOSE
AMAT,6951,2015-08-13,2015-08-13T20:13:30.000Z,AFTER_CLOSE
AMAT,6951,2015-11-12,2015-11-12T21:04:54.000Z,AFTER_CLOSE
AMAT,6951,2016-02-18,2016-02-18T21:05:08.000Z,AFTER_CLOSE
AMAT,6951,2016-05-19,2016-05-19T20:05:43.000Z,AFTER_CLOSE
AMAT,6951,2016-08-18,2016-08-18T20:05:59.000Z,AFTER_CLOSE
AMAT,6951,2016-11-17,2016-11-17T21:05:18.000Z,AFTER_CLOSE
AMAT,6951,2017-02-15,2017-02-15T21:05:28.000Z,AFTER_CLOSE
AMAT,6951,2017-05-18,2017-05-18T20:06:47.000Z,AFTER_CLOSE
AMAT,6951,2017-08-17,2017-08-17T20:08:00.000Z,AFTER_CLOSE
AMAT,6951,2017-11-16,2017-11-16T21:05:04.000Z,AFTER_CLOSE
AMAT,6951,2018-02-14,2018-02-14T21:09:14.000Z,AFTER_CLOSE
AMAT,6951,2018-05-17,2018-05-17T20:03:50.000Z,AFTER_CLOSE
AMAT,6951,2018-08-16,2018-08-16T20:07:24.000Z,AFTER_CLOSE
AMAT,6951,2018-11-15,2018-11-15T21:05:38.000Z,AFTER_CLOSE
AMAT,6951,2019-02-14,2019-02-14T21:03:30.000Z,AFTER_CLOSE
AMAT,6951,2019-05-16,2019-05-16T20:04:58.000Z,AFTER_CLOSE
AMAT,6951,2019-08-15,2019-08-15T20:03:48.000Z,AFTER_CLOSE
AMAT,6951,2019-11-14,2019-11-14T21:21:54.000Z,AFTER_CLOSE
AMAT,6951,2020-02-12,2020-02-12T21:03:50.000Z,AFTER_CLOSE
AMAT,6951,2020-05-14,2020-05-14T20:12:32.000Z,AFTER_CLOSE
AMAT,6951,2020-08-13,2020-08-13T20:06:36.000Z,AFTER_CLOSE
AMAT,6951,2020-11-12,2020-11-12T21:04:10.000Z,AFTER_CLOSE
AMAT,6951,2021-02-18,2021-02-18T21:05:19.000Z,AFTER_CLOSE
AMAT,6951,2021-05-20,2021-05-20T20:11:47.000Z,AFTER_CLOSE
AMAT,6951,2021-08-19,2021-08-19T20:04:55.000Z,AFTER_CLOSE
AMAT,6951,2021-11-18,2021-11-18T21:03:57.000Z,AFTER_CLOSE
AMAT,6951,2022-02-16,2022-02-16T21:03:51.000Z,AFTER_CLOSE
AMAT,6951,2022-05-19,2022-05-19T20:04:06.000Z,AFTER_CLOSE
AMAT,6951,2022-08-18,2022-08-18T20:04:07.000Z,AFTER_CLOSE
AMAT,6951,2022-11-17,2022-11-17T21:03:56.000Z,AFTER_CLOSE
AMAT,6951,2023-02-16,2023-02-16T21:05:38.000Z,AFTER_CLOSE
AMAT,6951,2023-05-18,2023-05-18T20:05:30.000Z,AFTER_CLOSE
AMAT,6951,2023-08-17,2023-08-17T20:03:47.000Z,AFTER_CLOSE
AMAT,6951,2023-11-16,2023-11-16T21:04:09.000Z,AFTER_CLOSE
AMAT,6951,2024-02-15,2024-02-15T21:03:18.000Z,AFTER_CLOSE
AMAT,6951,2024-08-15,2024-08-15T20:04:10.000Z,AFTER_CLOSE
AMAT,6951,2024-11-14,2024-11-14T21:04:07.000Z,AFTER_CLOSE
AMAT,6951,2025-02-13,2025-02-13T21:05:46.000Z,AFTER_CLOSE
AMAT,6951,2025-05-15,2025-05-15T20:03:34.000Z,AFTER_CLOSE
AMAT,6951,2025-08-14,2025-08-14T20:05:06.000Z,AFTER_CLOSE
AMAT,6951,2025-11-13,2025-11-13T21:03:59.000Z,AFTER_CLOSE
AMAT,6951,2026-02-12,2026-02-12T21:03:26.000Z,AFTER_CLOSE
AMAT,6951,2026-05-14,2026-05-14T20:03:53.000Z,AFTER_CLOSE
AMAT,6951,2026-08-13,2026-08-13T20:03:36.000Z,AFTER_CLOSE
AMD,2488,2018-01-30,2018-01-30T21:06:35.000Z,AFTER_CLOSE
AMD,2488,2018-02-27,2018-02-27T21:31:08.000Z,AFTER_CLOSE
AMD,2488,2018-04-25,2018-04-25T20:17:16.000Z,AFTER_CLOSE
AMD,2488,2018-07-25,2018-07-25T20:41:54.000Z,AFTER_CLOSE
AMD,2488,2018-10-24,2018-10-24T20:32:31.000Z,AFTER_CLOSE
AMD,2488,2019-01-29,2019-01-29T21:19:00.000Z,AFTER_CLOSE
AMD,2488,2019-04-30,2019-04-30T20:21:37.000Z,AFTER_CLOSE
AMD,2488,2019-07-30,2019-07-30T20:21:33.000Z,AFTER_CLOSE
AMD,2488,2019-10-29,2019-10-29T21:11:27.000Z,AFTER_CLOSE
AMD,2488,2020-01-28,2020-01-28T21:17:02.000Z,AFTER_CLOSE
AMD,2488,2020-04-28,2020-04-28T20:29:49.000Z,AFTER_CLOSE
AMD,2488,2020-07-28,2020-07-28T20:20:25.000Z,AFTER_CLOSE
AMD,2488,2020-10-27,2020-10-27T10:34:50.000Z,BEFORE_OPEN
AMD,2488,2021-01-26,2021-01-26T21:14:58.000Z,AFTER_CLOSE
AMD,2488,2021-04-27,2021-04-27T20:12:09.000Z,AFTER_CLOSE
AMD,2488,2021-07-27,2021-07-27T20:39:42.000Z,AFTER_CLOSE
AMD,2488,2021-10-26,2021-10-26T20:17:33.000Z,AFTER_CLOSE
AMD,2488,2022-02-01,2022-02-01T21:17:06.000Z,AFTER_CLOSE
AMD,2488,2022-05-03,2022-05-03T20:11:17.000Z,AFTER_CLOSE
AMD,2488,2022-08-02,2022-08-02T20:08:05.000Z,AFTER_CLOSE
AMD,2488,2022-10-06,2022-10-06T20:20:03.000Z,AFTER_CLOSE
AMD,2488,2022-11-01,2022-11-01T20:17:39.000Z,AFTER_CLOSE
AMD,2488,2023-01-31,2023-01-31T21:55:24.000Z,AFTER_CLOSE
AMD,2488,2023-05-02,2023-05-02T20:17:31.000Z,AFTER_CLOSE
AMD,2488,2023-08-01,2023-08-01T20:16:57.000Z,AFTER_CLOSE
AMD,2488,2023-10-31,2023-10-31T20:16:56.000Z,AFTER_CLOSE
AMD,2488,2024-01-30,2024-01-30T21:16:19.000Z,AFTER_CLOSE
AMD,2488,2024-04-30,2024-04-30T20:16:31.000Z,AFTER_CLOSE
AMD,2488,2024-07-30,2024-07-30T20:17:15.000Z,AFTER_CLOSE
AMD,2488,2024-10-29,2024-10-29T20:16:49.000Z,AFTER_CLOSE
AMD,2488,2025-02-04,2025-02-04T21:17:17.000Z,AFTER_CLOSE
AMD,2488,2025-05-06,2025-05-06T20:16:45.000Z,AFTER_CLOSE
AMD,2488,2025-08-05,2025-08-05T20:16:31.000Z,AFTER_CLOSE
AMD,2488,2025-11-04,2025-11-04T21:16:10.000Z,AFTER_CLOSE
AMD,2488,2026-02-03,2026-02-03T21:16:18.000Z,AFTER_CLOSE
AMD,2488,2026-05-05,2026-05-05T20:16:06.000Z,AFTER_CLOSE
AMD,2488,2026-08-04,2026-08-04T20:16:24.000Z,AFTER_CLOSE
AME,1037868,2016-08-04,2016-08-04T15:37:43.000Z,IN_SESSION
AME,1037868,2016-11-02,2016-11-02T12:55:10.000Z,BEFORE_OPEN
AME,1037868,2017-02-07,2017-02-07T20:07:20.000Z,IN_SESSION
AME,1037868,2017-05-02,2017-05-02T15:50:29.000Z,IN_SESSION
AME,1037868,2017-08-02,2017-08-02T15:27:15.000Z,IN_SESSION
AME,1037868,2017-11-02,2017-11-02T18:54:51.000Z,IN_SESSION
AME,1037868,2018-02-01,2018-02-01T21:52:03.000Z,AFTER_CLOSE
AME,1037868,2018-05-02,2018-05-02T18:13:32.000Z,IN_SESSION
AME,1037868,2018-07-31,2018-07-31T17:18:08.000Z,IN_SESSION
AME,1037868,2018-11-02,2018-11-02T18:18:06.000Z,IN_SESSION
AME,1037868,2019-02-05,2019-02-05T19:19:33.000Z,IN_SESSION
AME,1037868,2019-05-01,2019-05-01T17:53:02.000Z,IN_SESSION
AME,1037868,2019-07-30,2019-07-30T15:28:33.000Z,IN_SESSION
AME,1037868,2019-10-31,2019-10-31T20:21:11.000Z,AFTER_CLOSE
AME,1037868,2020-02-05,2020-02-05T22:12:13.000Z,AFTER_CLOSE
AME,1037868,2020-05-05,2020-05-05T17:32:13.000Z,IN_SESSION
AME,1037868,2020-08-04,2020-08-04T15:09:00.000Z,IN_SESSION
AME,1037868,2020-10-29,2020-10-29T15:41:55.000Z,IN_SESSION
AME,1037868,2021-02-04,2021-02-04T19:13:34.000Z,IN_SESSION
AME,1037868,2021-05-04,2021-05-04T15:37:03.000Z,IN_SESSION
AME,1037868,2021-08-03,2021-08-03T13:50:42.000Z,IN_SESSION
AME,1037868,2021-11-02,2021-11-02T14:21:07.000Z,IN_SESSION
AME,1037868,2022-02-03,2022-02-03T15:43:19.000Z,IN_SESSION
AME,1037868,2022-05-03,2022-05-03T14:02:54.000Z,IN_SESSION
AME,1037868,2022-08-02,2022-08-02T14:45:24.000Z,IN_SESSION
AME,1037868,2022-11-01,2022-11-01T15:12:57.000Z,IN_SESSION
AME,1037868,2023-02-02,2023-02-02T16:41:03.000Z,IN_SESSION
AME,1037868,2023-05-02,2023-05-02T14:42:38.000Z,IN_SESSION
AME,1037868,2023-08-01,2023-08-01T14:25:44.000Z,IN_SESSION
AME,1037868,2023-10-31,2023-10-31T15:34:29.000Z,IN_SESSION
AME,1037868,2024-02-06,2024-02-06T16:08:51.000Z,IN_SESSION
AME,1037868,2024-05-02,2024-05-02T14:26:27.000Z,IN_SESSION
AME,1037868,2024-08-01,2024-08-01T15:33:37.000Z,IN_SESSION
AME,1037868,2024-10-31,2024-10-31T15:19:01.000Z,IN_SESSION
AME,1037868,2025-02-04,2025-02-04T16:41:50.000Z,IN_SESSION
AME,1037868,2025-05-01,2025-05-01T15:24:54.000Z,IN_SESSION
AME,1037868,2025-07-31,2025-07-31T14:56:00.000Z,IN_SESSION
AME,1037868,2025-10-30,2025-10-30T14:59:04.000Z,IN_SESSION
AME,1037868,2026-02-03,2026-02-03T19:05:19.000Z,IN_SESSION
AME,1037868,2026-04-30,2026-04-30T16:00:31.000Z,IN_SESSION
AME,1037868,2026-08-04,2026-08-04T13:56:19.000Z,IN_SESSION
AMGN,318154,2018-07-26,2018-07-26T20:14:06.000Z,AFTER_CLOSE
AMGN,318154,2018-10-30,2018-10-30T20:07:32.000Z,AFTER_CLOSE
AMGN,318154,2019-01-29,2019-01-29T21:09:39.000Z,AFTER_CLOSE
AMGN,318154,2019-04-30,2019-04-30T20:09:57.000Z,AFTER_CLOSE
AMGN,318154,2019-07-30,2019-07-30T20:05:22.000Z,AFTER_CLOSE
AMGN,318154,2019-10-29,2019-10-29T20:59:08.000Z,AFTER_CLOSE
AMGN,318154,2020-01-30,2020-01-30T21:13:31.000Z,AFTER_CLOSE
AMGN,318154,2020-04-30,2020-04-30T20:06:51.000Z,AFTER_CLOSE
AMGN,318154,2020-07-28,2020-07-28T20:05:21.000Z,AFTER_CLOSE
AMGN,318154,2020-10-28,2020-10-28T20:03:29.000Z,AFTER_CLOSE
AMGN,318154,2021-02-02,2021-02-02T21:13:08.000Z,AFTER_CLOSE
AMGN,318154,2021-04-27,2021-04-27T20:10:33.000Z,AFTER_CLOSE
AMGN,318154,2021-08-03,2021-08-03T20:18:52.000Z,AFTER_CLOSE
AMGN,318154,2021-11-02,2021-11-02T20:27:40.000Z,AFTER_CLOSE
AMGN,318154,2022-02-07,2022-02-07T21:16:56.000Z,AFTER_CLOSE
AMGN,318154,2022-04-27,2022-04-27T20:19:52.000Z,AFTER_CLOSE
AMGN,318154,2022-08-04,2022-08-04T20:37:14.000Z,AFTER_CLOSE
AMGN,318154,2022-11-03,2022-11-03T20:16:57.000Z,AFTER_CLOSE
AMGN,318154,2023-01-31,2023-01-31T21:15:33.000Z,AFTER_CLOSE
AMGN,318154,2023-04-27,2023-04-27T20:11:58.000Z,AFTER_CLOSE
AMGN,318154,2023-08-03,2023-08-03T20:12:08.000Z,AFTER_CLOSE
AMGN,318154,2023-10-31,2023-10-31T11:15:17.000Z,BEFORE_OPEN
AMGN,318154,2024-02-06,2024-02-06T21:20:07.000Z,AFTER_CLOSE
AMGN,318154,2024-05-02,2024-05-02T20:03:58.000Z,AFTER_CLOSE
AMGN,318154,2024-08-06,2024-08-06T20:05:06.000Z,AFTER_CLOSE
AMGN,318154,2024-10-30,2024-10-30T20:06:04.000Z,AFTER_CLOSE
AMGN,318154,2025-02-04,2025-02-04T21:05:22.000Z,AFTER_CLOSE
AMGN,318154,2025-05-01,2025-05-01T20:04:20.000Z,AFTER_CLOSE
AMGN,318154,2025-08-05,2025-08-05T20:03:34.000Z,AFTER_CLOSE
AMGN,318154,2025-11-04,2025-11-04T21:04:18.000Z,AFTER_CLOSE
AMGN,318154,2026-02-03,2026-02-03T21:03:07.000Z,AFTER_CLOSE
AMGN,318154,2026-04-30,2026-04-30T20:03:26.000Z,AFTER_CLOSE
AMGN,318154,2026-08-04,2026-08-04T20:03:16.000Z,AFTER_CLOSE
AMP,820027,2021-01-27,2021-01-27T21:20:54.000Z,AFTER_CLOSE
AMP,820027,2021-04-26,2021-04-26T20:14:57.000Z,AFTER_CLOSE
AMP,820027,2021-07-26,2021-07-26T20:12:29.000Z,AFTER_CLOSE
AMP,820027,2021-10-26,2021-10-26T20:10:39.000Z,AFTER_CLOSE
AMP,820027,2022-01-26,2022-01-26T21:07:18.000Z,AFTER_CLOSE
AMP,820027,2022-04-25,2022-04-25T20:13:28.000Z,AFTER_CLOSE
AMP,820027,2022-07-26,2022-07-26T20:30:28.000Z,AFTER_CLOSE
AMP,820027,2022-10-25,2022-10-25T20:16:45.000Z,AFTER_CLOSE
AMP,820027,2023-01-25,2023-01-25T21:16:48.000Z,AFTER_CLOSE
AMP,820027,2023-04-24,2023-04-24T20:23:12.000Z,AFTER_CLOSE
AMP,820027,2023-07-26,2023-07-26T20:17:49.000Z,AFTER_CLOSE
AMP,820027,2023-10-25,2023-10-25T20:08:25.000Z,AFTER_CLOSE
AMP,820027,2024-01-24,2024-01-24T21:17:11.000Z,AFTER_CLOSE
AMP,820027,2024-04-22,2024-04-22T20:13:50.000Z,AFTER_CLOSE
AMP,820027,2024-07-24,2024-07-24T20:11:25.000Z,AFTER_CLOSE
AMP,820027,2024-10-23,2024-10-23T20:11:47.000Z,AFTER_CLOSE
AMP,820027,2025-01-29,2025-01-29T21:11:18.000Z,AFTER_CLOSE
AMP,820027,2025-04-24,2025-04-24T11:02:33.000Z,BEFORE_OPEN
AMP,820027,2025-07-24,2025-07-24T12:31:32.000Z,BEFORE_OPEN
AMP,820027,2025-10-30,2025-10-30T11:31:59.000Z,BEFORE_OPEN
AMP,820027,2026-01-29,2026-01-29T11:32:00.000Z,BEFORE_OPEN
AMP,820027,2026-04-23,2026-04-23T20:17:38.000Z,AFTER_CLOSE
AMP,820027,2026-07-23,2026-07-23T11:46:31.000Z,BEFORE_OPEN
AMT,1053507,2017-04-27,2017-04-27T11:05:32.000Z,BEFORE_OPEN
AMT,1053507,2017-07-27,2017-07-27T11:08:01.000Z,BEFORE_OPEN
AMT,1053507,2017-10-31,2017-10-31T11:05:34.000Z,BEFORE_OPEN
AMT,1053507,2018-02-27,2018-02-27T12:05:13.000Z,BEFORE_OPEN
AMT,1053507,2018-05-01,2018-05-01T11:07:48.000Z,BEFORE_OPEN
AMT,1053507,2018-07-31,2018-07-31T11:03:37.000Z,BEFORE_OPEN
AMT,1053507,2018-10-30,2018-10-30T11:05:24.000Z,BEFORE_OPEN
AMT,1053507,2019-02-27,2019-02-27T12:05:36.000Z,BEFORE_OPEN
AMT,1053507,2019-05-03,2019-05-03T11:05:17.000Z,BEFORE_OPEN
AMT,1053507,2019-07-31,2019-07-31T11:04:50.000Z,BEFORE_OPEN
AMT,1053507,2019-10-31,2019-10-31T11:07:20.000Z,BEFORE_OPEN
AMT,1053507,2020-02-25,2020-02-25T12:05:03.000Z,BEFORE_OPEN
AMT,1053507,2020-04-29,2020-04-29T11:05:09.000Z,BEFORE_OPEN
AMT,1053507,2020-07-30,2020-07-30T11:06:36.000Z,BEFORE_OPEN
AMT,1053507,2020-10-29,2020-10-29T11:07:14.000Z,BEFORE_OPEN
AMT,1053507,2021-02-25,2021-02-25T12:07:28.000Z,BEFORE_OPEN
AMT,1053507,2021-04-29,2021-04-29T11:04:21.000Z,BEFORE_OPEN
AMT,1053507,2021-07-29,2021-07-29T11:05:43.000Z,BEFORE_OPEN
AMT,1053507,2021-10-28,2021-10-28T11:09:31.000Z,BEFORE_OPEN
AMT,1053507,2022-02-24,2022-02-24T12:04:07.000Z,BEFORE_OPEN
AMT,1053507,2022-04-27,2022-04-27T11:05:14.000Z,BEFORE_OPEN
AMT,1053507,2022-07-28,2022-07-28T11:05:56.000Z,BEFORE_OPEN
AMT,1053507,2022-10-27,2022-10-27T11:05:00.000Z,BEFORE_OPEN
AMT,1053507,2023-02-23,2023-02-23T12:06:38.000Z,BEFORE_OPEN
AMT,1053507,2023-04-26,2023-04-26T11:04:10.000Z,BEFORE_OPEN
AMT,1053507,2023-07-27,2023-07-27T11:06:30.000Z,BEFORE_OPEN
AMT,1053507,2023-10-26,2023-10-26T11:03:57.000Z,BEFORE_OPEN
AMT,1053507,2024-02-27,2024-02-27T12:05:39.000Z,BEFORE_OPEN
AMT,1053507,2024-04-30,2024-04-30T11:16:03.000Z,BEFORE_OPEN
AMT,1053507,2024-07-30,2024-07-30T11:04:37.000Z,BEFORE_OPEN
AMT,1053507,2024-10-29,2024-10-29T11:05:59.000Z,BEFORE_OPEN
AMT,1053507,2025-02-25,2025-02-25T12:02:40.000Z,BEFORE_OPEN
AMT,1053507,2025-04-29,2025-04-29T11:03:45.000Z,BEFORE_OPEN
AMT,1053507,2025-07-29,2025-07-29T11:03:47.000Z,BEFORE_OPEN
AMT,1053507,2025-10-28,2025-10-28T11:04:49.000Z,BEFORE_OPEN
AMT,1053507,2026-02-24,2026-02-24T12:05:34.000Z,BEFORE_OPEN
AMT,1053507,2026-04-28,2026-04-28T11:04:17.000Z,BEFORE_OPEN
AMT,1053507,2026-07-28,2026-07-28T11:05:40.000Z,BEFORE_OPEN
AMZN,1018724,2020-10-29,2020-10-29T20:42:03.000Z,AFTER_CLOSE
AMZN,1018724,2021-02-02,2021-02-02T21:30:08.000Z,AFTER_CLOSE
AMZN,1018724,2021-04-29,2021-04-29T20:31:31.000Z,AFTER_CLOSE
AMZN,1018724,2021-07-29,2021-07-29T20:34:52.000Z,AFTER_CLOSE
AMZN,1018724,2021-10-28,2021-10-28T20:07:09.000Z,AFTER_CLOSE
AMZN,1018724,2022-02-03,2022-02-03T21:11:33.000Z,AFTER_CLOSE
AMZN,1018724,2022-04-28,2022-04-28T20:27:13.000Z,AFTER_CLOSE
AMZN,1018724,2022-07-28,2022-07-28T20:09:30.000Z,AFTER_CLOSE
AMZN,1018724,2022-10-27,2022-10-27T20:09:35.000Z,AFTER_CLOSE
AMZN,1018724,2023-02-02,2023-02-02T21:08:48.000Z,AFTER_CLOSE
AMZN,1018724,2023-04-27,2023-04-27T20:10:37.000Z,AFTER_CLOSE
AMZN,1018724,2023-08-03,2023-08-03T20:09:02.000Z,AFTER_CLOSE
AMZN,1018724,2023-10-26,2023-10-26T20:14:51.000Z,AFTER_CLOSE
AMZN,1018724,2024-02-01,2024-02-01T21:06:02.000Z,AFTER_CLOSE
AMZN,1018724,2024-04-30,2024-04-30T20:10:34.000Z,AFTER_CLOSE
AMZN,1018724,2024-08-01,2024-08-01T20:06:02.000Z,AFTER_CLOSE
AMZN,1018724,2024-10-31,2024-10-31T20:13:57.000Z,AFTER_CLOSE
AMZN,1018724,2025-02-06,2025-02-06T21:09:12.000Z,AFTER_CLOSE
AMZN,1018724,2025-05-01,2025-05-01T20:15:00.000Z,AFTER_CLOSE
AMZN,1018724,2025-07-31,2025-07-31T20:13:17.000Z,AFTER_CLOSE
AMZN,1018724,2025-10-30,2025-10-30T20:13:01.000Z,AFTER_CLOSE
AMZN,1018724,2026-02-05,2026-02-05T21:25:12.000Z,AFTER_CLOSE
AMZN,1018724,2026-04-29,2026-04-29T20:18:55.000Z,AFTER_CLOSE
AMZN,1018724,2026-07-30,2026-07-30T20:06:23.000Z,AFTER_CLOSE
ANET,1596532,2022-05-02,2022-05-02T20:11:47.000Z,AFTER_CLOSE
ANET,1596532,2022-08-01,2022-08-01T20:13:53.000Z,AFTER_CLOSE
ANET,1596532,2022-10-31,2022-10-31T20:09:36.000Z,AFTER_CLOSE
ANET,1596532,2023-02-13,2023-02-13T21:08:39.000Z,AFTER_CLOSE
ANET,1596532,2023-05-01,2023-05-01T20:11:22.000Z,AFTER_CLOSE
ANET,1596532,2023-07-31,2023-07-31T20:07:54.000Z,AFTER_CLOSE
ANET,1596532,2023-10-30,2023-10-30T20:08:02.000Z,AFTER_CLOSE
ANET,1596532,2024-02-12,2024-02-12T21:07:28.000Z,AFTER_CLOSE
ANET,1596532,2024-05-07,2024-05-07T20:10:05.000Z,AFTER_CLOSE
ANET,1596532,2024-07-30,2024-07-30T20:08:49.000Z,AFTER_CLOSE
ANET,1596532,2024-11-07,2024-11-07T21:11:01.000Z,AFTER_CLOSE
ANET,1596532,2025-02-18,2025-02-18T21:09:00.000Z,AFTER_CLOSE
ANET,1596532,2025-05-06,2025-05-06T20:07:47.000Z,AFTER_CLOSE
ANET,1596532,2025-08-05,2025-08-05T20:09:13.000Z,AFTER_CLOSE
ANET,1596532,2025-11-04,2025-11-04T21:08:44.000Z,AFTER_CLOSE
ANET,1596532,2026-02-12,2026-02-12T21:07:57.000Z,AFTER_CLOSE
ANET,1596532,2026-05-05,2026-05-05T20:06:48.000Z,AFTER_CLOSE
ANET,1596532,2026-08-04,2026-08-04T20:06:44.000Z,AFTER_CLOSE
AON,315293,2014-07-25,2014-07-25T10:32:41.000Z,BEFORE_OPEN
AON,315293,2014-10-31,2014-10-31T10:32:43.000Z,BEFORE_OPEN
AON,315293,2015-02-06,2015-02-06T11:53:43.000Z,BEFORE_OPEN
AON,315293,2015-05-01,2015-05-01T10:33:46.000Z,BEFORE_OPEN
AON,315293,2015-07-31,2015-07-31T10:34:22.000Z,BEFORE_OPEN
AON,315293,2015-10-30,2015-10-30T10:32:38.000Z,BEFORE_OPEN
AON,315293,2016-02-05,2016-02-05T11:38:35.000Z,BEFORE_OPEN
AON,315293,2016-04-29,2016-04-29T10:32:53.000Z,BEFORE_OPEN
AON,315293,2016-07-29,2016-07-29T10:33:09.000Z,BEFORE_OPEN
AON,315293,2016-10-28,2016-10-28T10:34:49.000Z,BEFORE_OPEN
AON,315293,2017-02-10,2017-02-10T11:04:38.000Z,BEFORE_OPEN
AON,315293,2017-05-09,2017-05-09T10:32:30.000Z,BEFORE_OPEN
AON,315293,2017-08-04,2017-08-04T10:54:52.000Z,BEFORE_OPEN
AON,315293,2017-10-27,2017-10-27T10:31:56.000Z,BEFORE_OPEN
AON,315293,2018-02-02,2018-02-02T11:32:01.000Z,BEFORE_OPEN
AON,315293,2018-05-04,2018-05-04T10:33:10.000Z,BEFORE_OPEN
AON,315293,2018-07-27,2018-07-27T10:04:34.000Z,BEFORE_OPEN
AON,315293,2018-10-26,2018-10-26T10:02:45.000Z,BEFORE_OPEN
AON,315293,2019-02-01,2019-02-01T11:02:33.000Z,BEFORE_OPEN
AON,315293,2019-04-26,2019-04-26T10:02:43.000Z,BEFORE_OPEN
AON,315293,2019-07-26,2019-07-26T10:03:14.000Z,BEFORE_OPEN
AON,315293,2019-10-25,2019-10-25T10:02:22.000Z,BEFORE_OPEN
AON,315293,2020-01-31,2020-01-31T11:24:18.000Z,BEFORE_OPEN
AON,315293,2020-05-01,2020-05-01T10:15:44.000Z,BEFORE_OPEN
AON,315293,2020-07-31,2020-07-31T12:35:19.000Z,BEFORE_OPEN
AON,315293,2020-10-30,2020-10-30T10:03:48.000Z,BEFORE_OPEN
AON,315293,2021-02-05,2021-02-05T11:02:35.000Z,BEFORE_OPEN
AON,315293,2021-04-30,2021-04-30T10:07:38.000Z,BEFORE_OPEN
AON,315293,2021-07-30,2021-07-30T10:04:31.000Z,BEFORE_OPEN
AON,315293,2021-10-29,2021-10-29T10:01:48.000Z,BEFORE_OPEN
AON,315293,2022-02-04,2022-02-04T11:04:58.000Z,BEFORE_OPEN
AON,315293,2022-04-29,2022-04-29T10:05:20.000Z,BEFORE_OPEN
AON,315293,2022-07-29,2022-07-29T10:10:19.000Z,BEFORE_OPEN
AON,315293,2022-10-28,2022-10-28T10:02:38.000Z,BEFORE_OPEN
AON,315293,2023-02-03,2023-02-03T11:04:07.000Z,BEFORE_OPEN
AON,315293,2023-04-28,2023-04-28T10:02:30.000Z,BEFORE_OPEN
AON,315293,2023-07-28,2023-07-28T10:02:35.000Z,BEFORE_OPEN
AON,315293,2023-10-27,2023-10-27T10:00:54.000Z,BEFORE_OPEN
AON,315293,2024-02-02,2024-02-02T11:05:59.000Z,BEFORE_OPEN
AON,315293,2024-04-26,2024-04-26T10:02:19.000Z,BEFORE_OPEN
AON,315293,2024-07-26,2024-07-26T10:01:27.000Z,BEFORE_OPEN
AON,315293,2024-10-25,2024-10-25T10:01:44.000Z,BEFORE_OPEN
AON,315293,2025-01-31,2025-01-31T11:01:46.000Z,BEFORE_OPEN
AON,315293,2025-04-25,2025-04-25T10:00:35.000Z,BEFORE_OPEN
AON,315293,2025-07-25,2025-07-25T10:01:09.000Z,BEFORE_OPEN
AON,315293,2025-10-31,2025-10-31T10:32:39.000Z,BEFORE_OPEN
AON,315293,2026-01-30,2026-01-30T11:35:25.000Z,BEFORE_OPEN
AON,315293,2026-05-01,2026-05-01T10:34:38.000Z,BEFORE_OPEN
AON,315293,2026-07-29,2026-07-29T10:36:50.000Z,BEFORE_OPEN
APD,2969,2016-04-28,2016-04-28T11:43:39.000Z,BEFORE_OPEN
APD,2969,2016-07-28,2016-07-28T11:30:34.000Z,BEFORE_OPEN
APD,2969,2016-10-27,2016-10-27T12:23:03.000Z,BEFORE_OPEN
APD,2969,2017-01-27,2017-01-27T13:24:08.000Z,BEFORE_OPEN
APD,2969,2017-04-27,2017-04-27T12:42:50.000Z,BEFORE_OPEN
APD,2969,2017-06-05,2017-06-05T20:39:29.000Z,AFTER_CLOSE
APD,2969,2017-08-01,2017-08-01T11:52:29.000Z,BEFORE_OPEN
APD,2969,2017-10-26,2017-10-26T11:55:44.000Z,BEFORE_OPEN
APD,2969,2018-01-26,2018-01-26T13:31:48.000Z,BEFORE_OPEN
APD,2969,2018-04-26,2018-04-26T11:51:14.000Z,BEFORE_OPEN
APD,2969,2018-07-26,2018-07-26T12:17:38.000Z,BEFORE_OPEN
APD,2969,2018-11-06,2018-11-06T13:39:27.000Z,BEFORE_OPEN
APD,2969,2019-01-25,2019-01-25T13:05:05.000Z,BEFORE_OPEN
APD,2969,2019-04-24,2019-04-24T12:01:32.000Z,BEFORE_OPEN
APD,2969,2019-07-25,2019-07-25T12:24:52.000Z,BEFORE_OPEN
APD,2969,2019-11-07,2019-11-07T13:07:21.000Z,BEFORE_OPEN
APD,2969,2020-01-24,2020-01-24T13:36:13.000Z,BEFORE_OPEN
APD,2969,2020-04-23,2020-04-23T11:24:44.000Z,BEFORE_OPEN
APD,2969,2020-07-23,2020-07-23T11:24:09.000Z,BEFORE_OPEN
APD,2969,2020-11-12,2020-11-12T11:28:17.000Z,BEFORE_OPEN
APD,2969,2021-02-04,2021-02-04T13:03:43.000Z,BEFORE_OPEN
APD,2969,2021-05-10,2021-05-10T11:39:23.000Z,BEFORE_OPEN
APD,2969,2021-08-09,2021-08-09T10:50:43.000Z,BEFORE_OPEN
APD,2969,2021-11-04,2021-11-04T11:03:01.000Z,BEFORE_OPEN
APD,2969,2022-02-04,2022-02-04T11:12:32.000Z,BEFORE_OPEN
APD,2969,2022-05-05,2022-05-05T11:09:39.000Z,BEFORE_OPEN
APD,2969,2022-08-04,2022-08-04T10:42:46.000Z,BEFORE_OPEN
APD,2969,2022-11-03,2022-11-03T11:59:12.000Z,BEFORE_OPEN
APD,2969,2023-02-02,2023-02-02T12:48:05.000Z,BEFORE_OPEN
APD,2969,2023-05-09,2023-05-09T11:55:14.000Z,BEFORE_OPEN
APD,2969,2023-08-03,2023-08-03T11:43:40.000Z,BEFORE_OPEN
APD,2969,2023-11-07,2023-11-07T12:43:43.000Z,BEFORE_OPEN
APD,2969,2024-02-05,2024-02-05T12:51:13.000Z,BEFORE_OPEN
APD,2969,2024-04-30,2024-04-30T12:09:52.000Z,BEFORE_OPEN
APD,2969,2024-08-01,2024-08-01T11:58:09.000Z,BEFORE_OPEN
APD,2969,2024-11-07,2024-11-07T12:52:19.000Z,BEFORE_OPEN
APD,2969,2025-01-14,2025-01-14T21:56:45.000Z,AFTER_CLOSE
APD,2969,2025-02-06,2025-02-06T12:28:03.000Z,BEFORE_OPEN
APD,2969,2025-05-01,2025-05-01T11:39:28.000Z,BEFORE_OPEN
APD,2969,2025-07-31,2025-07-31T11:47:46.000Z,BEFORE_OPEN
APD,2969,2025-11-06,2025-11-06T12:44:59.000Z,BEFORE_OPEN
APD,2969,2026-01-30,2026-01-30T12:40:18.000Z,BEFORE_OPEN
APD,2969,2026-04-30,2026-04-30T10:50:17.000Z,BEFORE_OPEN
APD,2969,2026-07-30,2026-07-30T10:58:31.000Z,BEFORE_OPEN
APH,820313,2014-07-23,2014-07-23T15:33:06.000Z,IN_SESSION
APH,820313,2014-10-22,2014-10-22T15:02:33.000Z,IN_SESSION
APH,820313,2014-10-31,2014-10-31T14:11:54.000Z,IN_SESSION
APH,820313,2015-01-21,2015-01-21T15:15:36.000Z,IN_SESSION
APH,820313,2015-01-30,2015-01-30T16:51:52.000Z,IN_SESSION
APH,820313,2015-04-22,2015-04-22T14:17:21.000Z,IN_SESSION
APH,820313,2015-05-01,2015-05-01T19:13:19.000Z,IN_SESSION
APH,820313,2015-07-22,2015-07-22T14:24:58.000Z,IN_SESSION
APH,820313,2015-07-31,2015-07-31T17:05:52.000Z,IN_SESSION
APH,820313,2015-10-21,2015-10-21T15:12:44.000Z,IN_SESSION
APH,820313,2015-10-30,2015-10-30T14:36:45.000Z,IN_SESSION
APH,820313,2016-01-20,2016-01-20T15:10:03.000Z,IN_SESSION
APH,820313,2016-01-29,2016-01-29T15:01:08.000Z,IN_SESSION
APH,820313,2016-04-20,2016-04-20T14:59:26.000Z,IN_SESSION
APH,820313,2016-04-29,2016-04-29T13:43:47.000Z,IN_SESSION
APH,820313,2016-07-20,2016-07-20T14:02:06.000Z,IN_SESSION
APH,820313,2016-07-29,2016-07-29T13:14:28.000Z,BEFORE_OPEN
APH,820313,2016-10-19,2016-10-19T14:58:38.000Z,IN_SESSION
APH,820313,2017-01-25,2017-01-25T15:19:50.000Z,IN_SESSION
APH,820313,2017-04-26,2017-04-26T14:41:04.000Z,IN_SESSION
APH,820313,2017-07-26,2017-07-26T14:26:22.000Z,IN_SESSION
APH,820313,2017-10-25,2017-10-25T14:19:30.000Z,IN_SESSION
APH,820313,2018-01-24,2018-01-24T16:13:11.000Z,IN_SESSION
APH,820313,2018-04-25,2018-04-25T14:25:53.000Z,IN_SESSION
APH,820313,2018-07-25,2018-07-25T14:05:38.000Z,IN_SESSION
APH,820313,2018-10-24,2018-10-24T14:39:23.000Z,IN_SESSION
APH,820313,2019-01-23,2019-01-23T14:41:09.000Z,IN_SESSION
APH,820313,2019-04-24,2019-04-24T14:50:11.000Z,IN_SESSION
APH,820313,2019-07-24,2019-07-24T14:05:36.000Z,IN_SESSION
APH,820313,2019-10-23,2019-10-23T14:19:40.000Z,IN_SESSION
APH,820313,2020-01-22,2020-01-22T15:18:54.000Z,IN_SESSION
APH,820313,2020-04-22,2020-04-22T13:58:14.000Z,IN_SESSION
APH,820313,2020-07-22,2020-07-22T14:35:44.000Z,IN_SESSION
APH,820313,2020-10-21,2020-10-21T14:25:55.000Z,IN_SESSION
APH,820313,2021-01-27,2021-01-27T15:55:04.000Z,IN_SESSION
APH,820313,2021-04-28,2021-04-28T14:15:21.000Z,IN_SESSION
APH,820313,2021-07-28,2021-07-28T14:06:38.000Z,IN_SESSION
APH,820313,2021-10-27,2021-10-27T14:00:47.000Z,IN_SESSION
APH,820313,2022-01-26,2022-01-26T15:16:31.000Z,IN_SESSION
APH,820313,2022-04-27,2022-04-27T14:19:58.000Z,IN_SESSION
APH,820313,2022-07-27,2022-07-27T13:55:16.000Z,IN_SESSION
APH,820313,2022-10-26,2022-10-26T14:20:38.000Z,IN_SESSION
APH,820313,2023-01-25,2023-01-25T14:57:11.000Z,IN_SESSION
APH,820313,2023-04-26,2023-04-26T14:04:20.000Z,IN_SESSION
APH,820313,2023-07-26,2023-07-26T14:12:24.000Z,IN_SESSION
APH,820313,2023-10-25,2023-10-25T14:03:30.000Z,IN_SESSION
APH,820313,2024-01-24,2024-01-24T14:58:13.000Z,IN_SESSION
APH,820313,2024-04-24,2024-04-24T14:12:15.000Z,IN_SESSION
APH,820313,2024-07-24,2024-07-24T14:08:47.000Z,IN_SESSION
APH,820313,2024-10-23,2024-10-23T13:48:11.000Z,IN_SESSION
APH,820313,2025-01-22,2025-01-22T15:00:25.000Z,IN_SESSION
APH,820313,2025-04-23,2025-04-23T13:21:22.000Z,BEFORE_OPEN
APH,820313,2025-07-23,2025-07-23T14:58:09.000Z,IN_SESSION
APH,820313,2025-10-22,2025-10-22T13:28:19.000Z,BEFORE_OPEN
APH,820313,2026-01-28,2026-01-28T14:24:47.000Z,BEFORE_OPEN
APH,820313,2026-04-29,2026-04-29T13:05:54.000Z,BEFORE_OPEN
APH,820313,2026-07-29,2026-07-29T14:26:52.000Z,IN_SESSION
APO,1858681,2022-01-27,2022-01-27T22:15:07.000Z,AFTER_CLOSE
APO,1858681,2022-02-11,2022-02-11T12:00:21.000Z,BEFORE_OPEN
APO,1858681,2022-05-05,2022-05-05T10:30:57.000Z,BEFORE_OPEN
APO,1858681,2022-08-04,2022-08-04T10:55:50.000Z,BEFORE_OPEN
APO,1858681,2022-11-02,2022-11-02T10:55:19.000Z,BEFORE_OPEN
APO,1858681,2023-02-09,2023-02-09T11:55:08.000Z,BEFORE_OPEN
APO,1858681,2023-05-09,2023-05-09T10:30:30.000Z,BEFORE_OPEN
APO,1858681,2023-08-03,2023-08-03T10:30:35.000Z,BEFORE_OPEN
APO,1858681,2023-11-01,2023-11-01T10:31:41.000Z,BEFORE_OPEN
APO,1858681,2024-02-08,2024-02-08T11:30:30.000Z,BEFORE_OPEN
APO,1858681,2024-02-27,2024-02-27T21:01:46.000Z,AFTER_CLOSE
APO,1858681,2024-05-02,2024-05-02T10:31:01.000Z,BEFORE_OPEN
APO,1858681,2024-08-01,2024-08-01T10:30:22.000Z,BEFORE_OPEN
APO,1858681,2024-11-05,2024-11-05T11:30:50.000Z,BEFORE_OPEN
APO,1858681,2025-01-02,2025-01-02T21:30:24.000Z,AFTER_CLOSE
APO,1858681,2025-02-04,2025-02-04T11:32:00.000Z,BEFORE_OPEN
APO,1858681,2025-04-02,2025-04-02T20:56:48.000Z,AFTER_CLOSE
APO,1858681,2025-05-02,2025-05-02T10:31:12.000Z,BEFORE_OPEN
APO,1858681,2025-07-01,2025-07-01T20:33:03.000Z,AFTER_CLOSE
APO,1858681,2025-08-05,2025-08-05T10:31:32.000Z,BEFORE_OPEN
APO,1858681,2025-10-02,2025-10-02T12:05:50.000Z,BEFORE_OPEN
APO,1858681,2025-11-04,2025-11-04T11:30:50.000Z,BEFORE_OPEN
APO,1858681,2026-01-02,2026-01-02T21:31:00.000Z,AFTER_CLOSE
APO,1858681,2026-02-09,2026-02-09T11:31:47.000Z,BEFORE_OPEN
APO,1858681,2026-04-01,2026-04-01T20:30:31.000Z,AFTER_CLOSE
APO,1858681,2026-05-06,2026-05-06T10:31:19.000Z,BEFORE_OPEN
APO,1858681,2026-07-01,2026-07-01T20:30:45.000Z,AFTER_CLOSE
APO,1858681,2026-08-04,2026-08-04T10:30:55.000Z,BEFORE_OPEN
APP,1751008,2021-05-12,2021-05-12T20:15:44.000Z,AFTER_CLOSE
APP,1751008,2021-08-11,2021-08-11T20:05:31.000Z,AFTER_CLOSE
APP,1751008,2021-11-10,2021-11-10T21:06:18.000Z,AFTER_CLOSE
APP,1751008,2022-02-16,2022-02-16T21:01:21.000Z,AFTER_CLOSE
APP,1751008,2022-05-11,2022-05-11T20:38:12.000Z,AFTER_CLOSE
APP,1751008,2022-08-10,2022-08-10T20:15:48.000Z,AFTER_CLOSE
APP,1751008,2022-11-09,2022-11-09T21:16:30.000Z,AFTER_CLOSE
APP,1751008,2023-02-08,2023-02-08T21:16:01.000Z,AFTER_CLOSE
APP,1751008,2023-05-10,2023-05-10T20:02:12.000Z,AFTER_CLOSE
APP,1751008,2023-08-09,2023-08-09T20:01:51.000Z,AFTER_CLOSE
APP,1751008,2023-11-08,2023-11-08T21:16:43.000Z,AFTER_CLOSE
APP,1751008,2024-02-14,2024-02-14T21:07:34.000Z,AFTER_CLOSE
APP,1751008,2024-05-08,2024-05-08T20:07:38.000Z,AFTER_CLOSE
APP,1751008,2024-08-07,2024-08-07T20:07:40.000Z,AFTER_CLOSE
APP,1751008,2024-11-06,2024-11-06T21:08:45.000Z,AFTER_CLOSE
APP,1751008,2025-02-12,2025-02-12T21:07:44.000Z,AFTER_CLOSE
APP,1751008,2025-05-07,2025-05-07T20:19:46.000Z,AFTER_CLOSE
APP,1751008,2025-08-06,2025-08-06T20:08:54.000Z,AFTER_CLOSE
APP,1751008,2025-11-05,2025-11-05T21:07:48.000Z,AFTER_CLOSE
APP,1751008,2026-02-11,2026-02-11T21:07:25.000Z,AFTER_CLOSE
APP,1751008,2026-05-06,2026-05-06T20:07:59.000Z,AFTER_CLOSE
APP,1751008,2026-08-05,2026-08-05T20:06:12.000Z,AFTER_CLOSE
ARES,1176948,2017-11-03,2017-11-03T00:41:46.000Z,AFTER_CLOSE
ARES,1176948,2018-02-15,2018-02-15T02:55:49.000Z,AFTER_CLOSE
ARES,1176948,2018-05-03,2018-05-03T01:53:45.000Z,AFTER_CLOSE
ARES,1176948,2018-08-02,2018-08-02T01:18:55.000Z,AFTER_CLOSE
ARES,1176948,2018-11-01,2018-11-01T01:19:09.000Z,AFTER_CLOSE
ARES,1176948,2019-02-14,2019-02-14T02:30:12.000Z,AFTER_CLOSE
ARES,1176948,2019-05-02,2019-05-02T00:59:38.000Z,AFTER_CLOSE
ARES,1176948,2019-07-31,2019-07-31T01:16:46.000Z,AFTER_CLOSE
ARES,1176948,2019-10-31,2019-10-31T10:08:36.000Z,BEFORE_OPEN
ARES,1176948,2020-02-13,2020-02-13T02:45:28.000Z,AFTER_CLOSE
ARES,1176948,2020-05-06,2020-05-05T23:38:53.000Z,AFTER_CLOSE
ARES,1176948,2020-08-05,2020-08-04T23:50:12.000Z,AFTER_CLOSE
ARES,1176948,2020-10-28,2020-10-27T23:55:39.000Z,AFTER_CLOSE
ARES,1176948,2021-02-11,2021-02-11T01:10:26.000Z,AFTER_CLOSE
ARES,1176948,2021-04-29,2021-04-29T00:58:07.000Z,AFTER_CLOSE
ARES,1176948,2021-07-29,2021-07-29T00:33:39.000Z,AFTER_CLOSE
ARES,1176948,2021-10-27,2021-10-27T00:44:28.000Z,AFTER_CLOSE
ARES,1176948,2022-02-11,2022-02-11T02:00:19.000Z,AFTER_CLOSE
ARES,1176948,2022-04-28,2022-04-28T00:08:38.000Z,AFTER_CLOSE
ARES,1176948,2022-07-28,2022-07-28T01:24:20.000Z,AFTER_CLOSE
ARES,1176948,2022-10-27,2022-10-27T01:49:33.000Z,AFTER_CLOSE
ARES,1176948,2023-02-09,2023-02-09T02:38:42.000Z,AFTER_CLOSE
ARES,1176948,2023-04-28,2023-04-28T01:32:29.000Z,AFTER_CLOSE
ARES,1176948,2023-08-01,2023-08-01T01:18:23.000Z,AFTER_CLOSE
ARES,1176948,2023-10-31,2023-10-31T00:28:55.000Z,AFTER_CLOSE
ARES,1176948,2024-02-08,2024-02-08T02:30:58.000Z,AFTER_CLOSE
ARES,1176948,2024-05-02,2024-05-02T01:54:41.000Z,AFTER_CLOSE
ARES,1176948,2024-08-02,2024-08-02T01:13:07.000Z,AFTER_CLOSE
ARES,1176948,2024-11-01,2024-10-31T23:19:24.000Z,AFTER_CLOSE
ARES,1176948,2025-02-05,2025-02-05T11:17:55.000Z,BEFORE_OPEN
ARES,1176948,2025-05-05,2025-05-03T00:51:45.000Z,AFTER_CLOSE
ARES,1176948,2025-08-01,2025-08-01T01:17:29.000Z,AFTER_CLOSE
ARES,1176948,2025-11-03,2025-10-31T23:06:25.000Z,AFTER_CLOSE
ARES,1176948,2026-02-05,2026-02-05T02:45:29.000Z,AFTER_CLOSE
ARES,1176948,2026-05-01,2026-05-01T01:36:52.000Z,AFTER_CLOSE
ARES,1176948,2026-07-10,2026-07-09T23:15:30.000Z,AFTER_CLOSE
ARES,1176948,2026-07-31,2026-07-31T01:39:15.000Z,AFTER_CLOSE
ATI,1018963,2014-04-22,2014-04-22T11:42:32.000Z,BEFORE_OPEN
ATI,1018963,2014-07-22,2014-07-22T11:45:13.000Z,BEFORE_OPEN
ATI,1018963,2014-10-21,2014-10-21T11:28:04.000Z,BEFORE_OPEN
ATI,1018963,2015-01-20,2015-01-20T12:14:29.000Z,BEFORE_OPEN
ATI,1018963,2015-04-21,2015-04-21T11:21:20.000Z,BEFORE_OPEN
ATI,1018963,2015-07-21,2015-07-21T11:29:06.000Z,BEFORE_OPEN
ATI,1018963,2015-10-06,2015-10-06T20:23:41.000Z,AFTER_CLOSE
ATI,1018963,2015-10-20,2015-10-20T11:44:44.000Z,BEFORE_OPEN
ATI,1018963,2016-01-20,2016-01-20T21:43:07.000Z,AFTER_CLOSE
ATI,1018963,2016-01-26,2016-01-26T12:39:38.000Z,BEFORE_OPEN
ATI,1018963,2016-04-18,2016-04-18T20:41:54.000Z,AFTER_CLOSE
ATI,1018963,2016-04-26,2016-04-26T11:31:56.000Z,BEFORE_OPEN
ATI,1018963,2016-07-26,2016-07-26T11:47:55.000Z,BEFORE_OPEN
ATI,1018963,2016-10-25,2016-10-25T11:27:22.000Z,BEFORE_OPEN
ATI,1018963,2017-01-24,2017-01-24T12:38:34.000Z,BEFORE_OPEN
ATI,1018963,2017-04-25,2017-04-25T11:45:51.000Z,BEFORE_OPEN
ATI,1018963,2017-06-29,2017-06-29T12:57:02.000Z,BEFORE_OPEN
ATI,1018963,2017-07-25,2017-07-25T12:08:24.000Z,BEFORE_OPEN
ATI,1018963,2017-10-12,2017-10-12T11:40:04.000Z,BEFORE_OPEN
ATI,1018963,2017-10-24,2017-10-24T11:44:33.000Z,BEFORE_OPEN
ATI,1018963,2018-01-23,2018-01-23T12:48:53.000Z,BEFORE_OPEN
ATI,1018963,2018-04-24,2018-04-24T12:03:30.000Z,BEFORE_OPEN
ATI,1018963,2018-07-24,2018-07-24T11:36:38.000Z,BEFORE_OPEN
ATI,1018963,2018-10-23,2018-10-23T11:40:41.000Z,BEFORE_OPEN
ATI,1018963,2019-01-22,2019-01-22T12:44:58.000Z,BEFORE_OPEN
ATI,1018963,2019-04-11,2019-04-11T21:19:38.000Z,AFTER_CLOSE
ATI,1018963,2019-04-23,2019-04-23T12:01:27.000Z,BEFORE_OPEN
ATI,1018963,2019-07-23,2019-07-23T11:46:54.000Z,BEFORE_OPEN
ATI,1018963,2019-10-31,2019-10-31T11:52:08.000Z,BEFORE_OPEN
ATI,1018963,2020-02-04,2020-02-04T12:58:45.000Z,BEFORE_OPEN
ATI,1018963,2020-05-05,2020-05-05T11:49:18.000Z,BEFORE_OPEN
ATI,1018963,2020-08-04,2020-08-04T11:38:17.000Z,BEFORE_OPEN
ATI,1018963,2020-10-29,2020-10-29T11:35:46.000Z,BEFORE_OPEN
ATI,1018963,2021-01-28,2021-01-28T12:40:33.000Z,BEFORE_OPEN
ATI,1018963,2021-04-29,2021-04-29T11:37:42.000Z,BEFORE_OPEN
ATI,1018963,2021-08-03,2021-08-03T11:35:07.000Z,BEFORE_OPEN
ATI,1018963,2021-10-28,2021-10-28T11:35:44.000Z,BEFORE_OPEN
ATI,1018963,2022-02-02,2022-02-02T12:51:39.000Z,BEFORE_OPEN
ATI,1018963,2022-05-04,2022-05-04T11:39:23.000Z,BEFORE_OPEN
ATI,1018963,2022-08-04,2022-08-04T11:40:26.000Z,BEFORE_OPEN
ATI,1018963,2022-11-02,2022-11-02T11:35:47.000Z,BEFORE_OPEN
ATI,1018963,2023-02-02,2023-02-02T12:34:40.000Z,BEFORE_OPEN
ATI,1018963,2023-05-04,2023-05-04T11:32:46.000Z,BEFORE_OPEN
ATI,1018963,2023-08-02,2023-08-02T11:37:44.000Z,BEFORE_OPEN
ATI,1018963,2023-11-02,2023-11-02T11:56:59.000Z,BEFORE_OPEN
ATI,1018963,2024-02-01,2024-02-01T12:36:51.000Z,BEFORE_OPEN
ATI,1018963,2024-04-30,2024-04-30T11:34:12.000Z,BEFORE_OPEN
ATI,1018963,2024-08-06,2024-08-06T11:35:15.000Z,BEFORE_OPEN
ATI,1018963,2024-10-29,2024-10-29T11:36:33.000Z,BEFORE_OPEN
ATI,1018963,2025-02-04,2025-02-04T12:36:45.000Z,BEFORE_OPEN
ATI,1018963,2025-05-01,2025-05-01T11:34:26.000Z,BEFORE_OPEN
ATI,1018963,2025-07-31,2025-07-31T11:36:16.000Z,BEFORE_OPEN
ATI,1018963,2025-10-28,2025-10-28T11:45:06.000Z,BEFORE_OPEN
ATI,1018963,2026-02-03,2026-02-03T12:37:29.000Z,BEFORE_OPEN
ATI,1018963,2026-04-30,2026-04-30T11:33:57.000Z,BEFORE_OPEN
ATI,1018963,2026-08-06,2026-08-06T11:40:01.000Z,BEFORE_OPEN
ATO,731802,2015-02-03,2015-02-03T22:05:22.000Z,AFTER_CLOSE
ATO,731802,2015-05-06,2015-05-06T21:06:08.000Z,AFTER_CLOSE
ATO,731802,2015-08-05,2015-08-05T21:05:01.000Z,AFTER_CLOSE
ATO,731802,2015-11-04,2015-11-04T22:08:39.000Z,AFTER_CLOSE
ATO,731802,2016-02-02,2016-02-02T22:11:10.000Z,AFTER_CLOSE
ATO,731802,2016-05-04,2016-05-04T21:05:23.000Z,AFTER_CLOSE
ATO,731802,2016-08-03,2016-08-03T21:05:31.000Z,AFTER_CLOSE
ATO,731802,2016-11-09,2016-11-09T22:08:32.000Z,AFTER_CLOSE
ATO,731802,2017-02-07,2017-02-07T22:05:27.000Z,AFTER_CLOSE
ATO,731802,2017-05-03,2017-05-03T21:06:09.000Z,AFTER_CLOSE
ATO,731802,2017-08-02,2017-08-02T21:06:34.000Z,AFTER_CLOSE
ATO,731802,2017-11-08,2017-11-08T22:05:08.000Z,AFTER_CLOSE
ATO,731802,2018-02-06,2018-02-06T22:05:23.000Z,AFTER_CLOSE
ATO,731802,2018-05-02,2018-05-02T21:08:35.000Z,AFTER_CLOSE
ATO,731802,2018-08-08,2018-08-08T21:09:24.000Z,AFTER_CLOSE
ATO,731802,2018-11-07,2018-11-07T22:09:57.000Z,AFTER_CLOSE
ATO,731802,2019-02-05,2019-02-05T22:12:25.000Z,AFTER_CLOSE
ATO,731802,2019-05-07,2019-05-07T21:16:28.000Z,AFTER_CLOSE
ATO,731802,2019-08-07,2019-08-07T20:36:22.000Z,AFTER_CLOSE
ATO,731802,2019-11-06,2019-11-06T21:22:30.000Z,AFTER_CLOSE
ATO,731802,2020-02-04,2020-02-04T21:32:07.000Z,AFTER_CLOSE
ATO,731802,2020-04-13,2020-04-13T21:30:40.000Z,AFTER_CLOSE
ATO,731802,2020-05-06,2020-05-06T20:49:55.000Z,AFTER_CLOSE
ATO,731802,2020-08-05,2020-08-05T20:43:49.000Z,AFTER_CLOSE
ATO,731802,2020-11-12,2020-11-12T11:07:29.000Z,BEFORE_OPEN
ATO,731802,2021-02-02,2021-02-02T21:41:55.000Z,AFTER_CLOSE
ATO,731802,2021-04-01,2021-04-01T20:16:24.000Z,AFTER_CLOSE
ATO,731802,2021-05-05,2021-05-05T20:39:08.000Z,AFTER_CLOSE
ATO,731802,2021-08-04,2021-08-04T20:44:05.000Z,AFTER_CLOSE
ATO,731802,2021-11-10,2021-11-10T21:45:35.000Z,AFTER_CLOSE
ATO,731802,2022-02-08,2022-02-08T21:48:48.000Z,AFTER_CLOSE
ATO,731802,2022-05-04,2022-05-04T20:48:16.000Z,AFTER_CLOSE
ATO,731802,2022-08-03,2022-08-03T20:42:21.000Z,AFTER_CLOSE
ATO,731802,2022-11-09,2022-11-09T21:40:43.000Z,AFTER_CLOSE
ATO,731802,2023-02-07,2023-02-07T21:42:36.000Z,AFTER_CLOSE
ATO,731802,2023-05-03,2023-05-03T20:41:37.000Z,AFTER_CLOSE
ATO,731802,2023-08-02,2023-08-02T20:41:24.000Z,AFTER_CLOSE
ATO,731802,2023-11-08,2023-11-08T21:33:10.000Z,AFTER_CLOSE
ATO,731802,2024-02-06,2024-02-06T21:39:54.000Z,AFTER_CLOSE
ATO,731802,2024-03-29,2024-03-29T20:06:04.000Z,AFTER_CLOSE
ATO,731802,2024-05-08,2024-05-08T20:38:46.000Z,AFTER_CLOSE
ATO,731802,2024-08-07,2024-08-07T20:42:40.000Z,AFTER_CLOSE
ATO,731802,2024-11-06,2024-11-06T21:38:12.000Z,AFTER_CLOSE
ATO,731802,2025-02-04,2025-02-04T21:37:46.000Z,AFTER_CLOSE
ATO,731802,2025-05-07,2025-05-07T20:36:52.000Z,AFTER_CLOSE
ATO,731802,2025-08-06,2025-08-06T20:38:48.000Z,AFTER_CLOSE
ATO,731802,2025-11-05,2025-11-05T21:35:13.000Z,AFTER_CLOSE
ATO,731802,2026-02-03,2026-02-03T21:44:05.000Z,AFTER_CLOSE
ATO,731802,2026-05-06,2026-05-06T20:58:51.000Z,AFTER_CLOSE
ATO,731802,2026-08-05,2026-08-05T20:47:05.000Z,AFTER_CLOSE
AVGO,1730168,2018-06-07,2018-06-07T20:05:05.000Z,AFTER_CLOSE
AVGO,1730168,2018-09-06,2018-09-06T20:22:12.000Z,AFTER_CLOSE
AVGO,1730168,2018-12-06,2018-12-06T21:23:11.000Z,AFTER_CLOSE
AVGO,1730168,2019-03-14,2019-03-14T20:23:33.000Z,AFTER_CLOSE
AVGO,1730168,2019-06-13,2019-06-13T20:23:31.000Z,AFTER_CLOSE
AVGO,1730168,2019-09-12,2019-09-12T20:25:03.000Z,AFTER_CLOSE
AVGO,1730168,2019-12-12,2019-12-12T21:39:14.000Z,AFTER_CLOSE
AVGO,1730168,2020-03-12,2020-03-12T20:23:24.000Z,AFTER_CLOSE
AVGO,1730168,2020-06-04,2020-06-04T20:29:23.000Z,AFTER_CLOSE
AVGO,1730168,2020-09-03,2020-09-03T20:17:44.000Z,AFTER_CLOSE
AVGO,1730168,2020-12-10,2020-12-10T21:19:56.000Z,AFTER_CLOSE
AVGO,1730168,2021-03-04,2021-03-04T21:18:53.000Z,AFTER_CLOSE
AVGO,1730168,2021-06-03,2021-06-03T20:19:10.000Z,AFTER_CLOSE
AVGO,1730168,2021-09-02,2021-09-02T20:18:04.000Z,AFTER_CLOSE
AVGO,1730168,2021-12-09,2021-12-09T21:26:54.000Z,AFTER_CLOSE
AVGO,1730168,2022-03-03,2022-03-03T21:18:22.000Z,AFTER_CLOSE
AVGO,1730168,2022-05-26,2022-05-26T11:28:34.000Z,BEFORE_OPEN
AVGO,1730168,2022-09-01,2022-09-01T20:26:00.000Z,AFTER_CLOSE
AVGO,1730168,2022-12-08,2022-12-08T21:21:25.000Z,AFTER_CLOSE
AVGO,1730168,2023-03-02,2023-03-02T21:16:43.000Z,AFTER_CLOSE
AVGO,1730168,2023-06-01,2023-06-01T20:17:30.000Z,AFTER_CLOSE
AVGO,1730168,2023-08-31,2023-08-31T21:18:57.000Z,AFTER_CLOSE
AVGO,1730168,2023-12-07,2023-12-07T21:18:51.000Z,AFTER_CLOSE
AVGO,1730168,2024-03-07,2024-03-07T21:18:09.000Z,AFTER_CLOSE
AVGO,1730168,2024-06-12,2024-06-12T20:19:05.000Z,AFTER_CLOSE
AVGO,1730168,2024-09-05,2024-09-05T20:21:56.000Z,AFTER_CLOSE
AVGO,1730168,2024-12-12,2024-12-12T21:23:06.000Z,AFTER_CLOSE
AVGO,1730168,2025-03-06,2025-03-06T21:19:37.000Z,AFTER_CLOSE
AVGO,1730168,2025-06-05,2025-06-05T20:27:02.000Z,AFTER_CLOSE
AVGO,1730168,2025-09-04,2025-09-04T20:19:50.000Z,AFTER_CLOSE
AVGO,1730168,2025-12-11,2025-12-11T21:17:37.000Z,AFTER_CLOSE
AVGO,1730168,2026-03-04,2026-03-04T21:16:10.000Z,AFTER_CLOSE
AVGO,1730168,2026-06-03,2026-06-03T20:21:35.000Z,AFTER_CLOSE
AVGO,1730168,2026-09-02,2026-09-02T20:26:04.000Z,AFTER_CLOSE
AWK,1410636,2015-02-24,2015-02-24T21:30:20.000Z,AFTER_CLOSE
AWK,1410636,2015-05-06,2015-05-06T21:00:33.000Z,AFTER_CLOSE
AWK,1410636,2015-06-18,2015-06-18T20:36:20.000Z,AFTER_CLOSE
AWK,1410636,2015-08-05,2015-08-05T20:46:21.000Z,AFTER_CLOSE
AWK,1410636,2015-11-04,2015-11-04T22:25:46.000Z,AFTER_CLOSE
AWK,1410636,2016-02-25,2016-02-25T12:05:18.000Z,BEFORE_OPEN
AWK,1410636,2016-05-04,2016-05-04T21:20:49.000Z,AFTER_CLOSE
AWK,1410636,2016-08-03,2016-08-03T20:45:50.000Z,AFTER_CLOSE
AWK,1410636,2016-11-02,2016-11-02T20:56:47.000Z,AFTER_CLOSE
AWK,1410636,2017-02-21,2017-02-21T21:50:34.000Z,AFTER_CLOSE
AWK,1410636,2017-05-03,2017-05-03T21:21:40.000Z,AFTER_CLOSE
AWK,1410636,2017-08-02,2017-08-02T21:14:32.000Z,AFTER_CLOSE
AWK,1410636,2017-11-01,2017-11-01T20:42:31.000Z,AFTER_CLOSE
AWK,1410636,2018-01-02,2018-01-02T14:47:26.000Z,IN_SESSION
AWK,1410636,2018-01-16,2018-01-16T11:09:07.000Z,BEFORE_OPEN
AWK,1410636,2018-02-20,2018-02-20T21:44:47.000Z,AFTER_CLOSE
AWK,1410636,2018-05-02,2018-05-02T20:40:39.000Z,AFTER_CLOSE
AWK,1410636,2018-08-01,2018-08-01T20:42:31.000Z,AFTER_CLOSE
AWK,1410636,2018-10-31,2018-10-31T20:43:03.000Z,AFTER_CLOSE
AWK,1410636,2019-02-19,2019-02-19T21:43:17.000Z,AFTER_CLOSE
AWK,1410636,2019-05-01,2019-05-01T20:09:20.000Z,AFTER_CLOSE
AWK,1410636,2019-07-31,2019-07-31T20:38:42.000Z,AFTER_CLOSE
AWK,1410636,2019-10-30,2019-10-30T20:39:04.000Z,AFTER_CLOSE
AWK,1410636,2020-02-18,2020-02-18T21:39:13.000Z,AFTER_CLOSE
AWK,1410636,2020-05-06,2020-05-06T20:39:57.000Z,AFTER_CLOSE
AWK,1410636,2020-08-05,2020-08-05T20:40:56.000Z,AFTER_CLOSE
AWK,1410636,2020-11-04,2020-11-04T21:35:34.000Z,AFTER_CLOSE
AWK,1410636,2021-02-24,2021-02-24T21:39:11.000Z,AFTER_CLOSE
AWK,1410636,2021-05-03,2021-05-03T20:04:50.000Z,AFTER_CLOSE
AWK,1410636,2021-08-02,2021-08-02T20:36:33.000Z,AFTER_CLOSE
AWK,1410636,2021-11-02,2021-11-02T20:38:53.000Z,AFTER_CLOSE
AWK,1410636,2022-02-16,2022-02-16T21:37:33.000Z,AFTER_CLOSE
AWK,1410636,2022-04-27,2022-04-27T20:37:04.000Z,AFTER_CLOSE
AWK,1410636,2022-07-27,2022-07-27T20:36:53.000Z,AFTER_CLOSE
AWK,1410636,2022-10-31,2022-10-31T20:50:27.000Z,AFTER_CLOSE
AWK,1410636,2023-02-15,2023-02-15T21:35:23.000Z,AFTER_CLOSE
AWK,1410636,2023-04-26,2023-04-26T20:34:46.000Z,AFTER_CLOSE
AWK,1410636,2023-07-26,2023-07-26T20:34:02.000Z,AFTER_CLOSE
AWK,1410636,2023-11-01,2023-11-01T20:40:40.000Z,AFTER_CLOSE
AWK,1410636,2024-02-14,2024-02-14T21:32:25.000Z,AFTER_CLOSE
AWK,1410636,2024-05-01,2024-05-01T20:32:59.000Z,AFTER_CLOSE
AWK,1410636,2024-07-31,2024-07-31T20:31:33.000Z,AFTER_CLOSE
AWK,1410636,2024-10-30,2024-10-30T20:48:07.000Z,AFTER_CLOSE
AWK,1410636,2025-02-19,2025-02-19T21:32:11.000Z,AFTER_CLOSE
AWK,1410636,2025-04-30,2025-04-30T20:31:29.000Z,AFTER_CLOSE
AWK,1410636,2025-07-30,2025-07-30T20:33:18.000Z,AFTER_CLOSE
AWK,1410636,2025-10-29,2025-10-29T20:37:42.000Z,AFTER_CLOSE
AWK,1410636,2026-02-18,2026-02-18T21:36:40.000Z,AFTER_CLOSE
AWK,1410636,2026-04-29,2026-04-29T20:32:39.000Z,AFTER_CLOSE
AWK,1410636,2026-07-29,2026-07-29T20:33:29.000Z,AFTER_CLOSE
AXON,1069183,2016-02-29,2016-02-29T11:03:20.000Z,BEFORE_OPEN
AXON,1069183,2016-05-04,2016-05-04T20:02:32.000Z,AFTER_CLOSE
AXON,1069183,2016-08-04,2016-08-04T20:00:28.000Z,AFTER_CLOSE
AXON,1069183,2016-11-09,2016-11-09T21:00:44.000Z,AFTER_CLOSE
AXON,1069183,2017-02-28,2017-02-28T21:01:34.000Z,AFTER_CLOSE
AXON,1069183,2017-05-09,2017-05-09T20:01:54.000Z,AFTER_CLOSE
AXON,1069183,2017-08-08,2017-08-08T20:03:27.000Z,AFTER_CLOSE
AXON,1069183,2017-11-07,2017-11-07T21:01:18.000Z,AFTER_CLOSE
AXON,1069183,2018-02-27,2018-02-27T21:03:24.000Z,AFTER_CLOSE
AXON,1069183,2018-05-08,2018-05-08T20:02:51.000Z,AFTER_CLOSE
AXON,1069183,2018-08-07,2018-08-07T20:01:40.000Z,AFTER_CLOSE
AXON,1069183,2018-11-06,2018-11-06T21:13:26.000Z,AFTER_CLOSE
AXON,1069183,2019-02-26,2019-02-26T21:09:43.000Z,AFTER_CLOSE
AXON,1069183,2019-05-09,2019-05-09T20:05:02.000Z,AFTER_CLOSE
AXON,1069183,2019-08-08,2019-08-08T20:10:47.000Z,AFTER_CLOSE
AXON,1069183,2019-11-07,2019-11-07T21:04:55.000Z,AFTER_CLOSE
AXON,1069183,2020-02-27,2020-02-27T21:03:15.000Z,AFTER_CLOSE
AXON,1069183,2020-05-07,2020-05-07T20:21:12.000Z,AFTER_CLOSE
AXON,1069183,2020-08-06,2020-08-06T20:02:54.000Z,AFTER_CLOSE
AXON,1069183,2020-11-05,2020-11-05T21:05:20.000Z,AFTER_CLOSE
AXON,1069183,2021-02-25,2021-02-25T21:06:45.000Z,AFTER_CLOSE
AXON,1069183,2021-05-06,2021-05-06T20:10:49.000Z,AFTER_CLOSE
AXON,1069183,2021-08-05,2021-08-05T20:04:52.000Z,AFTER_CLOSE
AXON,1069183,2021-11-15,2021-11-15T21:15:11.000Z,AFTER_CLOSE
AXON,1069183,2022-02-24,2022-02-24T21:40:15.000Z,AFTER_CLOSE
AXON,1069183,2022-05-10,2022-05-10T20:02:58.000Z,AFTER_CLOSE
AXON,1069183,2022-08-09,2022-08-09T20:04:41.000Z,AFTER_CLOSE
AXON,1069183,2022-11-08,2022-11-08T21:03:01.000Z,AFTER_CLOSE
AXON,1069183,2023-02-28,2023-02-28T21:04:30.000Z,AFTER_CLOSE
AXON,1069183,2023-05-09,2023-05-09T20:09:31.000Z,AFTER_CLOSE
AXON,1069183,2023-08-08,2023-08-08T20:09:24.000Z,AFTER_CLOSE
AXON,1069183,2023-11-07,2023-11-07T21:05:12.000Z,AFTER_CLOSE
AXON,1069183,2024-02-27,2024-02-27T21:04:05.000Z,AFTER_CLOSE
AXON,1069183,2024-05-06,2024-05-06T20:03:13.000Z,AFTER_CLOSE
AXON,1069183,2024-08-06,2024-08-06T20:13:20.000Z,AFTER_CLOSE
AXON,1069183,2024-11-07,2024-11-07T21:45:38.000Z,AFTER_CLOSE
AXON,1069183,2025-02-25,2025-02-25T21:08:20.000Z,AFTER_CLOSE
AXON,1069183,2025-05-07,2025-05-07T20:36:26.000Z,AFTER_CLOSE
AXON,1069183,2025-08-04,2025-08-04T20:23:31.000Z,AFTER_CLOSE
AXON,1069183,2025-11-04,2025-11-04T21:12:49.000Z,AFTER_CLOSE
AXON,1069183,2026-02-24,2026-02-24T21:16:54.000Z,AFTER_CLOSE
AXON,1069183,2026-05-06,2026-05-06T20:15:09.000Z,AFTER_CLOSE
AXON,1069183,2026-08-05,2026-08-05T20:12:36.000Z,AFTER_CLOSE
AXP,4962,2019-10-18,2019-10-18T11:33:20.000Z,BEFORE_OPEN
AXP,4962,2020-01-24,2020-01-24T12:07:06.000Z,BEFORE_OPEN
AXP,4962,2020-04-24,2020-04-24T11:03:49.000Z,BEFORE_OPEN
AXP,4962,2020-07-24,2020-07-24T11:03:56.000Z,BEFORE_OPEN
AXP,4962,2020-10-23,2020-10-23T11:03:16.000Z,BEFORE_OPEN
AXP,4962,2021-01-26,2021-01-26T12:03:12.000Z,BEFORE_OPEN
AXP,4962,2021-04-23,2021-04-23T11:02:51.000Z,BEFORE_OPEN
AXP,4962,2021-07-23,2021-07-23T11:03:54.000Z,BEFORE_OPEN
AXP,4962,2021-10-22,2021-10-22T11:04:08.000Z,BEFORE_OPEN
AXP,4962,2022-01-25,2022-01-25T12:05:03.000Z,BEFORE_OPEN
AXP,4962,2022-04-22,2022-04-22T11:01:46.000Z,BEFORE_OPEN
AXP,4962,2022-07-22,2022-07-22T11:02:51.000Z,BEFORE_OPEN
AXP,4962,2022-10-21,2022-10-21T11:02:34.000Z,BEFORE_OPEN
AXP,4962,2023-01-27,2023-01-27T12:01:52.000Z,BEFORE_OPEN
AXP,4962,2023-04-20,2023-04-20T11:02:26.000Z,BEFORE_OPEN
AXP,4962,2023-07-21,2023-07-21T11:01:52.000Z,BEFORE_OPEN
AXP,4962,2023-10-20,2023-10-20T11:01:53.000Z,BEFORE_OPEN
AXP,4962,2024-01-26,2024-01-26T12:01:25.000Z,BEFORE_OPEN
AXP,4962,2024-04-19,2024-04-19T11:02:18.000Z,BEFORE_OPEN
AXP,4962,2024-07-19,2024-07-19T11:03:29.000Z,BEFORE_OPEN
AXP,4962,2024-10-18,2024-10-18T11:08:40.000Z,BEFORE_OPEN
AXP,4962,2025-01-24,2025-01-24T12:04:06.000Z,BEFORE_OPEN
AXP,4962,2025-04-17,2025-04-17T11:03:03.000Z,BEFORE_OPEN
AXP,4962,2025-07-18,2025-07-18T11:02:50.000Z,BEFORE_OPEN
AXP,4962,2025-10-17,2025-10-17T11:00:35.000Z,BEFORE_OPEN
AXP,4962,2026-01-30,2026-01-30T12:00:34.000Z,BEFORE_OPEN
AXP,4962,2026-04-23,2026-04-23T11:00:36.000Z,BEFORE_OPEN
AXP,4962,2026-07-24,2026-07-24T11:00:28.000Z,BEFORE_OPEN
BA,12927,2019-04-24,2019-04-24T11:56:55.000Z,BEFORE_OPEN
BA,12927,2019-07-18,2019-07-18T20:40:43.000Z,AFTER_CLOSE
BA,12927,2019-07-24,2019-07-24T11:39:23.000Z,BEFORE_OPEN
BA,12927,2019-10-23,2019-10-23T11:35:17.000Z,BEFORE_OPEN
BA,12927,2020-01-29,2020-01-29T12:40:44.000Z,BEFORE_OPEN
BA,12927,2020-04-29,2020-04-29T11:38:11.000Z,BEFORE_OPEN
BA,12927,2020-07-29,2020-07-29T11:44:56.000Z,BEFORE_OPEN
BA,12927,2020-10-28,2020-10-28T11:51:32.000Z,BEFORE_OPEN
BA,12927,2021-01-27,2021-01-27T12:37:01.000Z,BEFORE_OPEN
BA,12927,2021-04-28,2021-04-28T11:34:21.000Z,BEFORE_OPEN
BA,12927,2021-07-28,2021-07-28T11:33:32.000Z,BEFORE_OPEN
BA,12927,2021-10-27,2021-10-27T11:33:40.000Z,BEFORE_OPEN
BA,12927,2022-01-26,2022-01-26T12:33:49.000Z,BEFORE_OPEN
BA,12927,2022-04-27,2022-04-27T11:38:02.000Z,BEFORE_OPEN
BA,12927,2022-07-27,2022-07-27T11:33:50.000Z,BEFORE_OPEN
BA,12927,2022-10-26,2022-10-26T11:34:57.000Z,BEFORE_OPEN
BA,12927,2023-01-25,2023-01-25T12:36:42.000Z,BEFORE_OPEN
BA,12927,2023-04-26,2023-04-26T11:33:12.000Z,BEFORE_OPEN
BA,12927,2023-07-26,2023-07-26T11:32:24.000Z,BEFORE_OPEN
BA,12927,2023-10-25,2023-10-25T11:32:18.000Z,BEFORE_OPEN
BA,12927,2024-01-31,2024-01-31T12:30:44.000Z,BEFORE_OPEN
BA,12927,2024-04-24,2024-04-24T11:31:54.000Z,BEFORE_OPEN
BA,12927,2024-07-31,2024-07-31T11:37:33.000Z,BEFORE_OPEN
BA,12927,2024-10-11,2024-10-11T20:39:18.000Z,AFTER_CLOSE
BA,12927,2024-10-23,2024-10-23T11:31:06.000Z,BEFORE_OPEN
BA,12927,2025-01-28,2025-01-28T12:01:00.000Z,BEFORE_OPEN
BA,12927,2025-04-23,2025-04-23T11:30:57.000Z,BEFORE_OPEN
BA,12927,2025-07-29,2025-07-29T11:30:54.000Z,BEFORE_OPEN
BA,12927,2025-10-29,2025-10-29T11:30:44.000Z,BEFORE_OPEN
BA,12927,2026-01-27,2026-01-27T12:30:46.000Z,BEFORE_OPEN
BA,12927,2026-04-22,2026-04-22T11:40:05.000Z,BEFORE_OPEN
BA,12927,2026-07-28,2026-07-28T11:31:17.000Z,BEFORE_OPEN
BAC,70858,2025-10-15,2025-10-15T10:50:29.000Z,BEFORE_OPEN
BAC,70858,2026-01-14,2026-01-14T11:45:47.000Z,BEFORE_OPEN
BAC,70858,2026-04-15,2026-04-15T10:44:44.000Z,BEFORE_OPEN
BAC,70858,2026-07-14,2026-07-14T10:45:08.000Z,BEFORE_OPEN
BAM,1937926,2025-02-12,2025-02-12T14:19:48.000Z,BEFORE_OPEN
BAM,1937926,2025-05-06,2025-05-06T10:45:10.000Z,BEFORE_OPEN
BAM,1937926,2025-08-06,2025-08-06T10:45:29.000Z,BEFORE_OPEN
BAM,1937926,2025-11-07,2025-11-07T11:45:30.000Z,BEFORE_OPEN
BAM,1937926,2026-02-04,2026-02-04T14:02:05.000Z,BEFORE_OPEN
BAM,1937926,2026-05-08,2026-05-08T10:45:18.000Z,BEFORE_OPEN
BAM,1937926,2026-08-06,2026-08-05T22:53:22.000Z,AFTER_CLOSE
BDX,10795,2018-05-03,2018-05-03T10:09:11.000Z,BEFORE_OPEN
BDX,10795,2018-08-02,2018-08-02T10:17:13.000Z,BEFORE_OPEN
BDX,10795,2018-11-06,2018-11-06T11:08:14.000Z,BEFORE_OPEN
BDX,10795,2019-01-17,2019-01-17T11:36:28.000Z,BEFORE_OPEN
BDX,10795,2019-02-05,2019-02-05T11:30:43.000Z,BEFORE_OPEN
BDX,10795,2019-05-09,2019-05-09T10:16:07.000Z,BEFORE_OPEN
BDX,10795,2019-08-06,2019-08-06T10:21:22.000Z,BEFORE_OPEN
BDX,10795,2019-11-05,2019-11-05T11:15:00.000Z,BEFORE_OPEN
BDX,10795,2020-02-06,2020-02-06T11:04:37.000Z,BEFORE_OPEN
BDX,10795,2020-05-07,2020-05-07T10:11:35.000Z,BEFORE_OPEN
BDX,10795,2020-08-06,2020-08-06T10:12:32.000Z,BEFORE_OPEN
BDX,10795,2020-11-05,2020-11-05T11:05:18.000Z,BEFORE_OPEN
BDX,10795,2021-01-12,2021-01-12T12:06:24.000Z,BEFORE_OPEN
BDX,10795,2021-02-04,2021-02-04T11:07:50.000Z,BEFORE_OPEN
BDX,10795,2021-05-06,2021-05-06T10:08:48.000Z,BEFORE_OPEN
BDX,10795,2021-08-05,2021-08-05T10:04:23.000Z,BEFORE_OPEN
BDX,10795,2021-11-04,2021-11-04T10:05:10.000Z,BEFORE_OPEN
BDX,10795,2022-02-03,2022-02-03T11:37:54.000Z,BEFORE_OPEN
BDX,10795,2022-04-14,2022-04-14T20:52:25.000Z,AFTER_CLOSE
BDX,10795,2022-05-05,2022-05-05T10:33:22.000Z,BEFORE_OPEN
BDX,10795,2022-05-31,2022-05-31T20:42:40.000Z,AFTER_CLOSE
BDX,10795,2022-08-04,2022-08-04T10:41:50.000Z,BEFORE_OPEN
BDX,10795,2022-11-10,2022-11-10T11:38:35.000Z,BEFORE_OPEN
BDX,10795,2023-02-02,2023-02-02T11:33:53.000Z,BEFORE_OPEN
BDX,10795,2023-05-04,2023-05-04T10:36:46.000Z,BEFORE_OPEN
BDX,10795,2023-08-03,2023-08-03T10:34:26.000Z,BEFORE_OPEN
BDX,10795,2023-11-09,2023-11-09T11:35:23.000Z,BEFORE_OPEN
BDX,10795,2024-02-01,2024-02-01T11:33:02.000Z,BEFORE_OPEN
BDX,10795,2024-05-02,2024-05-02T10:32:47.000Z,BEFORE_OPEN
BDX,10795,2024-08-01,2024-08-01T10:32:40.000Z,BEFORE_OPEN
BDX,10795,2024-11-07,2024-11-07T11:37:15.000Z,BEFORE_OPEN
BDX,10795,2025-02-05,2025-02-05T21:32:29.000Z,AFTER_CLOSE
BDX,10795,2025-05-01,2025-05-01T10:32:47.000Z,BEFORE_OPEN
BDX,10795,2025-08-07,2025-08-07T10:33:15.000Z,BEFORE_OPEN
BDX,10795,2025-10-15,2025-10-15T20:18:58.000Z,AFTER_CLOSE
BDX,10795,2025-11-06,2025-11-06T11:32:28.000Z,BEFORE_OPEN
BDX,10795,2026-02-09,2026-02-09T11:31:33.000Z,BEFORE_OPEN
BDX,10795,2026-04-02,2026-04-02T20:18:23.000Z,AFTER_CLOSE
BDX,10795,2026-05-07,2026-05-07T10:30:49.000Z,BEFORE_OPEN
BDX,10795,2026-08-06,2026-08-06T10:31:38.000Z,BEFORE_OPEN
BE,1664703,2018-08-09,2018-08-09T20:00:22.000Z,AFTER_CLOSE
BE,1664703,2018-11-06,2018-11-06T19:45:25.000Z,IN_SESSION
BE,1664703,2019-02-06,2019-02-06T21:37:03.000Z,AFTER_CLOSE
BE,1664703,2019-05-09,2019-05-09T20:28:36.000Z,AFTER_CLOSE
BE,1664703,2019-11-08,2019-11-08T00:01:30.000Z,AFTER_CLOSE
BE,1664703,2020-02-12,2020-02-12T21:44:29.000Z,AFTER_CLOSE
BE,1664703,2020-03-16,2020-03-16T20:33:34.000Z,AFTER_CLOSE
BE,1664703,2020-05-11,2020-05-11T20:23:28.000Z,AFTER_CLOSE
BE,1664703,2020-07-28,2020-07-28T20:36:37.000Z,AFTER_CLOSE
BE,1664703,2020-10-29,2020-10-29T20:14:13.000Z,AFTER_CLOSE
BE,1664703,2021-02-10,2021-02-10T21:07:34.000Z,AFTER_CLOSE
BE,1664703,2021-05-05,2021-05-05T20:10:33.000Z,AFTER_CLOSE
BE,1664703,2021-08-04,2021-08-04T20:12:14.000Z,AFTER_CLOSE
BE,1664703,2021-11-04,2021-11-04T20:10:32.000Z,AFTER_CLOSE
BE,1664703,2022-02-10,2022-02-10T21:16:47.000Z,AFTER_CLOSE
BE,1664703,2022-05-05,2022-05-05T20:00:50.000Z,AFTER_CLOSE
BE,1664703,2022-08-09,2022-08-09T20:01:12.000Z,AFTER_CLOSE
BE,1664703,2022-11-03,2022-11-03T20:09:34.000Z,AFTER_CLOSE
BE,1664703,2023-02-09,2023-02-09T21:11:34.000Z,AFTER_CLOSE
BE,1664703,2023-05-09,2023-05-09T20:05:53.000Z,AFTER_CLOSE
BE,1664703,2023-08-03,2023-08-03T20:07:47.000Z,AFTER_CLOSE
BE,1664703,2023-11-08,2023-11-08T21:05:46.000Z,AFTER_CLOSE
BE,1664703,2024-02-15,2024-02-15T21:02:34.000Z,AFTER_CLOSE
BE,1664703,2024-05-09,2024-05-09T20:03:57.000Z,AFTER_CLOSE
BE,1664703,2024-08-08,2024-08-08T20:04:24.000Z,AFTER_CLOSE
BE,1664703,2024-11-07,2024-11-07T21:20:48.000Z,AFTER_CLOSE
BE,1664703,2025-02-27,2025-02-27T21:05:18.000Z,AFTER_CLOSE
BE,1664703,2025-04-30,2025-04-30T20:14:46.000Z,AFTER_CLOSE
BE,1664703,2025-07-31,2025-07-31T20:07:20.000Z,AFTER_CLOSE
BE,1664703,2025-10-28,2025-10-28T20:06:37.000Z,AFTER_CLOSE
BE,1664703,2026-02-05,2026-02-05T21:21:16.000Z,AFTER_CLOSE
BE,1664703,2026-04-28,2026-04-28T20:07:03.000Z,AFTER_CLOSE
BE,1664703,2026-07-28,2026-07-28T20:07:21.000Z,AFTER_CLOSE
BG,1996862,2024-02-07,2024-02-07T11:40:29.000Z,BEFORE_OPEN
BG,1996862,2024-04-24,2024-04-24T10:39:57.000Z,BEFORE_OPEN
BG,1996862,2024-07-31,2024-07-31T10:28:22.000Z,BEFORE_OPEN
BG,1996862,2024-10-30,2024-10-30T10:24:25.000Z,BEFORE_OPEN
BG,1996862,2025-02-05,2025-02-05T11:44:25.000Z,BEFORE_OPEN
BG,1996862,2025-05-07,2025-05-07T10:28:25.000Z,BEFORE_OPEN
BG,1996862,2025-07-30,2025-07-30T10:16:23.000Z,BEFORE_OPEN
BG,1996862,2025-11-05,2025-11-05T11:22:55.000Z,BEFORE_OPEN
BG,1996862,2026-02-04,2026-02-04T11:21:04.000Z,BEFORE_OPEN
BG,1996862,2026-04-29,2026-04-29T10:11:06.000Z,BEFORE_OPEN
BG,1996862,2026-07-29,2026-07-29T10:15:46.000Z,BEFORE_OPEN
BIIB,875045,2014-10-22,2014-10-22T11:23:26.000Z,BEFORE_OPEN
BIIB,875045,2015-01-29,2015-01-29T21:04:18.000Z,AFTER_CLOSE
BIIB,875045,2015-04-24,2015-04-24T11:11:13.000Z,BEFORE_OPEN
BIIB,875045,2015-07-24,2015-07-24T10:59:51.000Z,BEFORE_OPEN
BIIB,875045,2015-10-21,2015-10-21T11:33:13.000Z,BEFORE_OPEN
BIIB,875045,2016-01-27,2016-01-27T12:20:54.000Z,BEFORE_OPEN
BIIB,875045,2016-04-21,2016-04-21T11:26:53.000Z,BEFORE_OPEN
BIIB,875045,2016-07-21,2016-07-21T11:11:40.000Z,BEFORE_OPEN
BIIB,875045,2016-10-26,2016-10-26T11:08:40.000Z,BEFORE_OPEN
BIIB,875045,2017-01-26,2017-01-26T11:34:45.000Z,BEFORE_OPEN
BIIB,875045,2017-04-25,2017-04-25T11:38:03.000Z,BEFORE_OPEN
BIIB,875045,2017-07-25,2017-07-25T11:02:50.000Z,BEFORE_OPEN
BIIB,875045,2017-10-24,2017-10-24T11:24:35.000Z,BEFORE_OPEN
BIIB,875045,2018-01-25,2018-01-25T11:41:47.000Z,BEFORE_OPEN
BIIB,875045,2018-04-24,2018-04-24T11:10:25.000Z,BEFORE_OPEN
BIIB,875045,2018-07-24,2018-07-24T10:39:04.000Z,BEFORE_OPEN
BIIB,875045,2018-10-23,2018-10-23T10:45:36.000Z,BEFORE_OPEN
BIIB,875045,2019-01-29,2019-01-29T11:42:12.000Z,BEFORE_OPEN
BIIB,875045,2019-04-24,2019-04-24T10:38:56.000Z,BEFORE_OPEN
BIIB,875045,2019-07-23,2019-07-23T10:36:42.000Z,BEFORE_OPEN
BIIB,875045,2020-01-30,2020-01-30T11:56:30.000Z,BEFORE_OPEN
BIIB,875045,2020-04-22,2020-04-22T11:12:33.000Z,BEFORE_OPEN
BIIB,875045,2020-07-22,2020-07-22T11:13:05.000Z,BEFORE_OPEN
BIIB,875045,2020-10-21,2020-10-21T11:21:59.000Z,BEFORE_OPEN
BIIB,875045,2021-02-03,2021-02-03T12:04:08.000Z,BEFORE_OPEN
BIIB,875045,2021-04-22,2021-04-22T11:08:18.000Z,BEFORE_OPEN
BIIB,875045,2021-07-22,2021-07-22T11:08:40.000Z,BEFORE_OPEN
BIIB,875045,2021-10-20,2021-10-20T11:09:59.000Z,BEFORE_OPEN
BIIB,875045,2022-02-03,2022-02-03T12:03:25.000Z,BEFORE_OPEN
BIIB,875045,2022-05-03,2022-05-03T11:11:33.000Z,BEFORE_OPEN
BIIB,875045,2022-07-20,2022-07-20T11:04:19.000Z,BEFORE_OPEN
BIIB,875045,2022-10-25,2022-10-25T11:08:03.000Z,BEFORE_OPEN
BIIB,875045,2023-02-15,2023-02-15T12:03:32.000Z,BEFORE_OPEN
BIIB,875045,2023-04-25,2023-04-25T11:02:01.000Z,BEFORE_OPEN
BIIB,875045,2023-07-25,2023-07-25T11:03:42.000Z,BEFORE_OPEN
BIIB,875045,2023-11-08,2023-11-08T12:02:05.000Z,BEFORE_OPEN
BIIB,875045,2024-02-13,2024-02-13T12:07:23.000Z,BEFORE_OPEN
BIIB,875045,2024-04-24,2024-04-24T11:02:57.000Z,BEFORE_OPEN
BIIB,875045,2024-08-01,2024-08-01T10:55:02.000Z,BEFORE_OPEN
BIIB,875045,2024-10-30,2024-10-30T10:55:17.000Z,BEFORE_OPEN
BIIB,875045,2025-02-12,2025-02-12T12:06:19.000Z,BEFORE_OPEN
BIIB,875045,2025-05-01,2025-05-01T10:52:09.000Z,BEFORE_OPEN
BIIB,875045,2025-07-07,2025-07-07T20:10:34.000Z,AFTER_CLOSE
BIIB,875045,2025-07-31,2025-07-31T10:13:54.000Z,BEFORE_OPEN
BIIB,875045,2025-10-14,2025-10-14T20:19:10.000Z,AFTER_CLOSE
BIIB,875045,2025-10-30,2025-10-30T10:13:59.000Z,BEFORE_OPEN
BIIB,875045,2026-01-14,2026-01-13T22:38:54.000Z,AFTER_CLOSE
BIIB,875045,2026-02-06,2026-02-06T11:55:01.000Z,BEFORE_OPEN
BIIB,875045,2026-04-06,2026-04-06T10:31:37.000Z,BEFORE_OPEN
BIIB,875045,2026-04-29,2026-04-29T10:05:42.000Z,BEFORE_OPEN
BIIB,875045,2026-07-01,2026-07-01T20:08:37.000Z,AFTER_CLOSE
BIIB,875045,2026-07-29,2026-07-29T10:10:24.000Z,BEFORE_OPEN
BKNG,1075531,2014-11-04,2014-11-04T12:06:25.000Z,BEFORE_OPEN
BKNG,1075531,2015-02-19,2015-02-19T12:13:28.000Z,BEFORE_OPEN
BKNG,1075531,2015-05-07,2015-05-07T11:12:08.000Z,BEFORE_OPEN
BKNG,1075531,2015-08-05,2015-08-05T11:07:23.000Z,BEFORE_OPEN
BKNG,1075531,2015-11-09,2015-11-09T12:16:33.000Z,BEFORE_OPEN
BKNG,1075531,2016-02-17,2016-02-17T12:03:29.000Z,BEFORE_OPEN
BKNG,1075531,2016-05-04,2016-05-04T11:04:46.000Z,BEFORE_OPEN
BKNG,1075531,2016-08-04,2016-08-04T20:05:07.000Z,AFTER_CLOSE
BKNG,1075531,2016-10-06,2016-10-06T20:13:46.000Z,AFTER_CLOSE
BKNG,1075531,2016-11-07,2016-11-07T21:02:42.000Z,AFTER_CLOSE
BKNG,1075531,2017-02-27,2017-02-27T21:04:21.000Z,AFTER_CLOSE
BKNG,1075531,2017-05-09,2017-05-09T20:04:34.000Z,AFTER_CLOSE
BKNG,1075531,2017-08-08,2017-08-08T20:03:53.000Z,AFTER_CLOSE
BKNG,1075531,2017-11-07,2017-11-07T17:15:58.000Z,IN_SESSION
BKNG,1075531,2018-02-27,2018-02-27T21:08:00.000Z,AFTER_CLOSE
BKNG,1075531,2018-05-09,2018-05-09T20:04:59.000Z,AFTER_CLOSE
BKNG,1075531,2018-08-09,2018-08-09T11:52:56.000Z,BEFORE_OPEN
BKNG,1075531,2018-11-05,2018-11-05T21:04:08.000Z,AFTER_CLOSE
BKNG,1075531,2019-02-27,2019-02-27T21:07:08.000Z,AFTER_CLOSE
BKNG,1075531,2019-05-09,2019-05-09T20:05:06.000Z,AFTER_CLOSE
BKNG,1075531,2019-08-07,2019-08-07T20:07:23.000Z,AFTER_CLOSE
BKNG,1075531,2019-11-07,2019-11-07T21:03:43.000Z,AFTER_CLOSE
BKNG,1075531,2020-02-26,2020-02-26T21:04:41.000Z,AFTER_CLOSE
BKNG,1075531,2020-05-07,2020-05-07T20:05:09.000Z,AFTER_CLOSE
BKNG,1075531,2020-08-06,2020-08-06T20:03:30.000Z,AFTER_CLOSE
BKNG,1075531,2020-11-05,2020-11-05T21:05:30.000Z,AFTER_CLOSE
BKNG,1075531,2021-02-24,2021-02-24T21:17:52.000Z,AFTER_CLOSE
BKNG,1075531,2021-05-05,2021-05-05T20:06:38.000Z,AFTER_CLOSE
BKNG,1075531,2021-08-04,2021-08-04T20:04:59.000Z,AFTER_CLOSE
BKNG,1075531,2021-11-03,2021-11-03T20:05:18.000Z,AFTER_CLOSE
BKNG,1075531,2022-02-23,2022-02-23T21:04:06.000Z,AFTER_CLOSE
BKNG,1075531,2022-05-04,2022-05-04T20:05:16.000Z,AFTER_CLOSE
BKNG,1075531,2022-08-03,2022-08-03T20:05:51.000Z,AFTER_CLOSE
BKNG,1075531,2022-11-02,2022-11-02T20:04:34.000Z,AFTER_CLOSE
BKNG,1075531,2023-02-23,2023-02-23T21:03:09.000Z,AFTER_CLOSE
BKNG,1075531,2023-05-04,2023-05-04T20:02:40.000Z,AFTER_CLOSE
BKNG,1075531,2023-08-03,2023-08-03T20:03:30.000Z,AFTER_CLOSE
BKNG,1075531,2023-11-02,2023-11-02T20:03:41.000Z,AFTER_CLOSE
BKNG,1075531,2024-02-22,2024-02-22T21:01:50.000Z,AFTER_CLOSE
BKNG,1075531,2024-05-02,2024-05-02T20:02:05.000Z,AFTER_CLOSE
BKNG,1075531,2024-08-01,2024-08-01T20:04:34.000Z,AFTER_CLOSE
BKNG,1075531,2024-10-30,2024-10-30T20:04:19.000Z,AFTER_CLOSE
BKNG,1075531,2025-02-20,2025-02-20T21:02:55.000Z,AFTER_CLOSE
BKNG,1075531,2025-04-29,2025-04-29T20:04:30.000Z,AFTER_CLOSE
BKNG,1075531,2025-07-29,2025-07-29T20:02:23.000Z,AFTER_CLOSE
BKNG,1075531,2025-10-28,2025-10-28T20:02:19.000Z,AFTER_CLOSE
BKNG,1075531,2026-02-18,2026-02-18T21:02:41.000Z,AFTER_CLOSE
BKNG,1075531,2026-04-28,2026-04-28T20:03:39.000Z,AFTER_CLOSE
BKNG,1075531,2026-08-04,2026-08-04T20:03:14.000Z,AFTER_CLOSE
BKR,1701605,2017-07-28,2017-07-28T21:30:37.000Z,AFTER_CLOSE
BKR,1701605,2017-07-28,2017-07-28T11:59:22.000Z,BEFORE_OPEN
BKR,1701605,2017-10-20,2017-10-20T11:07:25.000Z,BEFORE_OPEN
BKR,1701605,2018-01-24,2018-01-24T11:58:33.000Z,BEFORE_OPEN
BKR,1701605,2018-04-20,2018-04-20T11:12:27.000Z,BEFORE_OPEN
BKR,1701605,2018-07-20,2018-07-20T10:49:12.000Z,BEFORE_OPEN
BKR,1701605,2018-10-30,2018-10-30T10:54:45.000Z,BEFORE_OPEN
BKR,1701605,2019-01-31,2019-01-31T11:47:41.000Z,BEFORE_OPEN
BKR,1701605,2019-04-30,2019-04-30T10:50:11.000Z,BEFORE_OPEN
BKR,1701605,2019-07-31,2019-07-31T10:49:08.000Z,BEFORE_OPEN
BKR,1701605,2019-10-30,2019-10-30T10:48:41.000Z,BEFORE_OPEN
BKR,1701605,2020-01-22,2020-01-22T12:05:48.000Z,BEFORE_OPEN
BKR,1701605,2020-04-13,2020-04-13T12:09:16.000Z,BEFORE_OPEN
BKR,1701605,2020-04-22,2020-04-22T11:06:13.000Z,BEFORE_OPEN
BKR,1701605,2020-07-22,2020-07-22T11:04:09.000Z,BEFORE_OPEN
BKR,1701605,2020-10-21,2020-10-21T11:04:14.000Z,BEFORE_OPEN
BKR,1701605,2021-01-21,2021-01-21T12:04:32.000Z,BEFORE_OPEN
BKR,1701605,2021-04-21,2021-04-21T10:34:07.000Z,BEFORE_OPEN
BKR,1701605,2021-07-21,2021-07-21T11:04:47.000Z,BEFORE_OPEN
BKR,1701605,2021-10-20,2021-10-20T11:06:21.000Z,BEFORE_OPEN
BKR,1701605,2022-01-20,2022-01-20T12:06:08.000Z,BEFORE_OPEN
BKR,1701605,2022-04-20,2022-04-20T11:04:51.000Z,BEFORE_OPEN
BKR,1701605,2022-07-20,2022-07-20T11:07:40.000Z,BEFORE_OPEN
BKR,1701605,2022-10-19,2022-10-19T11:08:30.000Z,BEFORE_OPEN
BKR,1701605,2023-01-23,2023-01-23T12:06:12.000Z,BEFORE_OPEN
BKR,1701605,2023-04-19,2023-04-19T11:06:22.000Z,BEFORE_OPEN
BKR,1701605,2023-07-19,2023-07-19T11:04:34.000Z,BEFORE_OPEN
BKR,1701605,2023-10-25,2023-10-25T21:04:58.000Z,AFTER_CLOSE
BKR,1701605,2024-01-23,2024-01-23T22:25:40.000Z,AFTER_CLOSE
BKR,1701605,2024-04-23,2024-04-23T21:14:10.000Z,AFTER_CLOSE
BKR,1701605,2024-07-25,2024-07-25T21:10:57.000Z,AFTER_CLOSE
BKR,1701605,2024-10-22,2024-10-22T21:14:31.000Z,AFTER_CLOSE
BKR,1701605,2025-01-30,2025-01-30T22:10:06.000Z,AFTER_CLOSE
BKR,1701605,2025-04-22,2025-04-22T21:08:24.000Z,AFTER_CLOSE
BKR,1701605,2025-07-22,2025-07-22T21:10:30.000Z,AFTER_CLOSE
BKR,1701605,2025-10-23,2025-10-23T21:25:57.000Z,AFTER_CLOSE
BKR,1701605,2026-01-26,2026-01-26T11:09:09.000Z,BEFORE_OPEN
BKR,1701605,2026-04-23,2026-04-23T21:14:17.000Z,AFTER_CLOSE
BKR,1701605,2026-07-27,2026-07-27T10:07:10.000Z,BEFORE_OPEN
BLK,2012383,2025-10-14,2025-10-14T10:38:14.000Z,BEFORE_OPEN
BLK,2012383,2026-01-15,2026-01-15T11:36:16.000Z,BEFORE_OPEN
BLK,2012383,2026-04-14,2026-04-14T10:35:09.000Z,BEFORE_OPEN
BLK,2012383,2026-07-15,2026-07-15T10:33:30.000Z,BEFORE_OPEN
BMY,14272,2019-04-25,2019-04-25T12:05:00.000Z,BEFORE_OPEN
BMY,14272,2019-07-25,2019-07-25T12:21:10.000Z,BEFORE_OPEN
BMY,14272,2019-10-31,2019-10-31T12:01:13.000Z,BEFORE_OPEN
BMY,14272,2020-02-06,2020-02-06T13:20:13.000Z,BEFORE_OPEN
BMY,14272,2020-05-07,2020-05-07T12:08:24.000Z,BEFORE_OPEN
BMY,14272,2020-08-06,2020-08-06T11:57:11.000Z,BEFORE_OPEN
BMY,14272,2020-11-05,2020-11-05T13:10:20.000Z,BEFORE_OPEN
BMY,14272,2021-02-04,2021-02-04T13:04:33.000Z,BEFORE_OPEN
BMY,14272,2021-04-29,2021-04-29T12:38:54.000Z,BEFORE_OPEN
BMY,14272,2021-07-28,2021-07-28T11:33:43.000Z,BEFORE_OPEN
BMY,14272,2021-10-27,2021-10-27T13:46:33.000Z,IN_SESSION
BMY,14272,2022-02-04,2022-02-04T12:50:35.000Z,BEFORE_OPEN
BMY,14272,2022-04-18,2022-04-18T20:30:40.000Z,AFTER_CLOSE
BMY,14272,2022-04-29,2022-04-29T11:42:49.000Z,BEFORE_OPEN
BMY,14272,2022-07-27,2022-07-27T11:44:23.000Z,BEFORE_OPEN
BMY,14272,2022-10-26,2022-10-26T11:48:28.000Z,BEFORE_OPEN
BMY,14272,2023-02-02,2023-02-02T13:43:57.000Z,BEFORE_OPEN
BMY,14272,2023-04-27,2023-04-27T11:45:00.000Z,BEFORE_OPEN
BMY,14272,2023-07-27,2023-07-27T11:50:21.000Z,BEFORE_OPEN
BMY,14272,2023-10-26,2023-10-26T11:44:12.000Z,BEFORE_OPEN
BMY,14272,2024-02-02,2024-02-02T12:46:16.000Z,BEFORE_OPEN
BMY,14272,2024-04-25,2024-04-25T11:47:51.000Z,BEFORE_OPEN
BMY,14272,2024-07-26,2024-07-26T11:46:16.000Z,BEFORE_OPEN
BMY,14272,2024-10-31,2024-10-31T11:52:43.000Z,BEFORE_OPEN
BMY,14272,2025-02-06,2025-02-06T12:46:11.000Z,BEFORE_OPEN
BMY,14272,2025-04-24,2025-04-24T11:11:41.000Z,BEFORE_OPEN
BMY,14272,2025-07-31,2025-07-31T11:06:45.000Z,BEFORE_OPEN
BMY,14272,2025-10-30,2025-10-30T11:09:00.000Z,BEFORE_OPEN
BMY,14272,2026-02-05,2026-02-05T12:07:45.000Z,BEFORE_OPEN
BMY,14272,2026-04-30,2026-04-30T11:01:58.000Z,BEFORE_OPEN
BMY,14272,2026-07-30,2026-07-30T11:05:39.000Z,BEFORE_OPEN
BNY,1390777,2022-01-18,2022-01-18T11:32:37.000Z,BEFORE_OPEN
BNY,1390777,2022-04-18,2022-04-18T10:30:33.000Z,BEFORE_OPEN
BNY,1390777,2022-07-15,2022-07-15T10:30:47.000Z,BEFORE_OPEN
BNY,1390777,2022-10-17,2022-10-17T10:30:35.000Z,BEFORE_OPEN
BNY,1390777,2023-01-13,2023-01-13T11:36:03.000Z,BEFORE_OPEN
BNY,1390777,2023-04-18,2023-04-18T10:32:18.000Z,BEFORE_OPEN
BNY,1390777,2023-07-18,2023-07-18T10:32:13.000Z,BEFORE_OPEN
BNY,1390777,2023-10-17,2023-10-17T10:31:19.000Z,BEFORE_OPEN
BNY,1390777,2024-01-12,2024-01-12T11:30:24.000Z,BEFORE_OPEN
BNY,1390777,2024-04-16,2024-04-16T10:31:28.000Z,BEFORE_OPEN
BNY,1390777,2024-07-12,2024-07-12T10:30:47.000Z,BEFORE_OPEN
BNY,1390777,2024-10-11,2024-10-11T10:30:11.000Z,BEFORE_OPEN
BNY,1390777,2025-01-15,2025-01-15T11:30:09.000Z,BEFORE_OPEN
BNY,1390777,2025-04-11,2025-04-11T10:30:12.000Z,BEFORE_OPEN
BNY,1390777,2025-07-15,2025-07-15T10:30:17.000Z,BEFORE_OPEN
BNY,1390777,2025-10-16,2025-10-16T10:15:04.000Z,BEFORE_OPEN
BNY,1390777,2026-01-13,2026-01-13T11:30:39.000Z,BEFORE_OPEN
BNY,1390777,2026-04-16,2026-04-16T10:30:21.000Z,BEFORE_OPEN
BNY,1390777,2026-07-15,2026-07-15T10:30:21.000Z,BEFORE_OPEN
BRO,79282,2011-02-07,2011-02-07T22:02:16.000Z,AFTER_CLOSE
BRO,79282,2011-04-19,2011-04-18T21:59:38.000Z,AFTER_CLOSE
BRO,79282,2011-07-18,2011-07-18T21:30:06.000Z,AFTER_CLOSE
BRO,79282,2011-10-18,2011-10-17T21:33:21.000Z,AFTER_CLOSE
BRO,79282,2012-02-06,2012-02-03T22:47:10.000Z,AFTER_CLOSE
BRO,79282,2012-04-16,2012-04-16T21:01:07.000Z,AFTER_CLOSE
BRO,79282,2012-07-16,2012-07-16T20:43:29.000Z,AFTER_CLOSE
BRO,79282,2012-10-16,2012-10-15T21:46:12.000Z,AFTER_CLOSE
BRO,79282,2013-02-01,2013-02-01T21:24:36.000Z,AFTER_CLOSE
BRO,79282,2013-04-15,2013-04-15T21:09:50.000Z,AFTER_CLOSE
BRO,79282,2013-07-15,2013-07-15T20:36:23.000Z,AFTER_CLOSE
BRO,79282,2013-10-15,2013-10-15T11:06:04.000Z,BEFORE_OPEN
BRO,79282,2014-02-04,2014-02-03T23:22:38.000Z,AFTER_CLOSE
BRO,79282,2014-04-22,2014-04-22T01:30:24.000Z,AFTER_CLOSE
BRO,79282,2015-01-26,2015-01-26T22:24:31.000Z,AFTER_CLOSE
BRO,79282,2015-04-20,2015-04-20T21:10:03.000Z,AFTER_CLOSE
BRO,79282,2015-07-20,2015-07-20T21:25:17.000Z,AFTER_CLOSE
BRO,79282,2015-10-19,2015-10-19T21:15:19.000Z,AFTER_CLOSE
BRO,79282,2016-01-25,2016-01-25T22:29:29.000Z,AFTER_CLOSE
BRO,79282,2016-04-19,2016-04-18T21:54:48.000Z,AFTER_CLOSE
BRO,79282,2016-07-18,2016-07-18T21:03:21.000Z,AFTER_CLOSE
BRO,79282,2016-10-21,2016-10-20T21:51:04.000Z,AFTER_CLOSE
BRO,79282,2017-01-23,2017-01-23T22:17:51.000Z,AFTER_CLOSE
BRO,79282,2017-04-18,2017-04-17T22:03:14.000Z,AFTER_CLOSE
BRO,79282,2017-07-17,2017-07-17T21:18:18.000Z,AFTER_CLOSE
BRO,79282,2017-10-17,2017-10-16T21:35:27.000Z,AFTER_CLOSE
BRO,79282,2018-01-22,2018-01-22T22:15:14.000Z,AFTER_CLOSE
BRO,79282,2018-04-23,2018-04-23T21:26:19.000Z,AFTER_CLOSE
BRO,79282,2018-07-24,2018-07-23T22:43:06.000Z,AFTER_CLOSE
BRO,79282,2018-10-22,2018-10-22T21:02:16.000Z,AFTER_CLOSE
BRO,79282,2019-01-28,2019-01-28T22:03:40.000Z,AFTER_CLOSE
BRO,79282,2019-04-22,2019-04-22T21:09:49.000Z,AFTER_CLOSE
BRO,79282,2019-07-22,2019-07-22T21:29:12.000Z,AFTER_CLOSE
BRO,79282,2019-10-28,2019-10-28T21:07:26.000Z,AFTER_CLOSE
BRO,79282,2020-01-27,2020-01-27T22:04:36.000Z,AFTER_CLOSE
BRO,79282,2020-04-27,2020-04-27T21:03:48.000Z,AFTER_CLOSE
BRO,79282,2020-07-27,2020-07-27T21:02:21.000Z,AFTER_CLOSE
BRO,79282,2020-10-26,2020-10-26T21:04:08.000Z,AFTER_CLOSE
BRO,79282,2021-01-25,2021-01-25T22:02:24.000Z,AFTER_CLOSE
BRO,79282,2021-04-26,2021-04-26T21:02:30.000Z,AFTER_CLOSE
BRO,79282,2021-07-26,2021-07-26T21:00:54.000Z,AFTER_CLOSE
BRO,79282,2021-10-25,2021-10-25T21:03:10.000Z,AFTER_CLOSE
BRO,79282,2022-01-24,2022-01-24T22:03:21.000Z,AFTER_CLOSE
BRO,79282,2022-04-26,2022-04-25T21:39:21.000Z,AFTER_CLOSE
BRO,79282,2022-07-25,2022-07-25T21:10:06.000Z,AFTER_CLOSE
BRO,79282,2023-01-24,2023-01-23T22:34:53.000Z,AFTER_CLOSE
BRO,79282,2023-04-25,2023-04-24T22:37:44.000Z,AFTER_CLOSE
BRO,79282,2023-10-23,2023-10-23T21:27:08.000Z,AFTER_CLOSE
BRO,79282,2024-01-23,2024-01-23T00:19:56.000Z,AFTER_CLOSE
BRO,79282,2024-03-01,2024-03-01T22:21:35.000Z,AFTER_CLOSE
BRO,79282,2024-04-22,2024-04-22T21:13:10.000Z,AFTER_CLOSE
BRO,79282,2024-07-22,2024-07-22T21:29:25.000Z,AFTER_CLOSE
BRO,79282,2024-10-28,2024-10-28T21:06:36.000Z,AFTER_CLOSE
BRO,79282,2025-01-27,2025-01-27T22:03:23.000Z,AFTER_CLOSE
BRO,79282,2025-04-28,2025-04-28T21:03:47.000Z,AFTER_CLOSE
BRO,79282,2025-07-28,2025-07-28T21:03:24.000Z,AFTER_CLOSE
BRO,79282,2025-08-22,2025-08-22T21:05:15.000Z,AFTER_CLOSE
BRO,79282,2025-10-27,2025-10-27T21:04:05.000Z,AFTER_CLOSE
BRO,79282,2026-01-26,2026-01-26T22:03:13.000Z,AFTER_CLOSE
BRO,79282,2026-04-27,2026-04-27T21:08:57.000Z,AFTER_CLOSE
BRO,79282,2026-07-27,2026-07-27T21:03:54.000Z,AFTER_CLOSE
BSX,885725,2020-10-28,2020-10-28T10:38:15.000Z,BEFORE_OPEN
BSX,885725,2021-01-12,2021-01-12T11:36:40.000Z,BEFORE_OPEN
BSX,885725,2021-02-03,2021-02-03T11:36:39.000Z,BEFORE_OPEN
BSX,885725,2021-04-28,2021-04-28T10:34:38.000Z,BEFORE_OPEN
BSX,885725,2021-07-27,2021-07-27T10:40:57.000Z,BEFORE_OPEN
BSX,885725,2021-10-27,2021-10-27T10:44:59.000Z,BEFORE_OPEN
BSX,885725,2022-02-02,2022-02-02T11:35:37.000Z,BEFORE_OPEN
BSX,885725,2022-04-27,2022-04-27T10:35:20.000Z,BEFORE_OPEN
BSX,885725,2022-07-27,2022-07-27T10:33:53.000Z,BEFORE_OPEN
BSX,885725,2022-10-26,2022-10-26T10:38:58.000Z,BEFORE_OPEN
BSX,885725,2023-02-01,2023-02-01T11:34:48.000Z,BEFORE_OPEN
BSX,885725,2023-04-26,2023-04-26T10:34:02.000Z,BEFORE_OPEN
BSX,885725,2023-07-27,2023-07-27T10:43:30.000Z,BEFORE_OPEN
BSX,885725,2023-10-26,2023-10-26T10:36:04.000Z,BEFORE_OPEN
BSX,885725,2024-01-31,2024-01-31T11:32:20.000Z,BEFORE_OPEN
BSX,885725,2024-04-24,2024-04-24T10:34:09.000Z,BEFORE_OPEN
BSX,885725,2024-07-24,2024-07-24T10:35:23.000Z,BEFORE_OPEN
BSX,885725,2024-10-23,2024-10-23T10:32:53.000Z,BEFORE_OPEN
BSX,885725,2025-02-05,2025-02-05T11:41:47.000Z,BEFORE_OPEN
BSX,885725,2025-04-23,2025-04-23T10:34:11.000Z,BEFORE_OPEN
BSX,885725,2025-07-23,2025-07-23T10:32:54.000Z,BEFORE_OPEN
BSX,885725,2025-10-22,2025-10-22T10:32:46.000Z,BEFORE_OPEN
BSX,885725,2026-02-04,2026-02-04T11:33:43.000Z,BEFORE_OPEN
BSX,885725,2026-04-22,2026-04-22T10:34:16.000Z,BEFORE_OPEN
BSX,885725,2026-07-29,2026-07-29T10:33:23.000Z,BEFORE_OPEN
BX,1393818,2017-04-20,2017-04-20T10:55:37.000Z,BEFORE_OPEN
BX,1393818,2017-07-20,2017-07-20T10:56:05.000Z,BEFORE_OPEN
BX,1393818,2017-10-19,2017-10-19T10:56:04.000Z,BEFORE_OPEN
BX,1393818,2018-02-01,2018-02-01T11:55:36.000Z,BEFORE_OPEN
BX,1393818,2018-04-19,2018-04-19T10:57:06.000Z,BEFORE_OPEN
BX,1393818,2018-07-19,2018-07-19T10:55:38.000Z,BEFORE_OPEN
BX,1393818,2018-10-18,2018-10-18T10:56:03.000Z,BEFORE_OPEN
BX,1393818,2019-01-31,2019-01-31T11:55:37.000Z,BEFORE_OPEN
BX,1393818,2019-04-18,2019-04-18T10:56:00.000Z,BEFORE_OPEN
BX,1393818,2019-07-18,2019-07-18T10:55:37.000Z,BEFORE_OPEN
BX,1393818,2019-10-23,2019-10-23T10:55:53.000Z,BEFORE_OPEN
BX,1393818,2020-01-30,2020-01-30T11:55:44.000Z,BEFORE_OPEN
BX,1393818,2020-04-23,2020-04-23T10:56:13.000Z,BEFORE_OPEN
BX,1393818,2020-07-23,2020-07-23T10:55:39.000Z,BEFORE_OPEN
BX,1393818,2020-10-28,2020-10-28T10:56:38.000Z,BEFORE_OPEN
BX,1393818,2021-01-27,2021-01-27T11:51:09.000Z,BEFORE_OPEN
BX,1393818,2021-04-22,2021-04-22T10:55:34.000Z,BEFORE_OPEN
BX,1393818,2021-07-22,2021-07-22T10:56:01.000Z,BEFORE_OPEN
BX,1393818,2021-10-21,2021-10-21T10:55:10.000Z,BEFORE_OPEN
BX,1393818,2022-01-27,2022-01-27T11:55:36.000Z,BEFORE_OPEN
BX,1393818,2022-04-21,2022-04-21T10:56:00.000Z,BEFORE_OPEN
BX,1393818,2022-07-21,2022-07-21T10:55:39.000Z,BEFORE_OPEN
BX,1393818,2022-10-20,2022-10-20T10:56:08.000Z,BEFORE_OPEN
BX,1393818,2023-01-26,2023-01-26T11:56:05.000Z,BEFORE_OPEN
BX,1393818,2023-04-20,2023-04-20T10:56:56.000Z,BEFORE_OPEN
BX,1393818,2023-07-20,2023-07-20T10:55:31.000Z,BEFORE_OPEN
BX,1393818,2023-10-19,2023-10-19T10:56:02.000Z,BEFORE_OPEN
BX,1393818,2024-01-25,2024-01-25T11:56:02.000Z,BEFORE_OPEN
BX,1393818,2024-04-18,2024-04-18T10:58:03.000Z,BEFORE_OPEN
BX,1393818,2024-07-18,2024-07-18T10:55:34.000Z,BEFORE_OPEN
BX,1393818,2024-10-17,2024-10-17T10:55:54.000Z,BEFORE_OPEN
BX,1393818,2025-01-30,2025-01-30T11:55:53.000Z,BEFORE_OPEN
BX,1393818,2025-04-17,2025-04-17T10:56:12.000Z,BEFORE_OPEN
BX,1393818,2025-07-24,2025-07-24T10:55:31.000Z,BEFORE_OPEN
BX,1393818,2025-10-23,2025-10-23T10:57:00.000Z,BEFORE_OPEN
BX,1393818,2026-01-29,2026-01-29T11:55:17.000Z,BEFORE_OPEN
BX,1393818,2026-04-23,2026-04-23T10:55:29.000Z,BEFORE_OPEN
BX,1393818,2026-07-23,2026-07-23T10:55:07.000Z,BEFORE_OPEN
C,831001,2025-10-14,2025-10-14T14:08:51.000Z,IN_SESSION
C,831001,2026-01-14,2026-01-14T15:21:44.000Z,IN_SESSION
C,831001,2026-04-14,2026-04-14T13:42:13.000Z,IN_SESSION
C,831001,2026-07-14,2026-07-14T13:39:47.000Z,IN_SESSION
CAH,721371,2014-08-04,2014-08-04T11:02:09.000Z,BEFORE_OPEN
CAH,721371,2014-10-30,2014-10-30T11:02:49.000Z,BEFORE_OPEN
CAH,721371,2015-01-29,2015-01-29T12:02:43.000Z,BEFORE_OPEN
CAH,721371,2015-04-30,2015-04-30T11:03:13.000Z,BEFORE_OPEN
CAH,721371,2015-07-30,2015-07-30T11:02:37.000Z,BEFORE_OPEN
CAH,721371,2015-11-02,2015-11-02T12:03:04.000Z,BEFORE_OPEN
CAH,721371,2016-02-01,2016-02-01T12:01:57.000Z,BEFORE_OPEN
CAH,721371,2016-04-28,2016-04-28T11:05:11.000Z,BEFORE_OPEN
CAH,721371,2016-08-02,2016-08-02T11:03:33.000Z,BEFORE_OPEN
CAH,721371,2016-10-31,2016-10-31T11:01:45.000Z,BEFORE_OPEN
CAH,721371,2017-02-07,2017-02-07T12:02:27.000Z,BEFORE_OPEN
CAH,721371,2017-05-01,2017-05-01T11:02:17.000Z,BEFORE_OPEN
CAH,721371,2017-08-02,2017-08-02T13:00:53.000Z,BEFORE_OPEN
CAH,721371,2017-08-02,2017-08-02T11:03:50.000Z,BEFORE_OPEN
CAH,721371,2017-11-06,2017-11-06T11:48:39.000Z,BEFORE_OPEN
CAH,721371,2018-02-08,2018-02-08T12:03:46.000Z,BEFORE_OPEN
CAH,721371,2018-05-03,2018-05-03T10:56:30.000Z,BEFORE_OPEN
CAH,721371,2018-08-06,2018-08-06T10:57:16.000Z,BEFORE_OPEN
CAH,721371,2018-11-08,2018-11-08T11:58:07.000Z,BEFORE_OPEN
CAH,721371,2019-02-07,2019-02-07T11:57:37.000Z,BEFORE_OPEN
CAH,721371,2019-05-09,2019-05-09T10:56:58.000Z,BEFORE_OPEN
CAH,721371,2019-07-16,2019-07-16T12:07:23.000Z,BEFORE_OPEN
CAH,721371,2019-08-08,2019-08-08T10:59:09.000Z,BEFORE_OPEN
CAH,721371,2019-11-07,2019-11-07T11:59:28.000Z,BEFORE_OPEN
CAH,721371,2020-01-30,2020-01-30T22:02:29.000Z,AFTER_CLOSE
CAH,721371,2020-02-06,2020-02-06T11:59:13.000Z,BEFORE_OPEN
CAH,721371,2020-05-11,2020-05-11T10:58:16.000Z,BEFORE_OPEN
CAH,721371,2020-08-06,2020-08-06T10:58:42.000Z,BEFORE_OPEN
CAH,721371,2020-11-05,2020-11-05T11:52:39.000Z,BEFORE_OPEN
CAH,721371,2021-02-05,2021-02-05T12:25:21.000Z,BEFORE_OPEN
CAH,721371,2021-05-06,2021-05-06T11:00:27.000Z,BEFORE_OPEN
CAH,721371,2021-08-05,2021-08-05T11:00:42.000Z,BEFORE_OPEN
CAH,721371,2021-11-09,2021-11-09T12:00:48.000Z,BEFORE_OPEN
CAH,721371,2022-02-03,2022-02-03T12:00:24.000Z,BEFORE_OPEN
CAH,721371,2022-05-05,2022-05-05T11:01:28.000Z,BEFORE_OPEN
CAH,721371,2022-08-11,2022-08-11T11:01:24.000Z,BEFORE_OPEN
CAH,721371,2022-11-04,2022-11-04T11:01:52.000Z,BEFORE_OPEN
CAH,721371,2023-02-02,2023-02-02T12:03:18.000Z,BEFORE_OPEN
CAH,721371,2023-05-04,2023-05-04T11:06:03.000Z,BEFORE_OPEN
CAH,721371,2023-08-15,2023-08-15T11:01:28.000Z,BEFORE_OPEN
CAH,721371,2023-11-03,2023-11-03T11:00:55.000Z,BEFORE_OPEN
CAH,721371,2024-01-09,2024-01-09T11:48:04.000Z,BEFORE_OPEN
CAH,721371,2024-02-01,2024-02-01T12:09:06.000Z,BEFORE_OPEN
CAH,721371,2024-05-02,2024-05-02T10:50:35.000Z,BEFORE_OPEN
CAH,721371,2024-08-14,2024-08-14T10:36:10.000Z,BEFORE_OPEN
CAH,721371,2024-11-01,2024-11-01T10:47:40.000Z,BEFORE_OPEN
CAH,721371,2025-01-30,2025-01-30T11:51:39.000Z,BEFORE_OPEN
CAH,721371,2025-05-01,2025-05-01T10:49:54.000Z,BEFORE_OPEN
CAH,721371,2025-08-12,2025-08-12T10:59:12.000Z,BEFORE_OPEN
CAH,721371,2025-10-30,2025-10-30T10:52:52.000Z,BEFORE_OPEN
CAH,721371,2026-02-05,2026-02-05T11:47:19.000Z,BEFORE_OPEN
CAH,721371,2026-04-30,2026-04-30T10:47:14.000Z,BEFORE_OPEN
CAH,721371,2026-08-11,2026-08-11T10:47:32.000Z,BEFORE_OPEN
CARR,1783180,2020-05-08,2020-05-08T11:39:20.000Z,BEFORE_OPEN
CARR,1783180,2020-07-30,2020-07-30T11:04:08.000Z,BEFORE_OPEN
CARR,1783180,2020-10-29,2020-10-29T11:14:43.000Z,BEFORE_OPEN
CARR,1783180,2021-02-09,2021-02-09T11:56:57.000Z,BEFORE_OPEN
CARR,1783180,2021-04-29,2021-04-29T11:42:38.000Z,BEFORE_OPEN
CARR,1783180,2021-07-29,2021-07-29T11:35:22.000Z,BEFORE_OPEN
CARR,1783180,2021-10-28,2021-10-28T11:45:04.000Z,BEFORE_OPEN
CARR,1783180,2022-02-08,2022-02-08T13:02:04.000Z,BEFORE_OPEN
CARR,1783180,2022-04-28,2022-04-28T11:48:14.000Z,BEFORE_OPEN
CARR,1783180,2022-07-28,2022-07-28T11:11:00.000Z,BEFORE_OPEN
CARR,1783180,2022-10-27,2022-10-27T11:10:21.000Z,BEFORE_OPEN
CARR,1783180,2023-02-07,2023-02-07T12:15:15.000Z,BEFORE_OPEN
CARR,1783180,2023-04-25,2023-04-25T20:49:13.000Z,AFTER_CLOSE
CARR,1783180,2023-07-27,2023-07-27T11:05:22.000Z,BEFORE_OPEN
CARR,1783180,2023-10-26,2023-10-26T11:03:19.000Z,BEFORE_OPEN
CARR,1783180,2024-02-06,2024-02-06T11:55:03.000Z,BEFORE_OPEN
CARR,1783180,2024-04-25,2024-04-25T11:05:54.000Z,BEFORE_OPEN
CARR,1783180,2024-07-25,2024-07-25T10:58:25.000Z,BEFORE_OPEN
CARR,1783180,2024-10-24,2024-10-24T10:58:44.000Z,BEFORE_OPEN
CARR,1783180,2025-02-11,2025-02-11T11:57:48.000Z,BEFORE_OPEN
CARR,1783180,2025-05-01,2025-05-01T10:52:11.000Z,BEFORE_OPEN
CARR,1783180,2025-07-29,2025-07-29T10:55:08.000Z,BEFORE_OPEN
CARR,1783180,2025-10-28,2025-10-28T10:56:37.000Z,BEFORE_OPEN
CARR,1783180,2026-02-05,2026-02-05T11:56:04.000Z,BEFORE_OPEN
CARR,1783180,2026-04-30,2026-04-30T10:59:38.000Z,BEFORE_OPEN
CARR,1783180,2026-07-28,2026-07-28T10:58:31.000Z,BEFORE_OPEN
CASY,726958,2011-06-13,2011-06-13T20:01:19.000Z,AFTER_CLOSE
CASY,726958,2011-06-14,2011-06-14T21:28:54.000Z,AFTER_CLOSE
CASY,726958,2011-09-09,2011-09-08T21:47:20.000Z,AFTER_CLOSE
CASY,726958,2011-12-07,2011-12-07T22:01:33.000Z,AFTER_CLOSE
CASY,726958,2012-03-05,2012-03-05T21:00:59.000Z,AFTER_CLOSE
CASY,726958,2012-03-06,2012-03-06T20:41:56.000Z,IN_SESSION
CASY,726958,2012-06-12,2012-06-12T20:03:56.000Z,AFTER_CLOSE
CASY,726958,2012-06-13,2012-06-13T21:01:27.000Z,AFTER_CLOSE
CASY,726958,2012-09-11,2012-09-11T21:25:53.000Z,AFTER_CLOSE
CASY,726958,2012-12-10,2012-12-10T21:00:26.000Z,AFTER_CLOSE
CASY,726958,2012-12-11,2012-12-11T21:13:39.000Z,AFTER_CLOSE
CASY,726958,2013-03-11,2013-03-11T20:03:01.000Z,AFTER_CLOSE
CASY,726958,2013-03-12,2013-03-12T20:29:00.000Z,AFTER_CLOSE
CASY,726958,2013-06-13,2013-06-13T20:00:52.000Z,AFTER_CLOSE
CASY,726958,2013-06-14,2013-06-14T19:58:40.000Z,IN_SESSION
CASY,726958,2013-09-09,2013-09-09T20:00:54.000Z,AFTER_CLOSE
CASY,726958,2013-09-10,2013-09-10T20:25:33.000Z,AFTER_CLOSE
CASY,726958,2013-12-09,2013-12-09T21:00:52.000Z,AFTER_CLOSE
CASY,726958,2013-12-11,2013-12-11T15:51:33.000Z,IN_SESSION
CASY,726958,2014-03-10,2014-03-10T20:01:52.000Z,AFTER_CLOSE
CASY,726958,2014-03-12,2014-03-12T18:32:34.000Z,IN_SESSION
CASY,726958,2014-06-09,2014-06-09T20:01:53.000Z,AFTER_CLOSE
CASY,726958,2014-06-11,2014-06-11T17:50:01.000Z,IN_SESSION
CASY,726958,2014-09-08,2014-09-08T20:01:00.000Z,AFTER_CLOSE
CASY,726958,2014-09-09,2014-09-09T21:26:06.000Z,AFTER_CLOSE
CASY,726958,2014-11-24,2014-11-24T22:13:23.000Z,AFTER_CLOSE
CASY,726958,2014-12-10,2014-12-10T21:01:02.000Z,AFTER_CLOSE
CASY,726958,2014-12-11,2014-12-11T22:15:53.000Z,AFTER_CLOSE
CASY,726958,2015-03-09,2015-03-09T20:08:44.000Z,AFTER_CLOSE
CASY,726958,2015-03-10,2015-03-10T20:16:22.000Z,AFTER_CLOSE
CASY,726958,2015-06-08,2015-06-08T20:00:33.000Z,AFTER_CLOSE
CASY,726958,2015-06-09,2015-06-09T21:15:25.000Z,AFTER_CLOSE
CASY,726958,2015-09-08,2015-09-08T20:04:41.000Z,AFTER_CLOSE
CASY,726958,2015-09-09,2015-09-09T20:44:05.000Z,AFTER_CLOSE
CASY,726958,2015-12-07,2015-12-07T21:02:50.000Z,AFTER_CLOSE
CASY,726958,2015-12-08,2015-12-08T22:27:29.000Z,AFTER_CLOSE
CASY,726958,2016-03-07,2016-03-07T21:03:54.000Z,AFTER_CLOSE
CASY,726958,2016-03-08,2016-03-08T22:13:33.000Z,AFTER_CLOSE
CASY,726958,2016-06-06,2016-06-06T20:02:41.000Z,AFTER_CLOSE
CASY,726958,2016-06-08,2016-06-08T12:39:24.000Z,BEFORE_OPEN
CASY,726958,2016-09-06,2016-09-06T20:02:21.000Z,AFTER_CLOSE
CASY,726958,2016-09-07,2016-09-07T20:30:49.000Z,AFTER_CLOSE
CASY,726958,2016-12-07,2016-12-07T21:00:40.000Z,AFTER_CLOSE
CASY,726958,2016-12-08,2016-12-08T22:15:17.000Z,AFTER_CLOSE
CASY,726958,2017-03-06,2017-03-06T21:03:55.000Z,AFTER_CLOSE
CASY,726958,2017-03-07,2017-03-07T21:59:20.000Z,AFTER_CLOSE
CASY,726958,2017-06-05,2017-06-05T20:01:09.000Z,AFTER_CLOSE
CASY,726958,2017-06-06,2017-06-06T20:02:07.000Z,AFTER_CLOSE
CASY,726958,2017-09-05,2017-09-05T20:01:34.000Z,AFTER_CLOSE
CASY,726958,2017-09-07,2017-09-07T13:53:30.000Z,IN_SESSION
CASY,726958,2017-12-11,2017-12-11T21:00:26.000Z,AFTER_CLOSE
CASY,726958,2017-12-12,2017-12-12T20:55:19.000Z,IN_SESSION
CASY,726958,2018-03-07,2018-03-07T13:29:28.000Z,BEFORE_OPEN
CASY,726958,2018-03-08,2018-03-07T22:42:01.000Z,AFTER_CLOSE
CASY,726958,2018-06-12,2018-06-12T21:05:14.000Z,AFTER_CLOSE
CASY,726958,2018-06-12,2018-06-12T12:30:21.000Z,BEFORE_OPEN
CASY,726958,2018-09-10,2018-09-10T20:04:52.000Z,AFTER_CLOSE
CASY,726958,2018-09-11,2018-09-11T20:45:48.000Z,AFTER_CLOSE
CASY,726958,2018-12-10,2018-12-10T21:02:09.000Z,AFTER_CLOSE
CASY,726958,2018-12-11,2018-12-11T20:10:12.000Z,IN_SESSION
CASY,726958,2019-03-11,2019-03-11T20:02:47.000Z,AFTER_CLOSE
CASY,726958,2019-03-12,2019-03-12T20:31:38.000Z,AFTER_CLOSE
CASY,726958,2019-06-10,2019-06-10T20:00:56.000Z,AFTER_CLOSE
CASY,726958,2019-06-11,2019-06-11T20:39:02.000Z,AFTER_CLOSE
CASY,726958,2019-09-09,2019-09-09T20:02:52.000Z,AFTER_CLOSE
CASY,726958,2019-09-10,2019-09-10T21:28:52.000Z,AFTER_CLOSE
CASY,726958,2019-12-09,2019-12-09T21:06:03.000Z,AFTER_CLOSE
CASY,726958,2019-12-10,2019-12-10T21:54:41.000Z,AFTER_CLOSE
CASY,726958,2020-03-09,2020-03-09T20:07:06.000Z,AFTER_CLOSE
CASY,726958,2020-03-10,2020-03-10T20:51:35.000Z,AFTER_CLOSE
CASY,726958,2020-06-08,2020-06-08T20:01:41.000Z,AFTER_CLOSE
CASY,726958,2020-06-10,2020-06-10T17:14:40.000Z,IN_SESSION
CASY,726958,2020-09-08,2020-09-08T20:03:42.000Z,AFTER_CLOSE
CASY,726958,2020-09-14,2020-09-14T14:02:24.000Z,IN_SESSION
CASY,726958,2020-12-07,2020-12-07T22:04:41.000Z,AFTER_CLOSE
CASY,726958,2020-12-10,2020-12-10T00:00:01.000Z,AFTER_CLOSE
CASY,726958,2021-03-08,2021-03-08T22:04:01.000Z,AFTER_CLOSE
CASY,726958,2021-06-08,2021-06-08T21:03:50.000Z,AFTER_CLOSE
CASY,726958,2021-09-07,2021-09-07T21:03:50.000Z,AFTER_CLOSE
CASY,726958,2021-12-07,2021-12-07T22:04:35.000Z,AFTER_CLOSE
CASY,726958,2022-03-08,2022-03-08T22:05:54.000Z,AFTER_CLOSE
CASY,726958,2022-06-07,2022-06-07T21:00:48.000Z,AFTER_CLOSE
CASY,726958,2022-09-07,2022-09-07T21:00:38.000Z,AFTER_CLOSE
CASY,726958,2022-12-06,2022-12-06T22:07:08.000Z,AFTER_CLOSE
CASY,726958,2023-03-07,2023-03-07T22:04:02.000Z,AFTER_CLOSE
CASY,726958,2023-06-06,2023-06-06T21:03:56.000Z,AFTER_CLOSE
CASY,726958,2023-09-11,2023-09-11T20:18:42.000Z,AFTER_CLOSE
CASY,726958,2023-12-11,2023-12-11T21:22:02.000Z,AFTER_CLOSE
CASY,726958,2024-03-11,2024-03-11T20:37:15.000Z,AFTER_CLOSE
CASY,726958,2024-06-11,2024-06-11T20:38:19.000Z,AFTER_CLOSE
CASY,726958,2024-09-04,2024-09-04T21:34:40.000Z,AFTER_CLOSE
CASY,726958,2024-11-05,2024-11-05T13:04:58.000Z,BEFORE_OPEN
CASY,726958,2024-12-09,2024-12-09T21:16:16.000Z,AFTER_CLOSE
CASY,726958,2025-03-11,2025-03-11T20:31:18.000Z,AFTER_CLOSE
CASY,726958,2025-06-09,2025-06-09T20:35:28.000Z,AFTER_CLOSE
CASY,726958,2025-09-08,2025-09-08T20:29:19.000Z,AFTER_CLOSE
CASY,726958,2025-12-09,2025-12-09T21:34:19.000Z,AFTER_CLOSE
CASY,726958,2026-03-09,2026-03-09T20:36:02.000Z,AFTER_CLOSE
CASY,726958,2026-06-09,2026-06-09T20:30:36.000Z,AFTER_CLOSE
CAT,18230,2019-04-24,2019-04-24T11:33:05.000Z,BEFORE_OPEN
CAT,18230,2019-07-24,2019-07-24T11:31:33.000Z,BEFORE_OPEN
CAT,18230,2019-10-23,2019-10-23T10:32:00.000Z,BEFORE_OPEN
CAT,18230,2020-01-31,2020-01-31T11:46:33.000Z,BEFORE_OPEN
CAT,18230,2020-04-28,2020-04-28T10:34:00.000Z,BEFORE_OPEN
CAT,18230,2020-07-31,2020-07-31T12:34:54.000Z,BEFORE_OPEN
CAT,18230,2020-10-27,2020-10-27T10:30:38.000Z,BEFORE_OPEN
CAT,18230,2021-01-29,2021-01-29T11:30:47.000Z,BEFORE_OPEN
CAT,18230,2021-04-29,2021-04-29T10:31:00.000Z,BEFORE_OPEN
CAT,18230,2021-07-30,2021-07-30T10:30:59.000Z,BEFORE_OPEN
CAT,18230,2021-10-28,2021-10-28T10:32:29.000Z,BEFORE_OPEN
CAT,18230,2022-01-28,2022-01-28T11:31:05.000Z,BEFORE_OPEN
CAT,18230,2022-04-28,2022-04-28T10:32:03.000Z,BEFORE_OPEN
CAT,18230,2022-08-02,2022-08-02T10:33:33.000Z,BEFORE_OPEN
CAT,18230,2022-10-27,2022-10-27T10:30:50.000Z,BEFORE_OPEN
CAT,18230,2023-01-31,2023-01-31T11:32:04.000Z,BEFORE_OPEN
CAT,18230,2023-04-27,2023-04-27T10:32:20.000Z,BEFORE_OPEN
CAT,18230,2023-08-01,2023-08-01T10:31:57.000Z,BEFORE_OPEN
CAT,18230,2023-10-31,2023-10-31T10:32:42.000Z,BEFORE_OPEN
CAT,18230,2024-02-05,2024-02-05T11:31:52.000Z,BEFORE_OPEN
CAT,18230,2024-04-25,2024-04-25T10:31:31.000Z,BEFORE_OPEN
CAT,18230,2024-08-06,2024-08-06T10:32:05.000Z,BEFORE_OPEN
CAT,18230,2024-10-11,2024-10-11T12:34:44.000Z,BEFORE_OPEN
CAT,18230,2024-10-30,2024-10-30T10:33:36.000Z,BEFORE_OPEN
CAT,18230,2025-01-30,2025-01-30T11:32:45.000Z,BEFORE_OPEN
CAT,18230,2025-04-30,2025-04-30T10:31:43.000Z,BEFORE_OPEN
CAT,18230,2025-08-05,2025-08-05T10:32:10.000Z,BEFORE_OPEN
CAT,18230,2025-10-29,2025-10-29T10:32:45.000Z,BEFORE_OPEN
CAT,18230,2026-01-29,2026-01-29T11:31:34.000Z,BEFORE_OPEN
CAT,18230,2026-04-30,2026-04-30T10:31:34.000Z,BEFORE_OPEN
CAT,18230,2026-08-04,2026-08-04T10:31:44.000Z,BEFORE_OPEN
CB,896159,2018-04-03,2018-04-03T21:08:33.000Z,AFTER_CLOSE
CB,896159,2018-04-24,2018-04-24T20:23:57.000Z,AFTER_CLOSE
CB,896159,2018-07-24,2018-07-24T20:15:37.000Z,AFTER_CLOSE
CB,896159,2018-10-10,2018-10-10T20:06:58.000Z,AFTER_CLOSE
CB,896159,2018-10-23,2018-10-23T20:23:12.000Z,AFTER_CLOSE
CB,896159,2019-01-18,2019-01-18T21:26:04.000Z,AFTER_CLOSE
CB,896159,2019-02-05,2019-02-05T21:24:04.000Z,AFTER_CLOSE
CB,896159,2019-04-30,2019-04-30T20:20:05.000Z,AFTER_CLOSE
CB,896159,2019-07-23,2019-07-23T20:19:07.000Z,AFTER_CLOSE
CB,896159,2019-10-29,2019-10-29T23:15:55.000Z,AFTER_CLOSE
CB,896159,2020-01-14,2020-01-14T21:36:58.000Z,AFTER_CLOSE
CB,896159,2020-02-04,2020-02-04T22:06:45.000Z,AFTER_CLOSE
CB,896159,2020-04-21,2020-04-21T20:15:14.000Z,AFTER_CLOSE
CB,896159,2020-07-06,2020-07-06T21:09:03.000Z,AFTER_CLOSE
CB,896159,2020-07-28,2020-07-28T20:19:17.000Z,AFTER_CLOSE
CB,896159,2020-10-27,2020-10-27T20:37:59.000Z,AFTER_CLOSE
CB,896159,2021-02-02,2021-02-02T21:16:05.000Z,AFTER_CLOSE
CB,896159,2021-04-27,2021-04-27T20:23:19.000Z,AFTER_CLOSE
CB,896159,2021-07-27,2021-07-27T20:43:38.000Z,AFTER_CLOSE
CB,896159,2021-10-26,2021-10-26T20:18:04.000Z,AFTER_CLOSE
CB,896159,2022-02-01,2022-02-01T21:21:01.000Z,AFTER_CLOSE
CB,896159,2022-04-26,2022-04-26T20:13:10.000Z,AFTER_CLOSE
CB,896159,2022-07-26,2022-07-26T20:22:07.000Z,AFTER_CLOSE
CB,896159,2022-10-25,2022-10-25T20:57:10.000Z,AFTER_CLOSE
CB,896159,2023-01-31,2023-01-31T21:25:04.000Z,AFTER_CLOSE
CB,896159,2023-04-25,2023-04-25T20:25:32.000Z,AFTER_CLOSE
CB,896159,2023-07-25,2023-07-25T20:19:05.000Z,AFTER_CLOSE
CB,896159,2023-10-24,2023-10-24T20:22:00.000Z,AFTER_CLOSE
CB,896159,2024-01-31,2024-01-31T00:03:36.000Z,AFTER_CLOSE
CB,896159,2024-04-23,2024-04-23T20:26:01.000Z,AFTER_CLOSE
CB,896159,2024-07-23,2024-07-23T20:21:02.000Z,AFTER_CLOSE
CB,896159,2024-10-29,2024-10-29T20:21:56.000Z,AFTER_CLOSE
CB,896159,2025-01-28,2025-01-28T21:22:27.000Z,AFTER_CLOSE
CB,896159,2025-04-22,2025-04-22T21:22:51.000Z,AFTER_CLOSE
CB,896159,2025-07-22,2025-07-22T20:33:23.000Z,AFTER_CLOSE
CB,896159,2025-10-21,2025-10-21T20:19:22.000Z,AFTER_CLOSE
CB,896159,2026-02-03,2026-02-03T21:17:17.000Z,AFTER_CLOSE
CB,896159,2026-04-21,2026-04-21T20:26:30.000Z,AFTER_CLOSE
CB,896159,2026-07-21,2026-07-21T20:10:05.000Z,AFTER_CLOSE
CBOE,1374310,2015-07-31,2015-07-31T12:11:36.000Z,BEFORE_OPEN
CBOE,1374310,2015-10-30,2015-10-30T12:10:06.000Z,BEFORE_OPEN
CBOE,1374310,2016-02-03,2016-02-03T13:09:21.000Z,BEFORE_OPEN
CBOE,1374310,2016-04-29,2016-04-29T12:09:56.000Z,BEFORE_OPEN
CBOE,1374310,2016-07-29,2016-07-29T12:10:33.000Z,BEFORE_OPEN
CBOE,1374310,2016-10-28,2016-10-28T12:13:50.000Z,BEFORE_OPEN
CBOE,1374310,2017-02-06,2017-02-06T21:02:47.000Z,AFTER_CLOSE
CBOE,1374310,2017-05-09,2017-05-09T11:52:36.000Z,BEFORE_OPEN
CBOE,1374310,2017-08-04,2017-08-04T12:01:06.000Z,BEFORE_OPEN
CBOE,1374310,2017-11-07,2017-11-07T12:56:07.000Z,BEFORE_OPEN
CBOE,1374310,2018-02-09,2018-02-09T13:17:50.000Z,BEFORE_OPEN
CBOE,1374310,2018-05-04,2018-05-04T12:00:30.000Z,BEFORE_OPEN
CBOE,1374310,2018-08-03,2018-08-03T12:00:33.000Z,BEFORE_OPEN
CBOE,1374310,2018-11-02,2018-11-02T12:00:46.000Z,BEFORE_OPEN
CBOE,1374310,2019-02-08,2019-02-08T11:55:49.000Z,BEFORE_OPEN
CBOE,1374310,2019-05-03,2019-05-03T12:00:25.000Z,BEFORE_OPEN
CBOE,1374310,2019-08-02,2019-08-02T12:00:38.000Z,BEFORE_OPEN
CBOE,1374310,2019-11-01,2019-11-01T12:02:07.000Z,BEFORE_OPEN
CBOE,1374310,2020-02-07,2020-02-07T12:30:49.000Z,BEFORE_OPEN
CBOE,1374310,2020-05-01,2020-05-01T11:30:58.000Z,BEFORE_OPEN
CBOE,1374310,2020-07-31,2020-07-31T13:02:12.000Z,BEFORE_OPEN
CBOE,1374310,2020-08-03,2020-08-03T20:32:40.000Z,AFTER_CLOSE
CBOE,1374310,2020-10-30,2020-10-30T11:30:06.000Z,BEFORE_OPEN
CBOE,1374310,2021-02-05,2021-02-05T12:30:39.000Z,BEFORE_OPEN
CBOE,1374310,2021-04-30,2021-04-30T11:30:37.000Z,BEFORE_OPEN
CBOE,1374310,2021-07-30,2021-07-30T11:30:54.000Z,BEFORE_OPEN
CBOE,1374310,2021-10-29,2021-10-29T11:30:46.000Z,BEFORE_OPEN
CBOE,1374310,2022-02-04,2022-02-04T12:30:14.000Z,BEFORE_OPEN
CBOE,1374310,2022-04-29,2022-04-29T11:30:25.000Z,BEFORE_OPEN
CBOE,1374310,2022-07-29,2022-07-29T11:30:42.000Z,BEFORE_OPEN
CBOE,1374310,2022-11-04,2022-11-04T11:30:40.000Z,BEFORE_OPEN
CBOE,1374310,2023-02-03,2023-02-03T12:30:28.000Z,BEFORE_OPEN
CBOE,1374310,2023-05-05,2023-05-05T11:30:11.000Z,BEFORE_OPEN
CBOE,1374310,2023-08-04,2023-08-04T11:30:31.000Z,BEFORE_OPEN
CBOE,1374310,2023-11-03,2023-11-03T11:33:10.000Z,BEFORE_OPEN
CBOE,1374310,2024-02-02,2024-02-02T12:30:31.000Z,BEFORE_OPEN
CBOE,1374310,2024-05-03,2024-05-03T11:30:12.000Z,BEFORE_OPEN
CBOE,1374310,2024-08-02,2024-08-02T11:31:11.000Z,BEFORE_OPEN
CBOE,1374310,2024-11-01,2024-11-01T11:28:12.000Z,BEFORE_OPEN
CBOE,1374310,2025-02-07,2025-02-07T12:28:35.000Z,BEFORE_OPEN
CBOE,1374310,2025-05-02,2025-05-02T11:30:23.000Z,BEFORE_OPEN
CBOE,1374310,2025-08-01,2025-08-01T11:30:43.000Z,BEFORE_OPEN
CBOE,1374310,2025-10-31,2025-10-31T11:30:24.000Z,BEFORE_OPEN
CBOE,1374310,2026-02-06,2026-02-06T12:30:17.000Z,BEFORE_OPEN
CBOE,1374310,2026-05-01,2026-05-01T11:30:01.000Z,BEFORE_OPEN
CBOE,1374310,2026-07-31,2026-07-31T11:30:14.000Z,BEFORE_OPEN
CBRE,1138118,2017-04-27,2017-04-27T10:56:02.000Z,BEFORE_OPEN
CBRE,1138118,2017-07-27,2017-07-27T10:59:26.000Z,BEFORE_OPEN
CBRE,1138118,2017-11-03,2017-11-03T10:59:15.000Z,BEFORE_OPEN
CBRE,1138118,2018-02-08,2018-02-08T12:02:26.000Z,BEFORE_OPEN
CBRE,1138118,2018-05-02,2018-05-02T10:57:15.000Z,BEFORE_OPEN
CBRE,1138118,2018-08-02,2018-08-02T10:55:32.000Z,BEFORE_OPEN
CBRE,1138118,2018-11-01,2018-11-01T10:54:57.000Z,BEFORE_OPEN
CBRE,1138118,2019-02-13,2019-02-13T11:55:06.000Z,BEFORE_OPEN
CBRE,1138118,2019-05-08,2019-05-08T10:54:49.000Z,BEFORE_OPEN
CBRE,1138118,2019-08-01,2019-08-01T10:55:58.000Z,BEFORE_OPEN
CBRE,1138118,2019-11-06,2019-11-06T11:55:53.000Z,BEFORE_OPEN
CBRE,1138118,2020-02-27,2020-02-27T11:55:38.000Z,BEFORE_OPEN
CBRE,1138118,2020-05-07,2020-05-07T10:55:42.000Z,BEFORE_OPEN
CBRE,1138118,2020-07-31,2020-07-31T12:40:43.000Z,BEFORE_OPEN
CBRE,1138118,2020-10-29,2020-10-29T10:55:25.000Z,BEFORE_OPEN
CBRE,1138118,2021-02-23,2021-02-23T12:11:31.000Z,BEFORE_OPEN
CBRE,1138118,2021-04-29,2021-04-29T10:55:46.000Z,BEFORE_OPEN
CBRE,1138118,2021-07-29,2021-07-29T11:00:48.000Z,BEFORE_OPEN
CBRE,1138118,2021-10-28,2021-10-28T10:59:32.000Z,BEFORE_OPEN
CBRE,1138118,2022-02-24,2022-02-24T11:59:41.000Z,BEFORE_OPEN
CBRE,1138118,2022-05-05,2022-05-05T10:59:12.000Z,BEFORE_OPEN
CBRE,1138118,2022-08-04,2022-08-04T10:40:22.000Z,BEFORE_OPEN
CBRE,1138118,2022-10-27,2022-10-27T10:40:32.000Z,BEFORE_OPEN
CBRE,1138118,2023-02-23,2023-02-23T11:44:35.000Z,BEFORE_OPEN
CBRE,1138118,2023-04-27,2023-04-27T10:33:39.000Z,BEFORE_OPEN
CBRE,1138118,2023-07-27,2023-07-27T11:20:29.000Z,BEFORE_OPEN
CBRE,1138118,2023-10-27,2023-10-27T10:46:17.000Z,BEFORE_OPEN
CBRE,1138118,2024-02-15,2024-02-15T12:00:43.000Z,BEFORE_OPEN
CBRE,1138118,2024-05-03,2024-05-03T10:46:27.000Z,BEFORE_OPEN
CBRE,1138118,2024-07-25,2024-07-25T10:49:11.000Z,BEFORE_OPEN
CBRE,1138118,2024-10-24,2024-10-24T11:06:44.000Z,BEFORE_OPEN
CBRE,1138118,2025-01-14,2025-01-14T22:00:09.000Z,AFTER_CLOSE
CBRE,1138118,2025-02-13,2025-02-13T12:18:20.000Z,BEFORE_OPEN
CBRE,1138118,2025-04-24,2025-04-24T11:00:14.000Z,BEFORE_OPEN
CBRE,1138118,2025-07-29,2025-07-29T11:07:13.000Z,BEFORE_OPEN
CBRE,1138118,2025-10-23,2025-10-23T11:02:47.000Z,BEFORE_OPEN
CBRE,1138118,2026-02-12,2026-02-12T12:04:53.000Z,BEFORE_OPEN
CBRE,1138118,2026-04-23,2026-04-23T11:01:04.000Z,BEFORE_OPEN
CBRE,1138118,2026-07-29,2026-07-29T11:02:05.000Z,BEFORE_OPEN
CCI,1051470,2016-04-21,2016-04-21T20:22:33.000Z,AFTER_CLOSE
CCI,1051470,2016-07-21,2016-07-21T20:25:02.000Z,AFTER_CLOSE
CCI,1051470,2016-10-20,2016-10-20T20:26:04.000Z,AFTER_CLOSE
CCI,1051470,2017-01-25,2017-01-25T21:24:15.000Z,AFTER_CLOSE
CCI,1051470,2017-04-24,2017-04-24T20:24:48.000Z,AFTER_CLOSE
CCI,1051470,2017-07-19,2017-07-19T10:20:35.000Z,BEFORE_OPEN
CCI,1051470,2017-10-18,2017-10-18T20:32:53.000Z,AFTER_CLOSE
CCI,1051470,2018-01-24,2018-01-24T21:22:04.000Z,AFTER_CLOSE
CCI,1051470,2018-04-18,2018-04-18T20:23:20.000Z,AFTER_CLOSE
CCI,1051470,2018-07-18,2018-07-18T20:37:28.000Z,AFTER_CLOSE
CCI,1051470,2018-10-17,2018-10-17T20:22:57.000Z,AFTER_CLOSE
CCI,1051470,2019-01-23,2019-01-23T21:23:16.000Z,AFTER_CLOSE
CCI,1051470,2019-04-17,2019-04-17T20:21:43.000Z,AFTER_CLOSE
CCI,1051470,2019-07-17,2019-07-17T20:21:33.000Z,AFTER_CLOSE
CCI,1051470,2019-10-16,2019-10-16T20:24:16.000Z,AFTER_CLOSE
CCI,1051470,2020-02-26,2020-02-26T21:27:08.000Z,AFTER_CLOSE
CCI,1051470,2020-04-29,2020-04-29T20:18:11.000Z,AFTER_CLOSE
CCI,1051470,2020-07-29,2020-07-29T21:24:08.000Z,AFTER_CLOSE
CCI,1051470,2020-10-21,2020-10-21T20:29:18.000Z,AFTER_CLOSE
CCI,1051470,2021-01-27,2021-01-27T21:24:25.000Z,AFTER_CLOSE
CCI,1051470,2021-04-21,2021-04-21T20:19:42.000Z,AFTER_CLOSE
CCI,1051470,2021-04-26,2021-04-26T13:07:20.000Z,BEFORE_OPEN
CCI,1051470,2021-07-21,2021-07-21T20:17:47.000Z,AFTER_CLOSE
CCI,1051470,2021-10-20,2021-10-20T20:21:23.000Z,AFTER_CLOSE
CCI,1051470,2022-01-26,2022-01-26T21:20:54.000Z,AFTER_CLOSE
CCI,1051470,2022-04-20,2022-04-20T20:18:12.000Z,AFTER_CLOSE
CCI,1051470,2022-07-20,2022-07-20T20:18:36.000Z,AFTER_CLOSE
CCI,1051470,2022-10-19,2022-10-19T20:24:29.000Z,AFTER_CLOSE
CCI,1051470,2023-01-25,2023-01-25T21:21:50.000Z,AFTER_CLOSE
CCI,1051470,2023-04-19,2023-04-19T20:17:55.000Z,AFTER_CLOSE
CCI,1051470,2023-07-19,2023-07-19T20:25:41.000Z,AFTER_CLOSE
CCI,1051470,2023-10-18,2023-10-18T20:17:59.000Z,AFTER_CLOSE
CCI,1051470,2024-01-24,2024-01-24T21:17:32.000Z,AFTER_CLOSE
CCI,1051470,2024-04-17,2024-04-17T20:18:12.000Z,AFTER_CLOSE
CCI,1051470,2024-07-17,2024-07-17T20:09:46.000Z,AFTER_CLOSE
CCI,1051470,2024-10-16,2024-10-16T20:10:24.000Z,AFTER_CLOSE
CCI,1051470,2025-03-13,2025-03-13T20:17:22.000Z,AFTER_CLOSE
CCI,1051470,2025-04-30,2025-04-30T20:17:21.000Z,AFTER_CLOSE
CCI,1051470,2025-07-23,2025-07-23T20:20:19.000Z,AFTER_CLOSE
CCI,1051470,2025-10-22,2025-10-22T20:17:39.000Z,AFTER_CLOSE
CCI,1051470,2026-01-12,2026-01-12T21:37:15.000Z,AFTER_CLOSE
CCI,1051470,2026-02-04,2026-02-04T21:17:47.000Z,AFTER_CLOSE
CCI,1051470,2026-04-22,2026-04-22T20:16:44.000Z,AFTER_CLOSE
CCI,1051470,2026-05-01,2026-05-01T13:21:44.000Z,BEFORE_OPEN
CCI,1051470,2026-07-22,2026-07-22T20:17:40.000Z,AFTER_CLOSE
CCL,815097,2011-09-20,2011-09-20T13:26:39.000Z,BEFORE_OPEN
CCL,815097,2011-12-20,2011-12-20T14:23:39.000Z,BEFORE_OPEN
CCL,815097,2012-03-09,2012-03-09T14:19:54.000Z,BEFORE_OPEN
CCL,815097,2012-06-22,2012-06-22T13:22:47.000Z,BEFORE_OPEN
CCL,815097,2012-09-25,2012-09-25T13:38:39.000Z,IN_SESSION
CCL,815097,2012-12-20,2012-12-20T14:24:40.000Z,BEFORE_OPEN
CCL,815097,2013-03-15,2013-03-15T13:32:47.000Z,IN_SESSION
CCL,815097,2013-06-25,2013-06-25T13:08:23.000Z,BEFORE_OPEN
CCL,815097,2013-09-24,2013-09-24T13:29:06.000Z,BEFORE_OPEN
CCL,815097,2013-12-19,2013-12-19T14:31:36.000Z,IN_SESSION
CCL,815097,2014-03-25,2014-03-25T13:27:36.000Z,BEFORE_OPEN
CCL,815097,2014-06-24,2014-06-24T13:26:36.000Z,BEFORE_OPEN
CCL,815097,2014-09-23,2014-09-23T13:26:54.000Z,BEFORE_OPEN
CCL,815097,2014-12-19,2014-12-19T14:21:36.000Z,BEFORE_OPEN
CCL,815097,2015-03-27,2015-03-27T13:23:34.000Z,BEFORE_OPEN
CCL,815097,2015-06-23,2015-06-23T13:24:35.000Z,BEFORE_OPEN
CCL,815097,2015-09-22,2015-09-22T13:30:37.000Z,IN_SESSION
CCL,815097,2015-12-18,2015-12-18T14:26:07.000Z,BEFORE_OPEN
CCL,815097,2016-03-30,2016-03-30T13:30:05.000Z,IN_SESSION
CCL,815097,2016-06-28,2016-06-28T13:32:12.000Z,IN_SESSION
CCL,815097,2016-09-26,2016-09-26T13:21:08.000Z,BEFORE_OPEN
CCL,815097,2016-12-20,2016-12-20T14:24:11.000Z,BEFORE_OPEN
CCL,815097,2017-03-28,2017-03-28T13:31:48.000Z,IN_SESSION
CCL,815097,2017-06-22,2017-06-22T12:50:04.000Z,BEFORE_OPEN
CCL,815097,2017-09-26,2017-09-26T13:15:21.000Z,BEFORE_OPEN
CCL,815097,2017-12-19,2017-12-19T14:18:13.000Z,BEFORE_OPEN
CCL,815097,2018-03-22,2018-03-22T13:15:58.000Z,BEFORE_OPEN
CCL,815097,2018-06-25,2018-06-25T13:17:44.000Z,BEFORE_OPEN
CCL,815097,2018-09-27,2018-09-27T13:16:23.000Z,BEFORE_OPEN
CCL,815097,2018-12-20,2018-12-20T14:16:11.000Z,BEFORE_OPEN
CCL,815097,2019-03-26,2019-03-26T13:16:25.000Z,BEFORE_OPEN
CCL,815097,2019-06-20,2019-06-20T10:48:56.000Z,BEFORE_OPEN
CCL,815097,2019-09-26,2019-09-26T13:16:54.000Z,BEFORE_OPEN
CCL,815097,2019-12-20,2019-12-20T14:17:01.000Z,BEFORE_OPEN
CCL,815097,2020-03-19,2020-03-19T21:20:45.000Z,AFTER_CLOSE
CCL,815097,2020-03-31,2020-03-31T10:48:54.000Z,BEFORE_OPEN
CCL,815097,2020-06-18,2020-06-18T10:03:06.000Z,BEFORE_OPEN
CCL,815097,2020-07-10,2020-07-10T13:15:40.000Z,BEFORE_OPEN
CCL,815097,2020-09-15,2020-09-15T11:00:40.000Z,BEFORE_OPEN
CCL,815097,2020-10-08,2020-10-08T13:15:51.000Z,BEFORE_OPEN
CCL,815097,2021-01-11,2021-01-11T14:15:26.000Z,BEFORE_OPEN
CCL,815097,2021-04-07,2021-04-07T13:15:30.000Z,BEFORE_OPEN
CCL,815097,2021-06-24,2021-06-24T13:15:08.000Z,BEFORE_OPEN
CCL,815097,2021-09-24,2021-09-24T13:16:14.000Z,BEFORE_OPEN
CCL,815097,2021-12-20,2021-12-20T14:17:45.000Z,BEFORE_OPEN
CCL,815097,2022-03-22,2022-03-22T13:15:57.000Z,BEFORE_OPEN
CCL,815097,2022-06-24,2022-06-24T13:17:21.000Z,BEFORE_OPEN
CCL,815097,2022-09-30,2022-09-30T13:15:52.000Z,BEFORE_OPEN
CCL,815097,2022-12-21,2022-12-21T14:16:07.000Z,BEFORE_OPEN
CCL,815097,2023-03-27,2023-03-27T13:15:56.000Z,BEFORE_OPEN
CCL,815097,2023-06-26,2023-06-26T13:16:18.000Z,BEFORE_OPEN
CCL,815097,2023-09-29,2023-09-29T13:16:06.000Z,BEFORE_OPEN
CCL,815097,2023-12-21,2023-12-21T14:18:51.000Z,BEFORE_OPEN
CCL,815097,2024-03-27,2024-03-27T13:18:07.000Z,BEFORE_OPEN
CCL,815097,2024-06-25,2024-06-25T13:17:28.000Z,BEFORE_OPEN
CCL,815097,2024-09-30,2024-09-30T13:17:30.000Z,BEFORE_OPEN
CCL,815097,2024-12-20,2024-12-20T14:17:22.000Z,BEFORE_OPEN
CCL,815097,2025-03-21,2025-03-21T13:16:42.000Z,BEFORE_OPEN
CCL,815097,2025-06-24,2025-06-24T13:17:19.000Z,BEFORE_OPEN
CCL,815097,2025-09-29,2025-09-29T13:16:55.000Z,BEFORE_OPEN
CCL,815097,2025-12-19,2025-12-19T14:17:01.000Z,BEFORE_OPEN
CCL,815097,2026-03-27,2026-03-27T13:18:08.000Z,BEFORE_OPEN
CCL,815097,2026-06-23,2026-06-23T13:16:37.000Z,BEFORE_OPEN
CDNS,813672,2019-10-21,2019-10-21T20:09:03.000Z,AFTER_CLOSE
CDNS,813672,2020-02-12,2020-02-12T21:09:33.000Z,AFTER_CLOSE
CDNS,813672,2020-04-20,2020-04-20T20:09:16.000Z,AFTER_CLOSE
CDNS,813672,2020-07-20,2020-07-20T20:07:46.000Z,AFTER_CLOSE
CDNS,813672,2020-10-19,2020-10-19T20:06:37.000Z,AFTER_CLOSE
CDNS,813672,2021-02-22,2021-02-22T21:06:20.000Z,AFTER_CLOSE
CDNS,813672,2021-04-26,2021-04-26T20:05:51.000Z,AFTER_CLOSE
CDNS,813672,2021-07-26,2021-07-26T20:09:07.000Z,AFTER_CLOSE
CDNS,813672,2021-10-25,2021-10-25T20:06:08.000Z,AFTER_CLOSE
CDNS,813672,2022-02-22,2022-02-22T21:06:00.000Z,AFTER_CLOSE
CDNS,813672,2022-04-25,2022-04-25T20:05:56.000Z,AFTER_CLOSE
CDNS,813672,2022-07-25,2022-07-25T20:06:05.000Z,AFTER_CLOSE
CDNS,813672,2022-10-24,2022-10-24T20:05:48.000Z,AFTER_CLOSE
CDNS,813672,2023-02-13,2023-02-13T21:06:17.000Z,AFTER_CLOSE
CDNS,813672,2023-04-24,2023-04-24T20:06:18.000Z,AFTER_CLOSE
CDNS,813672,2023-07-24,2023-07-24T20:05:55.000Z,AFTER_CLOSE
CDNS,813672,2023-10-23,2023-10-23T20:05:55.000Z,AFTER_CLOSE
CDNS,813672,2024-02-12,2024-02-12T21:04:39.000Z,AFTER_CLOSE
CDNS,813672,2024-04-22,2024-04-22T20:02:59.000Z,AFTER_CLOSE
CDNS,813672,2024-07-22,2024-07-22T20:04:10.000Z,AFTER_CLOSE
CDNS,813672,2024-10-28,2024-10-28T20:03:44.000Z,AFTER_CLOSE
CDNS,813672,2025-02-18,2025-02-18T21:04:08.000Z,AFTER_CLOSE
CDNS,813672,2025-04-28,2025-04-28T20:03:44.000Z,AFTER_CLOSE
CDNS,813672,2025-07-28,2025-07-28T20:03:12.000Z,AFTER_CLOSE
CDNS,813672,2025-10-27,2025-10-27T20:03:04.000Z,AFTER_CLOSE
CDNS,813672,2026-02-17,2026-02-17T21:02:58.000Z,AFTER_CLOSE
CDNS,813672,2026-04-27,2026-04-27T20:03:41.000Z,AFTER_CLOSE
CDNS,813672,2026-07-27,2026-07-27T20:03:05.000Z,AFTER_CLOSE
CEG,1868275,2022-05-12,2022-05-12T10:56:25.000Z,BEFORE_OPEN
CEG,1868275,2022-08-04,2022-08-04T10:57:17.000Z,BEFORE_OPEN
CEG,1868275,2022-11-08,2022-11-08T11:59:47.000Z,BEFORE_OPEN
CEG,1868275,2023-02-16,2023-02-16T11:50:38.000Z,BEFORE_OPEN
CEG,1868275,2023-05-04,2023-05-04T10:55:44.000Z,BEFORE_OPEN
CEG,1868275,2023-08-03,2023-08-03T10:56:03.000Z,BEFORE_OPEN
CEG,1868275,2023-11-06,2023-11-06T11:50:22.000Z,BEFORE_OPEN
CEG,1868275,2024-02-27,2024-02-27T11:02:36.000Z,BEFORE_OPEN
CEG,1868275,2024-05-09,2024-05-09T10:52:15.000Z,BEFORE_OPEN
CEG,1868275,2024-08-06,2024-08-06T10:56:11.000Z,BEFORE_OPEN
CEG,1868275,2024-11-04,2024-11-04T11:54:55.000Z,BEFORE_OPEN
CEG,1868275,2025-02-18,2025-02-18T11:59:29.000Z,BEFORE_OPEN
CEG,1868275,2025-05-06,2025-05-06T10:50:46.000Z,BEFORE_OPEN
CEG,1868275,2025-08-07,2025-08-07T10:58:18.000Z,BEFORE_OPEN
CEG,1868275,2025-11-07,2025-11-07T12:00:24.000Z,BEFORE_OPEN
CEG,1868275,2026-02-24,2026-02-24T11:56:14.000Z,BEFORE_OPEN
CEG,1868275,2026-05-11,2026-05-11T10:59:49.000Z,BEFORE_OPEN
CEG,1868275,2026-08-06,2026-08-06T10:52:23.000Z,BEFORE_OPEN
CFG,759944,2019-07-19,2019-07-19T10:40:22.000Z,BEFORE_OPEN
CFG,759944,2019-10-18,2019-10-18T10:33:43.000Z,BEFORE_OPEN
CFG,759944,2020-01-17,2020-01-17T11:45:45.000Z,BEFORE_OPEN
CFG,759944,2020-04-17,2020-04-17T12:21:15.000Z,BEFORE_OPEN
CFG,759944,2020-07-17,2020-07-17T12:28:20.000Z,BEFORE_OPEN
CFG,759944,2020-10-16,2020-10-16T11:01:13.000Z,BEFORE_OPEN
CFG,759944,2021-01-20,2021-01-20T11:31:30.000Z,BEFORE_OPEN
CFG,759944,2021-04-16,2021-04-16T10:38:10.000Z,BEFORE_OPEN
CFG,759944,2021-07-20,2021-07-20T10:51:58.000Z,BEFORE_OPEN
CFG,759944,2021-10-20,2021-10-20T10:35:50.000Z,BEFORE_OPEN
CFG,759944,2022-01-19,2022-01-19T11:26:38.000Z,BEFORE_OPEN
CFG,759944,2022-04-19,2022-04-19T10:50:44.000Z,BEFORE_OPEN
CFG,759944,2022-07-19,2022-07-19T11:42:09.000Z,BEFORE_OPEN
CFG,759944,2022-10-19,2022-10-19T11:05:53.000Z,BEFORE_OPEN
CFG,759944,2023-01-17,2023-01-17T12:06:17.000Z,BEFORE_OPEN
CFG,759944,2023-04-19,2023-04-19T10:48:01.000Z,BEFORE_OPEN
CFG,759944,2023-07-19,2023-07-19T10:43:03.000Z,BEFORE_OPEN
CFG,759944,2023-10-18,2023-10-18T10:39:15.000Z,BEFORE_OPEN
CFG,759944,2024-01-17,2024-01-17T11:29:09.000Z,BEFORE_OPEN
CFG,759944,2024-04-17,2024-04-17T10:28:38.000Z,BEFORE_OPEN
CFG,759944,2024-07-17,2024-07-17T10:54:42.000Z,BEFORE_OPEN
CFG,759944,2024-10-16,2024-10-16T10:30:08.000Z,BEFORE_OPEN
CFG,759944,2025-01-17,2025-01-17T11:32:33.000Z,BEFORE_OPEN
CFG,759944,2025-04-16,2025-04-16T10:24:46.000Z,BEFORE_OPEN
CFG,759944,2025-07-17,2025-07-17T10:23:46.000Z,BEFORE_OPEN
CFG,759944,2025-10-15,2025-10-15T10:32:57.000Z,BEFORE_OPEN
CFG,759944,2026-01-21,2026-01-21T11:25:02.000Z,BEFORE_OPEN
CFG,759944,2026-04-16,2026-04-16T10:30:34.000Z,BEFORE_OPEN
CFG,759944,2026-07-16,2026-07-16T10:32:21.000Z,BEFORE_OPEN
CHD,313927,2023-02-03,2023-02-03T12:08:27.000Z,BEFORE_OPEN
CHD,313927,2023-04-27,2023-04-27T11:05:32.000Z,BEFORE_OPEN
CHD,313927,2023-07-28,2023-07-28T11:03:53.000Z,BEFORE_OPEN
CHD,313927,2023-11-03,2023-11-03T11:06:10.000Z,BEFORE_OPEN
CHD,313927,2024-02-02,2024-02-02T12:09:37.000Z,BEFORE_OPEN
CHD,313927,2024-05-02,2024-05-02T11:06:02.000Z,BEFORE_OPEN
CHD,313927,2024-08-02,2024-08-02T11:05:33.000Z,BEFORE_OPEN
CHD,313927,2024-11-01,2024-11-01T11:02:15.000Z,BEFORE_OPEN
CHD,313927,2025-01-31,2025-01-31T12:06:02.000Z,BEFORE_OPEN
CHD,313927,2025-05-01,2025-05-01T11:03:11.000Z,BEFORE_OPEN
CHD,313927,2025-08-01,2025-08-01T11:07:13.000Z,BEFORE_OPEN
CHD,313927,2025-10-31,2025-10-31T11:04:54.000Z,BEFORE_OPEN
CHD,313927,2026-01-30,2026-01-30T12:07:20.000Z,BEFORE_OPEN
CHD,313927,2026-05-01,2026-05-01T11:08:26.000Z,BEFORE_OPEN
CHD,313927,2026-07-31,2026-07-31T11:04:30.000Z,BEFORE_OPEN
CI,1739940,2019-05-02,2019-05-02T10:05:29.000Z,BEFORE_OPEN
CI,1739940,2019-08-01,2019-08-01T10:05:28.000Z,BEFORE_OPEN
CI,1739940,2019-10-31,2019-10-31T10:05:53.000Z,BEFORE_OPEN
CI,1739940,2020-02-06,2020-02-06T11:15:44.000Z,BEFORE_OPEN
CI,1739940,2020-04-30,2020-04-30T10:15:31.000Z,BEFORE_OPEN
CI,1739940,2020-07-30,2020-07-30T10:18:55.000Z,BEFORE_OPEN
CI,1739940,2020-11-05,2020-11-05T11:15:35.000Z,BEFORE_OPEN
CI,1739940,2021-02-04,2021-02-04T11:15:26.000Z,BEFORE_OPEN
CI,1739940,2021-05-07,2021-05-07T10:15:20.000Z,BEFORE_OPEN
CI,1739940,2021-08-05,2021-08-05T10:15:23.000Z,BEFORE_OPEN
CI,1739940,2021-11-04,2021-11-04T10:15:20.000Z,BEFORE_OPEN
CI,1739940,2022-02-03,2022-02-03T11:15:46.000Z,BEFORE_OPEN
CI,1739940,2022-05-06,2022-05-06T10:15:21.000Z,BEFORE_OPEN
CI,1739940,2022-08-04,2022-08-04T10:16:00.000Z,BEFORE_OPEN
CI,1739940,2022-11-03,2022-11-03T10:15:22.000Z,BEFORE_OPEN
CI,1739940,2023-02-03,2023-02-03T11:15:14.000Z,BEFORE_OPEN
CI,1739940,2023-05-05,2023-05-05T10:15:22.000Z,BEFORE_OPEN
CI,1739940,2023-08-03,2023-08-03T10:15:27.000Z,BEFORE_OPEN
CI,1739940,2023-11-02,2023-11-02T10:16:18.000Z,BEFORE_OPEN
CI,1739940,2024-02-02,2024-02-02T11:15:28.000Z,BEFORE_OPEN
CI,1739940,2024-05-02,2024-05-02T10:15:15.000Z,BEFORE_OPEN
CI,1739940,2024-08-01,2024-08-01T10:15:16.000Z,BEFORE_OPEN
CI,1739940,2024-10-31,2024-10-31T10:15:24.000Z,BEFORE_OPEN
CI,1739940,2025-01-30,2025-01-30T11:15:27.000Z,BEFORE_OPEN
CI,1739940,2025-05-02,2025-05-02T10:16:01.000Z,BEFORE_OPEN
CI,1739940,2025-07-31,2025-07-31T10:15:52.000Z,BEFORE_OPEN
CI,1739940,2025-10-30,2025-10-30T10:15:59.000Z,BEFORE_OPEN
CI,1739940,2026-02-05,2026-02-05T11:15:54.000Z,BEFORE_OPEN
CI,1739940,2026-04-30,2026-04-30T10:15:32.000Z,BEFORE_OPEN
CI,1739940,2026-07-30,2026-07-30T10:16:02.000Z,BEFORE_OPEN
CIEN,936395,2020-12-10,2020-12-10T12:06:41.000Z,BEFORE_OPEN
CIEN,936395,2021-03-04,2021-03-04T12:08:47.000Z,BEFORE_OPEN
CIEN,936395,2021-06-03,2021-06-03T11:04:52.000Z,BEFORE_OPEN
CIEN,936395,2021-09-02,2021-09-02T11:10:23.000Z,BEFORE_OPEN
CIEN,936395,2021-12-09,2021-12-09T12:06:16.000Z,BEFORE_OPEN
CIEN,936395,2022-02-15,2022-02-15T12:03:54.000Z,BEFORE_OPEN
CIEN,936395,2022-03-07,2022-03-07T12:11:23.000Z,BEFORE_OPEN
CIEN,936395,2022-06-02,2022-06-02T11:01:47.000Z,BEFORE_OPEN
CIEN,936395,2022-09-01,2022-09-01T11:01:49.000Z,BEFORE_OPEN
CIEN,936395,2022-12-08,2022-12-08T12:01:36.000Z,BEFORE_OPEN
CIEN,936395,2023-03-06,2023-03-06T12:26:24.000Z,BEFORE_OPEN
CIEN,936395,2023-06-06,2023-06-06T11:04:12.000Z,BEFORE_OPEN
CIEN,936395,2023-08-31,2023-08-31T11:02:55.000Z,BEFORE_OPEN
CIEN,936395,2023-12-07,2023-12-07T12:02:41.000Z,BEFORE_OPEN
CIEN,936395,2024-03-07,2024-03-07T12:03:09.000Z,BEFORE_OPEN
CIEN,936395,2024-06-06,2024-06-06T11:03:26.000Z,BEFORE_OPEN
CIEN,936395,2024-09-04,2024-09-04T11:05:17.000Z,BEFORE_OPEN
CIEN,936395,2024-12-12,2024-12-12T12:05:00.000Z,BEFORE_OPEN
CIEN,936395,2025-03-11,2025-03-11T11:27:01.000Z,BEFORE_OPEN
CIEN,936395,2025-06-05,2025-06-05T11:05:10.000Z,BEFORE_OPEN
CIEN,936395,2025-09-04,2025-09-04T11:02:08.000Z,BEFORE_OPEN
CIEN,936395,2025-12-11,2025-12-11T12:07:39.000Z,BEFORE_OPEN
CIEN,936395,2026-03-05,2026-03-05T12:49:58.000Z,BEFORE_OPEN
CIEN,936395,2026-06-04,2026-06-04T11:05:06.000Z,BEFORE_OPEN
CIEN,936395,2026-09-03,2026-09-03T11:07:42.000Z,BEFORE_OPEN
CINF,20286,2018-02-07,2018-02-07T21:10:38.000Z,AFTER_CLOSE
CINF,20286,2018-04-25,2018-04-25T20:11:03.000Z,AFTER_CLOSE
CINF,20286,2018-07-26,2018-07-26T20:08:38.000Z,AFTER_CLOSE
CINF,20286,2018-10-12,2018-10-12T18:01:16.000Z,IN_SESSION
CINF,20286,2018-10-25,2018-10-25T20:11:11.000Z,AFTER_CLOSE
CINF,20286,2019-02-06,2019-02-06T21:09:50.000Z,AFTER_CLOSE
CINF,20286,2019-04-24,2019-04-24T20:06:46.000Z,AFTER_CLOSE
CINF,20286,2019-07-30,2019-07-30T20:06:56.000Z,AFTER_CLOSE
CINF,20286,2019-10-24,2019-10-24T20:09:25.000Z,AFTER_CLOSE
CINF,20286,2020-02-05,2020-02-05T21:10:03.000Z,AFTER_CLOSE
CINF,20286,2020-04-27,2020-04-27T20:12:41.000Z,AFTER_CLOSE
CINF,20286,2020-07-27,2020-07-27T20:07:17.000Z,AFTER_CLOSE
CINF,20286,2020-10-26,2020-10-26T20:09:37.000Z,AFTER_CLOSE
CINF,20286,2021-02-10,2021-02-10T21:09:46.000Z,AFTER_CLOSE
CINF,20286,2021-04-28,2021-04-28T20:07:24.000Z,AFTER_CLOSE
CINF,20286,2021-07-28,2021-07-28T20:07:02.000Z,AFTER_CLOSE
CINF,20286,2021-10-27,2021-10-27T20:07:31.000Z,AFTER_CLOSE
CINF,20286,2022-02-15,2022-02-15T21:08:05.000Z,AFTER_CLOSE
CINF,20286,2022-04-28,2022-04-28T20:08:40.000Z,AFTER_CLOSE
CINF,20286,2022-07-27,2022-07-27T20:08:40.000Z,AFTER_CLOSE
CINF,20286,2022-10-21,2022-10-21T18:52:08.000Z,IN_SESSION
CINF,20286,2022-10-31,2022-10-31T20:07:32.000Z,AFTER_CLOSE
CINF,20286,2023-01-30,2023-01-30T13:35:58.000Z,BEFORE_OPEN
CINF,20286,2023-02-06,2023-02-06T21:07:11.000Z,AFTER_CLOSE
CINF,20286,2023-04-17,2023-04-17T12:48:19.000Z,BEFORE_OPEN
CINF,20286,2023-04-27,2023-04-27T20:08:02.000Z,AFTER_CLOSE
CINF,20286,2023-07-27,2023-07-27T20:07:27.000Z,AFTER_CLOSE
CINF,20286,2023-10-26,2023-10-26T20:15:55.000Z,AFTER_CLOSE
CINF,20286,2024-02-06,2024-02-06T21:14:49.000Z,AFTER_CLOSE
CINF,20286,2024-04-25,2024-04-25T20:07:47.000Z,AFTER_CLOSE
CINF,20286,2024-07-25,2024-07-25T20:07:24.000Z,AFTER_CLOSE
CINF,20286,2024-10-24,2024-10-24T20:06:47.000Z,AFTER_CLOSE
CINF,20286,2025-02-10,2025-02-10T21:08:41.000Z,AFTER_CLOSE
CINF,20286,2025-04-28,2025-04-28T20:11:43.000Z,AFTER_CLOSE
CINF,20286,2025-07-28,2025-07-28T20:15:44.000Z,AFTER_CLOSE
CINF,20286,2025-10-27,2025-10-27T20:07:46.000Z,AFTER_CLOSE
CINF,20286,2026-02-09,2026-02-09T21:10:59.000Z,AFTER_CLOSE
CINF,20286,2026-04-27,2026-04-27T20:08:01.000Z,AFTER_CLOSE
CINF,20286,2026-07-27,2026-07-27T20:07:58.000Z,AFTER_CLOSE
CL,21665,2017-10-27,2017-10-27T12:00:52.000Z,BEFORE_OPEN
CL,21665,2018-01-26,2018-01-26T13:00:36.000Z,BEFORE_OPEN
CL,21665,2018-04-27,2018-04-27T12:00:24.000Z,BEFORE_OPEN
CL,21665,2018-07-27,2018-07-27T12:00:37.000Z,BEFORE_OPEN
CL,21665,2018-10-26,2018-10-26T12:10:03.000Z,BEFORE_OPEN
CL,21665,2019-01-25,2019-01-25T13:00:31.000Z,BEFORE_OPEN
CL,21665,2019-04-26,2019-04-26T12:00:35.000Z,BEFORE_OPEN
CL,21665,2019-07-26,2019-07-26T12:00:22.000Z,BEFORE_OPEN
CL,21665,2019-11-01,2019-11-01T12:00:36.000Z,BEFORE_OPEN
CL,21665,2020-01-31,2020-01-31T13:00:48.000Z,BEFORE_OPEN
CL,21665,2020-05-01,2020-05-01T12:01:02.000Z,BEFORE_OPEN
CL,21665,2020-07-31,2020-07-31T12:42:06.000Z,BEFORE_OPEN
CL,21665,2020-10-30,2020-10-30T12:00:37.000Z,BEFORE_OPEN
CL,21665,2021-01-29,2021-01-29T13:00:27.000Z,BEFORE_OPEN
CL,21665,2021-04-30,2021-04-30T12:00:38.000Z,BEFORE_OPEN
CL,21665,2021-07-30,2021-07-30T12:00:54.000Z,BEFORE_OPEN
CL,21665,2021-10-29,2021-10-29T12:00:54.000Z,BEFORE_OPEN
CL,21665,2022-01-28,2022-01-28T13:55:49.000Z,BEFORE_OPEN
CL,21665,2022-04-29,2022-04-29T12:00:32.000Z,BEFORE_OPEN
CL,21665,2022-07-29,2022-07-29T12:00:45.000Z,BEFORE_OPEN
CL,21665,2022-10-28,2022-10-28T12:00:21.000Z,BEFORE_OPEN
CL,21665,2023-01-27,2023-01-27T13:00:32.000Z,BEFORE_OPEN
CL,21665,2023-04-28,2023-04-28T12:00:32.000Z,BEFORE_OPEN
CL,21665,2023-07-28,2023-07-28T12:01:03.000Z,BEFORE_OPEN
CL,21665,2023-10-27,2023-10-27T12:00:16.000Z,BEFORE_OPEN
CL,21665,2024-01-26,2024-01-26T13:00:22.000Z,BEFORE_OPEN
CL,21665,2024-04-26,2024-04-26T12:00:26.000Z,BEFORE_OPEN
CL,21665,2024-07-26,2024-07-26T12:00:35.000Z,BEFORE_OPEN
CL,21665,2025-01-31,2025-01-31T13:00:40.000Z,BEFORE_OPEN
CL,21665,2025-04-25,2025-04-25T11:57:06.000Z,BEFORE_OPEN
CL,21665,2025-08-01,2025-08-01T12:00:52.000Z,BEFORE_OPEN
CL,21665,2025-10-31,2025-10-31T11:57:12.000Z,BEFORE_OPEN
CL,21665,2026-01-30,2026-01-30T12:57:45.000Z,BEFORE_OPEN
CL,21665,2026-05-01,2026-05-01T11:31:29.000Z,BEFORE_OPEN
CL,21665,2026-07-31,2026-07-31T11:58:00.000Z,BEFORE_OPEN
CLS,1030894,2025-01-29,2025-01-29T21:33:16.000Z,AFTER_CLOSE
CLS,1030894,2025-04-24,2025-04-24T20:20:07.000Z,AFTER_CLOSE
CLS,1030894,2025-07-28,2025-07-28T20:20:18.000Z,AFTER_CLOSE
CLS,1030894,2025-10-27,2025-10-27T20:20:45.000Z,AFTER_CLOSE
CLS,1030894,2026-01-28,2026-01-28T21:19:54.000Z,AFTER_CLOSE
CLS,1030894,2026-04-27,2026-04-27T20:23:00.000Z,AFTER_CLOSE
CLS,1030894,2026-07-27,2026-07-27T20:44:42.000Z,AFTER_CLOSE
CMCSA,1166691,2018-04-25,2018-04-25T11:06:17.000Z,BEFORE_OPEN
CMCSA,1166691,2018-10-25,2018-10-25T10:35:34.000Z,BEFORE_OPEN
CMCSA,1166691,2019-01-23,2019-01-23T12:05:47.000Z,BEFORE_OPEN
CMCSA,1166691,2019-02-04,2019-02-04T12:01:29.000Z,BEFORE_OPEN
CMCSA,1166691,2019-04-25,2019-04-25T11:05:42.000Z,BEFORE_OPEN
CMCSA,1166691,2019-07-25,2019-07-25T11:05:35.000Z,BEFORE_OPEN
CMCSA,1166691,2019-10-24,2019-10-24T11:05:47.000Z,BEFORE_OPEN
CMCSA,1166691,2020-01-23,2020-01-23T12:05:21.000Z,BEFORE_OPEN
CMCSA,1166691,2020-04-30,2020-04-30T11:08:02.000Z,BEFORE_OPEN
CMCSA,1166691,2020-07-30,2020-07-30T11:13:48.000Z,BEFORE_OPEN
CMCSA,1166691,2020-10-29,2020-10-29T11:05:23.000Z,BEFORE_OPEN
CMCSA,1166691,2021-01-28,2021-01-28T12:05:48.000Z,BEFORE_OPEN
CMCSA,1166691,2021-04-29,2021-04-29T11:05:58.000Z,BEFORE_OPEN
CMCSA,1166691,2021-07-29,2021-07-29T11:07:20.000Z,BEFORE_OPEN
CMCSA,1166691,2021-10-28,2021-10-28T11:07:04.000Z,BEFORE_OPEN
CMCSA,1166691,2022-01-27,2022-01-27T12:09:24.000Z,BEFORE_OPEN
CMCSA,1166691,2022-04-28,2022-04-28T11:06:51.000Z,BEFORE_OPEN
CMCSA,1166691,2022-07-28,2022-07-28T11:05:32.000Z,BEFORE_OPEN
CMCSA,1166691,2022-10-27,2022-10-27T11:04:51.000Z,BEFORE_OPEN
CMCSA,1166691,2023-01-26,2023-01-26T12:05:09.000Z,BEFORE_OPEN
CMCSA,1166691,2023-04-27,2023-04-27T11:03:54.000Z,BEFORE_OPEN
CMCSA,1166691,2023-07-27,2023-07-27T11:05:11.000Z,BEFORE_OPEN
CMCSA,1166691,2023-10-26,2023-10-26T11:05:27.000Z,BEFORE_OPEN
CMCSA,1166691,2024-01-25,2024-01-25T12:09:02.000Z,BEFORE_OPEN
CMCSA,1166691,2024-04-25,2024-04-25T11:05:35.000Z,BEFORE_OPEN
CMCSA,1166691,2024-07-23,2024-07-23T11:11:46.000Z,BEFORE_OPEN
CMCSA,1166691,2024-10-31,2024-10-31T11:06:05.000Z,BEFORE_OPEN
CMCSA,1166691,2025-01-30,2025-01-30T12:05:27.000Z,BEFORE_OPEN
CMCSA,1166691,2025-04-24,2025-04-24T11:07:02.000Z,BEFORE_OPEN
CMCSA,1166691,2025-07-31,2025-07-31T11:07:31.000Z,BEFORE_OPEN
CMCSA,1166691,2025-10-30,2025-10-30T11:16:20.000Z,BEFORE_OPEN
CMCSA,1166691,2026-01-29,2026-01-29T12:08:26.000Z,BEFORE_OPEN
CMCSA,1166691,2026-04-23,2026-04-23T11:08:22.000Z,BEFORE_OPEN
CMCSA,1166691,2026-07-23,2026-07-23T10:06:37.000Z,BEFORE_OPEN
CME,1156375,2018-07-26,2018-07-26T11:06:55.000Z,BEFORE_OPEN
CME,1156375,2018-10-25,2018-10-25T11:07:30.000Z,BEFORE_OPEN
CME,1156375,2019-02-14,2019-02-14T12:05:54.000Z,BEFORE_OPEN
CME,1156375,2019-05-01,2019-05-01T11:17:05.000Z,BEFORE_OPEN
CME,1156375,2019-07-31,2019-07-31T11:11:55.000Z,BEFORE_OPEN
CME,1156375,2019-10-30,2019-10-30T11:06:46.000Z,BEFORE_OPEN
CME,1156375,2020-02-12,2020-02-12T12:06:51.000Z,BEFORE_OPEN
CME,1156375,2020-04-29,2020-04-29T11:27:27.000Z,BEFORE_OPEN
CME,1156375,2020-07-29,2020-07-29T11:10:48.000Z,BEFORE_OPEN
CME,1156375,2020-10-28,2020-10-28T11:07:35.000Z,BEFORE_OPEN
CME,1156375,2021-02-10,2021-02-10T12:12:02.000Z,BEFORE_OPEN
CME,1156375,2021-04-28,2021-04-28T11:20:36.000Z,BEFORE_OPEN
CME,1156375,2021-07-28,2021-07-28T11:07:24.000Z,BEFORE_OPEN
CME,1156375,2021-10-27,2021-10-27T11:08:12.000Z,BEFORE_OPEN
CME,1156375,2022-02-09,2022-02-09T12:11:57.000Z,BEFORE_OPEN
CME,1156375,2022-04-27,2022-04-27T11:07:20.000Z,BEFORE_OPEN
CME,1156375,2022-07-27,2022-07-27T11:06:33.000Z,BEFORE_OPEN
CME,1156375,2022-10-26,2022-10-26T11:06:26.000Z,BEFORE_OPEN
CME,1156375,2023-02-08,2023-02-08T12:15:48.000Z,BEFORE_OPEN
CME,1156375,2023-04-26,2023-04-26T11:06:28.000Z,BEFORE_OPEN
CME,1156375,2023-07-26,2023-07-26T11:04:03.000Z,BEFORE_OPEN
CME,1156375,2023-10-25,2023-10-25T11:05:22.000Z,BEFORE_OPEN
CME,1156375,2024-02-14,2024-02-14T12:08:18.000Z,BEFORE_OPEN
CME,1156375,2024-04-24,2024-04-24T11:05:59.000Z,BEFORE_OPEN
CME,1156375,2024-07-24,2024-07-24T11:10:34.000Z,BEFORE_OPEN
CME,1156375,2024-10-23,2024-10-23T11:06:33.000Z,BEFORE_OPEN
CME,1156375,2025-02-12,2025-02-12T12:05:59.000Z,BEFORE_OPEN
CME,1156375,2025-04-23,2025-04-23T11:07:16.000Z,BEFORE_OPEN
CME,1156375,2025-07-23,2025-07-23T11:08:45.000Z,BEFORE_OPEN
CME,1156375,2025-10-22,2025-10-22T11:05:05.000Z,BEFORE_OPEN
CME,1156375,2026-02-04,2026-02-04T12:06:41.000Z,BEFORE_OPEN
CME,1156375,2026-04-22,2026-04-22T11:13:31.000Z,BEFORE_OPEN
CME,1156375,2026-07-22,2026-07-22T11:15:59.000Z,BEFORE_OPEN
CMG,1058090,2014-01-31,2014-01-30T22:50:59.000Z,AFTER_CLOSE
CMG,1058090,2014-04-17,2014-04-17T17:07:00.000Z,IN_SESSION
CMG,1058090,2014-07-21,2014-07-21T20:11:03.000Z,AFTER_CLOSE
CMG,1058090,2014-10-20,2014-10-20T20:18:07.000Z,AFTER_CLOSE
CMG,1058090,2015-02-03,2015-02-03T21:17:58.000Z,AFTER_CLOSE
CMG,1058090,2015-04-21,2015-04-21T20:22:09.000Z,AFTER_CLOSE
CMG,1058090,2015-07-21,2015-07-21T20:24:03.000Z,AFTER_CLOSE
CMG,1058090,2015-10-20,2015-10-20T20:13:49.000Z,AFTER_CLOSE
CMG,1058090,2016-01-06,2016-01-06T13:39:10.000Z,BEFORE_OPEN
CMG,1058090,2016-02-02,2016-02-02T21:44:01.000Z,AFTER_CLOSE
CMG,1058090,2016-04-26,2016-04-26T20:44:50.000Z,AFTER_CLOSE
CMG,1058090,2016-10-25,2016-10-25T20:23:32.000Z,AFTER_CLOSE
CMG,1058090,2017-01-10,2017-01-10T12:49:27.000Z,BEFORE_OPEN
CMG,1058090,2017-02-02,2017-02-02T21:08:39.000Z,AFTER_CLOSE
CMG,1058090,2017-04-25,2017-04-25T20:15:43.000Z,AFTER_CLOSE
CMG,1058090,2017-07-25,2017-07-25T20:10:29.000Z,AFTER_CLOSE
CMG,1058090,2017-10-24,2017-10-24T20:26:12.000Z,AFTER_CLOSE
CMG,1058090,2018-02-06,2018-02-06T21:27:16.000Z,AFTER_CLOSE
CMG,1058090,2018-04-25,2018-04-25T20:13:08.000Z,AFTER_CLOSE
CMG,1058090,2018-07-26,2018-07-26T20:13:51.000Z,AFTER_CLOSE
CMG,1058090,2018-10-25,2018-10-25T20:23:48.000Z,AFTER_CLOSE
CMG,1058090,2019-02-06,2019-02-06T21:21:04.000Z,AFTER_CLOSE
CMG,1058090,2019-04-24,2019-04-24T20:11:30.000Z,AFTER_CLOSE
CMG,1058090,2019-07-23,2019-07-23T20:12:49.000Z,AFTER_CLOSE
CMG,1058090,2019-10-22,2019-10-22T20:10:55.000Z,AFTER_CLOSE
CMG,1058090,2020-02-04,2020-02-04T21:11:22.000Z,AFTER_CLOSE
CMG,1058090,2020-04-21,2020-04-21T20:11:34.000Z,AFTER_CLOSE
CMG,1058090,2020-07-22,2020-07-22T20:11:00.000Z,AFTER_CLOSE
CMG,1058090,2020-10-21,2020-10-21T20:08:47.000Z,AFTER_CLOSE
CMG,1058090,2021-02-02,2021-02-02T21:12:53.000Z,AFTER_CLOSE
CMG,1058090,2021-04-21,2021-04-21T20:12:02.000Z,AFTER_CLOSE
CMG,1058090,2021-07-20,2021-07-20T20:11:14.000Z,AFTER_CLOSE
CMG,1058090,2021-10-21,2021-10-21T20:40:21.000Z,AFTER_CLOSE
CMG,1058090,2022-02-08,2022-02-08T21:11:17.000Z,AFTER_CLOSE
CMG,1058090,2022-04-26,2022-04-26T20:12:14.000Z,AFTER_CLOSE
CMG,1058090,2022-07-26,2022-07-26T20:11:35.000Z,AFTER_CLOSE
CMG,1058090,2022-10-25,2022-10-25T20:11:11.000Z,AFTER_CLOSE
CMG,1058090,2023-02-07,2023-02-07T21:10:58.000Z,AFTER_CLOSE
CMG,1058090,2023-04-25,2023-04-25T20:10:56.000Z,AFTER_CLOSE
CMG,1058090,2023-07-26,2023-07-26T20:10:54.000Z,AFTER_CLOSE
CMG,1058090,2023-10-26,2023-10-26T20:10:48.000Z,AFTER_CLOSE
CMG,1058090,2024-02-06,2024-02-06T21:11:12.000Z,AFTER_CLOSE
CMG,1058090,2024-04-24,2024-04-24T20:11:50.000Z,AFTER_CLOSE
CMG,1058090,2024-07-24,2024-07-24T20:11:28.000Z,AFTER_CLOSE
CMG,1058090,2024-10-29,2024-10-29T20:11:10.000Z,AFTER_CLOSE
CMG,1058090,2025-02-04,2025-02-04T21:11:58.000Z,AFTER_CLOSE
CMG,1058090,2025-04-23,2025-04-23T20:11:02.000Z,AFTER_CLOSE
CMG,1058090,2025-07-23,2025-07-23T20:11:11.000Z,AFTER_CLOSE
CMG,1058090,2025-10-29,2025-10-29T20:12:09.000Z,AFTER_CLOSE
CMG,1058090,2026-02-03,2026-02-03T21:10:45.000Z,AFTER_CLOSE
CMG,1058090,2026-04-29,2026-04-29T20:25:32.000Z,AFTER_CLOSE
CMG,1058090,2026-07-29,2026-07-29T20:10:46.000Z,AFTER_CLOSE
CMI,26172,2017-05-02,2017-05-02T11:34:49.000Z,BEFORE_OPEN
CMI,26172,2017-08-01,2017-08-01T11:49:11.000Z,BEFORE_OPEN
CMI,26172,2017-10-31,2017-10-31T11:40:25.000Z,BEFORE_OPEN
CMI,26172,2018-02-06,2018-02-06T12:40:02.000Z,BEFORE_OPEN
CMI,26172,2018-05-01,2018-05-01T11:49:58.000Z,BEFORE_OPEN
CMI,26172,2018-07-31,2018-07-31T11:42:06.000Z,BEFORE_OPEN
CMI,26172,2018-10-30,2018-10-30T11:47:47.000Z,BEFORE_OPEN
CMI,26172,2019-02-06,2019-02-06T12:53:41.000Z,BEFORE_OPEN
CMI,26172,2019-04-30,2019-04-30T11:40:59.000Z,BEFORE_OPEN
CMI,26172,2019-07-30,2019-07-30T11:35:40.000Z,BEFORE_OPEN
CMI,26172,2019-10-29,2019-10-29T11:46:29.000Z,BEFORE_OPEN
CMI,26172,2020-02-04,2020-02-04T12:52:45.000Z,BEFORE_OPEN
CMI,26172,2020-04-28,2020-04-28T12:01:10.000Z,BEFORE_OPEN
CMI,26172,2020-07-28,2020-07-28T11:56:21.000Z,BEFORE_OPEN
CMI,26172,2020-10-27,2020-10-27T11:52:34.000Z,BEFORE_OPEN
CMI,26172,2021-02-04,2021-02-04T12:46:38.000Z,BEFORE_OPEN
CMI,26172,2021-05-04,2021-05-04T11:42:54.000Z,BEFORE_OPEN
CMI,26172,2021-08-03,2021-08-03T11:45:27.000Z,BEFORE_OPEN
CMI,26172,2021-11-02,2021-11-02T11:46:02.000Z,BEFORE_OPEN
CMI,26172,2022-02-03,2022-02-02T22:37:27.000Z,AFTER_CLOSE
CMI,26172,2022-05-03,2022-05-03T11:50:51.000Z,BEFORE_OPEN
CMI,26172,2022-08-02,2022-08-02T11:40:43.000Z,BEFORE_OPEN
CMI,26172,2022-11-03,2022-11-03T11:42:14.000Z,BEFORE_OPEN
CMI,26172,2023-02-06,2023-02-06T12:43:10.000Z,BEFORE_OPEN
CMI,26172,2023-05-02,2023-05-02T11:38:58.000Z,BEFORE_OPEN
CMI,26172,2023-08-03,2023-08-03T11:47:29.000Z,BEFORE_OPEN
CMI,26172,2023-11-02,2023-11-02T11:47:13.000Z,BEFORE_OPEN
CMI,26172,2024-02-06,2024-02-06T12:42:40.000Z,BEFORE_OPEN
CMI,26172,2024-05-02,2024-05-02T11:46:34.000Z,BEFORE_OPEN
CMI,26172,2024-08-01,2024-08-01T11:50:59.000Z,BEFORE_OPEN
CMI,26172,2024-11-05,2024-11-05T12:38:29.000Z,BEFORE_OPEN
CMI,26172,2025-02-04,2025-02-04T12:41:08.000Z,BEFORE_OPEN
CMI,26172,2025-05-05,2025-05-05T11:42:49.000Z,BEFORE_OPEN
CMI,26172,2025-08-05,2025-08-05T11:39:48.000Z,BEFORE_OPEN
CMI,26172,2025-11-06,2025-11-06T12:37:37.000Z,BEFORE_OPEN
CMI,26172,2026-02-05,2026-02-05T12:54:51.000Z,BEFORE_OPEN
CMI,26172,2026-05-05,2026-05-05T11:40:02.000Z,BEFORE_OPEN
CMI,26172,2026-08-04,2026-08-04T11:58:13.000Z,BEFORE_OPEN
CNC,1071739,2019-04-23,2019-04-23T00:20:08.000Z,AFTER_CLOSE
CNC,1071739,2019-07-23,2019-07-23T01:14:40.000Z,AFTER_CLOSE
CNC,1071739,2019-10-22,2019-10-22T10:21:40.000Z,BEFORE_OPEN
CNC,1071739,2020-01-13,2020-01-13T14:22:21.000Z,BEFORE_OPEN
CNC,1071739,2020-02-04,2020-02-04T00:46:30.000Z,AFTER_CLOSE
CNC,1071739,2020-04-28,2020-04-28T10:38:35.000Z,BEFORE_OPEN
CNC,1071739,2020-07-28,2020-07-27T22:47:44.000Z,AFTER_CLOSE
CNC,1071739,2020-10-27,2020-10-27T00:01:39.000Z,AFTER_CLOSE
CNC,1071739,2021-02-09,2021-02-09T01:18:12.000Z,AFTER_CLOSE
CNC,1071739,2021-04-27,2021-04-27T00:58:38.000Z,AFTER_CLOSE
CNC,1071739,2021-07-27,2021-07-27T01:17:28.000Z,AFTER_CLOSE
CNC,1071739,2021-10-26,2021-10-26T00:50:21.000Z,AFTER_CLOSE
CNC,1071739,2022-02-08,2022-02-08T02:40:46.000Z,AFTER_CLOSE
CNC,1071739,2022-04-26,2022-04-26T00:56:06.000Z,AFTER_CLOSE
CNC,1071739,2022-07-26,2022-07-26T01:25:53.000Z,AFTER_CLOSE
CNC,1071739,2022-10-25,2022-10-25T01:10:22.000Z,AFTER_CLOSE
CNC,1071739,2023-02-07,2023-02-06T23:08:44.000Z,AFTER_CLOSE
CNC,1071739,2023-04-25,2023-04-25T01:09:31.000Z,AFTER_CLOSE
CNC,1071739,2023-07-28,2023-07-27T22:19:19.000Z,AFTER_CLOSE
CNC,1071739,2023-10-24,2023-10-23T22:52:51.000Z,AFTER_CLOSE
CNC,1071739,2024-02-06,2024-02-05T23:25:27.000Z,AFTER_CLOSE
CNC,1071739,2024-04-26,2024-04-25T23:08:42.000Z,AFTER_CLOSE
CNC,1071739,2024-07-23,2024-07-23T10:02:32.000Z,BEFORE_OPEN
CNC,1071739,2024-07-26,2024-07-25T22:07:28.000Z,AFTER_CLOSE
CNC,1071739,2024-10-25,2024-10-24T23:26:12.000Z,AFTER_CLOSE
CNC,1071739,2025-02-04,2025-02-03T23:39:52.000Z,AFTER_CLOSE
CNC,1071739,2025-04-25,2025-04-25T00:19:02.000Z,AFTER_CLOSE
CNC,1071739,2025-07-01,2025-07-01T20:43:52.000Z,AFTER_CLOSE
CNC,1071739,2025-07-25,2025-07-25T01:46:22.000Z,AFTER_CLOSE
CNC,1071739,2025-10-29,2025-10-29T00:02:04.000Z,AFTER_CLOSE
CNC,1071739,2026-02-06,2026-02-06T01:52:22.000Z,AFTER_CLOSE
CNC,1071739,2026-04-28,2026-04-28T00:08:15.000Z,AFTER_CLOSE
CNC,1071739,2026-07-28,2026-07-27T23:38:01.000Z,AFTER_CLOSE
CNP,1130310,2015-02-26,2015-02-26T13:24:02.000Z,BEFORE_OPEN
CNP,1130310,2015-05-11,2015-05-11T12:34:31.000Z,BEFORE_OPEN
CNP,1130310,2015-08-10,2015-08-10T12:30:42.000Z,BEFORE_OPEN
CNP,1130310,2015-11-05,2015-11-05T11:32:10.000Z,BEFORE_OPEN
CNP,1130310,2016-02-01,2016-02-01T21:31:35.000Z,AFTER_CLOSE
CNP,1130310,2016-02-26,2016-02-26T11:46:12.000Z,BEFORE_OPEN
CNP,1130310,2016-05-10,2016-05-10T10:38:49.000Z,BEFORE_OPEN
CNP,1130310,2016-08-05,2016-08-05T10:41:05.000Z,BEFORE_OPEN
CNP,1130310,2016-11-04,2016-11-04T10:35:41.000Z,BEFORE_OPEN
CNP,1130310,2017-01-06,2017-01-06T11:31:34.000Z,BEFORE_OPEN
CNP,1130310,2017-02-28,2017-02-28T11:31:16.000Z,BEFORE_OPEN
CNP,1130310,2017-05-05,2017-05-05T10:31:03.000Z,BEFORE_OPEN
CNP,1130310,2017-08-03,2017-08-03T10:34:03.000Z,BEFORE_OPEN
CNP,1130310,2017-11-03,2017-11-03T10:28:37.000Z,BEFORE_OPEN
CNP,1130310,2018-01-04,2018-01-04T11:31:02.000Z,BEFORE_OPEN
CNP,1130310,2018-02-22,2018-02-22T11:31:13.000Z,BEFORE_OPEN
CNP,1130310,2018-05-04,2018-05-04T10:29:00.000Z,BEFORE_OPEN
CNP,1130310,2018-08-03,2018-08-03T10:30:10.000Z,BEFORE_OPEN
CNP,1130310,2018-11-08,2018-11-08T11:30:45.000Z,BEFORE_OPEN
CNP,1130310,2019-02-28,2019-02-28T11:35:46.000Z,BEFORE_OPEN
CNP,1130310,2019-05-09,2019-05-09T21:22:02.000Z,AFTER_CLOSE
CNP,1130310,2019-05-09,2019-05-09T10:30:10.000Z,BEFORE_OPEN
CNP,1130310,2019-08-07,2019-08-07T10:43:04.000Z,BEFORE_OPEN
CNP,1130310,2019-11-07,2019-11-07T11:36:55.000Z,BEFORE_OPEN
CNP,1130310,2020-02-21,2020-02-21T21:54:34.000Z,AFTER_CLOSE
CNP,1130310,2020-02-27,2020-02-27T11:32:32.000Z,BEFORE_OPEN
CNP,1130310,2020-05-07,2020-05-07T10:48:12.000Z,BEFORE_OPEN
CNP,1130310,2020-08-06,2020-08-06T10:30:22.000Z,BEFORE_OPEN
CNP,1130310,2020-11-05,2020-11-05T11:05:57.000Z,BEFORE_OPEN
CNP,1130310,2021-02-25,2021-02-25T11:26:11.000Z,BEFORE_OPEN
CNP,1130310,2021-05-06,2021-05-06T10:34:40.000Z,BEFORE_OPEN
CNP,1130310,2021-08-05,2021-08-05T10:35:11.000Z,BEFORE_OPEN
CNP,1130310,2021-11-04,2021-11-04T10:31:05.000Z,BEFORE_OPEN
CNP,1130310,2022-02-22,2022-02-22T11:31:00.000Z,BEFORE_OPEN
CNP,1130310,2022-05-03,2022-05-03T10:33:23.000Z,BEFORE_OPEN
CNP,1130310,2022-08-02,2022-08-02T10:30:43.000Z,BEFORE_OPEN
CNP,1130310,2022-11-01,2022-11-01T10:20:34.000Z,BEFORE_OPEN
CNP,1130310,2023-02-17,2023-02-17T11:24:09.000Z,BEFORE_OPEN
CNP,1130310,2023-04-27,2023-04-27T10:20:32.000Z,BEFORE_OPEN
CNP,1130310,2023-07-27,2023-07-27T10:20:26.000Z,BEFORE_OPEN
CNP,1130310,2023-10-26,2023-10-26T10:30:24.000Z,BEFORE_OPEN
CNP,1130310,2024-02-20,2024-02-20T11:35:35.000Z,BEFORE_OPEN
CNP,1130310,2024-04-30,2024-04-30T10:20:34.000Z,BEFORE_OPEN
CNP,1130310,2024-07-30,2024-07-30T10:20:30.000Z,BEFORE_OPEN
CNP,1130310,2024-10-28,2024-10-28T10:20:31.000Z,BEFORE_OPEN
CNP,1130310,2025-02-20,2025-02-20T11:16:19.000Z,BEFORE_OPEN
CNP,1130310,2025-04-24,2025-04-24T10:15:38.000Z,BEFORE_OPEN
CNP,1130310,2025-07-24,2025-07-24T10:09:01.000Z,BEFORE_OPEN
CNP,1130310,2025-10-23,2025-10-23T10:07:59.000Z,BEFORE_OPEN
CNP,1130310,2026-02-19,2026-02-19T11:12:58.000Z,BEFORE_OPEN
CNP,1130310,2026-04-23,2026-04-23T10:16:08.000Z,BEFORE_OPEN
CNP,1130310,2026-07-28,2026-07-28T10:15:27.000Z,BEFORE_OPEN
COF,927628,2021-04-27,2021-04-27T20:06:10.000Z,AFTER_CLOSE
COF,927628,2021-07-22,2021-07-22T20:06:09.000Z,AFTER_CLOSE
COF,927628,2021-10-26,2021-10-26T20:06:08.000Z,AFTER_CLOSE
COF,927628,2022-01-25,2022-01-25T21:05:50.000Z,AFTER_CLOSE
COF,927628,2022-04-26,2022-04-26T20:06:31.000Z,AFTER_CLOSE
COF,927628,2022-07-21,2022-07-21T20:06:02.000Z,AFTER_CLOSE
COF,927628,2022-10-27,2022-10-27T20:06:05.000Z,AFTER_CLOSE
COF,927628,2023-01-24,2023-01-24T21:06:55.000Z,AFTER_CLOSE
COF,927628,2023-04-27,2023-04-27T20:06:28.000Z,AFTER_CLOSE
COF,927628,2023-07-20,2023-07-20T20:05:44.000Z,AFTER_CLOSE
COF,927628,2023-10-26,2023-10-26T20:05:50.000Z,AFTER_CLOSE
COF,927628,2024-01-25,2024-01-25T21:05:44.000Z,AFTER_CLOSE
COF,927628,2024-04-25,2024-04-25T20:05:55.000Z,AFTER_CLOSE
COF,927628,2024-07-23,2024-07-23T20:06:11.000Z,AFTER_CLOSE
COF,927628,2024-10-24,2024-10-24T20:05:48.000Z,AFTER_CLOSE
COF,927628,2025-01-21,2025-01-21T21:05:44.000Z,AFTER_CLOSE
COF,927628,2025-04-22,2025-04-22T20:05:40.000Z,AFTER_CLOSE
COF,927628,2025-07-22,2025-07-22T20:05:50.000Z,AFTER_CLOSE
COF,927628,2025-10-21,2025-10-21T20:05:35.000Z,AFTER_CLOSE
COF,927628,2026-01-22,2026-01-22T21:14:55.000Z,AFTER_CLOSE
COF,927628,2026-04-21,2026-04-21T20:05:29.000Z,AFTER_CLOSE
COF,927628,2026-07-21,2026-07-21T20:05:52.000Z,AFTER_CLOSE
COHR,820318,2018-08-07,2018-08-07T10:55:16.000Z,BEFORE_OPEN
COHR,820318,2018-11-01,2018-11-01T10:55:15.000Z,BEFORE_OPEN
COHR,820318,2019-01-31,2019-01-31T11:55:17.000Z,BEFORE_OPEN
COHR,820318,2019-05-01,2019-05-01T10:55:13.000Z,BEFORE_OPEN
COHR,820318,2019-08-13,2019-08-13T10:57:16.000Z,BEFORE_OPEN
COHR,820318,2019-11-12,2019-11-12T12:06:24.000Z,BEFORE_OPEN
COHR,820318,2020-02-10,2020-02-10T21:05:39.000Z,AFTER_CLOSE
COHR,820318,2020-05-11,2020-05-11T20:01:41.000Z,AFTER_CLOSE
COHR,820318,2020-08-13,2020-08-13T10:55:18.000Z,BEFORE_OPEN
COHR,820318,2020-11-05,2020-11-05T11:55:16.000Z,BEFORE_OPEN
COHR,820318,2021-02-09,2021-02-09T11:55:17.000Z,BEFORE_OPEN
COHR,820318,2021-05-06,2021-05-06T11:21:05.000Z,BEFORE_OPEN
COHR,820318,2021-08-10,2021-08-10T11:31:20.000Z,BEFORE_OPEN
COHR,820318,2021-11-09,2021-11-09T13:01:13.000Z,BEFORE_OPEN
COHR,820318,2022-02-09,2022-02-09T13:01:19.000Z,BEFORE_OPEN
COHR,820318,2022-05-10,2022-05-10T11:16:06.000Z,BEFORE_OPEN
COHR,820318,2022-08-24,2022-08-24T11:30:46.000Z,BEFORE_OPEN
COHR,820318,2022-11-09,2022-11-09T13:31:15.000Z,BEFORE_OPEN
COHR,820318,2023-02-08,2023-02-08T11:32:05.000Z,BEFORE_OPEN
COHR,820318,2023-05-10,2023-05-10T10:04:05.000Z,BEFORE_OPEN
COHR,820318,2023-08-16,2023-08-15T22:11:09.000Z,AFTER_CLOSE
COHR,820318,2023-11-06,2023-11-06T21:16:34.000Z,AFTER_CLOSE
COHR,820318,2024-02-05,2024-02-05T22:22:15.000Z,AFTER_CLOSE
COHR,820318,2024-05-06,2024-05-06T20:15:45.000Z,AFTER_CLOSE
COHR,820318,2024-08-15,2024-08-15T20:02:06.000Z,AFTER_CLOSE
COHR,820318,2024-11-06,2024-11-06T21:20:03.000Z,AFTER_CLOSE
COHR,820318,2025-02-05,2025-02-05T21:05:24.000Z,AFTER_CLOSE
COHR,820318,2025-05-07,2025-05-07T20:05:27.000Z,AFTER_CLOSE
COHR,820318,2025-08-13,2025-08-13T20:15:08.000Z,AFTER_CLOSE
COHR,820318,2025-11-05,2025-11-05T21:11:43.000Z,AFTER_CLOSE
COHR,820318,2026-02-04,2026-02-04T21:05:17.000Z,AFTER_CLOSE
COHR,820318,2026-05-06,2026-05-06T20:10:58.000Z,AFTER_CLOSE
COHR,820318,2026-08-12,2026-08-12T20:10:13.000Z,AFTER_CLOSE
COIN,1679788,2022-02-24,2022-02-24T21:07:23.000Z,AFTER_CLOSE
COIN,1679788,2022-05-10,2022-05-10T20:06:30.000Z,AFTER_CLOSE
COIN,1679788,2022-08-09,2022-08-09T20:11:26.000Z,AFTER_CLOSE
COIN,1679788,2022-11-03,2022-11-03T20:03:42.000Z,AFTER_CLOSE
COIN,1679788,2023-01-10,2023-01-10T11:36:17.000Z,BEFORE_OPEN
COIN,1679788,2023-02-21,2023-02-21T21:05:57.000Z,AFTER_CLOSE
COIN,1679788,2023-05-04,2023-05-04T20:05:52.000Z,AFTER_CLOSE
COIN,1679788,2023-08-03,2023-08-03T20:08:07.000Z,AFTER_CLOSE
COIN,1679788,2023-11-02,2023-11-02T20:05:49.000Z,AFTER_CLOSE
COIN,1679788,2024-02-15,2024-02-15T21:06:47.000Z,AFTER_CLOSE
COIN,1679788,2024-05-02,2024-05-02T20:02:51.000Z,AFTER_CLOSE
COIN,1679788,2024-08-01,2024-08-01T20:12:12.000Z,AFTER_CLOSE
COIN,1679788,2024-10-30,2024-10-30T20:10:05.000Z,AFTER_CLOSE
COIN,1679788,2025-02-13,2025-02-13T21:10:21.000Z,AFTER_CLOSE
COIN,1679788,2025-05-08,2025-05-08T20:15:55.000Z,AFTER_CLOSE
COIN,1679788,2025-07-31,2025-07-31T20:07:07.000Z,AFTER_CLOSE
COIN,1679788,2025-10-30,2025-10-30T20:06:41.000Z,AFTER_CLOSE
COIN,1679788,2026-02-12,2026-02-12T21:06:44.000Z,AFTER_CLOSE
COIN,1679788,2026-05-07,2026-05-07T20:11:02.000Z,AFTER_CLOSE
COIN,1679788,2026-07-30,2026-07-30T20:06:18.000Z,AFTER_CLOSE
COP,1163165,2018-10-25,2018-10-25T11:33:02.000Z,BEFORE_OPEN
COP,1163165,2019-01-31,2019-01-31T13:01:06.000Z,BEFORE_OPEN
COP,1163165,2019-04-30,2019-04-30T11:22:03.000Z,BEFORE_OPEN
COP,1163165,2019-07-30,2019-07-30T11:16:35.000Z,BEFORE_OPEN
COP,1163165,2019-10-29,2019-10-29T11:44:00.000Z,BEFORE_OPEN
COP,1163165,2020-02-04,2020-02-04T13:07:49.000Z,BEFORE_OPEN
COP,1163165,2020-04-30,2020-04-30T11:25:24.000Z,BEFORE_OPEN
COP,1163165,2020-07-30,2020-07-30T11:37:41.000Z,BEFORE_OPEN
COP,1163165,2020-10-29,2020-10-29T11:30:56.000Z,BEFORE_OPEN
COP,1163165,2021-02-02,2021-02-02T12:55:33.000Z,BEFORE_OPEN
COP,1163165,2021-05-04,2021-05-04T11:54:24.000Z,BEFORE_OPEN
COP,1163165,2021-08-03,2021-08-03T11:22:55.000Z,BEFORE_OPEN
COP,1163165,2021-11-02,2021-11-02T11:56:27.000Z,BEFORE_OPEN
COP,1163165,2022-02-03,2022-02-03T13:07:26.000Z,BEFORE_OPEN
COP,1163165,2022-05-05,2022-05-05T11:56:40.000Z,BEFORE_OPEN
COP,1163165,2022-08-04,2022-08-04T11:34:57.000Z,BEFORE_OPEN
COP,1163165,2022-11-03,2022-11-03T11:35:28.000Z,BEFORE_OPEN
COP,1163165,2023-02-02,2023-02-02T13:23:01.000Z,BEFORE_OPEN
COP,1163165,2023-05-04,2023-05-04T12:29:56.000Z,BEFORE_OPEN
COP,1163165,2023-08-03,2023-08-03T11:47:22.000Z,BEFORE_OPEN
COP,1163165,2023-11-02,2023-11-02T12:24:39.000Z,BEFORE_OPEN
COP,1163165,2024-02-08,2024-02-08T13:28:21.000Z,BEFORE_OPEN
COP,1163165,2024-05-02,2024-05-02T12:20:24.000Z,BEFORE_OPEN
COP,1163165,2024-08-01,2024-08-01T12:18:42.000Z,BEFORE_OPEN
COP,1163165,2024-10-31,2024-10-31T12:04:29.000Z,BEFORE_OPEN
COP,1163165,2025-02-06,2025-02-06T13:07:47.000Z,BEFORE_OPEN
COP,1163165,2025-05-08,2025-05-08T12:01:15.000Z,BEFORE_OPEN
COP,1163165,2025-08-07,2025-08-07T11:30:23.000Z,BEFORE_OPEN
COP,1163165,2025-11-06,2025-11-06T12:11:00.000Z,BEFORE_OPEN
COP,1163165,2026-02-05,2026-02-05T12:43:54.000Z,BEFORE_OPEN
COP,1163165,2026-04-30,2026-04-30T11:31:38.000Z,BEFORE_OPEN
COP,1163165,2026-08-06,2026-08-06T11:23:39.000Z,BEFORE_OPEN
COR,1140859,2019-01-31,2019-01-31T11:39:23.000Z,BEFORE_OPEN
COR,1140859,2019-05-02,2019-05-02T10:36:31.000Z,BEFORE_OPEN
COR,1140859,2019-08-01,2019-08-01T10:35:21.000Z,BEFORE_OPEN
COR,1140859,2019-11-07,2019-11-07T11:44:46.000Z,BEFORE_OPEN
COR,1140859,2020-01-30,2020-01-30T11:44:06.000Z,BEFORE_OPEN
COR,1140859,2020-05-07,2020-05-07T10:46:12.000Z,BEFORE_OPEN
COR,1140859,2020-08-05,2020-08-05T11:12:13.000Z,BEFORE_OPEN
COR,1140859,2020-11-05,2020-11-05T12:02:31.000Z,BEFORE_OPEN
COR,1140859,2021-02-04,2021-02-04T11:46:52.000Z,BEFORE_OPEN
COR,1140859,2021-05-05,2021-05-05T10:53:12.000Z,BEFORE_OPEN
COR,1140859,2021-08-04,2021-08-04T10:44:05.000Z,BEFORE_OPEN
COR,1140859,2021-11-04,2021-11-04T10:33:24.000Z,BEFORE_OPEN
COR,1140859,2022-02-02,2022-02-02T11:35:05.000Z,BEFORE_OPEN
COR,1140859,2022-05-04,2022-05-04T10:33:59.000Z,BEFORE_OPEN
COR,1140859,2022-08-03,2022-08-03T10:31:59.000Z,BEFORE_OPEN
COR,1140859,2022-11-03,2022-11-03T10:32:21.000Z,BEFORE_OPEN
COR,1140859,2023-02-01,2023-02-01T11:32:18.000Z,BEFORE_OPEN
COR,1140859,2023-05-02,2023-05-02T10:35:45.000Z,BEFORE_OPEN
COR,1140859,2023-08-02,2023-08-02T10:34:41.000Z,BEFORE_OPEN
COR,1140859,2023-11-02,2023-11-02T10:35:34.000Z,BEFORE_OPEN
COR,1140859,2024-01-31,2024-01-31T11:37:46.000Z,BEFORE_OPEN
COR,1140859,2024-05-01,2024-05-01T10:33:15.000Z,BEFORE_OPEN
COR,1140859,2024-07-31,2024-07-31T10:32:39.000Z,BEFORE_OPEN
COR,1140859,2024-11-06,2024-11-06T11:39:37.000Z,BEFORE_OPEN
COR,1140859,2025-02-05,2025-02-05T11:34:05.000Z,BEFORE_OPEN
COR,1140859,2025-05-07,2025-05-07T10:36:20.000Z,BEFORE_OPEN
COR,1140859,2025-08-06,2025-08-06T10:34:52.000Z,BEFORE_OPEN
COR,1140859,2025-11-05,2025-11-05T11:33:58.000Z,BEFORE_OPEN
COR,1140859,2026-02-04,2026-02-04T11:31:44.000Z,BEFORE_OPEN
COR,1140859,2026-05-06,2026-05-06T10:32:42.000Z,BEFORE_OPEN
COR,1140859,2026-08-05,2026-08-05T10:32:19.000Z,BEFORE_OPEN
COST,909832,2016-09-29,2016-09-29T21:01:10.000Z,AFTER_CLOSE
COST,909832,2016-12-08,2016-12-07T23:09:02.000Z,AFTER_CLOSE
COST,909832,2017-03-03,2017-03-03T19:47:02.000Z,IN_SESSION
COST,909832,2017-05-26,2017-05-25T22:27:33.000Z,AFTER_CLOSE
COST,909832,2017-10-05,2017-10-05T21:19:04.000Z,AFTER_CLOSE
COST,909832,2017-12-15,2017-12-14T23:22:03.000Z,AFTER_CLOSE
COST,909832,2018-03-07,2018-03-07T22:00:33.000Z,AFTER_CLOSE
COST,909832,2018-06-01,2018-05-31T23:13:02.000Z,AFTER_CLOSE
COST,909832,2018-10-04,2018-10-04T21:17:59.000Z,AFTER_CLOSE
COST,909832,2018-12-13,2018-12-13T22:01:35.000Z,AFTER_CLOSE
COST,909832,2019-03-07,2019-03-07T22:05:06.000Z,AFTER_CLOSE
COST,909832,2019-05-31,2019-05-30T21:36:02.000Z,AFTER_CLOSE
COST,909832,2019-10-03,2019-10-03T20:41:14.000Z,AFTER_CLOSE
COST,909832,2019-12-12,2019-12-12T21:56:10.000Z,AFTER_CLOSE
COST,909832,2020-03-05,2020-03-05T22:10:40.000Z,AFTER_CLOSE
COST,909832,2020-05-28,2020-05-28T20:15:40.000Z,AFTER_CLOSE
COST,909832,2020-09-24,2020-09-24T21:12:31.000Z,AFTER_CLOSE
COST,909832,2020-12-10,2020-12-10T21:57:00.000Z,AFTER_CLOSE
COST,909832,2021-03-04,2021-03-04T22:01:09.000Z,AFTER_CLOSE
COST,909832,2021-05-27,2021-05-27T21:03:01.000Z,AFTER_CLOSE
COST,909832,2021-09-23,2021-09-23T20:30:31.000Z,AFTER_CLOSE
COST,909832,2021-12-09,2021-12-09T22:07:02.000Z,AFTER_CLOSE
COST,909832,2022-03-04,2022-03-04T17:47:58.000Z,IN_SESSION
COST,909832,2022-05-26,2022-05-26T20:26:04.000Z,AFTER_CLOSE
COST,909832,2022-09-23,2022-09-23T17:38:33.000Z,IN_SESSION
COST,909832,2022-12-09,2022-12-08T23:48:41.000Z,AFTER_CLOSE
COST,909832,2023-03-03,2023-03-02T23:10:48.000Z,AFTER_CLOSE
COST,909832,2023-05-25,2023-05-25T20:22:40.000Z,AFTER_CLOSE
COST,909832,2023-09-26,2023-09-26T20:37:40.000Z,AFTER_CLOSE
COST,909832,2023-12-14,2023-12-14T21:39:35.000Z,AFTER_CLOSE
COST,909832,2024-03-07,2024-03-07T21:37:05.000Z,AFTER_CLOSE
COST,909832,2024-05-30,2024-05-30T20:26:46.000Z,AFTER_CLOSE
COST,909832,2024-09-26,2024-09-26T20:17:15.000Z,AFTER_CLOSE
COST,909832,2024-12-12,2024-12-12T21:18:05.000Z,AFTER_CLOSE
COST,909832,2025-03-06,2025-03-06T21:21:08.000Z,AFTER_CLOSE
COST,909832,2025-05-29,2025-05-29T20:24:57.000Z,AFTER_CLOSE
COST,909832,2025-09-25,2025-09-25T20:16:57.000Z,AFTER_CLOSE
COST,909832,2025-12-11,2025-12-11T21:22:04.000Z,AFTER_CLOSE
COST,909832,2026-03-05,2026-03-05T21:19:07.000Z,AFTER_CLOSE
COST,909832,2026-05-28,2026-05-28T20:17:32.000Z,AFTER_CLOSE
CP,16875,2016-01-21,2016-01-21T15:31:37.000Z,IN_SESSION
CP,16875,2016-04-20,2016-04-20T13:03:01.000Z,BEFORE_OPEN
CP,16875,2016-07-20,2016-07-20T13:33:35.000Z,IN_SESSION
CP,16875,2016-10-19,2016-10-19T13:26:24.000Z,BEFORE_OPEN
CP,16875,2017-01-18,2017-01-18T21:18:09.000Z,AFTER_CLOSE
CP,16875,2017-04-19,2017-04-19T20:05:46.000Z,AFTER_CLOSE
CP,16875,2017-07-19,2017-07-19T20:11:08.000Z,AFTER_CLOSE
CP,16875,2017-10-17,2017-10-17T20:08:56.000Z,AFTER_CLOSE
CP,16875,2018-01-18,2018-01-18T21:03:48.000Z,AFTER_CLOSE
CP,16875,2018-04-18,2018-04-18T20:09:38.000Z,AFTER_CLOSE
CP,16875,2018-07-18,2018-07-18T20:16:48.000Z,AFTER_CLOSE
CP,16875,2018-10-04,2018-10-04T11:45:24.000Z,BEFORE_OPEN
CP,16875,2018-10-18,2018-10-18T20:18:49.000Z,AFTER_CLOSE
CP,16875,2019-01-23,2019-01-23T21:14:07.000Z,AFTER_CLOSE
CP,16875,2019-04-23,2019-04-23T20:15:55.000Z,AFTER_CLOSE
CP,16875,2019-07-16,2019-07-16T13:14:14.000Z,BEFORE_OPEN
CP,16875,2019-10-23,2019-10-23T20:20:58.000Z,AFTER_CLOSE
CP,16875,2020-01-29,2020-01-29T13:13:18.000Z,BEFORE_OPEN
CP,16875,2020-04-21,2020-04-21T20:55:59.000Z,AFTER_CLOSE
CP,16875,2020-07-22,2020-07-22T13:19:07.000Z,BEFORE_OPEN
CP,16875,2020-10-20,2020-10-20T12:40:39.000Z,BEFORE_OPEN
CP,16875,2021-01-27,2021-01-27T21:13:37.000Z,AFTER_CLOSE
CP,16875,2021-04-21,2021-04-21T20:11:48.000Z,AFTER_CLOSE
CP,16875,2021-07-28,2021-07-28T20:13:28.000Z,AFTER_CLOSE
CP,16875,2021-10-20,2021-10-20T11:36:04.000Z,BEFORE_OPEN
CP,16875,2022-01-27,2022-01-27T21:15:34.000Z,AFTER_CLOSE
CP,16875,2022-04-27,2022-04-27T20:11:08.000Z,AFTER_CLOSE
CP,16875,2022-07-28,2022-07-28T12:06:38.000Z,BEFORE_OPEN
CP,16875,2022-10-26,2022-10-26T20:13:28.000Z,AFTER_CLOSE
CP,16875,2023-01-31,2023-01-31T21:16:53.000Z,AFTER_CLOSE
CP,16875,2023-04-26,2023-04-26T20:17:23.000Z,AFTER_CLOSE
CP,16875,2023-07-27,2023-07-27T20:23:09.000Z,AFTER_CLOSE
CP,16875,2023-10-25,2023-10-25T20:14:13.000Z,AFTER_CLOSE
CP,16875,2024-01-30,2024-01-30T21:19:58.000Z,AFTER_CLOSE
CP,16875,2024-04-24,2024-04-24T13:17:13.000Z,BEFORE_OPEN
CP,16875,2024-07-30,2024-07-30T20:15:07.000Z,AFTER_CLOSE
CP,16875,2024-10-23,2024-10-23T20:21:08.000Z,AFTER_CLOSE
CP,16875,2025-01-29,2025-01-29T21:18:10.000Z,AFTER_CLOSE
CP,16875,2025-04-30,2025-04-30T20:19:47.000Z,AFTER_CLOSE
CP,16875,2025-07-30,2025-07-30T20:19:50.000Z,AFTER_CLOSE
CP,16875,2025-10-29,2025-10-29T20:19:02.000Z,AFTER_CLOSE
CP,16875,2026-01-28,2026-01-28T21:21:54.000Z,AFTER_CLOSE
CP,16875,2026-04-29,2026-04-29T20:20:53.000Z,AFTER_CLOSE
CP,16875,2026-07-29,2026-07-29T20:18:01.000Z,AFTER_CLOSE
CPAY,1175454,2013-08-01,2013-08-01T20:05:34.000Z,AFTER_CLOSE
CPAY,1175454,2013-10-30,2013-10-30T20:14:33.000Z,AFTER_CLOSE
CPAY,1175454,2014-02-05,2014-02-05T21:07:04.000Z,AFTER_CLOSE
CPAY,1175454,2014-05-01,2014-05-01T20:06:34.000Z,AFTER_CLOSE
CPAY,1175454,2014-07-31,2014-07-31T20:05:36.000Z,AFTER_CLOSE
CPAY,1175454,2014-10-30,2014-10-30T20:07:30.000Z,AFTER_CLOSE
CPAY,1175454,2015-02-05,2015-02-05T21:13:08.000Z,AFTER_CLOSE
CPAY,1175454,2015-04-30,2015-04-30T20:15:39.000Z,AFTER_CLOSE
CPAY,1175454,2015-08-05,2015-08-05T20:06:01.000Z,AFTER_CLOSE
CPAY,1175454,2015-11-04,2015-11-04T21:05:56.000Z,AFTER_CLOSE
CPAY,1175454,2016-02-04,2016-02-04T21:15:57.000Z,AFTER_CLOSE
CPAY,1175454,2016-05-04,2016-05-04T20:11:05.000Z,AFTER_CLOSE
CPAY,1175454,2016-08-04,2016-08-04T20:17:47.000Z,AFTER_CLOSE
CPAY,1175454,2016-11-01,2016-11-01T20:06:42.000Z,AFTER_CLOSE
CPAY,1175454,2017-02-08,2017-02-08T21:34:40.000Z,AFTER_CLOSE
CPAY,1175454,2017-05-01,2017-05-01T20:16:39.000Z,AFTER_CLOSE
CPAY,1175454,2017-08-03,2017-08-03T20:15:00.000Z,AFTER_CLOSE
CPAY,1175454,2017-11-01,2017-11-01T20:27:34.000Z,AFTER_CLOSE
CPAY,1175454,2018-02-08,2018-02-08T21:40:07.000Z,AFTER_CLOSE
CPAY,1175454,2018-05-03,2018-05-03T20:37:22.000Z,AFTER_CLOSE
CPAY,1175454,2018-08-02,2018-08-02T20:15:43.000Z,AFTER_CLOSE
CPAY,1175454,2018-10-30,2018-10-30T20:11:30.000Z,AFTER_CLOSE
CPAY,1175454,2019-02-06,2019-02-06T21:26:16.000Z,AFTER_CLOSE
CPAY,1175454,2019-05-07,2019-05-07T20:52:00.000Z,AFTER_CLOSE
CPAY,1175454,2019-08-06,2019-08-06T20:22:33.000Z,AFTER_CLOSE
CPAY,1175454,2019-11-06,2019-11-06T21:07:27.000Z,AFTER_CLOSE
CPAY,1175454,2020-02-06,2020-02-06T21:16:56.000Z,AFTER_CLOSE
CPAY,1175454,2020-05-07,2020-05-07T20:19:00.000Z,AFTER_CLOSE
CPAY,1175454,2020-08-06,2020-08-06T20:25:39.000Z,AFTER_CLOSE
CPAY,1175454,2020-11-05,2020-11-05T21:16:18.000Z,AFTER_CLOSE
CPAY,1175454,2021-02-04,2021-02-04T21:31:06.000Z,AFTER_CLOSE
CPAY,1175454,2021-05-05,2021-05-05T20:13:12.000Z,AFTER_CLOSE
CPAY,1175454,2021-08-04,2021-08-04T20:22:56.000Z,AFTER_CLOSE
CPAY,1175454,2021-11-03,2021-11-03T20:13:41.000Z,AFTER_CLOSE
CPAY,1175454,2022-02-08,2022-02-08T21:33:38.000Z,AFTER_CLOSE
CPAY,1175454,2022-05-05,2022-05-05T20:17:17.000Z,AFTER_CLOSE
CPAY,1175454,2022-08-03,2022-08-03T20:26:55.000Z,AFTER_CLOSE
CPAY,1175454,2022-11-02,2022-11-02T20:15:06.000Z,AFTER_CLOSE
CPAY,1175454,2023-02-08,2023-02-08T21:14:43.000Z,AFTER_CLOSE
CPAY,1175454,2023-05-03,2023-05-03T20:28:45.000Z,AFTER_CLOSE
CPAY,1175454,2023-08-08,2023-08-08T20:46:49.000Z,AFTER_CLOSE
CPAY,1175454,2023-11-08,2023-11-08T21:10:53.000Z,AFTER_CLOSE
CPAY,1175454,2024-02-07,2024-02-07T21:19:09.000Z,AFTER_CLOSE
CPAY,1175454,2024-05-08,2024-05-08T20:26:30.000Z,AFTER_CLOSE
CPAY,1175454,2024-08-07,2024-08-07T20:20:32.000Z,AFTER_CLOSE
CPAY,1175454,2024-10-28,2024-10-28T13:17:05.000Z,BEFORE_OPEN
CPAY,1175454,2024-11-07,2024-11-07T21:31:57.000Z,AFTER_CLOSE
CPAY,1175454,2025-02-05,2025-02-05T21:10:53.000Z,AFTER_CLOSE
CPAY,1175454,2025-05-06,2025-05-06T21:02:38.000Z,AFTER_CLOSE
CPAY,1175454,2025-08-06,2025-08-06T20:16:05.000Z,AFTER_CLOSE
CPAY,1175454,2025-11-05,2025-11-05T21:17:10.000Z,AFTER_CLOSE
CPAY,1175454,2026-02-04,2026-02-04T21:17:04.000Z,AFTER_CLOSE
CPAY,1175454,2026-05-07,2026-05-07T20:14:35.000Z,AFTER_CLOSE
CPAY,1175454,2026-08-05,2026-08-05T20:13:01.000Z,AFTER_CLOSE
CPNG,1834584,2021-05-12,2021-05-12T20:06:46.000Z,AFTER_CLOSE
CPNG,1834584,2021-08-11,2021-08-11T20:57:12.000Z,AFTER_CLOSE
CPNG,1834584,2021-11-12,2021-11-12T11:05:05.000Z,BEFORE_OPEN
CPNG,1834584,2022-03-02,2022-03-02T21:06:34.000Z,AFTER_CLOSE
CPNG,1834584,2022-05-11,2022-05-11T20:09:36.000Z,AFTER_CLOSE
CPNG,1834584,2022-08-10,2022-08-10T20:28:22.000Z,AFTER_CLOSE
CPNG,1834584,2022-11-09,2022-11-09T21:08:10.000Z,AFTER_CLOSE
CPNG,1834584,2023-02-28,2023-02-28T21:02:35.000Z,AFTER_CLOSE
CPNG,1834584,2023-05-09,2023-05-09T20:04:25.000Z,AFTER_CLOSE
CPNG,1834584,2023-08-08,2023-08-08T20:00:13.000Z,AFTER_CLOSE
CPNG,1834584,2023-11-07,2023-11-07T21:01:08.000Z,AFTER_CLOSE
CPNG,1834584,2024-02-27,2024-02-27T21:00:52.000Z,AFTER_CLOSE
CPNG,1834584,2024-05-07,2024-05-07T20:01:08.000Z,AFTER_CLOSE
CPNG,1834584,2024-08-06,2024-08-06T20:06:41.000Z,AFTER_CLOSE
CPNG,1834584,2024-11-05,2024-11-05T21:06:17.000Z,AFTER_CLOSE
CPNG,1834584,2025-02-25,2025-02-25T21:52:53.000Z,AFTER_CLOSE
CPNG,1834584,2025-05-06,2025-05-06T20:06:30.000Z,AFTER_CLOSE
CPNG,1834584,2025-08-05,2025-08-05T20:12:04.000Z,AFTER_CLOSE
CPNG,1834584,2025-11-04,2025-11-04T21:08:48.000Z,AFTER_CLOSE
CPNG,1834584,2026-02-26,2026-02-26T21:09:46.000Z,AFTER_CLOSE
CPNG,1834584,2026-05-05,2026-05-05T20:07:39.000Z,AFTER_CLOSE
CPNG,1834584,2026-08-04,2026-08-04T20:07:28.000Z,AFTER_CLOSE
CPRT,900075,2007-12-05,2007-12-05T02:34:52.000Z,AFTER_CLOSE
CPRT,900075,2008-03-07,2008-03-06T23:52:26.000Z,AFTER_CLOSE
CPRT,900075,2008-06-04,2008-06-04T00:30:55.000Z,AFTER_CLOSE
CPRT,900075,2008-09-25,2008-09-25T10:03:18.000Z,BEFORE_OPEN
CPRT,900075,2008-12-04,2008-12-04T11:15:43.000Z,BEFORE_OPEN
CPRT,900075,2009-03-05,2009-03-05T01:42:31.000Z,AFTER_CLOSE
CPRT,900075,2009-06-04,2009-06-04T01:12:59.000Z,AFTER_CLOSE
CPRT,900075,2009-09-24,2009-09-24T10:00:30.000Z,BEFORE_OPEN
CPRT,900075,2009-12-02,2009-12-02T11:00:45.000Z,BEFORE_OPEN
CPRT,900075,2010-03-03,2010-03-03T01:14:41.000Z,AFTER_CLOSE
CPRT,900075,2010-06-03,2010-06-03T00:16:36.000Z,AFTER_CLOSE
CPRT,900075,2010-09-23,2010-09-22T22:15:50.000Z,AFTER_CLOSE
CPRT,900075,2010-12-01,2010-12-01T11:06:23.000Z,BEFORE_OPEN
CPRT,900075,2011-03-03,2011-03-03T15:09:45.000Z,IN_SESSION
CPRT,900075,2011-06-02,2011-06-02T11:38:28.000Z,BEFORE_OPEN
CPRT,900075,2011-09-21,2011-09-21T11:32:43.000Z,BEFORE_OPEN
CPRT,900075,2011-11-29,2011-11-29T11:20:58.000Z,BEFORE_OPEN
CPRT,900075,2012-02-29,2012-02-29T11:39:18.000Z,BEFORE_OPEN
CPRT,900075,2012-05-30,2012-05-30T00:09:21.000Z,AFTER_CLOSE
CPRT,900075,2012-09-26,2012-09-26T00:48:45.000Z,AFTER_CLOSE
CPRT,900075,2012-11-28,2012-11-28T12:52:26.000Z,BEFORE_OPEN
CPRT,900075,2013-02-28,2013-02-28T11:09:54.000Z,BEFORE_OPEN
CPRT,900075,2013-05-31,2013-05-31T11:25:04.000Z,BEFORE_OPEN
CPRT,900075,2013-09-25,2013-09-25T00:30:26.000Z,AFTER_CLOSE
CPRT,900075,2013-11-26,2013-11-26T12:04:44.000Z,BEFORE_OPEN
CPRT,900075,2014-02-26,2014-02-26T00:35:06.000Z,AFTER_CLOSE
CPRT,900075,2014-05-29,2014-05-29T10:02:42.000Z,BEFORE_OPEN
CPRT,900075,2014-09-24,2014-09-24T10:08:00.000Z,BEFORE_OPEN
CPRT,900075,2014-11-25,2014-11-25T13:25:33.000Z,BEFORE_OPEN
CPRT,900075,2015-02-25,2015-02-25T00:47:23.000Z,AFTER_CLOSE
CPRT,900075,2015-05-28,2015-05-27T22:30:59.000Z,AFTER_CLOSE
CPRT,900075,2015-09-22,2015-09-22T20:51:01.000Z,AFTER_CLOSE
CPRT,900075,2015-11-23,2015-11-23T22:08:46.000Z,AFTER_CLOSE
CPRT,900075,2016-02-24,2016-02-23T23:28:08.000Z,AFTER_CLOSE
CPRT,900075,2016-05-26,2016-05-25T22:01:51.000Z,AFTER_CLOSE
CPRT,900075,2016-09-21,2016-09-20T22:10:41.000Z,AFTER_CLOSE
CPRT,900075,2016-11-22,2016-11-21T23:15:02.000Z,AFTER_CLOSE
CPRT,900075,2017-02-22,2017-02-21T23:15:29.000Z,AFTER_CLOSE
CPRT,900075,2017-05-25,2017-05-24T22:05:12.000Z,AFTER_CLOSE
CPRT,900075,2017-09-20,2017-09-19T22:05:48.000Z,AFTER_CLOSE
CPRT,900075,2017-11-22,2017-11-21T23:05:56.000Z,AFTER_CLOSE
CPRT,900075,2018-02-26,2018-02-26T14:00:49.000Z,BEFORE_OPEN
CPRT,900075,2018-05-24,2018-05-23T23:15:29.000Z,AFTER_CLOSE
CPRT,900075,2018-09-19,2018-09-19T13:07:42.000Z,BEFORE_OPEN
CPRT,900075,2018-11-20,2018-11-20T22:16:54.000Z,AFTER_CLOSE
CPRT,900075,2019-02-21,2019-02-20T23:03:37.000Z,AFTER_CLOSE
CPRT,900075,2019-05-23,2019-05-22T21:54:49.000Z,AFTER_CLOSE
CPRT,900075,2019-09-05,2019-09-04T21:57:54.000Z,AFTER_CLOSE
CPRT,900075,2019-11-21,2019-11-20T22:57:52.000Z,AFTER_CLOSE
CPRT,900075,2020-02-20,2020-02-19T22:59:48.000Z,AFTER_CLOSE
CPRT,900075,2020-05-21,2020-05-20T21:59:10.000Z,AFTER_CLOSE
CPRT,900075,2020-09-03,2020-09-02T21:57:15.000Z,AFTER_CLOSE
CPRT,900075,2020-11-18,2020-11-18T22:11:09.000Z,AFTER_CLOSE
CPRT,900075,2021-02-18,2021-02-18T21:34:19.000Z,AFTER_CLOSE
CPRT,900075,2021-05-19,2021-05-19T20:39:48.000Z,AFTER_CLOSE
CPRT,900075,2021-09-08,2021-09-08T20:46:23.000Z,AFTER_CLOSE
CPRT,900075,2021-11-17,2021-11-17T21:48:03.000Z,AFTER_CLOSE
CPRT,900075,2022-02-16,2022-02-16T22:24:18.000Z,AFTER_CLOSE
CPRT,900075,2022-05-19,2022-05-18T22:18:47.000Z,AFTER_CLOSE
CPRT,900075,2022-09-07,2022-09-07T21:26:34.000Z,AFTER_CLOSE
CPRT,900075,2022-11-17,2022-11-16T23:21:56.000Z,AFTER_CLOSE
CPRT,900075,2023-02-21,2023-02-21T12:45:40.000Z,BEFORE_OPEN
CPRT,900075,2023-05-17,2023-05-17T20:09:35.000Z,AFTER_CLOSE
CPRT,900075,2023-09-14,2023-09-14T20:11:19.000Z,AFTER_CLOSE
CPRT,900075,2023-11-16,2023-11-16T21:16:06.000Z,AFTER_CLOSE
CPRT,900075,2024-02-22,2024-02-22T21:18:37.000Z,AFTER_CLOSE
CPRT,900075,2024-05-16,2024-05-16T20:16:35.000Z,AFTER_CLOSE
CPRT,900075,2024-09-04,2024-09-04T20:27:52.000Z,AFTER_CLOSE
CPRT,900075,2024-11-21,2024-11-21T21:14:52.000Z,AFTER_CLOSE
CPRT,900075,2025-02-20,2025-02-20T21:15:49.000Z,AFTER_CLOSE
CPRT,900075,2025-05-22,2025-05-22T20:15:32.000Z,AFTER_CLOSE
CPRT,900075,2025-09-04,2025-09-04T20:16:56.000Z,AFTER_CLOSE
CPRT,900075,2025-11-20,2025-11-20T21:16:56.000Z,AFTER_CLOSE
CPRT,900075,2026-02-19,2026-02-19T21:16:47.000Z,AFTER_CLOSE
CPRT,900075,2026-05-21,2026-05-21T20:16:22.000Z,AFTER_CLOSE
CQP,1383650,2007-05-14,2007-05-14T15:28:09.000Z,IN_SESSION
CQP,1383650,2007-08-09,2007-08-08T22:57:11.000Z,AFTER_CLOSE
CQP,1383650,2007-11-07,2007-11-07T21:14:43.000Z,AFTER_CLOSE
CQP,1383650,2008-02-27,2008-02-27T17:20:52.000Z,IN_SESSION
CQP,1383650,2008-05-09,2008-05-09T14:07:44.000Z,IN_SESSION
CQP,1383650,2008-08-11,2008-08-11T20:19:02.000Z,AFTER_CLOSE
CQP,1383650,2008-11-07,2008-11-07T15:58:59.000Z,IN_SESSION
CQP,1383650,2009-02-27,2009-02-27T15:46:51.000Z,IN_SESSION
CQP,1383650,2009-05-08,2009-05-08T14:23:56.000Z,IN_SESSION
CQP,1383650,2009-08-07,2009-08-07T15:25:57.000Z,IN_SESSION
CQP,1383650,2009-11-06,2009-11-05T23:10:05.000Z,AFTER_CLOSE
CQP,1383650,2010-02-26,2010-02-26T11:16:06.000Z,BEFORE_OPEN
CQP,1383650,2010-05-07,2010-05-07T12:07:23.000Z,BEFORE_OPEN
CQP,1383650,2010-08-06,2010-08-06T13:36:33.000Z,IN_SESSION
CQP,1383650,2010-11-05,2010-11-05T13:41:23.000Z,IN_SESSION
CQP,1383650,2011-03-03,2011-03-03T14:54:54.000Z,IN_SESSION
CQP,1383650,2011-05-06,2011-05-06T13:39:13.000Z,IN_SESSION
CQP,1383650,2011-08-05,2011-08-05T16:11:01.000Z,IN_SESSION
CQP,1383650,2011-11-07,2011-11-07T15:40:00.000Z,IN_SESSION
CQP,1383650,2012-02-24,2012-02-24T15:06:53.000Z,IN_SESSION
CQP,1383650,2012-05-04,2012-05-04T12:39:54.000Z,BEFORE_OPEN
CQP,1383650,2012-08-03,2012-08-03T21:14:28.000Z,AFTER_CLOSE
CQP,1383650,2012-11-05,2012-11-02T22:22:21.000Z,AFTER_CLOSE
CQP,1383650,2013-02-22,2013-02-22T13:36:58.000Z,BEFORE_OPEN
CQP,1383650,2013-05-03,2013-05-03T12:24:37.000Z,BEFORE_OPEN
CQP,1383650,2013-08-02,2013-08-02T12:14:22.000Z,BEFORE_OPEN
CQP,1383650,2013-11-08,2013-11-08T13:41:01.000Z,BEFORE_OPEN
CQP,1383650,2014-02-21,2014-02-21T13:34:17.000Z,BEFORE_OPEN
CQP,1383650,2014-05-01,2014-05-01T21:29:55.000Z,AFTER_CLOSE
CQP,1383650,2014-07-31,2014-07-31T21:17:59.000Z,AFTER_CLOSE
CQP,1383650,2014-10-30,2014-10-30T21:18:57.000Z,AFTER_CLOSE
CQP,1383650,2015-02-20,2015-02-20T13:12:49.000Z,BEFORE_OPEN
CQP,1383650,2015-04-30,2015-04-30T20:19:22.000Z,AFTER_CLOSE
CQP,1383650,2015-07-30,2015-07-30T20:37:59.000Z,AFTER_CLOSE
CQP,1383650,2015-10-30,2015-10-30T12:03:20.000Z,BEFORE_OPEN
CQP,1383650,2016-02-19,2016-02-19T13:32:47.000Z,BEFORE_OPEN
CQP,1383650,2016-05-05,2016-05-05T20:07:34.000Z,AFTER_CLOSE
CQP,1383650,2016-08-09,2016-08-09T12:03:21.000Z,BEFORE_OPEN
CQP,1383650,2016-11-03,2016-11-03T12:17:32.000Z,BEFORE_OPEN
CQP,1383650,2017-02-28,2017-02-28T13:03:42.000Z,BEFORE_OPEN
CQP,1383650,2017-05-04,2017-05-04T12:04:58.000Z,BEFORE_OPEN
CQP,1383650,2017-08-08,2017-08-08T12:05:31.000Z,BEFORE_OPEN
CQP,1383650,2017-11-14,2017-11-14T13:03:23.000Z,BEFORE_OPEN
CQP,1383650,2018-02-21,2018-02-21T13:02:46.000Z,BEFORE_OPEN
CQP,1383650,2018-05-04,2018-05-04T12:03:18.000Z,BEFORE_OPEN
CQP,1383650,2018-08-09,2018-08-09T12:04:07.000Z,BEFORE_OPEN
CQP,1383650,2018-11-08,2018-11-08T13:04:53.000Z,BEFORE_OPEN
CQP,1383650,2019-02-26,2019-02-26T13:02:21.000Z,BEFORE_OPEN
CQP,1383650,2019-05-09,2019-05-09T12:02:40.000Z,BEFORE_OPEN
CQP,1383650,2019-08-08,2019-08-08T12:06:50.000Z,BEFORE_OPEN
CQP,1383650,2019-11-01,2019-11-01T12:04:02.000Z,BEFORE_OPEN
CQP,1383650,2020-02-25,2020-02-25T13:05:31.000Z,BEFORE_OPEN
CQP,1383650,2020-04-30,2020-04-30T12:01:51.000Z,BEFORE_OPEN
CQP,1383650,2020-08-06,2020-08-06T11:36:27.000Z,BEFORE_OPEN
CQP,1383650,2020-11-06,2020-11-06T13:02:02.000Z,BEFORE_OPEN
CQP,1383650,2021-02-24,2021-02-24T13:03:14.000Z,BEFORE_OPEN
CQP,1383650,2021-05-04,2021-05-04T12:02:55.000Z,BEFORE_OPEN
CQP,1383650,2021-08-05,2021-08-05T12:02:40.000Z,BEFORE_OPEN
CQP,1383650,2021-11-04,2021-11-04T12:03:34.000Z,BEFORE_OPEN
CQP,1383650,2022-02-24,2022-02-24T12:01:30.000Z,BEFORE_OPEN
CQP,1383650,2022-05-04,2022-05-04T11:31:10.000Z,BEFORE_OPEN
CQP,1383650,2022-08-04,2022-08-04T11:34:10.000Z,BEFORE_OPEN
CQP,1383650,2022-11-03,2022-11-03T11:33:00.000Z,BEFORE_OPEN
CQP,1383650,2023-02-23,2023-02-23T12:32:56.000Z,BEFORE_OPEN
CQP,1383650,2023-05-02,2023-05-02T11:32:11.000Z,BEFORE_OPEN
CQP,1383650,2023-08-03,2023-08-03T11:32:49.000Z,BEFORE_OPEN
CQP,1383650,2023-11-02,2023-11-02T11:32:45.000Z,BEFORE_OPEN
CQP,1383650,2024-02-22,2024-02-22T12:32:47.000Z,BEFORE_OPEN
CQP,1383650,2024-05-03,2024-05-03T11:32:32.000Z,BEFORE_OPEN
CQP,1383650,2024-08-08,2024-08-08T11:01:01.000Z,BEFORE_OPEN
CQP,1383650,2024-10-31,2024-10-31T11:32:10.000Z,BEFORE_OPEN
CQP,1383650,2025-02-20,2025-02-20T12:31:23.000Z,BEFORE_OPEN
CQP,1383650,2025-05-08,2025-05-08T11:32:02.000Z,BEFORE_OPEN
CQP,1383650,2025-08-07,2025-08-07T11:33:54.000Z,BEFORE_OPEN
CQP,1383650,2025-10-30,2025-10-30T11:31:37.000Z,BEFORE_OPEN
CQP,1383650,2026-02-26,2026-02-26T12:32:40.000Z,BEFORE_OPEN
CQP,1383650,2026-05-07,2026-05-07T11:34:34.000Z,BEFORE_OPEN
CQP,1383650,2026-08-06,2026-08-06T11:31:47.000Z,BEFORE_OPEN
CRDO,1807794,2022-03-09,2022-03-09T21:18:02.000Z,AFTER_CLOSE
CRDO,1807794,2022-06-01,2022-06-01T20:08:24.000Z,AFTER_CLOSE
CRDO,1807794,2022-08-31,2022-08-31T20:09:52.000Z,AFTER_CLOSE
CRDO,1807794,2022-11-30,2022-11-30T21:13:23.000Z,AFTER_CLOSE
CRDO,1807794,2023-03-01,2023-03-01T21:14:35.000Z,AFTER_CLOSE
CRDO,1807794,2023-05-31,2023-05-31T20:11:49.000Z,AFTER_CLOSE
CRDO,1807794,2023-08-24,2023-08-24T20:08:41.000Z,AFTER_CLOSE
CRDO,1807794,2023-11-29,2023-11-29T21:09:41.000Z,AFTER_CLOSE
CRDO,1807794,2024-02-27,2024-02-27T21:11:20.000Z,AFTER_CLOSE
CRDO,1807794,2024-05-29,2024-05-29T20:07:19.000Z,AFTER_CLOSE
CRDO,1807794,2024-09-04,2024-09-04T20:23:27.000Z,AFTER_CLOSE
CRDO,1807794,2024-12-02,2024-12-02T21:16:01.000Z,AFTER_CLOSE
CRDO,1807794,2025-03-04,2025-03-04T21:07:22.000Z,AFTER_CLOSE
CRDO,1807794,2025-06-02,2025-06-02T20:09:03.000Z,AFTER_CLOSE
CRDO,1807794,2025-09-03,2025-09-03T20:10:35.000Z,AFTER_CLOSE
CRDO,1807794,2026-02-09,2026-02-09T21:06:27.000Z,AFTER_CLOSE
CRDO,1807794,2026-03-02,2026-03-02T21:09:19.000Z,AFTER_CLOSE
CRDO,1807794,2026-06-01,2026-06-01T20:08:16.000Z,AFTER_CLOSE
CRDO,1807794,2026-09-01,2026-09-01T20:08:16.000Z,AFTER_CLOSE
CRH,849395,2024-02-29,2024-02-29T11:02:47.000Z,BEFORE_OPEN
CRH,849395,2024-05-10,2024-05-10T10:07:52.000Z,BEFORE_OPEN
CRH,849395,2024-08-08,2024-08-08T10:02:26.000Z,BEFORE_OPEN
CRH,849395,2024-11-07,2024-11-07T11:07:16.000Z,BEFORE_OPEN
CRH,849395,2025-02-26,2025-02-26T21:21:46.000Z,AFTER_CLOSE
CRH,849395,2025-05-05,2025-05-05T20:20:14.000Z,AFTER_CLOSE
CRH,849395,2025-08-06,2025-08-06T20:19:46.000Z,AFTER_CLOSE
CRH,849395,2025-11-05,2025-11-05T21:09:33.000Z,AFTER_CLOSE
CRH,849395,2026-02-18,2026-02-18T21:09:00.000Z,AFTER_CLOSE
CRH,849395,2026-04-30,2026-04-30T10:03:41.000Z,BEFORE_OPEN
CRH,849395,2026-07-30,2026-07-30T10:05:03.000Z,BEFORE_OPEN
CRM,1108524,2023-08-30,2023-08-30T20:06:35.000Z,AFTER_CLOSE
CRM,1108524,2023-11-29,2023-11-29T21:05:29.000Z,AFTER_CLOSE
CRM,1108524,2024-02-28,2024-02-28T21:04:22.000Z,AFTER_CLOSE
CRM,1108524,2024-05-29,2024-05-29T20:03:58.000Z,AFTER_CLOSE
CRM,1108524,2024-08-28,2024-08-28T20:02:42.000Z,AFTER_CLOSE
CRM,1108524,2024-12-03,2024-12-03T21:03:38.000Z,AFTER_CLOSE
CRM,1108524,2025-02-26,2025-02-26T21:03:55.000Z,AFTER_CLOSE
CRM,1108524,2025-05-28,2025-05-28T20:05:54.000Z,AFTER_CLOSE
CRM,1108524,2025-09-03,2025-09-03T20:03:27.000Z,AFTER_CLOSE
CRM,1108524,2025-12-03,2025-12-03T21:04:55.000Z,AFTER_CLOSE
CRM,1108524,2026-02-25,2026-02-25T21:03:12.000Z,AFTER_CLOSE
CRM,1108524,2026-05-27,2026-05-27T20:18:26.000Z,AFTER_CLOSE
CRM,1108524,2026-08-26,2026-08-26T20:03:53.000Z,AFTER_CLOSE
CRS,17843,2014-04-25,2014-04-25T14:35:17.000Z,IN_SESSION
CRS,17843,2014-04-25,2014-04-25T14:34:32.000Z,IN_SESSION
CRS,17843,2014-07-30,2014-07-30T15:18:23.000Z,IN_SESSION
CRS,17843,2014-07-30,2014-07-30T15:16:22.000Z,IN_SESSION
CRS,17843,2014-10-24,2014-10-24T15:27:42.000Z,IN_SESSION
CRS,17843,2014-10-24,2014-10-24T15:27:10.000Z,IN_SESSION
CRS,17843,2015-01-29,2015-01-29T16:00:37.000Z,IN_SESSION
CRS,17843,2015-01-29,2015-01-29T15:59:39.000Z,IN_SESSION
CRS,17843,2015-04-06,2015-04-06T13:27:01.000Z,BEFORE_OPEN
CRS,17843,2015-05-01,2015-05-01T17:40:53.000Z,IN_SESSION
CRS,17843,2015-05-01,2015-05-01T17:40:36.000Z,IN_SESSION
CRS,17843,2015-07-31,2015-07-31T14:18:21.000Z,IN_SESSION
CRS,17843,2015-07-31,2015-07-31T13:59:08.000Z,IN_SESSION
CRS,17843,2015-10-23,2015-10-23T15:39:12.000Z,IN_SESSION
CRS,17843,2015-10-23,2015-10-23T15:37:53.000Z,IN_SESSION
CRS,17843,2016-02-05,2016-02-05T18:33:34.000Z,IN_SESSION
CRS,17843,2016-02-05,2016-02-05T18:32:33.000Z,IN_SESSION
CRS,17843,2016-04-27,2016-04-27T14:30:17.000Z,IN_SESSION
CRS,17843,2016-04-27,2016-04-27T14:29:46.000Z,IN_SESSION
CRS,17843,2016-07-29,2016-07-29T14:40:46.000Z,IN_SESSION
CRS,17843,2016-07-29,2016-07-29T14:37:59.000Z,IN_SESSION
CRS,17843,2016-10-27,2016-10-27T17:59:34.000Z,IN_SESSION
CRS,17843,2016-10-27,2016-10-27T17:59:01.000Z,IN_SESSION
CRS,17843,2017-02-03,2017-02-03T16:59:49.000Z,IN_SESSION
CRS,17843,2017-02-03,2017-02-03T15:57:17.000Z,IN_SESSION
CRS,17843,2017-04-28,2017-04-28T18:02:51.000Z,IN_SESSION
CRS,17843,2017-04-28,2017-04-28T18:01:22.000Z,IN_SESSION
CRS,17843,2017-07-28,2017-07-28T14:21:21.000Z,IN_SESSION
CRS,17843,2017-07-28,2017-07-28T14:19:50.000Z,IN_SESSION
CRS,17843,2017-10-27,2017-10-27T18:03:55.000Z,IN_SESSION
CRS,17843,2017-10-27,2017-10-27T18:02:55.000Z,IN_SESSION
CRS,17843,2018-02-02,2018-02-02T15:07:52.000Z,IN_SESSION
CRS,17843,2018-02-02,2018-02-02T15:07:20.000Z,IN_SESSION
CRS,17843,2018-04-27,2018-04-27T17:47:27.000Z,IN_SESSION
CRS,17843,2018-04-27,2018-04-27T17:45:14.000Z,IN_SESSION
CRS,17843,2018-08-03,2018-08-03T17:14:40.000Z,IN_SESSION
CRS,17843,2018-08-03,2018-08-03T17:12:52.000Z,IN_SESSION
CRS,17843,2018-10-25,2018-10-25T17:40:35.000Z,IN_SESSION
CRS,17843,2018-10-25,2018-10-25T17:39:03.000Z,IN_SESSION
CRS,17843,2019-02-01,2019-02-01T18:50:54.000Z,IN_SESSION
CRS,17843,2019-02-01,2019-02-01T18:47:07.000Z,IN_SESSION
CRS,17843,2019-04-26,2019-04-26T17:46:42.000Z,IN_SESSION
CRS,17843,2019-04-26,2019-04-26T17:45:41.000Z,IN_SESSION
CRS,17843,2019-08-02,2019-08-02T18:51:43.000Z,IN_SESSION
CRS,17843,2019-08-02,2019-08-02T18:51:26.000Z,IN_SESSION
CRS,17843,2019-10-28,2019-10-28T18:59:45.000Z,IN_SESSION
CRS,17843,2019-10-28,2019-10-28T18:58:51.000Z,IN_SESSION
CRS,17843,2020-01-31,2020-01-31T19:44:45.000Z,IN_SESSION
CRS,17843,2020-01-31,2020-01-31T19:39:14.000Z,IN_SESSION
CRS,17843,2020-05-01,2020-05-01T17:16:49.000Z,IN_SESSION
CRS,17843,2020-05-01,2020-05-01T17:14:10.000Z,IN_SESSION
CRS,17843,2020-07-07,2020-07-07T17:25:33.000Z,IN_SESSION
CRS,17843,2020-08-03,2020-08-03T17:48:08.000Z,IN_SESSION
CRS,17843,2020-08-03,2020-08-03T17:45:34.000Z,IN_SESSION
CRS,17843,2020-10-23,2020-10-23T17:57:38.000Z,IN_SESSION
CRS,17843,2020-10-23,2020-10-23T17:56:02.000Z,IN_SESSION
CRS,17843,2021-01-29,2021-01-29T21:35:12.000Z,AFTER_CLOSE
CRS,17843,2021-01-29,2021-01-29T21:30:43.000Z,AFTER_CLOSE
CRS,17843,2021-04-30,2021-04-30T15:19:18.000Z,IN_SESSION
CRS,17843,2021-04-30,2021-04-30T15:14:54.000Z,IN_SESSION
CRS,17843,2021-07-30,2021-07-30T17:02:39.000Z,IN_SESSION
CRS,17843,2021-07-30,2021-07-30T16:58:32.000Z,IN_SESSION
CRS,17843,2021-10-28,2021-10-28T19:55:54.000Z,IN_SESSION
CRS,17843,2021-10-28,2021-10-28T19:54:07.000Z,IN_SESSION
CRS,17843,2022-02-03,2022-02-03T21:51:04.000Z,AFTER_CLOSE
CRS,17843,2022-02-03,2022-02-03T20:54:12.000Z,IN_SESSION
CRS,17843,2022-04-29,2022-04-29T18:50:55.000Z,IN_SESSION
CRS,17843,2022-04-29,2022-04-29T18:32:10.000Z,IN_SESSION
CRS,17843,2022-08-02,2022-08-02T17:15:24.000Z,IN_SESSION
CRS,17843,2022-08-02,2022-08-02T16:39:32.000Z,IN_SESSION
CRS,17843,2022-10-13,2022-10-13T21:18:05.000Z,AFTER_CLOSE
CRS,17843,2022-11-01,2022-11-01T21:15:56.000Z,AFTER_CLOSE
CRS,17843,2022-11-01,2022-11-01T21:12:10.000Z,AFTER_CLOSE
CRS,17843,2023-01-27,2023-01-27T21:21:14.000Z,AFTER_CLOSE
CRS,17843,2023-01-27,2023-01-27T21:20:07.000Z,AFTER_CLOSE
CRS,17843,2023-05-01,2023-05-01T20:16:11.000Z,AFTER_CLOSE
CRS,17843,2023-05-01,2023-05-01T20:16:02.000Z,AFTER_CLOSE
CRS,17843,2023-07-31,2023-07-31T20:04:54.000Z,AFTER_CLOSE
CRS,17843,2023-07-31,2023-07-31T20:04:53.000Z,AFTER_CLOSE
CRS,17843,2023-10-31,2023-10-31T20:24:00.000Z,AFTER_CLOSE
CRS,17843,2023-10-31,2023-10-31T20:23:05.000Z,AFTER_CLOSE
CRS,17843,2024-01-29,2024-01-29T21:11:08.000Z,AFTER_CLOSE
CRS,17843,2024-01-29,2024-01-29T21:08:35.000Z,AFTER_CLOSE
CRS,17843,2024-05-03,2024-05-03T20:04:03.000Z,AFTER_CLOSE
CRS,17843,2024-05-03,2024-05-03T20:02:35.000Z,AFTER_CLOSE
CRS,17843,2024-07-29,2024-07-29T20:03:32.000Z,AFTER_CLOSE
CRS,17843,2024-07-29,2024-07-29T20:01:31.000Z,AFTER_CLOSE
CRS,17843,2024-10-29,2024-10-29T20:51:04.000Z,AFTER_CLOSE
CRS,17843,2024-10-29,2024-10-29T20:48:30.000Z,AFTER_CLOSE
CRS,17843,2025-02-03,2025-02-03T22:24:38.000Z,AFTER_CLOSE
CRS,17843,2025-02-03,2025-02-03T22:19:44.000Z,AFTER_CLOSE
CRS,17843,2025-04-29,2025-04-29T20:10:17.000Z,AFTER_CLOSE
CRS,17843,2025-04-29,2025-04-29T20:05:33.000Z,AFTER_CLOSE
CRS,17843,2025-08-06,2025-08-06T20:06:12.000Z,AFTER_CLOSE
CRS,17843,2025-08-06,2025-08-06T20:06:01.000Z,AFTER_CLOSE
CRS,17843,2025-10-23,2025-10-23T21:15:06.000Z,AFTER_CLOSE
CRS,17843,2025-10-23,2025-10-23T21:04:41.000Z,AFTER_CLOSE
CRS,17843,2026-01-29,2026-01-29T21:17:08.000Z,AFTER_CLOSE
CRS,17843,2026-01-29,2026-01-29T21:11:31.000Z,AFTER_CLOSE
CRS,17843,2026-04-29,2026-04-29T20:24:03.000Z,AFTER_CLOSE
CRS,17843,2026-04-29,2026-04-29T20:14:58.000Z,AFTER_CLOSE
CRS,17843,2026-07-30,2026-07-30T20:22:41.000Z,AFTER_CLOSE
CRS,17843,2026-07-30,2026-07-30T20:15:48.000Z,AFTER_CLOSE
CRWD,1535527,2020-12-02,2020-12-02T21:07:24.000Z,AFTER_CLOSE
CRWD,1535527,2021-03-16,2021-03-16T20:06:47.000Z,AFTER_CLOSE
CRWD,1535527,2021-06-03,2021-06-03T20:07:20.000Z,AFTER_CLOSE
CRWD,1535527,2021-08-31,2021-08-31T20:07:14.000Z,AFTER_CLOSE
CRWD,1535527,2021-12-01,2021-12-01T21:07:13.000Z,AFTER_CLOSE
CRWD,1535527,2022-03-09,2022-03-09T21:08:02.000Z,AFTER_CLOSE
CRWD,1535527,2022-06-02,2022-06-02T20:07:56.000Z,AFTER_CLOSE
CRWD,1535527,2022-08-30,2022-08-30T20:07:02.000Z,AFTER_CLOSE
CRWD,1535527,2022-11-29,2022-11-29T21:06:54.000Z,AFTER_CLOSE
CRWD,1535527,2023-03-07,2023-03-07T21:06:44.000Z,AFTER_CLOSE
CRWD,1535527,2023-05-31,2023-05-31T20:08:14.000Z,AFTER_CLOSE
CRWD,1535527,2023-08-30,2023-08-30T20:06:35.000Z,AFTER_CLOSE
CRWD,1535527,2023-11-28,2023-11-28T21:06:55.000Z,AFTER_CLOSE
CRWD,1535527,2024-03-05,2024-03-05T21:07:26.000Z,AFTER_CLOSE
CRWD,1535527,2024-06-04,2024-06-04T20:06:21.000Z,AFTER_CLOSE
CRWD,1535527,2024-08-28,2024-08-28T20:07:19.000Z,AFTER_CLOSE
CRWD,1535527,2024-11-26,2024-11-26T21:07:01.000Z,AFTER_CLOSE
CRWD,1535527,2025-03-04,2025-03-04T21:11:41.000Z,AFTER_CLOSE
CRWD,1535527,2025-05-07,2025-05-07T10:03:11.000Z,BEFORE_OPEN
CRWD,1535527,2025-06-03,2025-06-03T20:06:56.000Z,AFTER_CLOSE
CRWD,1535527,2025-08-27,2025-08-27T20:11:24.000Z,AFTER_CLOSE
CRWD,1535527,2025-12-02,2025-12-02T21:11:13.000Z,AFTER_CLOSE
CRWD,1535527,2026-03-03,2026-03-03T21:06:26.000Z,AFTER_CLOSE
CRWD,1535527,2026-06-03,2026-06-03T20:06:20.000Z,AFTER_CLOSE
CRWD,1535527,2026-08-26,2026-08-26T20:07:02.000Z,AFTER_CLOSE
CSCO,858877,2020-05-13,2020-05-13T20:09:40.000Z,AFTER_CLOSE
CSCO,858877,2020-08-12,2020-08-12T20:10:03.000Z,AFTER_CLOSE
CSCO,858877,2020-11-12,2020-11-12T21:09:04.000Z,AFTER_CLOSE
CSCO,858877,2021-02-09,2021-02-09T21:11:01.000Z,AFTER_CLOSE
CSCO,858877,2021-05-19,2021-05-19T20:14:04.000Z,AFTER_CLOSE
CSCO,858877,2021-08-18,2021-08-18T20:10:56.000Z,AFTER_CLOSE
CSCO,858877,2021-11-17,2021-11-17T21:08:02.000Z,AFTER_CLOSE
CSCO,858877,2022-02-16,2022-02-16T21:16:10.000Z,AFTER_CLOSE
CSCO,858877,2022-05-18,2022-05-18T20:10:07.000Z,AFTER_CLOSE
CSCO,858877,2022-08-17,2022-08-17T20:12:07.000Z,AFTER_CLOSE
CSCO,858877,2022-11-16,2022-11-16T21:19:56.000Z,AFTER_CLOSE
CSCO,858877,2023-02-15,2023-02-15T21:13:35.000Z,AFTER_CLOSE
CSCO,858877,2023-05-17,2023-05-17T20:20:05.000Z,AFTER_CLOSE
CSCO,858877,2023-08-16,2023-08-16T20:09:53.000Z,AFTER_CLOSE
CSCO,858877,2023-11-15,2023-11-15T21:09:32.000Z,AFTER_CLOSE
CSCO,858877,2024-02-14,2024-02-14T21:11:04.000Z,AFTER_CLOSE
CSCO,858877,2024-05-15,2024-05-15T20:09:01.000Z,AFTER_CLOSE
CSCO,858877,2024-08-14,2024-08-14T20:16:02.000Z,AFTER_CLOSE
CSCO,858877,2024-11-13,2024-11-13T21:14:31.000Z,AFTER_CLOSE
CSCO,858877,2025-02-12,2025-02-12T21:19:33.000Z,AFTER_CLOSE
CSCO,858877,2025-05-14,2025-05-14T20:17:33.000Z,AFTER_CLOSE
CSCO,858877,2025-08-13,2025-08-13T20:11:01.000Z,AFTER_CLOSE
CSCO,858877,2025-11-12,2025-11-12T21:15:30.000Z,AFTER_CLOSE
CSCO,858877,2026-02-11,2026-02-11T21:07:20.000Z,AFTER_CLOSE
CSCO,858877,2026-05-13,2026-05-13T20:06:53.000Z,AFTER_CLOSE
CSCO,858877,2026-08-12,2026-08-12T20:07:06.000Z,AFTER_CLOSE
CSX,277948,2015-07-14,2015-07-14T20:01:57.000Z,AFTER_CLOSE
CSX,277948,2015-10-13,2015-10-13T20:01:45.000Z,AFTER_CLOSE
CSX,277948,2016-01-12,2016-01-12T21:01:50.000Z,AFTER_CLOSE
CSX,277948,2016-04-12,2016-04-12T20:01:29.000Z,AFTER_CLOSE
CSX,277948,2016-07-13,2016-07-13T19:05:50.000Z,IN_SESSION
CSX,277948,2016-10-12,2016-10-12T20:02:42.000Z,AFTER_CLOSE
CSX,277948,2017-01-17,2017-01-17T21:01:33.000Z,AFTER_CLOSE
CSX,277948,2017-04-19,2017-04-19T20:01:27.000Z,AFTER_CLOSE
CSX,277948,2017-07-18,2017-07-18T20:02:26.000Z,AFTER_CLOSE
CSX,277948,2017-10-17,2017-10-17T12:00:37.000Z,BEFORE_OPEN
CSX,277948,2018-01-16,2018-01-16T21:01:33.000Z,AFTER_CLOSE
CSX,277948,2018-04-17,2018-04-17T20:01:24.000Z,AFTER_CLOSE
CSX,277948,2018-07-17,2018-07-17T20:03:08.000Z,AFTER_CLOSE
CSX,277948,2018-10-16,2018-10-16T20:02:17.000Z,AFTER_CLOSE
CSX,277948,2019-01-16,2019-01-16T21:02:02.000Z,AFTER_CLOSE
CSX,277948,2019-04-16,2019-04-16T20:01:45.000Z,AFTER_CLOSE
CSX,277948,2019-07-16,2019-07-16T20:01:31.000Z,AFTER_CLOSE
CSX,277948,2019-10-16,2019-10-16T20:01:58.000Z,AFTER_CLOSE
CSX,277948,2020-01-16,2020-01-16T21:01:50.000Z,AFTER_CLOSE
CSX,277948,2020-04-22,2020-04-22T20:01:48.000Z,AFTER_CLOSE
CSX,277948,2020-07-22,2020-07-22T20:01:27.000Z,AFTER_CLOSE
CSX,277948,2020-10-21,2020-10-21T20:01:25.000Z,AFTER_CLOSE
CSX,277948,2021-01-21,2021-01-21T21:01:25.000Z,AFTER_CLOSE
CSX,277948,2021-04-20,2021-04-20T20:01:31.000Z,AFTER_CLOSE
CSX,277948,2021-07-21,2021-07-21T20:01:35.000Z,AFTER_CLOSE
CSX,277948,2021-10-20,2021-10-20T20:01:32.000Z,AFTER_CLOSE
CSX,277948,2022-01-20,2022-01-20T21:01:28.000Z,AFTER_CLOSE
CSX,277948,2022-04-20,2022-04-20T20:01:42.000Z,AFTER_CLOSE
CSX,277948,2022-07-20,2022-07-20T20:01:27.000Z,AFTER_CLOSE
CSX,277948,2022-10-20,2022-10-20T20:01:28.000Z,AFTER_CLOSE
CSX,277948,2023-01-25,2023-01-25T21:01:27.000Z,AFTER_CLOSE
CSX,277948,2023-04-20,2023-04-20T20:01:46.000Z,AFTER_CLOSE
CSX,277948,2023-07-20,2023-07-20T20:01:42.000Z,AFTER_CLOSE
CSX,277948,2023-10-19,2023-10-19T20:01:28.000Z,AFTER_CLOSE
CSX,277948,2024-01-24,2024-01-24T21:01:43.000Z,AFTER_CLOSE
CSX,277948,2024-04-17,2024-04-17T20:01:56.000Z,AFTER_CLOSE
CSX,277948,2024-08-05,2024-08-05T20:01:40.000Z,AFTER_CLOSE
CSX,277948,2024-10-16,2024-10-16T20:02:05.000Z,AFTER_CLOSE
CSX,277948,2025-01-23,2025-01-23T21:01:19.000Z,AFTER_CLOSE
CSX,277948,2025-04-16,2025-04-16T20:01:28.000Z,AFTER_CLOSE
CSX,277948,2025-07-23,2025-07-23T20:01:27.000Z,AFTER_CLOSE
CSX,277948,2025-10-16,2025-10-16T20:01:18.000Z,AFTER_CLOSE
CSX,277948,2026-01-22,2026-01-22T21:01:20.000Z,AFTER_CLOSE
CSX,277948,2026-04-22,2026-04-22T20:01:16.000Z,AFTER_CLOSE
CSX,277948,2026-07-22,2026-07-22T20:01:13.000Z,AFTER_CLOSE
CTAS,723254,2008-03-20,2008-03-20T14:48:02.000Z,IN_SESSION
CTAS,723254,2008-07-16,2008-07-16T18:11:27.000Z,IN_SESSION
CTAS,723254,2008-09-19,2008-09-19T19:43:08.000Z,IN_SESSION
CTAS,723254,2008-12-22,2008-12-22T21:31:04.000Z,AFTER_CLOSE
CTAS,723254,2009-03-19,2009-03-19T18:44:43.000Z,IN_SESSION
CTAS,723254,2009-07-16,2009-07-16T20:11:43.000Z,AFTER_CLOSE
CTAS,723254,2009-09-24,2009-09-24T17:05:12.000Z,IN_SESSION
CTAS,723254,2009-12-23,2009-12-23T19:45:19.000Z,IN_SESSION
CTAS,723254,2010-03-19,2010-03-19T20:11:07.000Z,AFTER_CLOSE
CTAS,723254,2010-07-22,2010-07-22T18:52:07.000Z,IN_SESSION
CTAS,723254,2010-09-22,2010-09-22T21:03:10.000Z,AFTER_CLOSE
CTAS,723254,2010-12-23,2010-12-23T20:24:51.000Z,IN_SESSION
CTAS,723254,2011-03-22,2011-03-22T20:36:04.000Z,AFTER_CLOSE
CTAS,723254,2011-07-19,2011-07-19T20:19:46.000Z,AFTER_CLOSE
CTAS,723254,2011-09-22,2011-09-22T20:31:05.000Z,AFTER_CLOSE
CTAS,723254,2011-12-20,2011-12-20T21:26:51.000Z,AFTER_CLOSE
CTAS,723254,2012-03-20,2012-03-20T20:30:19.000Z,AFTER_CLOSE
CTAS,723254,2012-07-17,2012-07-16T21:56:38.000Z,AFTER_CLOSE
CTAS,723254,2012-09-20,2012-09-20T20:53:51.000Z,AFTER_CLOSE
CTAS,723254,2012-12-20,2012-12-20T21:51:35.000Z,AFTER_CLOSE
CTAS,723254,2013-03-19,2013-03-19T20:54:21.000Z,AFTER_CLOSE
CTAS,723254,2013-07-15,2013-07-15T21:16:42.000Z,AFTER_CLOSE
CTAS,723254,2013-09-19,2013-09-19T20:33:35.000Z,AFTER_CLOSE
CTAS,723254,2013-12-19,2013-12-19T21:20:50.000Z,AFTER_CLOSE
CTAS,723254,2014-03-19,2014-03-19T20:20:38.000Z,AFTER_CLOSE
CTAS,723254,2014-07-15,2014-07-15T20:22:35.000Z,AFTER_CLOSE
CTAS,723254,2014-09-29,2014-09-29T20:19:04.000Z,AFTER_CLOSE
CTAS,723254,2014-12-18,2014-12-18T21:22:01.000Z,AFTER_CLOSE
CTAS,723254,2015-03-18,2015-03-18T20:17:16.000Z,AFTER_CLOSE
CTAS,723254,2015-07-16,2015-07-16T20:16:54.000Z,AFTER_CLOSE
CTAS,723254,2015-09-24,2015-09-24T20:23:53.000Z,AFTER_CLOSE
CTAS,723254,2015-12-21,2015-12-21T21:17:53.000Z,AFTER_CLOSE
CTAS,723254,2016-03-22,2016-03-22T20:17:11.000Z,AFTER_CLOSE
CTAS,723254,2016-07-19,2016-07-19T20:16:45.000Z,AFTER_CLOSE
CTAS,723254,2016-09-27,2016-09-27T20:12:24.000Z,AFTER_CLOSE
CTAS,723254,2017-03-22,2017-03-22T20:16:43.000Z,AFTER_CLOSE
CTAS,723254,2017-07-20,2017-07-20T20:25:24.000Z,AFTER_CLOSE
CTAS,723254,2017-09-26,2017-09-26T20:57:15.000Z,AFTER_CLOSE
CTAS,723254,2017-12-21,2017-12-21T21:17:46.000Z,AFTER_CLOSE
CTAS,723254,2018-03-22,2018-03-22T20:42:42.000Z,AFTER_CLOSE
CTAS,723254,2018-07-19,2018-07-19T20:16:42.000Z,AFTER_CLOSE
CTAS,723254,2018-09-25,2018-09-25T20:18:06.000Z,AFTER_CLOSE
CTAS,723254,2018-12-20,2018-12-20T21:16:41.000Z,AFTER_CLOSE
CTAS,723254,2019-03-21,2019-03-21T20:15:56.000Z,AFTER_CLOSE
CTAS,723254,2019-07-16,2019-07-16T20:16:30.000Z,AFTER_CLOSE
CTAS,723254,2019-09-24,2019-09-24T20:16:40.000Z,AFTER_CLOSE
CTAS,723254,2019-12-17,2019-12-17T21:25:46.000Z,AFTER_CLOSE
CTAS,723254,2020-03-19,2020-03-19T20:16:32.000Z,AFTER_CLOSE
CTAS,723254,2020-07-23,2020-07-23T12:32:34.000Z,BEFORE_OPEN
CTAS,723254,2020-09-23,2020-09-23T12:32:29.000Z,BEFORE_OPEN
CTAS,723254,2020-12-22,2020-12-22T13:34:16.000Z,BEFORE_OPEN
CTAS,723254,2021-03-17,2021-03-17T12:30:59.000Z,BEFORE_OPEN
CTAS,723254,2021-07-15,2021-07-15T12:32:04.000Z,BEFORE_OPEN
CTAS,723254,2021-09-29,2021-09-29T12:31:28.000Z,BEFORE_OPEN
CTAS,723254,2021-12-22,2021-12-22T13:30:50.000Z,BEFORE_OPEN
CTAS,723254,2022-03-23,2022-03-23T17:16:22.000Z,IN_SESSION
CTAS,723254,2022-07-14,2022-07-14T13:28:36.000Z,BEFORE_OPEN
CTAS,723254,2022-09-28,2022-09-28T12:31:10.000Z,BEFORE_OPEN
CTAS,723254,2022-12-21,2022-12-21T13:32:12.000Z,BEFORE_OPEN
CTAS,723254,2023-03-29,2023-03-29T12:31:33.000Z,BEFORE_OPEN
CTAS,723254,2023-07-13,2023-07-13T12:35:36.000Z,BEFORE_OPEN
CTAS,723254,2023-09-26,2023-09-26T12:31:13.000Z,BEFORE_OPEN
CTAS,723254,2023-12-21,2023-12-21T13:31:28.000Z,BEFORE_OPEN
CTAS,723254,2024-03-27,2024-03-27T12:37:16.000Z,BEFORE_OPEN
CTAS,723254,2024-07-18,2024-07-18T12:47:31.000Z,BEFORE_OPEN
CTAS,723254,2024-09-25,2024-09-25T12:30:58.000Z,BEFORE_OPEN
CTAS,723254,2024-12-19,2024-12-19T13:31:58.000Z,BEFORE_OPEN
CTAS,723254,2025-03-26,2025-03-26T12:31:43.000Z,BEFORE_OPEN
CTAS,723254,2025-07-17,2025-07-17T12:31:26.000Z,BEFORE_OPEN
CTAS,723254,2025-09-24,2025-09-24T12:34:41.000Z,BEFORE_OPEN
CTAS,723254,2025-12-18,2025-12-18T13:31:05.000Z,BEFORE_OPEN
CTAS,723254,2026-03-25,2026-03-25T12:31:08.000Z,BEFORE_OPEN
CTAS,723254,2026-07-15,2026-07-15T12:31:16.000Z,BEFORE_OPEN
CTSH,1058290,2021-10-27,2021-10-27T20:05:29.000Z,AFTER_CLOSE
CTSH,1058290,2022-02-02,2022-02-02T21:05:22.000Z,AFTER_CLOSE
CTSH,1058290,2022-05-04,2022-05-04T20:07:35.000Z,AFTER_CLOSE
CTSH,1058290,2022-07-27,2022-07-27T20:05:24.000Z,AFTER_CLOSE
CTSH,1058290,2022-11-02,2022-11-02T20:03:17.000Z,AFTER_CLOSE
CTSH,1058290,2023-01-12,2023-01-12T21:11:48.000Z,AFTER_CLOSE
CTSH,1058290,2023-02-02,2023-02-02T21:13:25.000Z,AFTER_CLOSE
CTSH,1058290,2023-05-03,2023-05-03T20:28:03.000Z,AFTER_CLOSE
CTSH,1058290,2023-08-02,2023-08-02T20:11:38.000Z,AFTER_CLOSE
CTSH,1058290,2023-11-01,2023-11-01T20:07:48.000Z,AFTER_CLOSE
CTSH,1058290,2024-02-06,2024-02-06T21:08:51.000Z,AFTER_CLOSE
CTSH,1058290,2024-05-01,2024-05-01T20:03:38.000Z,AFTER_CLOSE
CTSH,1058290,2024-07-31,2024-07-31T20:03:48.000Z,AFTER_CLOSE
CTSH,1058290,2024-10-30,2024-10-30T20:04:19.000Z,AFTER_CLOSE
CTSH,1058290,2025-02-05,2025-02-05T21:05:30.000Z,AFTER_CLOSE
CTSH,1058290,2025-04-30,2025-04-30T20:02:39.000Z,AFTER_CLOSE
CTSH,1058290,2025-07-30,2025-07-30T20:03:44.000Z,AFTER_CLOSE
CTSH,1058290,2025-10-29,2025-10-29T10:32:26.000Z,BEFORE_OPEN
CTSH,1058290,2026-02-04,2026-02-04T11:32:06.000Z,BEFORE_OPEN
CTSH,1058290,2026-04-29,2026-04-29T10:49:51.000Z,BEFORE_OPEN
CTSH,1058290,2026-07-29,2026-07-29T10:35:10.000Z,BEFORE_OPEN
CTVA,1755672,2019-08-01,2019-08-01T10:20:58.000Z,BEFORE_OPEN
CTVA,1755672,2019-10-31,2019-10-31T10:54:56.000Z,BEFORE_OPEN
CTVA,1755672,2020-01-30,2020-01-30T11:17:39.000Z,BEFORE_OPEN
CTVA,1755672,2020-05-06,2020-05-06T21:12:04.000Z,AFTER_CLOSE
CTVA,1755672,2020-08-05,2020-08-05T21:10:16.000Z,AFTER_CLOSE
CTVA,1755672,2020-11-04,2020-11-04T22:06:12.000Z,AFTER_CLOSE
CTVA,1755672,2021-02-03,2021-02-03T22:08:15.000Z,AFTER_CLOSE
CTVA,1755672,2021-05-04,2021-05-04T21:07:39.000Z,AFTER_CLOSE
CTVA,1755672,2021-08-05,2021-08-05T21:09:27.000Z,AFTER_CLOSE
CTVA,1755672,2021-11-03,2021-11-03T21:04:42.000Z,AFTER_CLOSE
CTVA,1755672,2022-02-02,2022-02-02T22:04:05.000Z,AFTER_CLOSE
CTVA,1755672,2022-05-04,2022-05-04T21:03:20.000Z,AFTER_CLOSE
CTVA,1755672,2022-08-04,2022-08-04T21:04:04.000Z,AFTER_CLOSE
CTVA,1755672,2022-11-03,2022-11-03T21:01:40.000Z,AFTER_CLOSE
CTVA,1755672,2023-02-01,2023-02-01T22:07:47.000Z,AFTER_CLOSE
CTVA,1755672,2023-05-03,2023-05-03T21:03:29.000Z,AFTER_CLOSE
CTVA,1755672,2023-08-03,2023-08-03T21:03:19.000Z,AFTER_CLOSE
CTVA,1755672,2023-10-27,2023-10-27T12:02:15.000Z,BEFORE_OPEN
CTVA,1755672,2023-11-08,2023-11-08T21:32:08.000Z,AFTER_CLOSE
CTVA,1755672,2024-01-31,2024-01-31T22:04:24.000Z,AFTER_CLOSE
CTVA,1755672,2024-05-01,2024-05-01T21:10:47.000Z,AFTER_CLOSE
CTVA,1755672,2024-07-31,2024-07-31T20:41:36.000Z,AFTER_CLOSE
CTVA,1755672,2024-11-06,2024-11-06T21:28:52.000Z,AFTER_CLOSE
CTVA,1755672,2025-02-05,2025-02-05T22:00:03.000Z,AFTER_CLOSE
CTVA,1755672,2025-05-07,2025-05-07T20:44:40.000Z,AFTER_CLOSE
CTVA,1755672,2025-08-06,2025-08-06T20:39:12.000Z,AFTER_CLOSE
CTVA,1755672,2025-10-01,2025-10-01T10:55:15.000Z,BEFORE_OPEN
CTVA,1755672,2025-11-04,2025-11-04T21:40:06.000Z,AFTER_CLOSE
CTVA,1755672,2026-02-03,2026-02-03T21:44:07.000Z,AFTER_CLOSE
CTVA,1755672,2026-05-05,2026-05-05T20:41:21.000Z,AFTER_CLOSE
CTVA,1755672,2026-07-30,2026-07-30T20:44:01.000Z,AFTER_CLOSE
CVNA,1690820,2023-05-04,2023-05-04T20:15:48.000Z,AFTER_CLOSE
CVNA,1690820,2023-07-19,2023-07-19T10:33:34.000Z,BEFORE_OPEN
CVNA,1690820,2023-11-02,2023-11-02T20:11:28.000Z,AFTER_CLOSE
CVNA,1690820,2024-02-22,2024-02-22T21:10:48.000Z,AFTER_CLOSE
CVNA,1690820,2024-05-01,2024-05-01T20:10:45.000Z,AFTER_CLOSE
CVNA,1690820,2024-07-31,2024-07-31T20:11:15.000Z,AFTER_CLOSE
CVNA,1690820,2024-10-30,2024-10-30T20:11:23.000Z,AFTER_CLOSE
CVNA,1690820,2025-02-19,2025-02-19T21:10:42.000Z,AFTER_CLOSE
CVNA,1690820,2025-05-07,2025-05-07T20:07:19.000Z,AFTER_CLOSE
CVNA,1690820,2025-07-30,2025-07-30T20:06:24.000Z,AFTER_CLOSE
CVNA,1690820,2025-10-29,2025-10-29T20:06:00.000Z,AFTER_CLOSE
CVNA,1690820,2026-02-18,2026-02-18T21:05:46.000Z,AFTER_CLOSE
CVNA,1690820,2026-04-29,2026-04-29T20:05:54.000Z,AFTER_CLOSE
CVNA,1690820,2026-07-29,2026-07-29T20:05:47.000Z,AFTER_CLOSE
CVS,64803,2018-01-04,2018-01-04T12:14:32.000Z,BEFORE_OPEN
CVS,64803,2018-02-08,2018-02-08T11:56:23.000Z,BEFORE_OPEN
CVS,64803,2018-05-02,2018-05-02T10:59:38.000Z,BEFORE_OPEN
CVS,64803,2018-08-08,2018-08-08T10:58:18.000Z,BEFORE_OPEN
CVS,64803,2018-11-06,2018-11-06T11:58:07.000Z,BEFORE_OPEN
CVS,64803,2019-02-20,2019-02-20T12:01:07.000Z,BEFORE_OPEN
CVS,64803,2019-05-01,2019-05-01T10:58:06.000Z,BEFORE_OPEN
CVS,64803,2019-08-07,2019-08-07T10:58:17.000Z,BEFORE_OPEN
CVS,64803,2019-11-06,2019-11-06T11:37:58.000Z,BEFORE_OPEN
CVS,64803,2020-02-12,2020-02-12T11:48:26.000Z,BEFORE_OPEN
CVS,64803,2020-05-06,2020-05-06T10:34:00.000Z,BEFORE_OPEN
CVS,64803,2020-08-05,2020-08-05T10:34:59.000Z,BEFORE_OPEN
CVS,64803,2020-11-06,2020-11-06T11:37:29.000Z,BEFORE_OPEN
CVS,64803,2021-02-16,2021-02-16T11:36:39.000Z,BEFORE_OPEN
CVS,64803,2021-05-04,2021-05-04T10:33:37.000Z,BEFORE_OPEN
CVS,64803,2021-08-04,2021-08-04T10:34:03.000Z,BEFORE_OPEN
CVS,64803,2021-11-03,2021-11-03T10:43:54.000Z,BEFORE_OPEN
CVS,64803,2022-01-11,2022-01-11T11:31:38.000Z,BEFORE_OPEN
CVS,64803,2022-02-09,2022-02-09T11:33:11.000Z,BEFORE_OPEN
CVS,64803,2022-05-04,2022-05-04T10:31:42.000Z,BEFORE_OPEN
CVS,64803,2022-08-03,2022-08-03T10:33:18.000Z,BEFORE_OPEN
CVS,64803,2022-11-02,2022-11-02T10:33:53.000Z,BEFORE_OPEN
CVS,64803,2023-01-09,2023-01-09T11:27:52.000Z,BEFORE_OPEN
CVS,64803,2023-02-08,2023-02-08T11:32:33.000Z,BEFORE_OPEN
CVS,64803,2023-05-03,2023-05-03T10:34:36.000Z,BEFORE_OPEN
CVS,64803,2023-08-02,2023-08-02T10:34:24.000Z,BEFORE_OPEN
CVS,64803,2023-11-01,2023-11-01T10:35:12.000Z,BEFORE_OPEN
CVS,64803,2024-01-05,2024-01-05T11:41:14.000Z,BEFORE_OPEN
CVS,64803,2024-02-07,2024-02-07T11:33:20.000Z,BEFORE_OPEN
CVS,64803,2024-05-01,2024-05-01T10:32:37.000Z,BEFORE_OPEN
CVS,64803,2024-08-07,2024-08-07T10:33:48.000Z,BEFORE_OPEN
CVS,64803,2024-10-18,2024-10-18T10:46:01.000Z,BEFORE_OPEN
CVS,64803,2024-11-06,2024-11-06T11:33:20.000Z,BEFORE_OPEN
CVS,64803,2025-02-12,2025-02-12T11:32:09.000Z,BEFORE_OPEN
CVS,64803,2025-05-01,2025-05-01T10:32:09.000Z,BEFORE_OPEN
CVS,64803,2025-07-31,2025-07-31T10:31:12.000Z,BEFORE_OPEN
CVS,64803,2025-10-29,2025-10-29T10:32:51.000Z,BEFORE_OPEN
CVS,64803,2026-02-10,2026-02-10T11:31:12.000Z,BEFORE_OPEN
CVS,64803,2026-05-06,2026-05-06T10:31:25.000Z,BEFORE_OPEN
CVS,64803,2026-08-05,2026-08-05T10:32:06.000Z,BEFORE_OPEN
CVX,93410,2019-04-26,2019-04-26T13:01:24.000Z,BEFORE_OPEN
CVX,93410,2019-08-02,2019-08-02T13:00:57.000Z,BEFORE_OPEN
CVX,93410,2019-11-01,2019-11-01T13:00:58.000Z,BEFORE_OPEN
CVX,93410,2020-01-31,2020-01-31T14:00:03.000Z,BEFORE_OPEN
CVX,93410,2020-05-01,2020-05-01T13:00:23.000Z,BEFORE_OPEN
CVX,93410,2020-07-31,2020-07-31T12:37:55.000Z,BEFORE_OPEN
CVX,93410,2020-10-30,2020-10-30T10:47:22.000Z,BEFORE_OPEN
CVX,93410,2021-01-29,2021-01-29T12:32:28.000Z,BEFORE_OPEN
CVX,93410,2021-04-30,2021-04-30T10:33:57.000Z,BEFORE_OPEN
CVX,93410,2021-07-30,2021-07-30T10:02:00.000Z,BEFORE_OPEN
CVX,93410,2021-10-29,2021-10-29T10:02:25.000Z,BEFORE_OPEN
CVX,93410,2022-01-28,2022-01-28T11:47:14.000Z,BEFORE_OPEN
CVX,93410,2022-04-29,2022-04-29T10:16:49.000Z,BEFORE_OPEN
CVX,93410,2022-07-29,2022-07-29T10:16:50.000Z,BEFORE_OPEN
CVX,93410,2022-10-28,2022-10-28T10:19:21.000Z,BEFORE_OPEN
CVX,93410,2023-01-27,2023-01-27T11:48:29.000Z,BEFORE_OPEN
CVX,93410,2023-04-28,2023-04-28T10:17:21.000Z,BEFORE_OPEN
CVX,93410,2023-07-24,2023-07-24T10:01:10.000Z,BEFORE_OPEN
CVX,93410,2023-07-28,2023-07-28T10:16:33.000Z,BEFORE_OPEN
CVX,93410,2023-10-27,2023-10-27T10:16:38.000Z,BEFORE_OPEN
CVX,93410,2024-01-02,2024-01-02T13:00:35.000Z,BEFORE_OPEN
CVX,93410,2024-02-02,2024-02-02T11:17:17.000Z,BEFORE_OPEN
CVX,93410,2024-04-26,2024-04-26T10:15:56.000Z,BEFORE_OPEN
CVX,93410,2024-08-02,2024-08-02T10:16:14.000Z,BEFORE_OPEN
CVX,93410,2024-11-01,2024-11-01T10:16:39.000Z,BEFORE_OPEN
CVX,93410,2025-01-31,2025-01-31T11:16:49.000Z,BEFORE_OPEN
CVX,93410,2025-05-02,2025-05-02T10:26:38.000Z,BEFORE_OPEN
CVX,93410,2025-08-01,2025-08-01T10:17:27.000Z,BEFORE_OPEN
CVX,93410,2025-10-31,2025-10-31T10:16:33.000Z,BEFORE_OPEN
CVX,93410,2026-01-30,2026-01-30T11:16:19.000Z,BEFORE_OPEN
CVX,93410,2026-04-09,2026-04-09T11:00:12.000Z,BEFORE_OPEN
CVX,93410,2026-05-01,2026-05-01T10:16:43.000Z,BEFORE_OPEN
CVX,93410,2026-07-31,2026-07-31T10:16:46.000Z,BEFORE_OPEN
D,715957,2018-08-01,2018-08-01T12:14:44.000Z,BEFORE_OPEN
D,715957,2018-11-01,2018-11-01T12:08:41.000Z,BEFORE_OPEN
D,715957,2019-02-01,2019-02-01T12:59:20.000Z,BEFORE_OPEN
D,715957,2019-05-03,2019-05-03T11:44:40.000Z,BEFORE_OPEN
D,715957,2019-07-31,2019-07-31T11:52:59.000Z,BEFORE_OPEN
D,715957,2019-11-01,2019-11-01T12:00:44.000Z,BEFORE_OPEN
D,715957,2020-02-11,2020-02-11T13:01:37.000Z,BEFORE_OPEN
D,715957,2020-04-03,2020-04-03T12:50:32.000Z,BEFORE_OPEN
D,715957,2020-05-05,2020-05-05T12:01:52.000Z,BEFORE_OPEN
D,715957,2020-07-31,2020-07-31T12:42:22.000Z,BEFORE_OPEN
D,715957,2020-11-05,2020-11-05T12:31:15.000Z,BEFORE_OPEN
D,715957,2021-02-12,2021-02-12T12:30:26.000Z,BEFORE_OPEN
D,715957,2021-05-04,2021-05-04T11:30:32.000Z,BEFORE_OPEN
D,715957,2021-08-06,2021-08-06T11:31:06.000Z,BEFORE_OPEN
D,715957,2021-11-05,2021-11-05T11:30:49.000Z,BEFORE_OPEN
D,715957,2022-02-11,2022-02-11T12:30:34.000Z,BEFORE_OPEN
D,715957,2022-05-05,2022-05-05T11:30:56.000Z,BEFORE_OPEN
D,715957,2022-08-08,2022-08-08T11:30:24.000Z,BEFORE_OPEN
D,715957,2022-11-04,2022-11-04T11:59:34.000Z,BEFORE_OPEN
D,715957,2023-02-08,2023-02-08T12:49:32.000Z,BEFORE_OPEN
D,715957,2023-05-05,2023-05-05T12:05:11.000Z,BEFORE_OPEN
D,715957,2023-08-04,2023-08-04T11:33:21.000Z,BEFORE_OPEN
D,715957,2023-11-03,2023-11-03T11:31:50.000Z,BEFORE_OPEN
D,715957,2024-02-22,2024-02-22T12:37:30.000Z,BEFORE_OPEN
D,715957,2024-05-02,2024-05-02T11:33:52.000Z,BEFORE_OPEN
D,715957,2024-08-01,2024-08-01T11:32:18.000Z,BEFORE_OPEN
D,715957,2024-11-01,2024-11-01T11:32:47.000Z,BEFORE_OPEN
D,715957,2025-02-12,2025-02-12T12:36:27.000Z,BEFORE_OPEN
D,715957,2025-05-01,2025-05-01T11:31:09.000Z,BEFORE_OPEN
D,715957,2025-08-01,2025-08-01T11:31:29.000Z,BEFORE_OPEN
D,715957,2025-10-31,2025-10-31T11:31:13.000Z,BEFORE_OPEN
D,715957,2026-02-23,2026-02-23T12:31:07.000Z,BEFORE_OPEN
D,715957,2026-05-01,2026-05-01T11:31:06.000Z,BEFORE_OPEN
D,715957,2026-07-31,2026-07-31T11:31:04.000Z,BEFORE_OPEN
DAL,27904,2017-04-12,2017-04-12T11:00:11.000Z,BEFORE_OPEN
DAL,27904,2017-07-13,2017-07-13T11:00:50.000Z,BEFORE_OPEN
DAL,27904,2017-10-11,2017-10-11T11:00:19.000Z,BEFORE_OPEN
DAL,27904,2018-01-11,2018-01-11T12:00:19.000Z,BEFORE_OPEN
DAL,27904,2018-04-12,2018-04-12T11:00:11.000Z,BEFORE_OPEN
DAL,27904,2018-07-12,2018-07-12T11:00:13.000Z,BEFORE_OPEN
DAL,27904,2018-10-11,2018-10-11T11:00:18.000Z,BEFORE_OPEN
DAL,27904,2019-01-15,2019-01-15T12:00:14.000Z,BEFORE_OPEN
DAL,27904,2019-04-10,2019-04-10T11:00:12.000Z,BEFORE_OPEN
DAL,27904,2019-07-11,2019-07-11T11:00:11.000Z,BEFORE_OPEN
DAL,27904,2019-10-10,2019-10-10T11:00:55.000Z,BEFORE_OPEN
DAL,27904,2020-01-14,2020-01-14T12:01:06.000Z,BEFORE_OPEN
DAL,27904,2020-04-22,2020-04-22T11:00:42.000Z,BEFORE_OPEN
DAL,27904,2020-07-14,2020-07-14T11:01:41.000Z,BEFORE_OPEN
DAL,27904,2020-10-13,2020-10-13T12:30:31.000Z,BEFORE_OPEN
DAL,27904,2021-01-14,2021-01-14T12:25:26.000Z,BEFORE_OPEN
DAL,27904,2021-04-15,2021-04-15T12:45:15.000Z,BEFORE_OPEN
DAL,27904,2021-07-14,2021-07-14T11:25:14.000Z,BEFORE_OPEN
DAL,27904,2021-10-13,2021-10-13T11:25:20.000Z,BEFORE_OPEN
DAL,27904,2022-01-13,2022-01-13T11:30:13.000Z,BEFORE_OPEN
DAL,27904,2022-04-13,2022-04-13T10:30:11.000Z,BEFORE_OPEN
DAL,27904,2022-07-13,2022-07-13T10:30:14.000Z,BEFORE_OPEN
DAL,27904,2022-10-13,2022-10-13T10:30:15.000Z,BEFORE_OPEN
DAL,27904,2023-01-13,2023-01-13T11:30:27.000Z,BEFORE_OPEN
DAL,27904,2023-04-13,2023-04-13T10:30:11.000Z,BEFORE_OPEN
DAL,27904,2023-07-13,2023-07-13T10:30:10.000Z,BEFORE_OPEN
DAL,27904,2023-10-12,2023-10-12T10:30:11.000Z,BEFORE_OPEN
DAL,27904,2024-01-12,2024-01-12T11:30:10.000Z,BEFORE_OPEN
DAL,27904,2024-04-10,2024-04-10T10:30:24.000Z,BEFORE_OPEN
DAL,27904,2024-07-11,2024-07-11T10:30:11.000Z,BEFORE_OPEN
DAL,27904,2024-10-10,2024-10-10T10:30:15.000Z,BEFORE_OPEN
DAL,27904,2025-01-10,2025-01-10T11:30:11.000Z,BEFORE_OPEN
DAL,27904,2025-04-09,2025-04-09T10:30:18.000Z,BEFORE_OPEN
DAL,27904,2025-07-10,2025-07-10T10:30:26.000Z,BEFORE_OPEN
DAL,27904,2025-10-09,2025-10-09T10:30:03.000Z,BEFORE_OPEN
DAL,27904,2026-01-13,2026-01-13T11:30:15.000Z,BEFORE_OPEN
DAL,27904,2026-04-08,2026-04-08T10:30:17.000Z,BEFORE_OPEN
DAL,27904,2026-07-10,2026-07-10T10:30:10.000Z,BEFORE_OPEN
DASH,1792789,2022-05-05,2022-05-05T20:25:08.000Z,AFTER_CLOSE
DASH,1792789,2022-08-04,2022-08-04T20:51:23.000Z,AFTER_CLOSE
DASH,1792789,2022-11-03,2022-11-03T20:12:50.000Z,AFTER_CLOSE
DASH,1792789,2023-02-16,2023-02-16T21:07:05.000Z,AFTER_CLOSE
DASH,1792789,2023-05-04,2023-05-04T20:08:06.000Z,AFTER_CLOSE
DASH,1792789,2023-08-02,2023-08-02T20:07:12.000Z,AFTER_CLOSE
DASH,1792789,2023-11-01,2023-11-01T20:08:56.000Z,AFTER_CLOSE
DASH,1792789,2024-02-15,2024-02-15T21:07:11.000Z,AFTER_CLOSE
DASH,1792789,2024-05-01,2024-05-01T20:07:10.000Z,AFTER_CLOSE
DASH,1792789,2024-08-01,2024-08-01T20:06:42.000Z,AFTER_CLOSE
DASH,1792789,2024-10-30,2024-10-30T20:06:28.000Z,AFTER_CLOSE
DASH,1792789,2025-02-11,2025-02-11T21:06:57.000Z,AFTER_CLOSE
DASH,1792789,2025-05-06,2025-05-06T11:24:47.000Z,BEFORE_OPEN
DASH,1792789,2025-08-06,2025-08-06T20:09:31.000Z,AFTER_CLOSE
DASH,1792789,2025-11-05,2025-11-05T21:09:09.000Z,AFTER_CLOSE
DASH,1792789,2026-02-18,2026-02-18T21:08:24.000Z,AFTER_CLOSE
DASH,1792789,2026-05-06,2026-05-06T20:10:12.000Z,AFTER_CLOSE
DASH,1792789,2026-08-05,2026-08-05T20:12:32.000Z,AFTER_CLOSE
DDOG,1561550,2023-05-04,2023-05-04T11:05:00.000Z,BEFORE_OPEN
DDOG,1561550,2023-08-08,2023-08-08T11:05:14.000Z,BEFORE_OPEN
DDOG,1561550,2023-11-07,2023-11-07T12:01:41.000Z,BEFORE_OPEN
DDOG,1561550,2024-02-13,2024-02-13T12:08:41.000Z,BEFORE_OPEN
DDOG,1561550,2024-05-07,2024-05-07T11:04:16.000Z,BEFORE_OPEN
DDOG,1561550,2024-08-08,2024-08-08T11:05:26.000Z,BEFORE_OPEN
DDOG,1561550,2024-11-07,2024-11-07T12:09:14.000Z,BEFORE_OPEN
DDOG,1561550,2025-02-13,2025-02-13T12:09:55.000Z,BEFORE_OPEN
DDOG,1561550,2025-05-06,2025-05-06T11:45:15.000Z,BEFORE_OPEN
DDOG,1561550,2025-08-07,2025-08-07T11:06:09.000Z,BEFORE_OPEN
DDOG,1561550,2025-11-06,2025-11-06T12:07:06.000Z,BEFORE_OPEN
DDOG,1561550,2026-02-10,2026-02-10T12:11:00.000Z,BEFORE_OPEN
DDOG,1561550,2026-05-07,2026-05-07T11:05:30.000Z,BEFORE_OPEN
DDOG,1561550,2026-08-06,2026-08-06T11:07:37.000Z,BEFORE_OPEN
DE,315189,2015-02-20,2015-02-20T14:00:24.000Z,BEFORE_OPEN
DE,315189,2015-05-22,2015-05-22T13:00:38.000Z,BEFORE_OPEN
DE,315189,2015-08-21,2015-08-21T13:00:25.000Z,BEFORE_OPEN
DE,315189,2015-11-25,2015-11-25T14:00:32.000Z,BEFORE_OPEN
DE,315189,2016-02-19,2016-02-19T14:09:27.000Z,BEFORE_OPEN
DE,315189,2016-05-20,2016-05-20T10:50:26.000Z,BEFORE_OPEN
DE,315189,2016-08-19,2016-08-19T10:50:36.000Z,BEFORE_OPEN
DE,315189,2016-11-23,2016-11-23T11:51:03.000Z,BEFORE_OPEN
DE,315189,2017-02-17,2017-02-17T11:56:57.000Z,BEFORE_OPEN
DE,315189,2017-05-19,2017-05-19T10:50:39.000Z,BEFORE_OPEN
DE,315189,2017-08-18,2017-08-18T10:50:36.000Z,BEFORE_OPEN
DE,315189,2017-11-22,2017-11-22T11:04:31.000Z,BEFORE_OPEN
DE,315189,2018-02-16,2018-02-16T11:05:31.000Z,BEFORE_OPEN
DE,315189,2018-05-18,2018-05-18T10:05:39.000Z,BEFORE_OPEN
DE,315189,2018-08-17,2018-08-17T10:05:36.000Z,BEFORE_OPEN
DE,315189,2018-11-21,2018-11-21T11:05:40.000Z,BEFORE_OPEN
DE,315189,2019-02-15,2019-02-15T11:05:26.000Z,BEFORE_OPEN
DE,315189,2019-05-17,2019-05-17T10:07:38.000Z,BEFORE_OPEN
DE,315189,2019-08-16,2019-08-16T10:11:42.000Z,BEFORE_OPEN
DE,315189,2019-11-27,2019-11-27T11:05:26.000Z,BEFORE_OPEN
DE,315189,2020-02-21,2020-02-21T11:03:45.000Z,BEFORE_OPEN
DE,315189,2020-05-22,2020-05-22T10:08:24.000Z,BEFORE_OPEN
DE,315189,2020-08-21,2020-08-21T10:03:56.000Z,BEFORE_OPEN
DE,315189,2020-11-25,2020-11-25T11:03:58.000Z,BEFORE_OPEN
DE,315189,2021-02-19,2021-02-19T11:05:42.000Z,BEFORE_OPEN
DE,315189,2021-05-21,2021-05-21T10:04:20.000Z,BEFORE_OPEN
DE,315189,2021-08-20,2021-08-20T10:04:39.000Z,BEFORE_OPEN
DE,315189,2021-11-24,2021-11-24T11:04:19.000Z,BEFORE_OPEN
DE,315189,2022-02-18,2022-02-18T11:01:29.000Z,BEFORE_OPEN
DE,315189,2022-05-20,2022-05-20T10:02:47.000Z,BEFORE_OPEN
DE,315189,2022-08-19,2022-08-19T10:01:54.000Z,BEFORE_OPEN
DE,315189,2022-11-23,2022-11-23T11:03:27.000Z,BEFORE_OPEN
DE,315189,2023-02-17,2023-02-17T11:05:15.000Z,BEFORE_OPEN
DE,315189,2023-05-19,2023-05-19T10:01:19.000Z,BEFORE_OPEN
DE,315189,2023-08-18,2023-08-18T10:01:26.000Z,BEFORE_OPEN
DE,315189,2023-11-22,2023-11-22T11:01:22.000Z,BEFORE_OPEN
DE,315189,2024-02-15,2024-02-15T11:00:37.000Z,BEFORE_OPEN
DE,315189,2024-05-16,2024-05-16T10:01:05.000Z,BEFORE_OPEN
DE,315189,2024-08-15,2024-08-15T10:00:30.000Z,BEFORE_OPEN
DE,315189,2024-11-21,2024-11-21T11:00:28.000Z,BEFORE_OPEN
DE,315189,2025-02-13,2025-02-13T11:00:24.000Z,BEFORE_OPEN
DE,315189,2025-05-15,2025-05-15T10:00:20.000Z,BEFORE_OPEN
DE,315189,2025-08-14,2025-08-14T10:00:49.000Z,BEFORE_OPEN
DE,315189,2025-11-26,2025-11-26T11:00:56.000Z,BEFORE_OPEN
DE,315189,2026-02-19,2026-02-19T11:03:46.000Z,BEFORE_OPEN
DE,315189,2026-05-21,2026-05-21T10:00:38.000Z,BEFORE_OPEN
DE,315189,2026-08-20,2026-08-20T10:00:40.000Z,BEFORE_OPEN
DELL,1571996,2023-03-02,2023-03-02T21:12:58.000Z,AFTER_CLOSE
DELL,1571996,2023-06-01,2023-06-01T20:10:44.000Z,AFTER_CLOSE
DELL,1571996,2023-08-31,2023-08-31T20:13:56.000Z,AFTER_CLOSE
DELL,1571996,2023-11-30,2023-11-30T21:09:03.000Z,AFTER_CLOSE
DELL,1571996,2024-02-29,2024-02-29T21:11:07.000Z,AFTER_CLOSE
DELL,1571996,2024-05-30,2024-05-30T20:09:22.000Z,AFTER_CLOSE
DELL,1571996,2024-08-29,2024-08-29T20:14:00.000Z,AFTER_CLOSE
DELL,1571996,2024-11-26,2024-11-26T21:12:16.000Z,AFTER_CLOSE
DELL,1571996,2025-02-27,2025-02-27T21:07:59.000Z,AFTER_CLOSE
DELL,1571996,2025-05-29,2025-05-29T20:07:44.000Z,AFTER_CLOSE
DELL,1571996,2025-08-28,2025-08-28T20:09:59.000Z,AFTER_CLOSE
DELL,1571996,2025-11-25,2025-11-25T21:10:47.000Z,AFTER_CLOSE
DELL,1571996,2026-02-26,2026-02-26T21:08:45.000Z,AFTER_CLOSE
DELL,1571996,2026-05-28,2026-05-28T20:15:39.000Z,AFTER_CLOSE
DELL,1571996,2026-09-01,2026-09-01T20:10:14.000Z,AFTER_CLOSE
DG,29534,2014-08-28,2014-08-28T11:06:26.000Z,BEFORE_OPEN
DG,29534,2014-12-04,2014-12-04T12:08:47.000Z,BEFORE_OPEN
DG,29534,2015-03-12,2015-03-12T11:14:04.000Z,BEFORE_OPEN
DG,29534,2015-06-02,2015-06-02T11:13:20.000Z,BEFORE_OPEN
DG,29534,2015-08-27,2015-08-27T11:07:32.000Z,BEFORE_OPEN
DG,29534,2015-12-03,2015-12-03T11:57:03.000Z,BEFORE_OPEN
DG,29534,2016-03-10,2016-03-10T12:02:20.000Z,BEFORE_OPEN
DG,29534,2016-05-26,2016-05-26T11:01:38.000Z,BEFORE_OPEN
DG,29534,2016-08-25,2016-08-25T11:01:25.000Z,BEFORE_OPEN
DG,29534,2016-12-01,2016-12-01T11:59:52.000Z,BEFORE_OPEN
DG,29534,2017-03-16,2017-03-16T11:01:48.000Z,BEFORE_OPEN
DG,29534,2017-06-01,2017-06-01T11:01:25.000Z,BEFORE_OPEN
DG,29534,2017-08-31,2017-08-31T11:00:05.000Z,BEFORE_OPEN
DG,29534,2017-12-07,2017-12-07T12:04:13.000Z,BEFORE_OPEN
DG,29534,2018-03-15,2018-03-15T11:08:44.000Z,BEFORE_OPEN
DG,29534,2018-05-31,2018-05-31T11:05:57.000Z,BEFORE_OPEN
DG,29534,2018-08-30,2018-08-30T11:04:05.000Z,BEFORE_OPEN
DG,29534,2018-12-04,2018-12-04T12:04:51.000Z,BEFORE_OPEN
DG,29534,2019-03-14,2019-03-14T11:07:21.000Z,BEFORE_OPEN
DG,29534,2019-05-30,2019-05-30T11:01:00.000Z,BEFORE_OPEN
DG,29534,2019-08-29,2019-08-29T10:58:16.000Z,BEFORE_OPEN
DG,29534,2019-12-05,2019-12-05T12:06:16.000Z,BEFORE_OPEN
DG,29534,2020-03-12,2020-03-12T11:12:04.000Z,BEFORE_OPEN
DG,29534,2020-05-28,2020-05-28T11:06:27.000Z,BEFORE_OPEN
DG,29534,2020-08-27,2020-08-27T11:03:05.000Z,BEFORE_OPEN
DG,29534,2020-12-03,2020-12-03T12:03:54.000Z,BEFORE_OPEN
DG,29534,2021-03-18,2021-03-18T11:10:02.000Z,BEFORE_OPEN
DG,29534,2021-05-27,2021-05-27T11:01:11.000Z,BEFORE_OPEN
DG,29534,2021-08-26,2021-08-26T11:04:08.000Z,BEFORE_OPEN
DG,29534,2021-12-02,2021-12-02T12:04:28.000Z,BEFORE_OPEN
DG,29534,2022-03-17,2022-03-17T11:00:38.000Z,BEFORE_OPEN
DG,29534,2022-05-26,2022-05-26T11:04:01.000Z,BEFORE_OPEN
DG,29534,2022-08-25,2022-08-25T10:47:49.000Z,BEFORE_OPEN
DG,29534,2022-12-01,2022-12-01T12:00:35.000Z,BEFORE_OPEN
DG,29534,2023-02-23,2023-02-23T12:05:30.000Z,BEFORE_OPEN
DG,29534,2023-03-16,2023-03-16T11:06:53.000Z,BEFORE_OPEN
DG,29534,2023-06-01,2023-06-01T11:00:55.000Z,BEFORE_OPEN
DG,29534,2023-08-31,2023-08-31T11:04:49.000Z,BEFORE_OPEN
DG,29534,2023-12-07,2023-12-07T12:03:42.000Z,BEFORE_OPEN
DG,29534,2024-03-14,2024-03-14T11:01:44.000Z,BEFORE_OPEN
DG,29534,2024-05-30,2024-05-30T11:01:05.000Z,BEFORE_OPEN
DG,29534,2024-08-29,2024-08-29T10:52:58.000Z,BEFORE_OPEN
DG,29534,2024-12-05,2024-12-05T11:59:23.000Z,BEFORE_OPEN
DG,29534,2025-03-13,2025-03-13T10:57:26.000Z,BEFORE_OPEN
DG,29534,2025-06-03,2025-06-03T10:59:28.000Z,BEFORE_OPEN
DG,29534,2025-08-28,2025-08-28T10:55:16.000Z,BEFORE_OPEN
DG,29534,2025-12-04,2025-12-04T11:53:11.000Z,BEFORE_OPEN
DG,29534,2026-03-12,2026-03-12T11:00:18.000Z,BEFORE_OPEN
DG,29534,2026-06-02,2026-06-02T10:54:17.000Z,BEFORE_OPEN
DG,29534,2026-08-27,2026-08-27T10:57:04.000Z,BEFORE_OPEN
DGX,1022079,2016-07-21,2016-07-21T10:50:16.000Z,BEFORE_OPEN
DGX,1022079,2016-10-20,2016-10-20T10:49:46.000Z,BEFORE_OPEN
DGX,1022079,2017-01-26,2017-01-26T11:59:41.000Z,BEFORE_OPEN
DGX,1022079,2017-04-20,2017-04-20T10:50:03.000Z,BEFORE_OPEN
DGX,1022079,2017-07-25,2017-07-25T10:54:07.000Z,BEFORE_OPEN
DGX,1022079,2018-02-01,2018-02-01T11:50:47.000Z,BEFORE_OPEN
DGX,1022079,2018-04-19,2018-04-19T10:50:10.000Z,BEFORE_OPEN
DGX,1022079,2018-07-24,2018-07-24T10:52:28.000Z,BEFORE_OPEN
DGX,1022079,2018-10-23,2018-10-23T10:48:43.000Z,BEFORE_OPEN
DGX,1022079,2019-02-14,2019-02-14T11:50:33.000Z,BEFORE_OPEN
DGX,1022079,2019-04-23,2019-04-23T11:06:44.000Z,BEFORE_OPEN
DGX,1022079,2019-07-23,2019-07-23T10:53:03.000Z,BEFORE_OPEN
DGX,1022079,2019-10-22,2019-10-22T10:51:11.000Z,BEFORE_OPEN
DGX,1022079,2020-01-30,2020-01-30T11:51:11.000Z,BEFORE_OPEN
DGX,1022079,2020-04-22,2020-04-22T10:51:40.000Z,BEFORE_OPEN
DGX,1022079,2020-07-13,2020-07-13T10:58:06.000Z,BEFORE_OPEN
DGX,1022079,2020-07-23,2020-07-23T10:47:45.000Z,BEFORE_OPEN
DGX,1022079,2020-10-22,2020-10-22T10:53:17.000Z,BEFORE_OPEN
DGX,1022079,2021-02-04,2021-02-04T11:48:05.000Z,BEFORE_OPEN
DGX,1022079,2021-04-22,2021-04-22T10:49:13.000Z,BEFORE_OPEN
DGX,1022079,2021-07-22,2021-07-22T10:47:12.000Z,BEFORE_OPEN
DGX,1022079,2021-10-21,2021-10-21T10:50:01.000Z,BEFORE_OPEN
DGX,1022079,2022-01-12,2022-01-12T11:48:09.000Z,BEFORE_OPEN
DGX,1022079,2022-02-03,2022-02-03T11:46:52.000Z,BEFORE_OPEN
DGX,1022079,2022-04-21,2022-04-21T10:48:56.000Z,BEFORE_OPEN
DGX,1022079,2022-07-21,2022-07-21T10:48:10.000Z,BEFORE_OPEN
DGX,1022079,2022-10-20,2022-10-20T10:47:10.000Z,BEFORE_OPEN
DGX,1022079,2023-02-02,2023-02-02T11:49:04.000Z,BEFORE_OPEN
DGX,1022079,2023-04-27,2023-04-27T10:47:16.000Z,BEFORE_OPEN
DGX,1022079,2023-07-26,2023-07-26T10:48:26.000Z,BEFORE_OPEN
DGX,1022079,2023-10-24,2023-10-24T10:47:43.000Z,BEFORE_OPEN
DGX,1022079,2024-02-01,2024-02-01T11:49:00.000Z,BEFORE_OPEN
DGX,1022079,2024-04-23,2024-04-23T10:47:28.000Z,BEFORE_OPEN
DGX,1022079,2024-07-23,2024-07-23T10:46:47.000Z,BEFORE_OPEN
DGX,1022079,2024-10-22,2024-10-22T10:48:00.000Z,BEFORE_OPEN
DGX,1022079,2025-01-30,2025-01-30T11:47:03.000Z,BEFORE_OPEN
DGX,1022079,2025-04-22,2025-04-22T10:44:59.000Z,BEFORE_OPEN
DGX,1022079,2025-07-22,2025-07-22T10:48:39.000Z,BEFORE_OPEN
DGX,1022079,2025-10-21,2025-10-21T10:50:12.000Z,BEFORE_OPEN
DGX,1022079,2026-01-12,2026-01-12T21:37:53.000Z,AFTER_CLOSE
DGX,1022079,2026-02-10,2026-02-10T11:53:25.000Z,BEFORE_OPEN
DGX,1022079,2026-04-21,2026-04-21T10:48:47.000Z,BEFORE_OPEN
DGX,1022079,2026-07-23,2026-07-23T10:46:37.000Z,BEFORE_OPEN
DHI,882184,2016-11-08,2016-11-08T17:33:13.000Z,IN_SESSION
DHI,882184,2017-01-24,2017-01-24T17:37:34.000Z,IN_SESSION
DHI,882184,2017-04-20,2017-04-20T17:07:43.000Z,IN_SESSION
DHI,882184,2017-07-26,2017-07-26T16:09:34.000Z,IN_SESSION
DHI,882184,2017-11-09,2017-11-09T16:58:06.000Z,IN_SESSION
DHI,882184,2018-01-11,2018-01-11T22:02:03.000Z,AFTER_CLOSE
DHI,882184,2018-01-31,2018-01-31T17:32:31.000Z,IN_SESSION
DHI,882184,2018-04-26,2018-04-26T17:47:38.000Z,IN_SESSION
DHI,882184,2018-07-26,2018-07-26T16:22:35.000Z,IN_SESSION
DHI,882184,2018-10-09,2018-10-09T17:26:30.000Z,IN_SESSION
DHI,882184,2018-11-08,2018-11-08T17:36:36.000Z,IN_SESSION
DHI,882184,2019-01-25,2019-01-25T17:04:20.000Z,IN_SESSION
DHI,882184,2019-04-25,2019-04-25T16:59:39.000Z,IN_SESSION
DHI,882184,2019-07-30,2019-07-30T16:41:19.000Z,IN_SESSION
DHI,882184,2019-11-12,2019-11-12T18:26:07.000Z,IN_SESSION
DHI,882184,2020-01-27,2020-01-27T17:52:43.000Z,IN_SESSION
DHI,882184,2020-04-07,2020-04-07T19:17:47.000Z,IN_SESSION
DHI,882184,2020-04-28,2020-04-28T19:17:03.000Z,IN_SESSION
DHI,882184,2020-07-28,2020-07-28T16:07:42.000Z,IN_SESSION
DHI,882184,2020-11-10,2020-11-10T17:27:17.000Z,IN_SESSION
DHI,882184,2021-01-26,2021-01-26T16:26:58.000Z,IN_SESSION
DHI,882184,2021-04-22,2021-04-22T16:27:23.000Z,IN_SESSION
DHI,882184,2021-07-22,2021-07-22T17:06:05.000Z,IN_SESSION
DHI,882184,2021-11-09,2021-11-09T16:16:56.000Z,IN_SESSION
DHI,882184,2022-02-02,2022-02-02T17:12:49.000Z,IN_SESSION
DHI,882184,2022-04-26,2022-04-26T16:12:33.000Z,IN_SESSION
DHI,882184,2022-07-21,2022-07-21T15:31:30.000Z,IN_SESSION
DHI,882184,2022-11-09,2022-11-09T16:40:16.000Z,IN_SESSION
DHI,882184,2023-01-24,2023-01-24T17:16:29.000Z,IN_SESSION
DHI,882184,2023-04-20,2023-04-20T16:30:40.000Z,IN_SESSION
DHI,882184,2023-07-20,2023-07-20T14:14:02.000Z,IN_SESSION
DHI,882184,2023-11-07,2023-11-07T16:57:42.000Z,IN_SESSION
DHI,882184,2024-01-23,2024-01-23T17:30:27.000Z,IN_SESSION
DHI,882184,2024-04-18,2024-04-18T15:34:30.000Z,IN_SESSION
DHI,882184,2024-07-18,2024-07-18T17:49:59.000Z,IN_SESSION
DHI,882184,2024-10-29,2024-10-29T15:45:37.000Z,IN_SESSION
DHI,882184,2025-01-21,2025-01-21T18:08:42.000Z,IN_SESSION
DHI,882184,2025-04-17,2025-04-17T15:26:40.000Z,IN_SESSION
DHI,882184,2025-07-22,2025-07-22T15:26:54.000Z,IN_SESSION
DHI,882184,2025-10-28,2025-10-28T15:28:03.000Z,IN_SESSION
DHI,882184,2026-01-20,2026-01-20T16:30:52.000Z,IN_SESSION
DHI,882184,2026-04-21,2026-04-21T16:11:57.000Z,IN_SESSION
DHI,882184,2026-07-21,2026-07-21T15:54:47.000Z,IN_SESSION
DHR,313616,2020-04-13,2020-04-13T11:10:13.000Z,BEFORE_OPEN
DHR,313616,2020-05-06,2020-05-06T20:30:58.000Z,AFTER_CLOSE
DHR,313616,2020-07-23,2020-07-23T10:24:28.000Z,BEFORE_OPEN
DHR,313616,2020-10-22,2020-10-21T22:28:55.000Z,AFTER_CLOSE
DHR,313616,2021-01-13,2021-01-13T12:23:48.000Z,BEFORE_OPEN
DHR,313616,2021-01-28,2021-01-27T23:19:42.000Z,AFTER_CLOSE
DHR,313616,2021-04-22,2021-04-21T22:20:24.000Z,AFTER_CLOSE
DHR,313616,2021-07-22,2021-07-21T22:11:45.000Z,AFTER_CLOSE
DHR,313616,2021-10-21,2021-10-20T22:00:46.000Z,AFTER_CLOSE
DHR,313616,2022-01-11,2022-01-11T12:28:23.000Z,BEFORE_OPEN
DHR,313616,2022-01-27,2022-01-26T22:46:42.000Z,AFTER_CLOSE
DHR,313616,2022-04-21,2022-04-20T22:04:14.000Z,AFTER_CLOSE
DHR,313616,2022-07-21,2022-07-20T21:49:35.000Z,AFTER_CLOSE
DHR,313616,2022-10-20,2022-10-19T21:58:55.000Z,AFTER_CLOSE
DHR,313616,2023-01-09,2023-01-09T21:17:53.000Z,AFTER_CLOSE
DHR,313616,2023-01-24,2023-01-24T00:58:09.000Z,AFTER_CLOSE
DHR,313616,2023-04-25,2023-04-24T22:11:08.000Z,AFTER_CLOSE
DHR,313616,2023-05-11,2023-05-11T20:41:29.000Z,AFTER_CLOSE
DHR,313616,2023-07-25,2023-07-24T21:59:04.000Z,AFTER_CLOSE
DHR,313616,2023-10-24,2023-10-23T21:47:57.000Z,AFTER_CLOSE
DHR,313616,2024-01-08,2024-01-08T21:22:03.000Z,AFTER_CLOSE
DHR,313616,2024-01-30,2024-01-29T22:56:05.000Z,AFTER_CLOSE
DHR,313616,2024-04-23,2024-04-22T22:00:43.000Z,AFTER_CLOSE
DHR,313616,2024-07-23,2024-07-22T21:47:44.000Z,AFTER_CLOSE
DHR,313616,2024-10-22,2024-10-21T21:47:57.000Z,AFTER_CLOSE
DHR,313616,2025-01-13,2025-01-13T21:22:11.000Z,AFTER_CLOSE
DHR,313616,2025-01-29,2025-01-28T22:45:21.000Z,AFTER_CLOSE
DHR,313616,2025-04-22,2025-04-22T10:08:20.000Z,BEFORE_OPEN
DHR,313616,2025-07-22,2025-07-21T21:47:55.000Z,AFTER_CLOSE
DHR,313616,2025-10-21,2025-10-20T21:39:47.000Z,AFTER_CLOSE
DHR,313616,2026-01-12,2026-01-12T14:07:26.000Z,BEFORE_OPEN
DHR,313616,2026-01-28,2026-01-27T22:37:52.000Z,AFTER_CLOSE
DHR,313616,2026-04-21,2026-04-20T21:44:45.000Z,AFTER_CLOSE
DHR,313616,2026-07-21,2026-07-20T21:55:01.000Z,AFTER_CLOSE
DIS,1744489,2020-02-04,2020-02-04T21:08:24.000Z,AFTER_CLOSE
DIS,1744489,2020-05-05,2020-05-05T20:07:14.000Z,AFTER_CLOSE
DIS,1744489,2020-08-04,2020-08-04T20:12:47.000Z,AFTER_CLOSE
DIS,1744489,2020-11-12,2020-11-12T21:06:57.000Z,AFTER_CLOSE
DIS,1744489,2021-02-11,2021-02-11T21:08:22.000Z,AFTER_CLOSE
DIS,1744489,2021-05-13,2021-05-13T20:08:04.000Z,AFTER_CLOSE
DIS,1744489,2021-08-12,2021-08-12T20:07:21.000Z,AFTER_CLOSE
DIS,1744489,2021-11-10,2021-11-10T21:08:27.000Z,AFTER_CLOSE
DIS,1744489,2022-02-09,2022-02-09T21:08:02.000Z,AFTER_CLOSE
DIS,1744489,2022-05-11,2022-05-11T20:07:22.000Z,AFTER_CLOSE
DIS,1744489,2022-08-10,2022-08-10T20:08:30.000Z,AFTER_CLOSE
DIS,1744489,2022-11-08,2022-11-08T21:09:27.000Z,AFTER_CLOSE
DIS,1744489,2023-02-08,2023-02-08T21:07:05.000Z,AFTER_CLOSE
DIS,1744489,2023-05-10,2023-05-10T20:08:30.000Z,AFTER_CLOSE
DIS,1744489,2023-08-09,2023-08-09T20:08:11.000Z,AFTER_CLOSE
DIS,1744489,2023-11-08,2023-11-08T21:06:49.000Z,AFTER_CLOSE
DIS,1744489,2024-02-07,2024-02-07T21:06:26.000Z,AFTER_CLOSE
DIS,1744489,2024-05-07,2024-05-07T10:33:09.000Z,BEFORE_OPEN
DIS,1744489,2024-08-07,2024-08-07T10:52:28.000Z,BEFORE_OPEN
DIS,1744489,2024-11-14,2024-11-14T11:43:16.000Z,BEFORE_OPEN
DIS,1744489,2025-02-05,2025-02-05T11:42:01.000Z,BEFORE_OPEN
DIS,1744489,2025-05-07,2025-05-07T10:52:49.000Z,BEFORE_OPEN
DIS,1744489,2025-08-06,2025-08-06T10:42:42.000Z,BEFORE_OPEN
DIS,1744489,2025-11-13,2025-11-13T11:42:45.000Z,BEFORE_OPEN
DIS,1744489,2026-02-02,2026-02-02T11:42:45.000Z,BEFORE_OPEN
DIS,1744489,2026-05-06,2026-05-06T10:40:14.000Z,BEFORE_OPEN
DIS,1744489,2026-08-05,2026-08-05T10:30:54.000Z,BEFORE_OPEN
DLR,1297996,2017-10-25,2017-10-25T20:05:10.000Z,AFTER_CLOSE
DLR,1297996,2018-02-15,2018-02-15T21:16:36.000Z,AFTER_CLOSE
DLR,1297996,2018-04-26,2018-04-26T20:28:23.000Z,AFTER_CLOSE
DLR,1297996,2018-07-26,2018-07-26T21:28:39.000Z,AFTER_CLOSE
DLR,1297996,2018-07-26,2018-07-26T20:43:07.000Z,AFTER_CLOSE
DLR,1297996,2018-10-25,2018-10-25T20:07:59.000Z,AFTER_CLOSE
DLR,1297996,2019-02-05,2019-02-05T21:54:27.000Z,AFTER_CLOSE
DLR,1297996,2019-04-25,2019-04-25T20:35:09.000Z,AFTER_CLOSE
DLR,1297996,2019-07-30,2019-07-30T20:23:14.000Z,AFTER_CLOSE
DLR,1297996,2019-10-29,2019-10-29T23:35:15.000Z,AFTER_CLOSE
DLR,1297996,2019-10-29,2019-10-29T21:09:25.000Z,AFTER_CLOSE
DLR,1297996,2020-02-13,2020-02-13T21:54:22.000Z,AFTER_CLOSE
DLR,1297996,2020-05-07,2020-05-07T20:29:09.000Z,AFTER_CLOSE
DLR,1297996,2020-07-30,2020-07-31T00:18:19.000Z,AFTER_CLOSE
DLR,1297996,2020-10-29,2020-10-29T21:19:22.000Z,AFTER_CLOSE
DLR,1297996,2021-02-11,2021-02-11T21:56:55.000Z,AFTER_CLOSE
DLR,1297996,2021-04-29,2021-04-29T20:17:34.000Z,AFTER_CLOSE
DLR,1297996,2021-07-29,2021-07-29T20:13:52.000Z,AFTER_CLOSE
DLR,1297996,2021-10-26,2021-10-26T20:18:17.000Z,AFTER_CLOSE
DLR,1297996,2022-02-17,2022-02-17T21:14:01.000Z,AFTER_CLOSE
DLR,1297996,2022-04-28,2022-04-28T20:24:25.000Z,AFTER_CLOSE
DLR,1297996,2022-07-28,2022-07-28T20:43:45.000Z,AFTER_CLOSE
DLR,1297996,2022-10-26,2022-10-26T20:25:24.000Z,AFTER_CLOSE
DLR,1297996,2023-02-16,2023-02-16T21:08:48.000Z,AFTER_CLOSE
DLR,1297996,2023-04-27,2023-04-27T20:15:49.000Z,AFTER_CLOSE
DLR,1297996,2023-07-27,2023-07-27T20:01:37.000Z,AFTER_CLOSE
DLR,1297996,2023-10-26,2023-10-26T20:20:40.000Z,AFTER_CLOSE
DLR,1297996,2024-02-15,2024-02-15T21:12:41.000Z,AFTER_CLOSE
DLR,1297996,2024-05-02,2024-05-02T20:30:50.000Z,AFTER_CLOSE
DLR,1297996,2024-07-25,2024-07-25T20:09:41.000Z,AFTER_CLOSE
DLR,1297996,2024-10-24,2024-10-24T20:12:09.000Z,AFTER_CLOSE
DLR,1297996,2025-02-13,2025-02-13T21:08:46.000Z,AFTER_CLOSE
DLR,1297996,2025-04-24,2025-04-24T20:38:33.000Z,AFTER_CLOSE
DLR,1297996,2025-07-24,2025-07-24T20:22:01.000Z,AFTER_CLOSE
DLR,1297996,2025-10-23,2025-10-23T20:10:24.000Z,AFTER_CLOSE
DLR,1297996,2026-02-05,2026-02-05T21:08:07.000Z,AFTER_CLOSE
DLR,1297996,2026-04-23,2026-04-23T20:11:27.000Z,AFTER_CLOSE
DLR,1297996,2026-07-23,2026-07-23T20:18:24.000Z,AFTER_CLOSE
DLTR,935703,2018-03-07,2018-03-07T13:00:06.000Z,BEFORE_OPEN
DLTR,935703,2018-05-31,2018-05-31T12:00:45.000Z,BEFORE_OPEN
DLTR,935703,2018-08-30,2018-08-30T12:03:49.000Z,BEFORE_OPEN
DLTR,935703,2018-11-29,2018-11-29T12:55:49.000Z,BEFORE_OPEN
DLTR,935703,2019-03-06,2019-03-06T12:55:49.000Z,BEFORE_OPEN
DLTR,935703,2019-03-07,2019-03-07T21:35:17.000Z,AFTER_CLOSE
DLTR,935703,2019-05-30,2019-05-30T12:18:07.000Z,BEFORE_OPEN
DLTR,935703,2019-08-29,2019-08-29T11:53:41.000Z,BEFORE_OPEN
DLTR,935703,2019-11-26,2019-11-26T13:08:16.000Z,BEFORE_OPEN
DLTR,935703,2020-03-04,2020-03-04T13:06:51.000Z,BEFORE_OPEN
DLTR,935703,2020-05-28,2020-05-28T11:49:39.000Z,BEFORE_OPEN
DLTR,935703,2020-08-27,2020-08-27T11:52:03.000Z,BEFORE_OPEN
DLTR,935703,2020-11-24,2020-11-24T12:55:03.000Z,BEFORE_OPEN
DLTR,935703,2021-03-03,2021-03-03T12:46:59.000Z,BEFORE_OPEN
DLTR,935703,2021-05-27,2021-05-27T11:48:51.000Z,BEFORE_OPEN
DLTR,935703,2021-08-26,2021-08-26T11:48:28.000Z,BEFORE_OPEN
DLTR,935703,2021-11-23,2021-11-23T12:49:08.000Z,BEFORE_OPEN
DLTR,935703,2022-03-02,2022-03-02T12:35:59.000Z,BEFORE_OPEN
DLTR,935703,2022-05-26,2022-05-26T11:41:50.000Z,BEFORE_OPEN
DLTR,935703,2022-08-25,2022-08-25T11:42:40.000Z,BEFORE_OPEN
DLTR,935703,2022-11-22,2022-11-22T12:34:46.000Z,BEFORE_OPEN
DLTR,935703,2023-03-01,2023-03-01T12:40:20.000Z,BEFORE_OPEN
DLTR,935703,2023-05-25,2023-05-25T11:31:45.000Z,BEFORE_OPEN
DLTR,935703,2023-08-24,2023-08-24T10:30:36.000Z,BEFORE_OPEN
DLTR,935703,2023-11-29,2023-11-29T11:30:36.000Z,BEFORE_OPEN
DLTR,935703,2024-03-13,2024-03-13T10:31:26.000Z,BEFORE_OPEN
DLTR,935703,2024-06-05,2024-06-05T10:32:36.000Z,BEFORE_OPEN
DLTR,935703,2024-09-04,2024-09-04T10:32:22.000Z,BEFORE_OPEN
DLTR,935703,2024-12-04,2024-12-04T11:31:03.000Z,BEFORE_OPEN
DLTR,935703,2025-03-26,2025-03-26T10:32:08.000Z,BEFORE_OPEN
DLTR,935703,2025-06-04,2025-06-04T10:31:30.000Z,BEFORE_OPEN
DLTR,935703,2025-09-03,2025-09-03T10:32:16.000Z,BEFORE_OPEN
DLTR,935703,2025-12-03,2025-12-03T11:30:30.000Z,BEFORE_OPEN
DLTR,935703,2026-03-16,2026-03-16T10:30:32.000Z,BEFORE_OPEN
DLTR,935703,2026-05-28,2026-05-28T10:31:08.000Z,BEFORE_OPEN
DLTR,935703,2026-08-27,2026-08-27T10:31:24.000Z,BEFORE_OPEN
DOV,29905,2014-04-17,2014-04-17T11:10:18.000Z,BEFORE_OPEN
DOV,29905,2014-07-17,2014-07-17T11:11:40.000Z,BEFORE_OPEN
DOV,29905,2014-10-16,2014-10-16T11:03:09.000Z,BEFORE_OPEN
DOV,29905,2015-01-27,2015-01-27T12:04:09.000Z,BEFORE_OPEN
DOV,29905,2015-04-21,2015-04-21T11:03:54.000Z,BEFORE_OPEN
DOV,29905,2015-07-21,2015-07-21T11:03:45.000Z,BEFORE_OPEN
DOV,29905,2015-10-20,2015-10-20T11:00:30.000Z,BEFORE_OPEN
DOV,29905,2016-01-26,2016-01-26T12:00:05.000Z,BEFORE_OPEN
DOV,29905,2016-04-21,2016-04-21T10:59:14.000Z,BEFORE_OPEN
DOV,29905,2016-07-21,2016-07-21T10:44:29.000Z,BEFORE_OPEN
DOV,29905,2016-10-19,2016-10-19T10:47:54.000Z,BEFORE_OPEN
DOV,29905,2017-01-26,2017-01-26T11:59:42.000Z,BEFORE_OPEN
DOV,29905,2017-04-20,2017-04-20T10:52:11.000Z,BEFORE_OPEN
DOV,29905,2017-07-20,2017-07-20T10:52:43.000Z,BEFORE_OPEN
DOV,29905,2017-10-19,2017-10-19T10:47:12.000Z,BEFORE_OPEN
DOV,29905,2018-01-30,2018-01-30T11:51:51.000Z,BEFORE_OPEN
DOV,29905,2018-04-16,2018-04-16T10:55:32.000Z,BEFORE_OPEN
DOV,29905,2018-04-27,2018-04-27T10:51:39.000Z,BEFORE_OPEN
DOV,29905,2018-07-19,2018-07-19T13:02:33.000Z,BEFORE_OPEN
DOV,29905,2018-07-19,2018-07-19T10:46:55.000Z,BEFORE_OPEN
DOV,29905,2018-10-18,2018-10-18T12:59:05.000Z,BEFORE_OPEN
DOV,29905,2018-10-18,2018-10-18T10:51:22.000Z,BEFORE_OPEN
DOV,29905,2019-01-29,2019-01-29T14:35:08.000Z,IN_SESSION
DOV,29905,2019-01-29,2019-01-29T11:47:54.000Z,BEFORE_OPEN
DOV,29905,2019-04-18,2019-04-18T12:31:00.000Z,BEFORE_OPEN
DOV,29905,2019-04-18,2019-04-18T10:48:45.000Z,BEFORE_OPEN
DOV,29905,2019-07-18,2019-07-18T10:48:25.000Z,BEFORE_OPEN
DOV,29905,2019-10-17,2019-10-17T10:51:07.000Z,BEFORE_OPEN
DOV,29905,2020-01-30,2020-01-30T11:50:19.000Z,BEFORE_OPEN
DOV,29905,2020-04-21,2020-04-21T10:36:04.000Z,BEFORE_OPEN
DOV,29905,2020-07-22,2020-07-22T10:34:32.000Z,BEFORE_OPEN
DOV,29905,2020-10-20,2020-10-20T10:32:34.000Z,BEFORE_OPEN
DOV,29905,2021-01-28,2021-01-28T11:32:50.000Z,BEFORE_OPEN
DOV,29905,2021-04-20,2021-04-20T10:33:44.000Z,BEFORE_OPEN
DOV,29905,2021-07-20,2021-07-20T10:33:14.000Z,BEFORE_OPEN
DOV,29905,2021-10-19,2021-10-19T10:32:47.000Z,BEFORE_OPEN
DOV,29905,2022-01-27,2022-01-27T11:32:18.000Z,BEFORE_OPEN
DOV,29905,2022-04-21,2022-04-21T10:32:58.000Z,BEFORE_OPEN
DOV,29905,2022-07-21,2022-07-21T10:32:13.000Z,BEFORE_OPEN
DOV,29905,2022-10-20,2022-10-20T10:35:58.000Z,BEFORE_OPEN
DOV,29905,2023-01-31,2023-01-31T11:33:58.000Z,BEFORE_OPEN
DOV,29905,2023-04-26,2023-04-26T10:34:02.000Z,BEFORE_OPEN
DOV,29905,2023-07-25,2023-07-25T10:34:01.000Z,BEFORE_OPEN
DOV,29905,2023-10-24,2023-10-24T10:33:52.000Z,BEFORE_OPEN
DOV,29905,2024-02-01,2024-02-01T11:34:06.000Z,BEFORE_OPEN
DOV,29905,2024-04-25,2024-04-25T10:33:30.000Z,BEFORE_OPEN
DOV,29905,2024-07-25,2024-07-25T10:33:43.000Z,BEFORE_OPEN
DOV,29905,2024-10-10,2024-10-10T20:30:51.000Z,AFTER_CLOSE
DOV,29905,2024-10-24,2024-10-24T10:32:59.000Z,BEFORE_OPEN
DOV,29905,2025-01-30,2025-01-30T11:34:05.000Z,BEFORE_OPEN
DOV,29905,2025-04-24,2025-04-24T10:34:58.000Z,BEFORE_OPEN
DOV,29905,2025-07-24,2025-07-24T10:35:25.000Z,BEFORE_OPEN
DOV,29905,2025-10-23,2025-10-23T10:38:15.000Z,BEFORE_OPEN
DOV,29905,2026-01-29,2026-01-29T11:58:51.000Z,BEFORE_OPEN
DOV,29905,2026-04-23,2026-04-23T10:58:20.000Z,BEFORE_OPEN
DOV,29905,2026-07-23,2026-07-23T11:00:14.000Z,BEFORE_OPEN
DRI,940944,2018-09-20,2018-09-20T11:06:46.000Z,BEFORE_OPEN
DRI,940944,2018-12-18,2018-12-18T12:06:37.000Z,BEFORE_OPEN
DRI,940944,2019-03-21,2019-03-21T11:09:30.000Z,BEFORE_OPEN
DRI,940944,2019-06-20,2019-06-20T11:13:01.000Z,BEFORE_OPEN
DRI,940944,2019-09-19,2019-09-19T11:23:24.000Z,BEFORE_OPEN
DRI,940944,2019-12-19,2019-12-19T12:16:32.000Z,BEFORE_OPEN
DRI,940944,2020-03-19,2020-03-19T11:14:19.000Z,BEFORE_OPEN
DRI,940944,2020-06-25,2020-06-25T11:14:02.000Z,BEFORE_OPEN
DRI,940944,2020-09-24,2020-09-24T11:14:28.000Z,BEFORE_OPEN
DRI,940944,2020-12-18,2020-12-18T12:26:48.000Z,BEFORE_OPEN
DRI,940944,2021-03-25,2021-03-25T11:07:41.000Z,BEFORE_OPEN
DRI,940944,2021-06-24,2021-06-24T11:09:34.000Z,BEFORE_OPEN
DRI,940944,2021-09-23,2021-09-23T11:04:05.000Z,BEFORE_OPEN
DRI,940944,2021-12-17,2021-12-17T12:08:29.000Z,BEFORE_OPEN
DRI,940944,2022-03-24,2022-03-24T11:03:20.000Z,BEFORE_OPEN
DRI,940944,2022-06-23,2022-06-23T11:04:49.000Z,BEFORE_OPEN
DRI,940944,2022-09-22,2022-09-22T11:03:21.000Z,BEFORE_OPEN
DRI,940944,2022-12-16,2022-12-16T12:06:01.000Z,BEFORE_OPEN
DRI,940944,2023-03-23,2023-03-23T11:05:38.000Z,BEFORE_OPEN
DRI,940944,2023-06-22,2023-06-22T11:07:49.000Z,BEFORE_OPEN
DRI,940944,2023-09-21,2023-09-21T11:06:24.000Z,BEFORE_OPEN
DRI,940944,2023-12-15,2023-12-15T12:05:08.000Z,BEFORE_OPEN
DRI,940944,2024-03-21,2024-03-21T11:03:19.000Z,BEFORE_OPEN
DRI,940944,2024-06-20,2024-06-20T11:05:33.000Z,BEFORE_OPEN
DRI,940944,2024-09-19,2024-09-19T11:05:59.000Z,BEFORE_OPEN
DRI,940944,2024-12-19,2024-12-19T12:07:58.000Z,BEFORE_OPEN
DRI,940944,2025-03-20,2025-03-20T11:04:06.000Z,BEFORE_OPEN
DRI,940944,2025-06-20,2025-06-20T11:04:25.000Z,BEFORE_OPEN
DRI,940944,2025-09-18,2025-09-18T11:05:51.000Z,BEFORE_OPEN
DRI,940944,2025-12-18,2025-12-18T12:07:22.000Z,BEFORE_OPEN
DRI,940944,2026-03-19,2026-03-19T11:06:37.000Z,BEFORE_OPEN
DRI,940944,2026-06-25,2026-06-25T11:04:45.000Z,BEFORE_OPEN
DTE,936340,2018-02-16,2018-02-16T11:46:26.000Z,BEFORE_OPEN
DTE,936340,2018-03-09,2018-03-09T21:16:41.000Z,AFTER_CLOSE
DTE,936340,2018-04-25,2018-04-25T10:45:58.000Z,BEFORE_OPEN
DTE,936340,2018-05-03,2018-05-03T20:15:47.000Z,AFTER_CLOSE
DTE,936340,2018-07-25,2018-07-25T10:49:29.000Z,BEFORE_OPEN
DTE,936340,2018-08-01,2018-08-01T20:16:44.000Z,AFTER_CLOSE
DTE,936340,2018-10-24,2018-10-24T10:47:12.000Z,BEFORE_OPEN
DTE,936340,2018-10-31,2018-10-31T20:15:59.000Z,AFTER_CLOSE
DTE,936340,2019-02-07,2019-02-07T11:51:22.000Z,BEFORE_OPEN
DTE,936340,2019-03-08,2019-03-08T21:34:57.000Z,AFTER_CLOSE
DTE,936340,2019-04-24,2019-04-24T10:49:23.000Z,BEFORE_OPEN
DTE,936340,2019-05-02,2019-05-02T20:17:20.000Z,AFTER_CLOSE
DTE,936340,2019-07-24,2019-07-24T10:46:00.000Z,BEFORE_OPEN
DTE,936340,2019-07-31,2019-07-31T20:21:35.000Z,AFTER_CLOSE
DTE,936340,2019-10-28,2019-10-28T10:46:51.000Z,BEFORE_OPEN
DTE,936340,2019-10-30,2019-10-30T20:16:52.000Z,AFTER_CLOSE
DTE,936340,2020-02-05,2020-02-05T11:46:43.000Z,BEFORE_OPEN
DTE,936340,2020-03-06,2020-03-06T21:17:38.000Z,AFTER_CLOSE
DTE,936340,2020-04-28,2020-04-28T10:49:05.000Z,BEFORE_OPEN
DTE,936340,2020-05-04,2020-05-04T20:18:18.000Z,AFTER_CLOSE
DTE,936340,2020-07-28,2020-07-28T10:50:06.000Z,BEFORE_OPEN
DTE,936340,2020-08-04,2020-08-04T20:14:44.000Z,AFTER_CLOSE
DTE,936340,2020-10-27,2020-10-27T11:21:29.000Z,BEFORE_OPEN
DTE,936340,2020-11-03,2020-11-03T21:23:10.000Z,AFTER_CLOSE
DTE,936340,2021-02-19,2021-02-19T11:42:27.000Z,BEFORE_OPEN
DTE,936340,2021-03-08,2021-03-05T23:41:29.000Z,AFTER_CLOSE
DTE,936340,2021-04-27,2021-04-27T10:47:21.000Z,BEFORE_OPEN
DTE,936340,2021-05-04,2021-05-04T20:16:40.000Z,AFTER_CLOSE
DTE,936340,2021-07-27,2021-07-27T10:39:14.000Z,BEFORE_OPEN
DTE,936340,2021-08-03,2021-08-03T20:13:49.000Z,AFTER_CLOSE
DTE,936340,2021-10-27,2021-10-27T10:38:31.000Z,BEFORE_OPEN
DTE,936340,2021-11-03,2021-11-03T20:11:46.000Z,AFTER_CLOSE
DTE,936340,2022-02-10,2022-02-10T11:42:02.000Z,BEFORE_OPEN
DTE,936340,2022-03-04,2022-03-04T21:11:18.000Z,AFTER_CLOSE
DTE,936340,2022-04-28,2022-04-28T10:42:23.000Z,BEFORE_OPEN
DTE,936340,2022-05-05,2022-05-05T20:15:16.000Z,AFTER_CLOSE
DTE,936340,2022-07-28,2022-07-28T10:43:16.000Z,BEFORE_OPEN
DTE,936340,2022-08-04,2022-08-04T20:15:05.000Z,AFTER_CLOSE
DTE,936340,2022-10-27,2022-10-27T10:42:01.000Z,BEFORE_OPEN
DTE,936340,2022-11-03,2022-11-03T20:12:17.000Z,AFTER_CLOSE
DTE,936340,2023-02-23,2023-02-23T11:42:50.000Z,BEFORE_OPEN
DTE,936340,2023-03-03,2023-03-03T21:11:51.000Z,AFTER_CLOSE
DTE,936340,2023-04-27,2023-04-27T10:48:04.000Z,BEFORE_OPEN
DTE,936340,2023-05-04,2023-05-04T20:26:48.000Z,AFTER_CLOSE
DTE,936340,2023-07-27,2023-07-27T10:41:54.000Z,BEFORE_OPEN
DTE,936340,2023-08-03,2023-08-03T20:14:35.000Z,AFTER_CLOSE
DTE,936340,2023-11-01,2023-11-01T10:43:15.000Z,BEFORE_OPEN
DTE,936340,2023-11-02,2023-11-02T20:46:39.000Z,AFTER_CLOSE
DTE,936340,2024-02-08,2024-02-08T12:08:40.000Z,BEFORE_OPEN
DTE,936340,2024-03-01,2024-03-01T21:20:34.000Z,AFTER_CLOSE
DTE,936340,2024-04-25,2024-04-25T11:05:24.000Z,BEFORE_OPEN
DTE,936340,2024-05-02,2024-05-02T20:17:26.000Z,AFTER_CLOSE
DTE,936340,2024-07-25,2024-07-25T10:50:58.000Z,BEFORE_OPEN
DTE,936340,2024-08-01,2024-08-01T20:16:09.000Z,AFTER_CLOSE
DTE,936340,2024-10-24,2024-10-24T10:50:33.000Z,BEFORE_OPEN
DTE,936340,2024-10-31,2024-10-31T20:18:46.000Z,AFTER_CLOSE
DTE,936340,2025-02-13,2025-02-13T11:49:02.000Z,BEFORE_OPEN
DTE,936340,2025-02-28,2025-02-28T21:15:58.000Z,AFTER_CLOSE
DTE,936340,2025-05-01,2025-05-01T10:46:40.000Z,BEFORE_OPEN
DTE,936340,2025-05-02,2025-05-02T20:17:29.000Z,AFTER_CLOSE
DTE,936340,2025-07-29,2025-07-29T10:46:21.000Z,BEFORE_OPEN
DTE,936340,2025-07-31,2025-07-31T20:20:38.000Z,AFTER_CLOSE
DTE,936340,2025-10-30,2025-10-30T10:48:19.000Z,BEFORE_OPEN
DTE,936340,2025-10-31,2025-10-31T20:19:09.000Z,AFTER_CLOSE
DTE,936340,2026-02-17,2026-02-17T11:58:32.000Z,BEFORE_OPEN
DTE,936340,2026-02-27,2026-02-27T21:17:30.000Z,AFTER_CLOSE
DTE,936340,2026-04-30,2026-04-30T10:49:02.000Z,BEFORE_OPEN
DTE,936340,2026-05-01,2026-05-01T20:16:19.000Z,AFTER_CLOSE
DTE,936340,2026-07-28,2026-07-28T10:48:41.000Z,BEFORE_OPEN
DTE,936340,2026-07-31,2026-07-31T20:17:22.000Z,AFTER_CLOSE
DUK,1326160,2019-05-09,2019-05-09T10:45:16.000Z,BEFORE_OPEN
DUK,1326160,2019-08-06,2019-08-06T10:45:51.000Z,BEFORE_OPEN
DUK,1326160,2019-11-08,2019-11-08T11:46:07.000Z,BEFORE_OPEN
DUK,1326160,2020-02-13,2020-02-13T11:45:45.000Z,BEFORE_OPEN
DUK,1326160,2020-05-12,2020-05-11T22:19:38.000Z,AFTER_CLOSE
DUK,1326160,2020-08-10,2020-08-10T10:45:27.000Z,BEFORE_OPEN
DUK,1326160,2020-11-05,2020-11-05T11:45:34.000Z,BEFORE_OPEN
DUK,1326160,2021-02-11,2021-02-11T11:40:43.000Z,BEFORE_OPEN
DUK,1326160,2021-05-10,2021-05-10T10:44:05.000Z,BEFORE_OPEN
DUK,1326160,2021-08-05,2021-08-05T10:44:49.000Z,BEFORE_OPEN
DUK,1326160,2021-11-04,2021-11-03T22:03:39.000Z,AFTER_CLOSE
DUK,1326160,2022-02-10,2022-02-09T22:59:58.000Z,AFTER_CLOSE
DUK,1326160,2022-05-09,2022-05-09T10:43:31.000Z,BEFORE_OPEN
DUK,1326160,2022-08-04,2022-08-03T21:54:32.000Z,AFTER_CLOSE
DUK,1326160,2022-11-04,2022-11-03T21:55:05.000Z,AFTER_CLOSE
DUK,1326160,2023-02-09,2023-02-08T23:00:51.000Z,AFTER_CLOSE
DUK,1326160,2023-05-09,2023-05-08T21:52:21.000Z,AFTER_CLOSE
DUK,1326160,2023-08-08,2023-08-07T21:56:15.000Z,AFTER_CLOSE
DUK,1326160,2023-11-02,2023-11-01T21:53:46.000Z,AFTER_CLOSE
DUK,1326160,2024-02-08,2024-02-07T22:55:41.000Z,AFTER_CLOSE
DUK,1326160,2024-05-07,2024-05-06T22:00:51.000Z,AFTER_CLOSE
DUK,1326160,2024-08-06,2024-08-05T21:52:29.000Z,AFTER_CLOSE
DUK,1326160,2024-11-07,2024-11-06T22:55:23.000Z,AFTER_CLOSE
DUK,1326160,2025-02-13,2025-02-12T22:55:43.000Z,AFTER_CLOSE
DUK,1326160,2025-05-06,2025-05-05T22:08:13.000Z,AFTER_CLOSE
DUK,1326160,2025-08-05,2025-08-05T10:58:56.000Z,BEFORE_OPEN
DUK,1326160,2025-11-07,2025-11-06T22:48:52.000Z,AFTER_CLOSE
DUK,1326160,2026-02-10,2026-02-09T22:51:25.000Z,AFTER_CLOSE
DUK,1326160,2026-05-05,2026-05-04T23:00:49.000Z,AFTER_CLOSE
DUK,1326160,2026-08-04,2026-08-03T21:47:32.000Z,AFTER_CLOSE
DVN,1090012,2014-02-19,2014-02-19T15:06:02.000Z,IN_SESSION
DVN,1090012,2014-05-07,2014-05-07T13:38:37.000Z,IN_SESSION
DVN,1090012,2014-08-06,2014-08-06T13:00:55.000Z,BEFORE_OPEN
DVN,1090012,2014-11-04,2014-11-04T21:21:07.000Z,AFTER_CLOSE
DVN,1090012,2015-02-17,2015-02-18T01:10:26.000Z,AFTER_CLOSE
DVN,1090012,2015-02-20,2015-02-20T21:16:06.000Z,AFTER_CLOSE
DVN,1090012,2015-05-05,2015-05-05T20:31:38.000Z,AFTER_CLOSE
DVN,1090012,2015-08-04,2015-08-04T20:29:59.000Z,AFTER_CLOSE
DVN,1090012,2015-11-03,2015-11-03T21:24:05.000Z,AFTER_CLOSE
DVN,1090012,2016-02-16,2016-02-16T21:26:01.000Z,AFTER_CLOSE
DVN,1090012,2016-05-03,2016-05-03T20:37:08.000Z,AFTER_CLOSE
DVN,1090012,2016-08-02,2016-08-02T20:23:03.000Z,AFTER_CLOSE
DVN,1090012,2016-11-01,2016-11-01T20:21:56.000Z,AFTER_CLOSE
DVN,1090012,2016-11-03,2016-11-03T10:06:02.000Z,BEFORE_OPEN
DVN,1090012,2017-02-14,2017-02-14T21:13:15.000Z,AFTER_CLOSE
DVN,1090012,2017-05-02,2017-05-02T20:09:56.000Z,AFTER_CLOSE
DVN,1090012,2017-08-01,2017-08-01T20:17:06.000Z,AFTER_CLOSE
DVN,1090012,2017-10-31,2017-10-31T20:07:07.000Z,AFTER_CLOSE
DVN,1090012,2018-02-20,2018-02-20T22:27:36.000Z,AFTER_CLOSE
DVN,1090012,2018-05-01,2018-05-01T20:06:10.000Z,AFTER_CLOSE
DVN,1090012,2018-07-31,2018-07-31T20:11:04.000Z,AFTER_CLOSE
DVN,1090012,2018-10-16,2018-10-16T12:15:35.000Z,BEFORE_OPEN
DVN,1090012,2018-11-06,2018-11-06T21:17:12.000Z,AFTER_CLOSE
DVN,1090012,2019-02-19,2019-02-19T22:17:41.000Z,AFTER_CLOSE
DVN,1090012,2019-04-30,2019-04-30T20:35:09.000Z,AFTER_CLOSE
DVN,1090012,2019-08-06,2019-08-06T20:20:21.000Z,AFTER_CLOSE
DVN,1090012,2019-11-05,2019-11-05T21:23:55.000Z,AFTER_CLOSE
DVN,1090012,2020-02-18,2020-02-18T21:48:50.000Z,AFTER_CLOSE
DVN,1090012,2020-05-05,2020-05-05T20:59:00.000Z,AFTER_CLOSE
DVN,1090012,2020-08-04,2020-08-04T21:02:18.000Z,AFTER_CLOSE
DVN,1090012,2020-10-29,2020-10-29T21:17:10.000Z,AFTER_CLOSE
DVN,1090012,2021-02-17,2021-02-16T23:21:26.000Z,AFTER_CLOSE
DVN,1090012,2021-05-04,2021-05-04T20:17:51.000Z,AFTER_CLOSE
DVN,1090012,2021-08-03,2021-08-03T20:24:21.000Z,AFTER_CLOSE
DVN,1090012,2021-11-02,2021-11-02T20:13:52.000Z,AFTER_CLOSE
DVN,1090012,2022-02-15,2022-02-15T21:11:05.000Z,AFTER_CLOSE
DVN,1090012,2022-05-02,2022-05-02T20:13:09.000Z,AFTER_CLOSE
DVN,1090012,2022-08-01,2022-08-01T19:31:42.000Z,IN_SESSION
DVN,1090012,2022-11-01,2022-11-01T20:15:14.000Z,AFTER_CLOSE
DVN,1090012,2023-02-14,2023-02-14T21:12:23.000Z,AFTER_CLOSE
DVN,1090012,2023-05-08,2023-05-08T20:17:04.000Z,AFTER_CLOSE
DVN,1090012,2023-08-01,2023-08-01T20:17:04.000Z,AFTER_CLOSE
DVN,1090012,2023-11-07,2023-11-07T21:12:01.000Z,AFTER_CLOSE
DVN,1090012,2024-02-27,2024-02-27T21:14:14.000Z,AFTER_CLOSE
DVN,1090012,2024-05-01,2024-05-01T20:19:01.000Z,AFTER_CLOSE
DVN,1090012,2024-08-06,2024-08-06T20:42:54.000Z,AFTER_CLOSE
DVN,1090012,2024-11-05,2024-11-05T21:15:01.000Z,AFTER_CLOSE
DVN,1090012,2025-02-18,2025-02-18T21:15:04.000Z,AFTER_CLOSE
DVN,1090012,2025-05-06,2025-05-06T20:16:18.000Z,AFTER_CLOSE
DVN,1090012,2025-08-05,2025-08-05T20:14:45.000Z,AFTER_CLOSE
DVN,1090012,2025-11-05,2025-11-05T21:19:41.000Z,AFTER_CLOSE
DVN,1090012,2026-02-17,2026-02-17T21:13:56.000Z,AFTER_CLOSE
DVN,1090012,2026-05-05,2026-05-05T20:58:27.000Z,AFTER_CLOSE
DVN,1090012,2026-08-04,2026-08-04T20:11:54.000Z,AFTER_CLOSE
DXCM,1093557,2019-01-07,2019-01-07T13:01:08.000Z,BEFORE_OPEN
DXCM,1093557,2019-02-21,2019-02-21T21:16:24.000Z,AFTER_CLOSE
DXCM,1093557,2019-05-01,2019-05-01T20:13:32.000Z,AFTER_CLOSE
DXCM,1093557,2019-07-31,2019-07-31T20:08:15.000Z,AFTER_CLOSE
DXCM,1093557,2019-11-06,2019-11-06T21:06:58.000Z,AFTER_CLOSE
DXCM,1093557,2020-01-13,2020-01-13T12:33:09.000Z,BEFORE_OPEN
DXCM,1093557,2020-02-13,2020-02-13T21:08:44.000Z,AFTER_CLOSE
DXCM,1093557,2020-04-28,2020-04-28T20:07:32.000Z,AFTER_CLOSE
DXCM,1093557,2020-07-28,2020-07-28T20:08:05.000Z,AFTER_CLOSE
DXCM,1093557,2020-10-26,2020-10-26T21:24:01.000Z,AFTER_CLOSE
DXCM,1093557,2020-10-27,2020-10-27T20:08:22.000Z,AFTER_CLOSE
DXCM,1093557,2021-01-11,2021-01-11T12:39:00.000Z,BEFORE_OPEN
DXCM,1093557,2021-02-11,2021-02-11T21:04:34.000Z,AFTER_CLOSE
DXCM,1093557,2021-04-29,2021-04-29T20:03:41.000Z,AFTER_CLOSE
DXCM,1093557,2021-07-29,2021-07-29T20:05:13.000Z,AFTER_CLOSE
DXCM,1093557,2021-10-28,2021-10-28T20:06:13.000Z,AFTER_CLOSE
DXCM,1093557,2022-01-10,2022-01-10T13:00:59.000Z,BEFORE_OPEN
DXCM,1093557,2022-02-10,2022-02-10T21:08:01.000Z,AFTER_CLOSE
DXCM,1093557,2022-04-28,2022-04-28T20:08:52.000Z,AFTER_CLOSE
DXCM,1093557,2022-07-28,2022-07-28T20:07:15.000Z,AFTER_CLOSE
DXCM,1093557,2022-10-27,2022-10-27T20:05:20.000Z,AFTER_CLOSE
DXCM,1093557,2023-01-09,2023-01-09T13:03:08.000Z,BEFORE_OPEN
DXCM,1093557,2023-02-09,2023-02-09T21:05:43.000Z,AFTER_CLOSE
DXCM,1093557,2023-04-27,2023-04-27T20:05:17.000Z,AFTER_CLOSE
DXCM,1093557,2023-07-27,2023-07-27T20:05:14.000Z,AFTER_CLOSE
DXCM,1093557,2023-10-26,2023-10-26T20:04:50.000Z,AFTER_CLOSE
DXCM,1093557,2024-01-08,2024-01-08T13:02:59.000Z,BEFORE_OPEN
DXCM,1093557,2024-02-08,2024-02-08T21:03:15.000Z,AFTER_CLOSE
DXCM,1093557,2024-04-25,2024-04-25T20:05:23.000Z,AFTER_CLOSE
DXCM,1093557,2024-07-25,2024-07-25T20:05:15.000Z,AFTER_CLOSE
DXCM,1093557,2024-10-24,2024-10-24T20:04:46.000Z,AFTER_CLOSE
DXCM,1093557,2025-01-13,2025-01-13T12:31:58.000Z,BEFORE_OPEN
DXCM,1093557,2025-02-13,2025-02-13T21:03:33.000Z,AFTER_CLOSE
DXCM,1093557,2025-05-01,2025-05-01T20:03:07.000Z,AFTER_CLOSE
DXCM,1093557,2025-07-30,2025-07-30T20:02:50.000Z,AFTER_CLOSE
DXCM,1093557,2025-10-30,2025-10-30T20:02:39.000Z,AFTER_CLOSE
DXCM,1093557,2026-01-12,2026-01-12T12:30:45.000Z,BEFORE_OPEN
DXCM,1093557,2026-02-12,2026-02-12T21:03:42.000Z,AFTER_CLOSE
DXCM,1093557,2026-04-30,2026-04-30T20:02:43.000Z,AFTER_CLOSE
DXCM,1093557,2026-07-30,2026-07-30T20:03:41.000Z,AFTER_CLOSE
EBAY,1065088,2020-07-28,2020-07-28T20:19:52.000Z,AFTER_CLOSE
EBAY,1065088,2020-10-28,2020-10-28T20:07:04.000Z,AFTER_CLOSE
EBAY,1065088,2021-02-03,2021-02-03T21:08:39.000Z,AFTER_CLOSE
EBAY,1065088,2021-04-28,2021-04-28T20:08:06.000Z,AFTER_CLOSE
EBAY,1065088,2021-08-11,2021-08-11T20:07:56.000Z,AFTER_CLOSE
EBAY,1065088,2021-10-27,2021-10-27T20:11:01.000Z,AFTER_CLOSE
EBAY,1065088,2022-02-23,2022-02-23T21:00:56.000Z,AFTER_CLOSE
EBAY,1065088,2022-05-04,2022-05-04T20:11:36.000Z,AFTER_CLOSE
EBAY,1065088,2022-08-03,2022-08-03T20:07:53.000Z,AFTER_CLOSE
EBAY,1065088,2022-11-02,2022-11-02T20:07:48.000Z,AFTER_CLOSE
EBAY,1065088,2023-02-22,2023-02-22T21:14:34.000Z,AFTER_CLOSE
EBAY,1065088,2023-04-26,2023-04-26T20:07:31.000Z,AFTER_CLOSE
EBAY,1065088,2023-07-26,2023-07-26T20:07:41.000Z,AFTER_CLOSE
EBAY,1065088,2023-11-07,2023-11-07T21:07:57.000Z,AFTER_CLOSE
EBAY,1065088,2024-01-24,2024-01-24T00:04:05.000Z,AFTER_CLOSE
EBAY,1065088,2024-02-27,2024-02-27T21:07:23.000Z,AFTER_CLOSE
EBAY,1065088,2024-05-01,2024-05-01T20:06:53.000Z,AFTER_CLOSE
EBAY,1065088,2024-07-31,2024-07-31T20:07:47.000Z,AFTER_CLOSE
EBAY,1065088,2024-10-30,2024-10-30T20:07:26.000Z,AFTER_CLOSE
EBAY,1065088,2025-02-26,2025-02-26T21:06:59.000Z,AFTER_CLOSE
EBAY,1065088,2025-04-30,2025-04-30T20:08:27.000Z,AFTER_CLOSE
EBAY,1065088,2025-07-30,2025-07-30T20:07:56.000Z,AFTER_CLOSE
EBAY,1065088,2025-10-29,2025-10-29T20:07:28.000Z,AFTER_CLOSE
EBAY,1065088,2026-02-18,2026-02-18T21:07:25.000Z,AFTER_CLOSE
EBAY,1065088,2026-04-29,2026-04-29T20:07:05.000Z,AFTER_CLOSE
EBAY,1065088,2026-08-05,2026-08-05T20:07:47.000Z,AFTER_CLOSE
ECHO,1415404,2011-05-11,2011-05-11T11:21:24.000Z,BEFORE_OPEN
ECHO,1415404,2011-09-12,2011-09-12T21:19:51.000Z,AFTER_CLOSE
ECHO,1415404,2011-12-01,2011-12-01T01:51:17.000Z,AFTER_CLOSE
ECHO,1415404,2012-02-23,2012-02-23T15:10:04.000Z,IN_SESSION
ECHO,1415404,2016-02-24,2016-02-24T13:05:13.000Z,BEFORE_OPEN
ECHO,1415404,2016-07-20,2016-07-20T10:15:36.000Z,BEFORE_OPEN
ECHO,1415404,2017-01-31,2017-01-31T21:58:28.000Z,AFTER_CLOSE
ECHO,1415404,2017-02-24,2017-02-24T13:14:25.000Z,BEFORE_OPEN
ECL,31462,2020-07-24,2020-07-24T12:01:12.000Z,BEFORE_OPEN
ECL,31462,2020-07-28,2020-07-28T12:44:33.000Z,BEFORE_OPEN
ECL,31462,2020-10-27,2020-10-27T12:39:19.000Z,BEFORE_OPEN
ECL,31462,2021-02-16,2021-02-16T13:42:06.000Z,BEFORE_OPEN
ECL,31462,2021-03-30,2021-03-30T13:00:44.000Z,BEFORE_OPEN
ECL,31462,2021-04-27,2021-04-27T12:49:15.000Z,BEFORE_OPEN
ECL,31462,2021-07-27,2021-07-27T12:47:42.000Z,BEFORE_OPEN
ECL,31462,2021-10-26,2021-10-26T12:43:32.000Z,BEFORE_OPEN
ECL,31462,2022-01-20,2022-01-20T22:06:06.000Z,AFTER_CLOSE
ECL,31462,2022-02-15,2022-02-15T13:44:11.000Z,BEFORE_OPEN
ECL,31462,2022-03-30,2022-03-30T20:08:53.000Z,AFTER_CLOSE
ECL,31462,2022-04-26,2022-04-26T12:39:04.000Z,BEFORE_OPEN
ECL,31462,2022-07-26,2022-07-26T12:42:04.000Z,BEFORE_OPEN
ECL,31462,2022-11-01,2022-11-01T12:08:05.000Z,BEFORE_OPEN
ECL,31462,2023-02-14,2023-02-14T13:06:29.000Z,BEFORE_OPEN
ECL,31462,2023-04-05,2023-04-05T20:20:41.000Z,AFTER_CLOSE
ECL,31462,2023-05-02,2023-05-02T12:08:01.000Z,BEFORE_OPEN
ECL,31462,2023-08-01,2023-08-01T12:08:35.000Z,BEFORE_OPEN
ECL,31462,2023-10-31,2023-10-31T12:10:17.000Z,BEFORE_OPEN
ECL,31462,2024-02-13,2024-02-13T13:07:04.000Z,BEFORE_OPEN
ECL,31462,2024-03-15,2024-03-15T20:33:13.000Z,AFTER_CLOSE
ECL,31462,2024-04-30,2024-04-30T11:07:22.000Z,BEFORE_OPEN
ECL,31462,2024-07-30,2024-07-30T12:11:39.000Z,BEFORE_OPEN
ECL,31462,2024-10-29,2024-10-29T12:07:00.000Z,BEFORE_OPEN
ECL,31462,2025-02-11,2025-02-11T13:08:03.000Z,BEFORE_OPEN
ECL,31462,2025-03-28,2025-03-28T20:30:21.000Z,AFTER_CLOSE
ECL,31462,2025-04-29,2025-04-29T12:07:31.000Z,BEFORE_OPEN
ECL,31462,2025-07-29,2025-07-29T12:11:55.000Z,BEFORE_OPEN
ECL,31462,2025-10-28,2025-10-28T12:10:16.000Z,BEFORE_OPEN
ECL,31462,2026-02-10,2026-02-10T13:04:37.000Z,BEFORE_OPEN
ECL,31462,2026-03-20,2026-03-20T12:05:25.000Z,BEFORE_OPEN
ECL,31462,2026-03-27,2026-03-27T12:02:28.000Z,BEFORE_OPEN
ECL,31462,2026-04-28,2026-04-28T12:06:00.000Z,BEFORE_OPEN
ECL,31462,2026-07-28,2026-07-28T12:01:07.000Z,BEFORE_OPEN
ED,1047862,2020-02-20,2020-02-20T22:09:48.000Z,AFTER_CLOSE
ED,1047862,2020-05-07,2020-05-07T21:25:51.000Z,AFTER_CLOSE
ED,1047862,2020-08-06,2020-08-06T21:13:13.000Z,AFTER_CLOSE
ED,1047862,2020-11-05,2020-11-05T22:08:50.000Z,AFTER_CLOSE
ED,1047862,2021-01-21,2021-01-21T21:47:28.000Z,AFTER_CLOSE
ED,1047862,2021-02-18,2021-02-18T21:47:05.000Z,AFTER_CLOSE
ED,1047862,2021-05-06,2021-05-06T20:56:52.000Z,AFTER_CLOSE
ED,1047862,2021-08-05,2021-08-05T20:46:18.000Z,AFTER_CLOSE
ED,1047862,2021-11-04,2021-11-04T20:51:08.000Z,AFTER_CLOSE
ED,1047862,2022-02-17,2022-02-17T22:06:54.000Z,AFTER_CLOSE
ED,1047862,2022-05-05,2022-05-05T20:37:47.000Z,AFTER_CLOSE
ED,1047862,2022-08-04,2022-08-04T20:53:02.000Z,AFTER_CLOSE
ED,1047862,2022-11-03,2022-11-03T20:47:07.000Z,AFTER_CLOSE
ED,1047862,2023-02-16,2023-02-16T21:57:08.000Z,AFTER_CLOSE
ED,1047862,2023-05-04,2023-05-04T20:44:44.000Z,AFTER_CLOSE
ED,1047862,2023-08-03,2023-08-03T20:46:18.000Z,AFTER_CLOSE
ED,1047862,2023-11-02,2023-11-02T20:23:38.000Z,AFTER_CLOSE
ED,1047862,2024-02-15,2024-02-15T21:56:59.000Z,AFTER_CLOSE
ED,1047862,2024-05-02,2024-05-02T20:44:03.000Z,AFTER_CLOSE
ED,1047862,2024-08-01,2024-08-01T20:40:03.000Z,AFTER_CLOSE
ED,1047862,2024-11-07,2024-11-07T21:45:35.000Z,AFTER_CLOSE
ED,1047862,2025-02-20,2025-02-20T21:50:24.000Z,AFTER_CLOSE
ED,1047862,2025-05-01,2025-05-01T20:41:57.000Z,AFTER_CLOSE
ED,1047862,2025-08-07,2025-08-07T20:45:15.000Z,AFTER_CLOSE
ED,1047862,2025-11-06,2025-11-06T21:43:14.000Z,AFTER_CLOSE
ED,1047862,2026-02-19,2026-02-19T21:40:52.000Z,AFTER_CLOSE
ED,1047862,2026-05-07,2026-05-07T20:28:33.000Z,AFTER_CLOSE
ED,1047862,2026-08-06,2026-08-06T21:09:27.000Z,AFTER_CLOSE
EIX,827052,2015-02-24,2015-02-24T21:03:56.000Z,AFTER_CLOSE
EIX,827052,2015-04-28,2015-04-28T20:02:52.000Z,AFTER_CLOSE
EIX,827052,2015-07-30,2015-07-30T20:02:57.000Z,AFTER_CLOSE
EIX,827052,2015-10-27,2015-10-27T20:02:13.000Z,AFTER_CLOSE
EIX,827052,2016-02-23,2016-02-23T21:02:05.000Z,AFTER_CLOSE
EIX,827052,2016-05-02,2016-05-02T20:03:05.000Z,AFTER_CLOSE
EIX,827052,2016-07-28,2016-07-28T20:04:39.000Z,AFTER_CLOSE
EIX,827052,2016-11-01,2016-11-01T20:02:54.000Z,AFTER_CLOSE
EIX,827052,2017-02-21,2017-02-21T21:02:18.000Z,AFTER_CLOSE
EIX,827052,2017-05-01,2017-05-01T20:03:43.000Z,AFTER_CLOSE
EIX,827052,2017-07-27,2017-07-27T20:02:34.000Z,AFTER_CLOSE
EIX,827052,2017-10-30,2017-10-30T20:05:23.000Z,AFTER_CLOSE
EIX,827052,2018-02-22,2018-02-22T21:07:07.000Z,AFTER_CLOSE
EIX,827052,2018-05-01,2018-05-01T20:07:34.000Z,AFTER_CLOSE
EIX,827052,2018-07-26,2018-07-26T20:06:11.000Z,AFTER_CLOSE
EIX,827052,2018-10-30,2018-10-30T20:11:33.000Z,AFTER_CLOSE
EIX,827052,2019-02-28,2019-02-28T21:09:10.000Z,AFTER_CLOSE
EIX,827052,2019-04-30,2019-04-30T20:10:08.000Z,AFTER_CLOSE
EIX,827052,2019-07-25,2019-07-25T20:08:33.000Z,AFTER_CLOSE
EIX,827052,2019-10-29,2019-10-29T20:59:44.000Z,AFTER_CLOSE
EIX,827052,2020-02-27,2020-02-27T21:09:08.000Z,AFTER_CLOSE
EIX,827052,2020-04-30,2020-04-30T20:06:51.000Z,AFTER_CLOSE
EIX,827052,2020-07-28,2020-07-28T20:09:50.000Z,AFTER_CLOSE
EIX,827052,2020-10-27,2020-10-27T20:07:29.000Z,AFTER_CLOSE
EIX,827052,2021-02-25,2021-02-25T21:08:23.000Z,AFTER_CLOSE
EIX,827052,2021-04-27,2021-04-27T20:07:24.000Z,AFTER_CLOSE
EIX,827052,2021-07-29,2021-07-29T20:07:55.000Z,AFTER_CLOSE
EIX,827052,2021-11-02,2021-11-02T20:07:59.000Z,AFTER_CLOSE
EIX,827052,2022-02-24,2022-02-24T21:08:18.000Z,AFTER_CLOSE
EIX,827052,2022-05-03,2022-05-03T20:06:32.000Z,AFTER_CLOSE
EIX,827052,2022-07-28,2022-07-28T20:07:13.000Z,AFTER_CLOSE
EIX,827052,2022-11-01,2022-11-01T20:06:59.000Z,AFTER_CLOSE
EIX,827052,2023-02-23,2023-02-23T21:08:21.000Z,AFTER_CLOSE
EIX,827052,2023-05-02,2023-05-02T20:07:43.000Z,AFTER_CLOSE
EIX,827052,2023-07-27,2023-07-27T20:07:56.000Z,AFTER_CLOSE
EIX,827052,2023-11-01,2023-11-01T20:10:07.000Z,AFTER_CLOSE
EIX,827052,2024-02-22,2024-02-22T21:07:07.000Z,AFTER_CLOSE
EIX,827052,2024-04-30,2024-04-30T20:08:35.000Z,AFTER_CLOSE
EIX,827052,2024-07-25,2024-07-25T20:07:55.000Z,AFTER_CLOSE
EIX,827052,2024-10-29,2024-10-29T20:06:32.000Z,AFTER_CLOSE
EIX,827052,2025-02-27,2025-02-27T21:06:50.000Z,AFTER_CLOSE
EIX,827052,2025-04-29,2025-04-29T20:06:14.000Z,AFTER_CLOSE
EIX,827052,2025-07-31,2025-07-31T20:06:44.000Z,AFTER_CLOSE
EIX,827052,2025-10-28,2025-10-28T20:09:31.000Z,AFTER_CLOSE
EIX,827052,2026-02-18,2026-02-18T21:08:08.000Z,AFTER_CLOSE
EIX,827052,2026-04-28,2026-04-28T20:08:47.000Z,AFTER_CLOSE
EIX,827052,2026-07-30,2026-07-30T20:07:33.000Z,AFTER_CLOSE
EL,1001250,2020-05-01,2020-05-01T12:12:02.000Z,BEFORE_OPEN
EL,1001250,2020-08-20,2020-08-20T12:03:19.000Z,BEFORE_OPEN
EL,1001250,2020-11-02,2020-11-02T13:01:31.000Z,BEFORE_OPEN
EL,1001250,2021-02-05,2021-02-05T13:00:45.000Z,BEFORE_OPEN
EL,1001250,2021-05-03,2021-05-03T12:02:14.000Z,BEFORE_OPEN
EL,1001250,2021-08-19,2021-08-19T12:03:16.000Z,BEFORE_OPEN
EL,1001250,2021-11-02,2021-11-02T12:03:42.000Z,BEFORE_OPEN
EL,1001250,2022-02-03,2022-02-03T13:00:32.000Z,BEFORE_OPEN
EL,1001250,2022-05-03,2022-05-03T12:00:06.000Z,BEFORE_OPEN
EL,1001250,2022-08-18,2022-08-18T12:30:58.000Z,BEFORE_OPEN
EL,1001250,2022-11-02,2022-11-02T12:03:42.000Z,BEFORE_OPEN
EL,1001250,2023-02-02,2023-02-02T13:03:00.000Z,BEFORE_OPEN
EL,1001250,2023-05-03,2023-05-03T12:00:02.000Z,BEFORE_OPEN
EL,1001250,2023-08-18,2023-08-18T12:01:18.000Z,BEFORE_OPEN
EL,1001250,2023-11-01,2023-11-01T12:01:01.000Z,BEFORE_OPEN
EL,1001250,2024-02-05,2024-02-05T13:01:40.000Z,BEFORE_OPEN
EL,1001250,2024-05-01,2024-05-01T12:00:57.000Z,BEFORE_OPEN
EL,1001250,2024-08-19,2024-08-19T12:00:21.000Z,BEFORE_OPEN
EL,1001250,2024-10-31,2024-10-31T12:01:59.000Z,BEFORE_OPEN
EL,1001250,2025-02-04,2025-02-04T12:51:39.000Z,BEFORE_OPEN
EL,1001250,2025-05-01,2025-05-01T12:01:50.000Z,BEFORE_OPEN
EL,1001250,2025-08-20,2025-08-20T12:01:54.000Z,BEFORE_OPEN
EL,1001250,2025-10-30,2025-10-30T12:03:27.000Z,BEFORE_OPEN
EL,1001250,2026-02-05,2026-02-05T13:05:08.000Z,BEFORE_OPEN
EL,1001250,2026-05-01,2026-05-01T12:08:12.000Z,BEFORE_OPEN
EL,1001250,2026-08-19,2026-08-19T12:02:43.000Z,BEFORE_OPEN
ELV,1156039,2013-10-23,2013-10-23T10:16:30.000Z,BEFORE_OPEN
ELV,1156039,2014-01-07,2014-01-07T22:07:33.000Z,AFTER_CLOSE
ELV,1156039,2014-01-13,2014-01-13T22:00:52.000Z,AFTER_CLOSE
ELV,1156039,2014-01-29,2014-01-29T11:15:36.000Z,BEFORE_OPEN
ELV,1156039,2014-04-30,2014-04-30T10:16:00.000Z,BEFORE_OPEN
ELV,1156039,2014-07-30,2014-07-30T10:09:36.000Z,BEFORE_OPEN
ELV,1156039,2014-10-29,2014-10-29T10:16:00.000Z,BEFORE_OPEN
ELV,1156039,2015-01-13,2015-01-13T13:15:52.000Z,BEFORE_OPEN
ELV,1156039,2015-01-28,2015-01-28T11:13:35.000Z,BEFORE_OPEN
ELV,1156039,2015-04-29,2015-04-29T10:08:30.000Z,BEFORE_OPEN
ELV,1156039,2015-07-24,2015-07-24T10:20:06.000Z,BEFORE_OPEN
ELV,1156039,2015-07-29,2015-07-29T10:07:11.000Z,BEFORE_OPEN
ELV,1156039,2015-10-28,2015-10-28T10:06:31.000Z,BEFORE_OPEN
ELV,1156039,2016-01-12,2016-01-12T11:07:00.000Z,BEFORE_OPEN
ELV,1156039,2016-01-27,2016-01-27T11:07:02.000Z,BEFORE_OPEN
ELV,1156039,2016-04-27,2016-04-27T10:11:03.000Z,BEFORE_OPEN
ELV,1156039,2016-07-27,2016-07-27T10:07:57.000Z,BEFORE_OPEN
ELV,1156039,2016-11-02,2016-11-02T10:11:56.000Z,BEFORE_OPEN
ELV,1156039,2017-01-10,2017-01-10T11:05:03.000Z,BEFORE_OPEN
ELV,1156039,2017-02-01,2017-02-01T11:06:56.000Z,BEFORE_OPEN
ELV,1156039,2017-04-26,2017-04-26T10:08:57.000Z,BEFORE_OPEN
ELV,1156039,2017-07-26,2017-07-26T10:05:05.000Z,BEFORE_OPEN
ELV,1156039,2017-10-25,2017-10-25T10:06:43.000Z,BEFORE_OPEN
ELV,1156039,2018-01-31,2018-01-31T11:02:34.000Z,BEFORE_OPEN
ELV,1156039,2018-04-25,2018-04-25T10:07:03.000Z,BEFORE_OPEN
ELV,1156039,2018-07-25,2018-07-25T10:07:36.000Z,BEFORE_OPEN
ELV,1156039,2018-10-31,2018-10-31T10:06:59.000Z,BEFORE_OPEN
ELV,1156039,2019-01-30,2019-01-30T11:05:35.000Z,BEFORE_OPEN
ELV,1156039,2019-04-24,2019-04-24T10:07:03.000Z,BEFORE_OPEN
ELV,1156039,2019-07-24,2019-07-24T10:05:03.000Z,BEFORE_OPEN
ELV,1156039,2019-10-23,2019-10-23T10:08:09.000Z,BEFORE_OPEN
ELV,1156039,2020-01-29,2020-01-29T11:12:45.000Z,BEFORE_OPEN
ELV,1156039,2020-04-29,2020-04-29T10:15:20.000Z,BEFORE_OPEN
ELV,1156039,2020-07-29,2020-07-29T10:15:02.000Z,BEFORE_OPEN
ELV,1156039,2020-10-28,2020-10-28T10:05:02.000Z,BEFORE_OPEN
ELV,1156039,2021-01-27,2021-01-27T11:04:31.000Z,BEFORE_OPEN
ELV,1156039,2021-04-21,2021-04-21T10:06:12.000Z,BEFORE_OPEN
ELV,1156039,2021-07-21,2021-07-21T10:05:02.000Z,BEFORE_OPEN
ELV,1156039,2021-10-20,2021-10-20T10:06:07.000Z,BEFORE_OPEN
ELV,1156039,2022-01-26,2022-01-26T11:08:54.000Z,BEFORE_OPEN
ELV,1156039,2022-07-20,2022-07-20T10:06:32.000Z,BEFORE_OPEN
ELV,1156039,2022-10-19,2022-10-19T10:04:34.000Z,BEFORE_OPEN
ELV,1156039,2023-01-25,2023-01-25T11:04:03.000Z,BEFORE_OPEN
ELV,1156039,2023-04-19,2023-04-19T10:05:02.000Z,BEFORE_OPEN
ELV,1156039,2023-07-19,2023-07-19T10:04:51.000Z,BEFORE_OPEN
ELV,1156039,2023-10-18,2023-10-18T10:05:00.000Z,BEFORE_OPEN
ELV,1156039,2024-01-24,2024-01-24T11:04:59.000Z,BEFORE_OPEN
ELV,1156039,2024-04-18,2024-04-18T10:07:53.000Z,BEFORE_OPEN
ELV,1156039,2024-07-17,2024-07-17T10:09:34.000Z,BEFORE_OPEN
ELV,1156039,2024-10-17,2024-10-17T10:02:29.000Z,BEFORE_OPEN
ELV,1156039,2025-01-23,2025-01-23T11:03:24.000Z,BEFORE_OPEN
ELV,1156039,2025-04-17,2025-04-17T14:24:15.000Z,IN_SESSION
ELV,1156039,2025-04-22,2025-04-22T10:05:39.000Z,BEFORE_OPEN
ELV,1156039,2025-07-17,2025-07-17T10:03:40.000Z,BEFORE_OPEN
ELV,1156039,2025-10-21,2025-10-21T10:01:35.000Z,BEFORE_OPEN
ELV,1156039,2026-01-28,2026-01-28T11:03:02.000Z,BEFORE_OPEN
ELV,1156039,2026-04-22,2026-04-22T10:02:28.000Z,BEFORE_OPEN
ELV,1156039,2026-07-15,2026-07-15T10:01:33.000Z,BEFORE_OPEN
EME,105634,2016-07-28,2016-07-28T15:50:45.000Z,IN_SESSION
EME,105634,2016-10-27,2016-10-27T18:23:28.000Z,IN_SESSION
EME,105634,2017-02-23,2017-02-23T20:04:21.000Z,IN_SESSION
EME,105634,2017-04-27,2017-04-27T16:01:13.000Z,IN_SESSION
EME,105634,2017-07-27,2017-07-27T15:49:27.000Z,IN_SESSION
EME,105634,2017-10-26,2017-10-26T16:29:59.000Z,IN_SESSION
EME,105634,2018-02-22,2018-02-22T19:14:05.000Z,IN_SESSION
EME,105634,2018-04-26,2018-04-26T15:43:59.000Z,IN_SESSION
EME,105634,2018-07-26,2018-07-26T17:14:14.000Z,IN_SESSION
EME,105634,2018-10-25,2018-10-25T13:42:28.000Z,IN_SESSION
EME,105634,2019-02-21,2019-02-21T19:21:37.000Z,IN_SESSION
EME,105634,2019-04-30,2019-04-30T20:38:00.000Z,AFTER_CLOSE
EME,105634,2019-07-30,2019-07-30T15:45:33.000Z,IN_SESSION
EME,105634,2019-10-29,2019-10-29T18:30:41.000Z,IN_SESSION
EME,105634,2020-02-27,2020-02-27T19:39:04.000Z,IN_SESSION
EME,105634,2020-04-21,2020-04-21T13:22:41.000Z,BEFORE_OPEN
EME,105634,2020-04-30,2020-04-30T17:45:45.000Z,IN_SESSION
EME,105634,2020-08-03,2020-08-03T16:30:26.000Z,IN_SESSION
EME,105634,2020-10-29,2020-10-29T15:41:25.000Z,IN_SESSION
EME,105634,2021-02-25,2021-02-25T21:06:35.000Z,AFTER_CLOSE
EME,105634,2021-04-29,2021-04-29T16:21:25.000Z,IN_SESSION
EME,105634,2021-07-29,2021-07-29T14:09:29.000Z,IN_SESSION
EME,105634,2021-10-28,2021-10-28T15:59:51.000Z,IN_SESSION
EME,105634,2022-02-24,2022-02-24T16:45:02.000Z,IN_SESSION
EME,105634,2022-04-28,2022-04-28T18:36:08.000Z,IN_SESSION
EME,105634,2022-07-28,2022-07-28T16:32:20.000Z,IN_SESSION
EME,105634,2022-10-27,2022-10-27T16:01:43.000Z,IN_SESSION
EME,105634,2023-02-23,2023-02-23T19:38:24.000Z,IN_SESSION
EME,105634,2023-04-28,2023-04-28T16:08:15.000Z,IN_SESSION
EME,105634,2023-07-27,2023-07-27T16:30:46.000Z,IN_SESSION
EME,105634,2023-10-26,2023-10-26T17:04:02.000Z,IN_SESSION
EME,105634,2024-02-28,2024-02-28T18:16:46.000Z,IN_SESSION
EME,105634,2024-04-25,2024-04-25T17:07:17.000Z,IN_SESSION
EME,105634,2024-07-25,2024-07-25T19:23:04.000Z,IN_SESSION
EME,105634,2024-10-31,2024-10-31T15:52:50.000Z,IN_SESSION
EME,105634,2025-02-26,2025-02-26T17:17:02.000Z,IN_SESSION
EME,105634,2025-04-30,2025-04-30T16:28:21.000Z,IN_SESSION
EME,105634,2025-07-31,2025-07-31T13:55:24.000Z,IN_SESSION
EME,105634,2025-10-30,2025-10-30T12:48:33.000Z,BEFORE_OPEN
EME,105634,2026-02-26,2026-02-26T14:33:42.000Z,IN_SESSION
EME,105634,2026-04-29,2026-04-29T12:05:36.000Z,BEFORE_OPEN
EME,105634,2026-07-30,2026-07-30T13:03:52.000Z,BEFORE_OPEN
EMR,32604,2014-02-04,2014-02-04T11:53:45.000Z,BEFORE_OPEN
EMR,32604,2014-04-23,2014-04-23T12:44:03.000Z,BEFORE_OPEN
EMR,32604,2014-05-06,2014-05-06T10:53:45.000Z,BEFORE_OPEN
EMR,32604,2014-08-05,2014-08-05T10:49:23.000Z,BEFORE_OPEN
EMR,32604,2014-11-04,2014-11-04T11:52:44.000Z,BEFORE_OPEN
EMR,32604,2015-02-03,2015-02-03T12:01:21.000Z,BEFORE_OPEN
EMR,32604,2015-04-06,2015-04-06T11:10:32.000Z,BEFORE_OPEN
EMR,32604,2015-04-24,2015-04-24T11:06:58.000Z,BEFORE_OPEN
EMR,32604,2015-05-05,2015-05-05T10:58:01.000Z,BEFORE_OPEN
EMR,32604,2015-08-04,2015-08-04T11:00:33.000Z,BEFORE_OPEN
EMR,32604,2015-11-03,2015-11-03T11:56:01.000Z,BEFORE_OPEN
EMR,32604,2016-02-02,2016-02-02T12:00:35.000Z,BEFORE_OPEN
EMR,32604,2016-05-03,2016-05-03T10:48:41.000Z,BEFORE_OPEN
EMR,32604,2016-08-02,2016-08-02T10:41:09.000Z,BEFORE_OPEN
EMR,32604,2016-11-01,2016-11-01T10:47:45.000Z,BEFORE_OPEN
EMR,32604,2016-12-19,2016-12-19T14:21:01.000Z,BEFORE_OPEN
EMR,32604,2017-02-07,2017-02-07T11:34:55.000Z,BEFORE_OPEN
EMR,32604,2017-05-02,2017-05-02T10:36:56.000Z,BEFORE_OPEN
EMR,32604,2017-08-01,2017-08-01T10:52:06.000Z,BEFORE_OPEN
EMR,32604,2017-10-23,2017-10-23T10:57:23.000Z,BEFORE_OPEN
EMR,32604,2017-11-07,2017-11-07T11:58:43.000Z,BEFORE_OPEN
EMR,32604,2018-02-06,2018-02-06T11:51:28.000Z,BEFORE_OPEN
EMR,32604,2018-05-01,2018-05-01T10:53:44.000Z,BEFORE_OPEN
EMR,32604,2018-08-07,2018-08-07T10:52:12.000Z,BEFORE_OPEN
EMR,32604,2018-11-06,2018-11-06T11:51:05.000Z,BEFORE_OPEN
EMR,32604,2019-02-05,2019-02-05T11:53:19.000Z,BEFORE_OPEN
EMR,32604,2019-05-07,2019-05-07T10:55:46.000Z,BEFORE_OPEN
EMR,32604,2019-07-29,2019-07-29T12:28:05.000Z,BEFORE_OPEN
EMR,32604,2019-08-06,2019-08-06T10:54:26.000Z,BEFORE_OPEN
EMR,32604,2019-10-01,2019-10-01T10:58:15.000Z,BEFORE_OPEN
EMR,32604,2019-11-05,2019-11-05T12:00:05.000Z,BEFORE_OPEN
EMR,32604,2020-02-04,2020-02-04T11:55:34.000Z,BEFORE_OPEN
EMR,32604,2020-04-21,2020-04-21T10:54:41.000Z,BEFORE_OPEN
EMR,32604,2020-08-04,2020-08-04T10:54:34.000Z,BEFORE_OPEN
EMR,32604,2020-11-03,2020-11-03T11:54:37.000Z,BEFORE_OPEN
EMR,32604,2021-02-02,2021-02-02T11:54:40.000Z,BEFORE_OPEN
EMR,32604,2021-05-05,2021-05-05T10:57:52.000Z,BEFORE_OPEN
EMR,32604,2021-08-04,2021-08-04T10:56:24.000Z,BEFORE_OPEN
EMR,32604,2021-10-12,2021-10-12T13:46:21.000Z,IN_SESSION
EMR,32604,2021-11-03,2021-11-03T10:51:16.000Z,BEFORE_OPEN
EMR,32604,2022-02-02,2022-02-02T11:51:31.000Z,BEFORE_OPEN
EMR,32604,2022-05-04,2022-05-04T10:55:36.000Z,BEFORE_OPEN
EMR,32604,2022-08-09,2022-08-09T10:55:00.000Z,BEFORE_OPEN
EMR,32604,2022-10-31,2022-10-31T10:40:15.000Z,BEFORE_OPEN
EMR,32604,2022-11-29,2022-11-29T11:55:25.000Z,BEFORE_OPEN
EMR,32604,2023-02-08,2023-02-08T11:54:31.000Z,BEFORE_OPEN
EMR,32604,2023-04-06,2023-04-06T10:55:28.000Z,BEFORE_OPEN
EMR,32604,2023-04-12,2023-04-12T12:11:30.000Z,BEFORE_OPEN
EMR,32604,2023-05-03,2023-05-03T10:52:59.000Z,BEFORE_OPEN
EMR,32604,2023-08-02,2023-08-02T10:53:58.000Z,BEFORE_OPEN
EMR,32604,2023-11-07,2023-11-07T11:52:33.000Z,BEFORE_OPEN
EMR,32604,2024-02-07,2024-02-07T11:54:42.000Z,BEFORE_OPEN
EMR,32604,2024-05-08,2024-05-08T10:52:28.000Z,BEFORE_OPEN
EMR,32604,2024-08-07,2024-08-07T10:55:35.000Z,BEFORE_OPEN
EMR,32604,2024-11-05,2024-11-05T11:54:32.000Z,BEFORE_OPEN
EMR,32604,2025-02-05,2025-02-05T11:53:35.000Z,BEFORE_OPEN
EMR,32604,2025-05-07,2025-05-07T10:53:35.000Z,BEFORE_OPEN
EMR,32604,2025-08-06,2025-08-06T10:30:51.000Z,BEFORE_OPEN
EMR,32604,2025-11-05,2025-11-05T11:55:40.000Z,BEFORE_OPEN
EMR,32604,2025-11-20,2025-11-20T11:55:36.000Z,BEFORE_OPEN
EMR,32604,2026-02-03,2026-02-03T21:05:35.000Z,AFTER_CLOSE
EMR,32604,2026-05-05,2026-05-05T20:06:11.000Z,AFTER_CLOSE
EMR,32604,2026-08-04,2026-08-04T20:05:37.000Z,AFTER_CLOSE
ENB,895728,2018-02-16,2018-02-16T12:21:02.000Z,BEFORE_OPEN
ENB,895728,2018-05-10,2018-05-10T11:14:27.000Z,BEFORE_OPEN
ENB,895728,2018-08-03,2018-08-03T11:04:23.000Z,BEFORE_OPEN
ENB,895728,2018-11-02,2018-11-02T11:05:40.000Z,BEFORE_OPEN
ENB,895728,2019-02-15,2019-02-15T12:07:10.000Z,BEFORE_OPEN
ENB,895728,2019-05-10,2019-05-10T11:27:16.000Z,BEFORE_OPEN
ENB,895728,2019-08-02,2019-08-02T11:02:34.000Z,BEFORE_OPEN
ENB,895728,2019-11-08,2019-11-08T12:03:10.000Z,BEFORE_OPEN
ENB,895728,2020-02-14,2020-02-14T12:01:44.000Z,BEFORE_OPEN
ENB,895728,2020-05-07,2020-05-07T11:05:02.000Z,BEFORE_OPEN
ENB,895728,2020-07-29,2020-07-29T11:02:12.000Z,BEFORE_OPEN
ENB,895728,2020-11-06,2020-11-06T12:01:17.000Z,BEFORE_OPEN
ENB,895728,2021-02-12,2021-02-12T12:01:23.000Z,BEFORE_OPEN
ENB,895728,2021-05-07,2021-05-07T11:01:28.000Z,BEFORE_OPEN
ENB,895728,2021-07-30,2021-07-30T11:01:35.000Z,BEFORE_OPEN
ENB,895728,2021-11-05,2021-11-05T11:06:06.000Z,BEFORE_OPEN
ENB,895728,2022-02-11,2022-02-11T12:04:40.000Z,BEFORE_OPEN
ENB,895728,2022-05-06,2022-05-06T11:01:30.000Z,BEFORE_OPEN
ENB,895728,2022-07-29,2022-07-29T11:02:35.000Z,BEFORE_OPEN
ENB,895728,2022-11-04,2022-11-04T11:02:36.000Z,BEFORE_OPEN
ENB,895728,2023-02-10,2023-02-10T12:00:55.000Z,BEFORE_OPEN
ENB,895728,2023-05-05,2023-05-05T11:03:17.000Z,BEFORE_OPEN
ENB,895728,2023-08-04,2023-08-04T11:04:43.000Z,BEFORE_OPEN
ENB,895728,2023-11-03,2023-11-03T11:03:58.000Z,BEFORE_OPEN
ENB,895728,2024-02-09,2024-02-09T12:02:43.000Z,BEFORE_OPEN
ENB,895728,2024-05-10,2024-05-10T11:02:22.000Z,BEFORE_OPEN
ENB,895728,2024-08-02,2024-08-02T11:02:39.000Z,BEFORE_OPEN
ENB,895728,2024-11-01,2024-11-01T11:01:55.000Z,BEFORE_OPEN
ENB,895728,2025-02-14,2025-02-14T12:01:47.000Z,BEFORE_OPEN
ENB,895728,2025-05-09,2025-05-09T11:00:25.000Z,BEFORE_OPEN
ENB,895728,2025-08-01,2025-08-01T11:00:41.000Z,BEFORE_OPEN
ENB,895728,2025-11-07,2025-11-07T12:00:43.000Z,BEFORE_OPEN
ENB,895728,2026-02-13,2026-02-13T12:02:20.000Z,BEFORE_OPEN
ENB,895728,2026-05-08,2026-05-08T11:01:54.000Z,BEFORE_OPEN
ENB,895728,2026-07-31,2026-07-31T11:01:52.000Z,BEFORE_OPEN
EOG,821189,2020-02-27,2020-02-27T21:43:12.000Z,AFTER_CLOSE
EOG,821189,2020-05-07,2020-05-07T20:24:42.000Z,AFTER_CLOSE
EOG,821189,2020-08-06,2020-08-06T20:23:39.000Z,AFTER_CLOSE
EOG,821189,2020-11-05,2020-11-05T21:36:36.000Z,AFTER_CLOSE
EOG,821189,2021-02-25,2021-02-25T21:33:01.000Z,AFTER_CLOSE
EOG,821189,2021-05-06,2021-05-06T20:25:46.000Z,AFTER_CLOSE
EOG,821189,2021-08-04,2021-08-04T20:27:44.000Z,AFTER_CLOSE
EOG,821189,2021-11-04,2021-11-04T20:22:26.000Z,AFTER_CLOSE
EOG,821189,2022-02-24,2022-02-24T21:33:49.000Z,AFTER_CLOSE
EOG,821189,2022-05-05,2022-05-05T20:22:22.000Z,AFTER_CLOSE
EOG,821189,2022-08-04,2022-08-04T20:21:49.000Z,AFTER_CLOSE
EOG,821189,2022-11-03,2022-11-03T20:27:09.000Z,AFTER_CLOSE
EOG,821189,2023-02-23,2023-02-23T21:19:09.000Z,AFTER_CLOSE
EOG,821189,2023-05-04,2023-05-04T20:20:54.000Z,AFTER_CLOSE
EOG,821189,2023-08-03,2023-08-03T20:19:34.000Z,AFTER_CLOSE
EOG,821189,2023-11-02,2023-11-02T20:24:05.000Z,AFTER_CLOSE
EOG,821189,2024-02-22,2024-02-22T21:31:57.000Z,AFTER_CLOSE
EOG,821189,2024-05-02,2024-05-02T20:37:32.000Z,AFTER_CLOSE
EOG,821189,2024-08-01,2024-08-01T20:19:59.000Z,AFTER_CLOSE
EOG,821189,2024-11-07,2024-11-07T21:22:00.000Z,AFTER_CLOSE
EOG,821189,2025-02-27,2025-02-27T21:27:14.000Z,AFTER_CLOSE
EOG,821189,2025-04-10,2025-04-10T20:17:18.000Z,AFTER_CLOSE
EOG,821189,2025-05-01,2025-05-01T20:23:10.000Z,AFTER_CLOSE
EOG,821189,2025-07-09,2025-07-09T20:31:56.000Z,AFTER_CLOSE
EOG,821189,2025-08-07,2025-08-07T20:24:21.000Z,AFTER_CLOSE
EOG,821189,2025-10-08,2025-10-08T20:19:32.000Z,AFTER_CLOSE
EOG,821189,2025-11-06,2025-11-06T21:26:43.000Z,AFTER_CLOSE
EOG,821189,2026-01-12,2026-01-12T21:50:27.000Z,AFTER_CLOSE
EOG,821189,2026-02-24,2026-02-24T21:18:20.000Z,AFTER_CLOSE
EOG,821189,2026-04-09,2026-04-09T20:31:14.000Z,AFTER_CLOSE
EOG,821189,2026-05-05,2026-05-05T20:18:04.000Z,AFTER_CLOSE
EOG,821189,2026-07-09,2026-07-09T20:17:33.000Z,AFTER_CLOSE
EOG,821189,2026-08-04,2026-08-04T20:19:54.000Z,AFTER_CLOSE
EPD,1061219,2013-04-30,2013-04-29T23:28:38.000Z,AFTER_CLOSE
EPD,1061219,2013-08-01,2013-07-31T22:18:06.000Z,AFTER_CLOSE
EPD,1061219,2013-10-31,2013-10-30T21:53:16.000Z,AFTER_CLOSE
EPD,1061219,2014-01-30,2014-01-29T22:57:00.000Z,AFTER_CLOSE
EPD,1061219,2014-05-01,2014-04-30T21:46:25.000Z,AFTER_CLOSE
EPD,1061219,2014-07-31,2014-07-30T21:57:52.000Z,AFTER_CLOSE
EPD,1061219,2014-10-30,2014-10-29T21:42:23.000Z,AFTER_CLOSE
EPD,1061219,2015-01-29,2015-01-28T23:03:06.000Z,AFTER_CLOSE
EPD,1061219,2015-04-30,2015-04-29T21:47:50.000Z,AFTER_CLOSE
EPD,1061219,2015-07-30,2015-07-29T21:45:22.000Z,AFTER_CLOSE
EPD,1061219,2015-10-29,2015-10-28T21:47:29.000Z,AFTER_CLOSE
EPD,1061219,2016-01-28,2016-01-27T22:45:35.000Z,AFTER_CLOSE
EPD,1061219,2016-04-28,2016-04-27T21:42:19.000Z,AFTER_CLOSE
EPD,1061219,2016-07-28,2016-07-27T21:49:54.000Z,AFTER_CLOSE
EPD,1061219,2016-10-27,2016-10-26T21:58:07.000Z,AFTER_CLOSE
EPD,1061219,2017-01-30,2017-01-27T22:47:11.000Z,AFTER_CLOSE
EPD,1061219,2017-05-02,2017-05-01T21:50:01.000Z,AFTER_CLOSE
EPD,1061219,2017-08-03,2017-08-02T21:54:51.000Z,AFTER_CLOSE
EPD,1061219,2017-11-02,2017-11-01T21:46:38.000Z,AFTER_CLOSE
EPD,1061219,2018-01-31,2018-01-30T23:07:39.000Z,AFTER_CLOSE
EPD,1061219,2018-04-30,2018-04-27T21:47:46.000Z,AFTER_CLOSE
EPD,1061219,2018-08-01,2018-07-31T21:40:29.000Z,AFTER_CLOSE
EPD,1061219,2018-10-31,2018-10-30T22:48:14.000Z,AFTER_CLOSE
EPD,1061219,2019-01-31,2019-01-30T22:47:16.000Z,AFTER_CLOSE
EPD,1061219,2019-05-01,2019-04-30T21:38:20.000Z,AFTER_CLOSE
EPD,1061219,2019-07-31,2019-07-30T21:48:15.000Z,AFTER_CLOSE
EPD,1061219,2019-10-28,2019-10-28T10:07:15.000Z,BEFORE_OPEN
EPD,1061219,2020-01-30,2020-01-30T11:07:02.000Z,BEFORE_OPEN
EPD,1061219,2020-04-29,2020-04-29T10:02:08.000Z,BEFORE_OPEN
EPD,1061219,2020-07-29,2020-07-29T10:03:23.000Z,BEFORE_OPEN
EPD,1061219,2020-10-28,2020-10-28T10:03:16.000Z,BEFORE_OPEN
EPD,1061219,2021-02-03,2021-02-03T11:02:42.000Z,BEFORE_OPEN
EPD,1061219,2021-05-03,2021-05-03T10:00:59.000Z,BEFORE_OPEN
EPD,1061219,2021-07-28,2021-07-28T10:03:00.000Z,BEFORE_OPEN
EPD,1061219,2021-11-02,2021-11-02T10:01:31.000Z,BEFORE_OPEN
EPD,1061219,2022-02-01,2022-02-01T11:06:43.000Z,BEFORE_OPEN
EPD,1061219,2022-05-02,2022-05-02T10:03:17.000Z,BEFORE_OPEN
EPD,1061219,2022-08-03,2022-08-03T10:01:52.000Z,BEFORE_OPEN
EPD,1061219,2022-11-01,2022-11-01T10:01:43.000Z,BEFORE_OPEN
EPD,1061219,2023-02-01,2023-02-01T11:01:55.000Z,BEFORE_OPEN
EPD,1061219,2023-05-02,2023-05-02T10:01:31.000Z,BEFORE_OPEN
EPD,1061219,2023-08-01,2023-08-01T10:02:32.000Z,BEFORE_OPEN
EPD,1061219,2023-10-31,2023-10-31T10:01:15.000Z,BEFORE_OPEN
EPD,1061219,2024-02-01,2024-02-01T11:01:43.000Z,BEFORE_OPEN
EPD,1061219,2024-04-30,2024-04-30T10:01:35.000Z,BEFORE_OPEN
EPD,1061219,2024-07-30,2024-07-30T10:01:17.000Z,BEFORE_OPEN
EPD,1061219,2024-10-29,2024-10-29T10:01:49.000Z,BEFORE_OPEN
EPD,1061219,2025-02-04,2025-02-04T11:01:23.000Z,BEFORE_OPEN
EPD,1061219,2025-04-29,2025-04-29T10:01:29.000Z,BEFORE_OPEN
EPD,1061219,2025-07-28,2025-07-28T11:02:04.000Z,BEFORE_OPEN
EPD,1061219,2025-10-30,2025-10-29T21:50:42.000Z,AFTER_CLOSE
EPD,1061219,2026-02-03,2026-02-02T23:13:30.000Z,AFTER_CLOSE
EPD,1061219,2026-04-28,2026-04-27T22:01:43.000Z,AFTER_CLOSE
EPD,1061219,2026-07-30,2026-07-29T21:43:57.000Z,AFTER_CLOSE
EQIX,1101239,2020-05-06,2020-05-06T20:06:45.000Z,AFTER_CLOSE
EQIX,1101239,2020-07-29,2020-07-29T20:12:36.000Z,AFTER_CLOSE
EQIX,1101239,2020-10-28,2020-10-28T20:10:34.000Z,AFTER_CLOSE
EQIX,1101239,2021-02-10,2021-02-10T21:10:27.000Z,AFTER_CLOSE
EQIX,1101239,2021-04-28,2021-04-28T20:06:30.000Z,AFTER_CLOSE
EQIX,1101239,2021-07-28,2021-07-28T20:05:52.000Z,AFTER_CLOSE
EQIX,1101239,2021-11-03,2021-11-03T20:21:09.000Z,AFTER_CLOSE
EQIX,1101239,2022-02-16,2022-02-16T21:08:00.000Z,AFTER_CLOSE
EQIX,1101239,2022-04-27,2022-04-27T20:10:14.000Z,AFTER_CLOSE
EQIX,1101239,2022-07-27,2022-07-27T20:09:43.000Z,AFTER_CLOSE
EQIX,1101239,2022-11-02,2022-11-02T20:07:56.000Z,AFTER_CLOSE
EQIX,1101239,2023-02-15,2023-02-15T21:05:45.000Z,AFTER_CLOSE
EQIX,1101239,2023-05-03,2023-05-03T20:07:03.000Z,AFTER_CLOSE
EQIX,1101239,2023-08-02,2023-08-02T20:32:55.000Z,AFTER_CLOSE
EQIX,1101239,2023-10-25,2023-10-25T20:05:09.000Z,AFTER_CLOSE
EQIX,1101239,2024-02-14,2024-02-14T21:23:22.000Z,AFTER_CLOSE
EQIX,1101239,2024-05-08,2024-05-08T20:16:55.000Z,AFTER_CLOSE
EQIX,1101239,2024-08-07,2024-08-07T20:11:07.000Z,AFTER_CLOSE
EQIX,1101239,2024-10-30,2024-10-30T20:18:30.000Z,AFTER_CLOSE
EQIX,1101239,2025-02-12,2025-02-12T21:11:50.000Z,AFTER_CLOSE
EQIX,1101239,2025-04-30,2025-04-30T20:12:12.000Z,AFTER_CLOSE
EQIX,1101239,2025-07-30,2025-07-30T20:15:29.000Z,AFTER_CLOSE
EQIX,1101239,2025-10-29,2025-10-29T20:11:53.000Z,AFTER_CLOSE
EQIX,1101239,2026-02-11,2026-02-11T21:11:15.000Z,AFTER_CLOSE
EQIX,1101239,2026-04-29,2026-04-29T20:11:47.000Z,AFTER_CLOSE
EQIX,1101239,2026-07-29,2026-07-29T20:13:28.000Z,AFTER_CLOSE
EQT,33213,2018-07-26,2018-07-26T10:31:33.000Z,BEFORE_OPEN
EQT,33213,2018-10-25,2018-10-25T10:16:41.000Z,BEFORE_OPEN
EQT,33213,2019-01-22,2019-01-22T11:31:11.000Z,BEFORE_OPEN
EQT,33213,2019-02-14,2019-02-14T11:30:24.000Z,BEFORE_OPEN
EQT,33213,2019-04-25,2019-04-25T10:30:26.000Z,BEFORE_OPEN
EQT,33213,2019-07-25,2019-07-25T10:30:33.000Z,BEFORE_OPEN
EQT,33213,2019-10-31,2019-10-31T10:30:37.000Z,BEFORE_OPEN
EQT,33213,2020-01-13,2020-01-13T14:02:18.000Z,BEFORE_OPEN
EQT,33213,2020-02-27,2020-02-27T11:31:18.000Z,BEFORE_OPEN
EQT,33213,2020-04-23,2020-04-23T11:23:21.000Z,BEFORE_OPEN
EQT,33213,2020-05-07,2020-05-07T10:31:15.000Z,BEFORE_OPEN
EQT,33213,2020-07-27,2020-07-27T10:30:48.000Z,BEFORE_OPEN
EQT,33213,2020-10-22,2020-10-22T10:30:22.000Z,BEFORE_OPEN
EQT,33213,2021-02-17,2021-02-17T11:30:19.000Z,BEFORE_OPEN
EQT,33213,2021-05-05,2021-05-05T21:02:00.000Z,AFTER_CLOSE
EQT,33213,2021-07-28,2021-07-28T20:31:20.000Z,AFTER_CLOSE
EQT,33213,2021-10-27,2021-10-27T20:30:32.000Z,AFTER_CLOSE
EQT,33213,2022-02-09,2022-02-09T21:31:15.000Z,AFTER_CLOSE
EQT,33213,2022-04-27,2022-04-27T20:30:57.000Z,AFTER_CLOSE
EQT,33213,2022-07-11,2022-07-11T20:16:02.000Z,AFTER_CLOSE
EQT,33213,2022-07-27,2022-07-27T20:31:00.000Z,AFTER_CLOSE
EQT,33213,2022-10-11,2022-10-11T20:15:44.000Z,AFTER_CLOSE
EQT,33213,2022-10-26,2022-10-26T20:30:34.000Z,AFTER_CLOSE
EQT,33213,2023-01-24,2023-01-24T21:15:42.000Z,AFTER_CLOSE
EQT,33213,2023-02-15,2023-02-15T21:30:28.000Z,AFTER_CLOSE
EQT,33213,2023-04-13,2023-04-13T20:16:10.000Z,AFTER_CLOSE
EQT,33213,2023-04-26,2023-04-26T20:30:14.000Z,AFTER_CLOSE
EQT,33213,2023-07-13,2023-07-13T20:15:26.000Z,AFTER_CLOSE
EQT,33213,2023-07-25,2023-07-25T20:30:23.000Z,AFTER_CLOSE
EQT,33213,2023-10-12,2023-10-12T20:23:31.000Z,AFTER_CLOSE
EQT,33213,2023-10-25,2023-10-25T20:30:27.000Z,AFTER_CLOSE
EQT,33213,2024-01-17,2024-01-17T13:38:29.000Z,BEFORE_OPEN
EQT,33213,2024-02-13,2024-02-13T21:30:33.000Z,AFTER_CLOSE
EQT,33213,2024-04-11,2024-04-11T20:15:15.000Z,AFTER_CLOSE
EQT,33213,2024-04-23,2024-04-23T20:30:21.000Z,AFTER_CLOSE
EQT,33213,2024-07-11,2024-07-11T20:15:24.000Z,AFTER_CLOSE
EQT,33213,2024-07-23,2024-07-23T20:30:24.000Z,AFTER_CLOSE
EQT,33213,2024-10-17,2024-10-17T20:15:41.000Z,AFTER_CLOSE
EQT,33213,2024-10-29,2024-10-29T20:30:31.000Z,AFTER_CLOSE
EQT,33213,2025-01-30,2025-01-30T21:15:19.000Z,AFTER_CLOSE
EQT,33213,2025-02-18,2025-02-18T21:30:25.000Z,AFTER_CLOSE
EQT,33213,2025-04-10,2025-04-10T20:15:37.000Z,AFTER_CLOSE
EQT,33213,2025-04-22,2025-04-22T20:30:23.000Z,AFTER_CLOSE
EQT,33213,2025-07-10,2025-07-10T20:23:46.000Z,AFTER_CLOSE
EQT,33213,2025-07-22,2025-07-22T20:35:00.000Z,AFTER_CLOSE
EQT,33213,2025-10-14,2025-10-14T20:21:40.000Z,AFTER_CLOSE
EQT,33213,2025-10-21,2025-10-21T20:31:33.000Z,AFTER_CLOSE
EQT,33213,2026-01-29,2026-01-29T21:16:51.000Z,AFTER_CLOSE
EQT,33213,2026-02-17,2026-02-17T21:31:31.000Z,AFTER_CLOSE
EQT,33213,2026-04-14,2026-04-14T20:21:53.000Z,AFTER_CLOSE
EQT,33213,2026-04-21,2026-04-21T20:31:35.000Z,AFTER_CLOSE
EQT,33213,2026-07-14,2026-07-14T20:15:32.000Z,AFTER_CLOSE
EQT,33213,2026-07-21,2026-07-21T20:31:38.000Z,AFTER_CLOSE
ES,72741,2015-02-11,2015-02-11T21:43:28.000Z,AFTER_CLOSE
ES,72741,2015-04-29,2015-04-29T20:20:54.000Z,AFTER_CLOSE
ES,72741,2015-07-30,2015-07-30T20:31:40.000Z,AFTER_CLOSE
ES,72741,2015-11-02,2015-11-02T21:19:10.000Z,AFTER_CLOSE
ES,72741,2016-02-04,2016-02-04T21:06:43.000Z,AFTER_CLOSE
ES,72741,2016-05-04,2016-05-04T20:17:41.000Z,AFTER_CLOSE
ES,72741,2016-07-28,2016-07-28T20:19:46.000Z,AFTER_CLOSE
ES,72741,2016-11-01,2016-11-01T20:59:21.000Z,AFTER_CLOSE
ES,72741,2017-02-21,2017-02-21T21:18:16.000Z,AFTER_CLOSE
ES,72741,2017-05-03,2017-05-03T20:18:41.000Z,AFTER_CLOSE
ES,72741,2017-07-27,2017-07-27T20:43:56.000Z,AFTER_CLOSE
ES,72741,2017-11-01,2017-11-01T21:23:18.000Z,AFTER_CLOSE
ES,72741,2018-02-22,2018-02-22T21:35:13.000Z,AFTER_CLOSE
ES,72741,2018-05-02,2018-05-02T21:00:12.000Z,AFTER_CLOSE
ES,72741,2018-07-31,2018-07-31T20:17:29.000Z,AFTER_CLOSE
ES,72741,2018-11-01,2018-11-01T20:18:01.000Z,AFTER_CLOSE
ES,72741,2019-02-20,2019-02-20T21:32:08.000Z,AFTER_CLOSE
ES,72741,2019-05-01,2019-05-01T20:16:53.000Z,AFTER_CLOSE
ES,72741,2019-07-31,2019-07-31T20:22:58.000Z,AFTER_CLOSE
ES,72741,2019-11-05,2019-11-05T21:26:15.000Z,AFTER_CLOSE
ES,72741,2020-02-19,2020-02-19T21:22:33.000Z,AFTER_CLOSE
ES,72741,2020-05-06,2020-05-06T20:21:27.000Z,AFTER_CLOSE
ES,72741,2020-07-30,2020-07-30T23:03:13.000Z,AFTER_CLOSE
ES,72741,2020-11-03,2020-11-03T21:41:13.000Z,AFTER_CLOSE
ES,72741,2021-02-16,2021-02-16T21:19:18.000Z,AFTER_CLOSE
ES,72741,2021-05-10,2021-05-10T10:47:16.000Z,BEFORE_OPEN
ES,72741,2021-07-29,2021-07-29T20:19:50.000Z,AFTER_CLOSE
ES,72741,2021-11-02,2021-11-02T20:40:41.000Z,AFTER_CLOSE
ES,72741,2022-02-16,2022-02-16T21:18:34.000Z,AFTER_CLOSE
ES,72741,2022-05-04,2022-05-04T21:06:35.000Z,AFTER_CLOSE
ES,72741,2022-07-28,2022-07-28T20:25:09.000Z,AFTER_CLOSE
ES,72741,2022-11-02,2022-11-02T20:18:12.000Z,AFTER_CLOSE
ES,72741,2023-02-13,2023-02-13T21:17:24.000Z,AFTER_CLOSE
ES,72741,2023-05-03,2023-05-03T20:19:38.000Z,AFTER_CLOSE
ES,72741,2023-07-31,2023-07-31T20:16:37.000Z,AFTER_CLOSE
ES,72741,2023-11-06,2023-11-06T11:12:53.000Z,BEFORE_OPEN
ES,72741,2024-01-08,2024-01-08T21:17:36.000Z,AFTER_CLOSE
ES,72741,2024-01-24,2024-01-24T22:23:35.000Z,AFTER_CLOSE
ES,72741,2024-02-14,2024-02-14T02:24:23.000Z,AFTER_CLOSE
ES,72741,2024-05-01,2024-05-01T21:13:10.000Z,AFTER_CLOSE
ES,72741,2024-07-31,2024-07-31T20:22:21.000Z,AFTER_CLOSE
ES,72741,2024-09-30,2024-09-30T21:17:31.000Z,AFTER_CLOSE
ES,72741,2024-11-04,2024-11-04T21:21:44.000Z,AFTER_CLOSE
ES,72741,2025-02-11,2025-02-11T21:31:37.000Z,AFTER_CLOSE
ES,72741,2025-05-01,2025-05-01T20:18:59.000Z,AFTER_CLOSE
ES,72741,2025-07-31,2025-07-31T20:20:58.000Z,AFTER_CLOSE
ES,72741,2025-10-14,2025-10-14T10:48:19.000Z,BEFORE_OPEN
ES,72741,2025-11-04,2025-11-04T21:20:51.000Z,AFTER_CLOSE
ES,72741,2026-02-12,2026-02-12T21:21:21.000Z,AFTER_CLOSE
ES,72741,2026-05-06,2026-05-06T20:20:58.000Z,AFTER_CLOSE
ES,72741,2026-07-01,2026-06-30T21:40:46.000Z,AFTER_CLOSE
ES,72741,2026-07-30,2026-07-30T20:18:59.000Z,AFTER_CLOSE
ET,1276187,2011-11-02,2011-11-02T21:25:46.000Z,AFTER_CLOSE
ET,1276187,2012-02-15,2012-02-15T22:20:07.000Z,AFTER_CLOSE
ET,1276187,2012-05-09,2012-05-08T22:16:01.000Z,AFTER_CLOSE
ET,1276187,2012-08-07,2012-08-07T21:09:35.000Z,AFTER_CLOSE
ET,1276187,2012-11-07,2012-11-07T22:18:56.000Z,AFTER_CLOSE
ET,1276187,2013-02-20,2013-02-20T22:22:39.000Z,AFTER_CLOSE
ET,1276187,2013-05-08,2013-05-08T21:13:21.000Z,AFTER_CLOSE
ET,1276187,2013-08-08,2013-08-07T23:39:08.000Z,AFTER_CLOSE
ET,1276187,2013-11-05,2013-11-05T22:14:45.000Z,AFTER_CLOSE
ET,1276187,2014-02-19,2014-02-19T22:22:23.000Z,AFTER_CLOSE
ET,1276187,2014-05-06,2014-05-06T21:11:42.000Z,AFTER_CLOSE
ET,1276187,2014-08-06,2014-08-06T21:16:03.000Z,AFTER_CLOSE
ET,1276187,2014-11-05,2014-11-05T22:20:30.000Z,AFTER_CLOSE
ET,1276187,2015-02-19,2015-02-19T01:25:47.000Z,AFTER_CLOSE
ET,1276187,2015-05-06,2015-05-06T21:24:17.000Z,AFTER_CLOSE
ET,1276187,2015-08-05,2015-08-05T21:15:47.000Z,AFTER_CLOSE
ET,1276187,2015-11-04,2015-11-04T22:05:43.000Z,AFTER_CLOSE
ET,1276187,2016-02-24,2016-02-24T22:26:15.000Z,AFTER_CLOSE
ET,1276187,2016-05-04,2016-05-04T21:29:45.000Z,AFTER_CLOSE
ET,1276187,2016-08-04,2016-08-03T22:32:29.000Z,AFTER_CLOSE
ET,1276187,2016-11-09,2016-11-09T21:40:02.000Z,AFTER_CLOSE
ET,1276187,2017-02-22,2017-02-22T22:01:48.000Z,AFTER_CLOSE
ET,1276187,2017-05-03,2017-05-03T20:57:57.000Z,AFTER_CLOSE
ET,1276187,2017-08-08,2017-08-08T21:23:39.000Z,AFTER_CLOSE
ET,1276187,2017-11-07,2017-11-07T21:45:54.000Z,AFTER_CLOSE
ET,1276187,2018-02-21,2018-02-21T22:16:20.000Z,AFTER_CLOSE
ET,1276187,2018-05-09,2018-05-09T20:39:29.000Z,AFTER_CLOSE
ET,1276187,2018-08-08,2018-08-08T20:41:41.000Z,AFTER_CLOSE
ET,1276187,2018-11-07,2018-11-07T21:41:52.000Z,AFTER_CLOSE
ET,1276187,2019-02-20,2019-02-20T21:25:36.000Z,AFTER_CLOSE
ET,1276187,2019-05-08,2019-05-08T20:41:29.000Z,AFTER_CLOSE
ET,1276187,2019-08-07,2019-08-07T20:40:57.000Z,AFTER_CLOSE
ET,1276187,2019-11-06,2019-11-06T21:38:22.000Z,AFTER_CLOSE
ET,1276187,2020-02-19,2020-02-19T21:17:39.000Z,AFTER_CLOSE
ET,1276187,2020-05-11,2020-05-11T20:12:51.000Z,AFTER_CLOSE
ET,1276187,2020-08-05,2020-08-05T20:18:45.000Z,AFTER_CLOSE
ET,1276187,2020-11-04,2020-11-04T21:22:08.000Z,AFTER_CLOSE
ET,1276187,2021-02-17,2021-02-17T21:20:54.000Z,AFTER_CLOSE
ET,1276187,2021-05-06,2021-05-06T20:20:27.000Z,AFTER_CLOSE
ET,1276187,2021-08-03,2021-08-03T20:16:17.000Z,AFTER_CLOSE
ET,1276187,2021-11-03,2021-11-03T20:14:39.000Z,AFTER_CLOSE
ET,1276187,2022-02-16,2022-02-16T21:18:02.000Z,AFTER_CLOSE
ET,1276187,2022-05-04,2022-05-04T20:19:24.000Z,AFTER_CLOSE
ET,1276187,2022-08-03,2022-08-03T20:18:33.000Z,AFTER_CLOSE
ET,1276187,2022-11-01,2022-11-01T20:13:44.000Z,AFTER_CLOSE
ET,1276187,2023-02-15,2023-02-15T21:16:06.000Z,AFTER_CLOSE
ET,1276187,2023-05-02,2023-05-02T20:17:27.000Z,AFTER_CLOSE
ET,1276187,2023-08-02,2023-08-02T20:21:31.000Z,AFTER_CLOSE
ET,1276187,2023-11-01,2023-11-01T20:16:15.000Z,AFTER_CLOSE
ET,1276187,2024-02-14,2024-02-14T21:25:04.000Z,AFTER_CLOSE
ET,1276187,2024-05-08,2024-05-08T20:15:00.000Z,AFTER_CLOSE
ET,1276187,2024-08-07,2024-08-07T20:21:17.000Z,AFTER_CLOSE
ET,1276187,2024-11-06,2024-11-06T21:21:33.000Z,AFTER_CLOSE
ET,1276187,2025-02-11,2025-02-11T21:17:50.000Z,AFTER_CLOSE
ET,1276187,2025-05-06,2025-05-06T20:16:40.000Z,AFTER_CLOSE
ET,1276187,2025-08-06,2025-08-06T20:17:02.000Z,AFTER_CLOSE
ET,1276187,2025-11-05,2025-11-05T21:20:26.000Z,AFTER_CLOSE
ET,1276187,2026-02-17,2026-02-17T12:41:40.000Z,BEFORE_OPEN
ET,1276187,2026-05-05,2026-05-05T11:36:55.000Z,BEFORE_OPEN
ET,1276187,2026-08-04,2026-08-04T11:43:49.000Z,BEFORE_OPEN
ETN,1551182,2017-05-02,2017-05-02T11:00:18.000Z,BEFORE_OPEN
ETN,1551182,2017-08-01,2017-08-01T11:00:31.000Z,BEFORE_OPEN
ETN,1551182,2017-10-13,2017-10-13T20:53:20.000Z,AFTER_CLOSE
ETN,1551182,2017-10-31,2017-10-31T11:00:17.000Z,BEFORE_OPEN
ETN,1551182,2018-02-01,2018-02-01T12:00:20.000Z,BEFORE_OPEN
ETN,1551182,2018-05-01,2018-05-01T11:00:18.000Z,BEFORE_OPEN
ETN,1551182,2018-07-31,2018-07-31T11:00:24.000Z,BEFORE_OPEN
ETN,1551182,2018-10-30,2018-10-30T11:00:23.000Z,BEFORE_OPEN
ETN,1551182,2019-01-31,2019-01-31T12:00:23.000Z,BEFORE_OPEN
ETN,1551182,2019-04-30,2019-04-30T11:03:35.000Z,BEFORE_OPEN
ETN,1551182,2019-07-30,2019-07-30T11:00:10.000Z,BEFORE_OPEN
ETN,1551182,2019-10-29,2019-10-29T11:00:51.000Z,BEFORE_OPEN
ETN,1551182,2020-01-27,2020-01-27T14:31:28.000Z,IN_SESSION
ETN,1551182,2020-02-04,2020-02-04T12:01:49.000Z,BEFORE_OPEN
ETN,1551182,2020-04-30,2020-04-30T11:00:48.000Z,BEFORE_OPEN
ETN,1551182,2020-07-29,2020-07-29T11:00:23.000Z,BEFORE_OPEN
ETN,1551182,2020-11-03,2020-11-03T12:00:21.000Z,BEFORE_OPEN
ETN,1551182,2021-02-02,2021-02-02T12:00:14.000Z,BEFORE_OPEN
ETN,1551182,2021-05-04,2021-05-04T11:00:19.000Z,BEFORE_OPEN
ETN,1551182,2021-08-03,2021-08-03T11:00:24.000Z,BEFORE_OPEN
ETN,1551182,2021-11-02,2021-11-02T11:01:27.000Z,BEFORE_OPEN
ETN,1551182,2022-02-04,2022-02-04T12:00:16.000Z,BEFORE_OPEN
ETN,1551182,2022-05-03,2022-05-03T11:00:16.000Z,BEFORE_OPEN
ETN,1551182,2022-08-02,2022-08-02T11:01:32.000Z,BEFORE_OPEN
ETN,1551182,2022-11-01,2022-11-01T11:01:55.000Z,BEFORE_OPEN
ETN,1551182,2023-02-08,2023-02-08T12:00:14.000Z,BEFORE_OPEN
ETN,1551182,2023-05-02,2023-05-02T11:00:18.000Z,BEFORE_OPEN
ETN,1551182,2023-08-01,2023-08-01T11:00:16.000Z,BEFORE_OPEN
ETN,1551182,2023-10-31,2023-10-31T11:01:02.000Z,BEFORE_OPEN
ETN,1551182,2024-02-01,2024-02-01T12:01:27.000Z,BEFORE_OPEN
ETN,1551182,2024-04-30,2024-04-30T11:00:46.000Z,BEFORE_OPEN
ETN,1551182,2024-08-01,2024-08-01T11:01:08.000Z,BEFORE_OPEN
ETN,1551182,2024-10-31,2024-10-31T11:00:19.000Z,BEFORE_OPEN
ETN,1551182,2025-01-31,2025-01-31T12:00:12.000Z,BEFORE_OPEN
ETN,1551182,2025-05-02,2025-05-02T11:00:50.000Z,BEFORE_OPEN
ETN,1551182,2025-08-05,2025-08-05T11:01:02.000Z,BEFORE_OPEN
ETN,1551182,2025-11-04,2025-11-04T12:01:04.000Z,BEFORE_OPEN
ETN,1551182,2026-02-03,2026-02-03T12:00:20.000Z,BEFORE_OPEN
ETN,1551182,2026-05-05,2026-05-05T11:00:23.000Z,BEFORE_OPEN
ETN,1551182,2026-07-31,2026-07-31T11:00:30.000Z,BEFORE_OPEN
ETR,65984,2021-02-24,2021-02-24T12:56:08.000Z,BEFORE_OPEN
ETR,65984,2021-04-28,2021-04-28T11:18:38.000Z,BEFORE_OPEN
ETR,65984,2021-08-04,2021-08-04T12:18:35.000Z,BEFORE_OPEN
ETR,65984,2021-11-03,2021-11-03T11:28:41.000Z,BEFORE_OPEN
ETR,65984,2022-02-23,2022-02-23T12:28:16.000Z,BEFORE_OPEN
ETR,65984,2022-04-27,2022-04-27T11:10:12.000Z,BEFORE_OPEN
ETR,65984,2022-08-03,2022-08-03T12:19:18.000Z,BEFORE_OPEN
ETR,65984,2022-11-02,2022-11-02T12:03:06.000Z,BEFORE_OPEN
ETR,65984,2023-02-16,2023-02-16T13:02:39.000Z,BEFORE_OPEN
ETR,65984,2023-04-26,2023-04-26T12:11:09.000Z,BEFORE_OPEN
ETR,65984,2023-08-02,2023-08-02T12:15:25.000Z,BEFORE_OPEN
ETR,65984,2023-10-30,2023-10-30T12:16:59.000Z,BEFORE_OPEN
ETR,65984,2023-11-01,2023-11-01T12:27:46.000Z,BEFORE_OPEN
ETR,65984,2024-02-22,2024-02-22T13:29:46.000Z,BEFORE_OPEN
ETR,65984,2024-04-18,2024-04-18T21:01:29.000Z,AFTER_CLOSE
ETR,65984,2024-04-24,2024-04-24T12:26:51.000Z,BEFORE_OPEN
ETR,65984,2024-08-01,2024-08-01T12:30:37.000Z,BEFORE_OPEN
ETR,65984,2024-10-31,2024-10-31T12:21:21.000Z,BEFORE_OPEN
ETR,65984,2025-02-18,2025-02-18T13:43:06.000Z,BEFORE_OPEN
ETR,65984,2025-04-29,2025-04-29T12:22:30.000Z,BEFORE_OPEN
ETR,65984,2025-07-30,2025-07-30T12:04:46.000Z,BEFORE_OPEN
ETR,65984,2025-10-29,2025-10-29T12:32:37.000Z,BEFORE_OPEN
ETR,65984,2026-02-12,2026-02-12T12:49:21.000Z,BEFORE_OPEN
ETR,65984,2026-04-29,2026-04-29T12:02:15.000Z,BEFORE_OPEN
ETR,65984,2026-07-29,2026-07-29T12:02:34.000Z,BEFORE_OPEN
EW,1099800,2019-04-23,2019-04-23T20:28:51.000Z,AFTER_CLOSE
EW,1099800,2019-07-23,2019-07-23T20:34:56.000Z,AFTER_CLOSE
EW,1099800,2019-10-23,2019-10-23T20:36:55.000Z,AFTER_CLOSE
EW,1099800,2020-01-30,2020-01-30T21:27:14.000Z,AFTER_CLOSE
EW,1099800,2020-04-23,2020-04-23T20:23:00.000Z,AFTER_CLOSE
EW,1099800,2020-07-23,2020-07-23T20:28:03.000Z,AFTER_CLOSE
EW,1099800,2020-10-22,2020-10-21T21:36:02.000Z,AFTER_CLOSE
EW,1099800,2021-01-27,2021-01-27T21:36:06.000Z,AFTER_CLOSE
EW,1099800,2021-04-20,2021-04-20T20:26:54.000Z,AFTER_CLOSE
EW,1099800,2021-07-29,2021-07-29T20:33:35.000Z,AFTER_CLOSE
EW,1099800,2021-10-27,2021-10-27T20:29:34.000Z,AFTER_CLOSE
EW,1099800,2022-01-26,2022-01-26T21:37:21.000Z,AFTER_CLOSE
EW,1099800,2022-04-26,2022-04-26T20:24:17.000Z,AFTER_CLOSE
EW,1099800,2022-07-28,2022-07-28T20:38:31.000Z,AFTER_CLOSE
EW,1099800,2022-10-27,2022-10-27T20:21:35.000Z,AFTER_CLOSE
EW,1099800,2023-01-31,2023-01-31T21:31:12.000Z,AFTER_CLOSE
EW,1099800,2023-04-26,2023-04-26T20:29:13.000Z,AFTER_CLOSE
EW,1099800,2023-07-26,2023-07-26T20:22:38.000Z,AFTER_CLOSE
EW,1099800,2023-10-25,2023-10-25T20:32:46.000Z,AFTER_CLOSE
EW,1099800,2024-02-06,2024-02-06T21:23:49.000Z,AFTER_CLOSE
EW,1099800,2024-04-25,2024-04-25T20:23:35.000Z,AFTER_CLOSE
EW,1099800,2024-07-24,2024-07-24T20:26:30.000Z,AFTER_CLOSE
EW,1099800,2024-10-24,2024-10-24T20:28:37.000Z,AFTER_CLOSE
EW,1099800,2025-02-11,2025-02-11T21:24:18.000Z,AFTER_CLOSE
EW,1099800,2025-04-23,2025-04-23T20:33:22.000Z,AFTER_CLOSE
EW,1099800,2025-07-24,2025-07-24T20:23:33.000Z,AFTER_CLOSE
EW,1099800,2025-10-30,2025-10-30T20:18:04.000Z,AFTER_CLOSE
EW,1099800,2026-02-10,2026-02-10T21:22:48.000Z,AFTER_CLOSE
EW,1099800,2026-04-23,2026-04-23T20:20:22.000Z,AFTER_CLOSE
EW,1099800,2026-07-23,2026-07-23T20:29:00.000Z,AFTER_CLOSE
EXC,1109357,2017-05-03,2017-05-03T12:06:19.000Z,BEFORE_OPEN
EXC,1109357,2017-08-02,2017-08-02T12:07:19.000Z,BEFORE_OPEN
EXC,1109357,2017-11-02,2017-11-02T11:05:24.000Z,BEFORE_OPEN
EXC,1109357,2018-02-07,2018-02-07T12:05:04.000Z,BEFORE_OPEN
EXC,1109357,2018-05-02,2018-05-02T11:07:59.000Z,BEFORE_OPEN
EXC,1109357,2018-08-02,2018-08-02T11:00:23.000Z,BEFORE_OPEN
EXC,1109357,2018-11-01,2018-11-01T10:53:33.000Z,BEFORE_OPEN
EXC,1109357,2019-02-08,2019-02-08T11:51:57.000Z,BEFORE_OPEN
EXC,1109357,2019-05-02,2019-05-02T10:47:40.000Z,BEFORE_OPEN
EXC,1109357,2019-08-01,2019-08-01T10:52:16.000Z,BEFORE_OPEN
EXC,1109357,2019-10-31,2019-10-31T10:54:46.000Z,BEFORE_OPEN
EXC,1109357,2020-02-11,2020-02-11T11:53:28.000Z,BEFORE_OPEN
EXC,1109357,2020-05-08,2020-05-08T11:03:18.000Z,BEFORE_OPEN
EXC,1109357,2020-08-04,2020-08-04T10:55:35.000Z,BEFORE_OPEN
EXC,1109357,2020-11-03,2020-11-03T11:53:18.000Z,BEFORE_OPEN
EXC,1109357,2021-02-24,2021-02-24T11:57:33.000Z,BEFORE_OPEN
EXC,1109357,2021-05-05,2021-05-05T10:53:27.000Z,BEFORE_OPEN
EXC,1109357,2021-08-04,2021-08-04T10:53:56.000Z,BEFORE_OPEN
EXC,1109357,2021-11-03,2021-11-03T10:55:44.000Z,BEFORE_OPEN
EXC,1109357,2022-05-09,2022-05-09T12:02:37.000Z,BEFORE_OPEN
EXC,1109357,2022-08-03,2022-08-03T10:57:42.000Z,BEFORE_OPEN
EXC,1109357,2022-11-03,2022-11-03T10:56:29.000Z,BEFORE_OPEN
EXC,1109357,2023-02-14,2023-02-14T11:53:10.000Z,BEFORE_OPEN
EXC,1109357,2023-05-03,2023-05-03T10:54:52.000Z,BEFORE_OPEN
EXC,1109357,2023-08-02,2023-08-02T10:54:07.000Z,BEFORE_OPEN
EXC,1109357,2023-11-02,2023-11-02T10:55:26.000Z,BEFORE_OPEN
EXC,1109357,2024-02-21,2024-02-21T11:53:44.000Z,BEFORE_OPEN
EXC,1109357,2024-05-02,2024-05-02T10:53:09.000Z,BEFORE_OPEN
EXC,1109357,2024-08-01,2024-08-01T10:56:39.000Z,BEFORE_OPEN
EXC,1109357,2024-10-30,2024-10-30T10:53:07.000Z,BEFORE_OPEN
EXC,1109357,2025-02-12,2025-02-12T11:56:32.000Z,BEFORE_OPEN
EXC,1109357,2025-05-01,2025-05-01T10:57:59.000Z,BEFORE_OPEN
EXC,1109357,2025-07-31,2025-07-31T10:55:58.000Z,BEFORE_OPEN
EXC,1109357,2025-11-04,2025-11-04T11:52:58.000Z,BEFORE_OPEN
EXC,1109357,2026-02-12,2026-02-12T12:00:29.000Z,BEFORE_OPEN
EXC,1109357,2026-05-06,2026-05-06T10:56:54.000Z,BEFORE_OPEN
EXC,1109357,2026-07-30,2026-07-30T10:56:06.000Z,BEFORE_OPEN
EXE,895126,2016-05-05,2016-05-05T13:36:20.000Z,IN_SESSION
EXE,895126,2016-08-04,2016-08-04T11:07:09.000Z,BEFORE_OPEN
EXE,895126,2016-11-03,2016-11-03T11:03:20.000Z,BEFORE_OPEN
EXE,895126,2017-02-23,2017-02-23T12:03:22.000Z,BEFORE_OPEN
EXE,895126,2017-05-04,2017-05-04T11:02:34.000Z,BEFORE_OPEN
EXE,895126,2017-08-03,2017-08-03T11:08:00.000Z,BEFORE_OPEN
EXE,895126,2017-11-02,2017-11-02T11:02:08.000Z,BEFORE_OPEN
EXE,895126,2018-02-06,2018-02-06T21:57:55.000Z,AFTER_CLOSE
EXE,895126,2018-02-13,2018-02-13T12:03:48.000Z,BEFORE_OPEN
EXE,895126,2018-02-22,2018-02-22T12:03:27.000Z,BEFORE_OPEN
EXE,895126,2018-05-02,2018-05-02T11:03:35.000Z,BEFORE_OPEN
EXE,895126,2018-08-01,2018-08-01T11:04:52.000Z,BEFORE_OPEN
EXE,895126,2018-10-30,2018-10-30T11:05:05.000Z,BEFORE_OPEN
EXE,895126,2019-01-09,2019-01-09T12:07:27.000Z,BEFORE_OPEN
EXE,895126,2019-02-27,2019-02-27T12:05:47.000Z,BEFORE_OPEN
EXE,895126,2019-05-08,2019-05-08T11:06:26.000Z,BEFORE_OPEN
EXE,895126,2019-08-06,2019-08-06T11:06:41.000Z,BEFORE_OPEN
EXE,895126,2019-11-05,2019-11-05T12:08:27.000Z,BEFORE_OPEN
EXE,895126,2020-01-29,2020-01-29T12:05:09.000Z,BEFORE_OPEN
EXE,895126,2020-02-26,2020-02-26T12:07:43.000Z,BEFORE_OPEN
EXE,895126,2021-02-02,2021-02-02T13:44:17.000Z,BEFORE_OPEN
EXE,895126,2021-05-11,2021-05-11T20:05:40.000Z,AFTER_CLOSE
EXE,895126,2021-08-10,2021-08-10T20:25:40.000Z,AFTER_CLOSE
EXE,895126,2021-11-02,2021-11-02T20:07:10.000Z,AFTER_CLOSE
EXE,895126,2022-02-23,2022-02-23T21:08:17.000Z,AFTER_CLOSE
EXE,895126,2022-05-04,2022-05-04T20:13:11.000Z,AFTER_CLOSE
EXE,895126,2022-08-02,2022-08-02T20:18:06.000Z,AFTER_CLOSE
EXE,895126,2022-11-01,2022-11-01T20:09:19.000Z,AFTER_CLOSE
EXE,895126,2023-02-21,2023-02-21T21:18:26.000Z,AFTER_CLOSE
EXE,895126,2023-05-02,2023-05-02T20:09:10.000Z,AFTER_CLOSE
EXE,895126,2023-08-01,2023-08-01T20:08:24.000Z,AFTER_CLOSE
EXE,895126,2023-10-31,2023-10-31T20:06:24.000Z,AFTER_CLOSE
EXE,895126,2024-02-20,2024-02-20T21:08:15.000Z,AFTER_CLOSE
EXE,895126,2024-04-30,2024-04-30T20:10:42.000Z,AFTER_CLOSE
EXE,895126,2024-07-29,2024-07-29T20:06:19.000Z,AFTER_CLOSE
EXE,895126,2024-10-29,2024-10-29T20:03:26.000Z,AFTER_CLOSE
EXE,895126,2025-02-26,2025-02-26T21:03:45.000Z,AFTER_CLOSE
EXE,895126,2025-04-29,2025-04-29T20:01:56.000Z,AFTER_CLOSE
EXE,895126,2025-07-29,2025-07-29T20:04:16.000Z,AFTER_CLOSE
EXE,895126,2025-10-28,2025-10-28T20:02:36.000Z,AFTER_CLOSE
EXE,895126,2026-02-17,2026-02-17T21:02:27.000Z,AFTER_CLOSE
EXE,895126,2026-04-28,2026-04-28T20:01:37.000Z,AFTER_CLOSE
EXE,895126,2026-07-28,2026-07-28T20:02:12.000Z,AFTER_CLOSE
EXPD,746515,2015-05-06,2015-05-06T20:20:03.000Z,AFTER_CLOSE
EXPD,746515,2015-05-07,2015-05-07T20:54:13.000Z,AFTER_CLOSE
EXPD,746515,2015-08-05,2015-08-05T16:57:07.000Z,IN_SESSION
EXPD,746515,2015-11-03,2015-11-03T21:43:32.000Z,AFTER_CLOSE
EXPD,746515,2015-11-04,2015-11-04T17:55:00.000Z,IN_SESSION
EXPD,746515,2016-02-23,2016-02-23T19:28:24.000Z,IN_SESSION
EXPD,746515,2016-05-03,2016-05-03T19:12:20.000Z,IN_SESSION
EXPD,746515,2016-05-04,2016-05-04T18:46:26.000Z,IN_SESSION
EXPD,746515,2016-08-02,2016-08-02T16:48:27.000Z,IN_SESSION
EXPD,746515,2016-11-08,2016-11-08T16:41:07.000Z,IN_SESSION
EXPD,746515,2016-11-09,2016-11-09T18:40:16.000Z,IN_SESSION
EXPD,746515,2017-02-21,2017-02-21T21:12:15.000Z,AFTER_CLOSE
EXPD,746515,2017-05-02,2017-05-02T14:51:49.000Z,IN_SESSION
EXPD,746515,2017-05-03,2017-05-03T16:28:52.000Z,IN_SESSION
EXPD,746515,2017-08-08,2017-08-08T16:02:19.000Z,IN_SESSION
EXPD,746515,2017-11-07,2017-11-07T21:00:20.000Z,AFTER_CLOSE
EXPD,746515,2017-11-08,2017-11-08T20:12:33.000Z,IN_SESSION
EXPD,746515,2018-02-20,2018-02-20T19:44:53.000Z,IN_SESSION
EXPD,746515,2018-05-08,2018-05-08T17:33:20.000Z,IN_SESSION
EXPD,746515,2018-05-09,2018-05-09T15:34:35.000Z,IN_SESSION
EXPD,746515,2018-08-07,2018-08-07T16:39:24.000Z,IN_SESSION
EXPD,746515,2018-11-06,2018-11-06T22:19:54.000Z,AFTER_CLOSE
EXPD,746515,2018-11-06,2018-11-06T17:56:09.000Z,IN_SESSION
EXPD,746515,2019-02-19,2019-02-19T19:40:06.000Z,IN_SESSION
EXPD,746515,2019-05-07,2019-05-07T15:42:30.000Z,IN_SESSION
EXPD,746515,2019-05-08,2019-05-08T15:25:16.000Z,IN_SESSION
EXPD,746515,2019-08-06,2019-08-06T16:27:31.000Z,IN_SESSION
EXPD,746515,2019-11-05,2019-11-05T21:43:53.000Z,AFTER_CLOSE
EXPD,746515,2019-11-05,2019-11-05T18:11:11.000Z,IN_SESSION
EXPD,746515,2020-01-17,2020-01-17T18:02:59.000Z,IN_SESSION
EXPD,746515,2020-02-18,2020-02-18T19:03:13.000Z,IN_SESSION
EXPD,746515,2020-05-05,2020-05-05T15:55:14.000Z,IN_SESSION
EXPD,746515,2020-05-06,2020-05-06T15:41:28.000Z,IN_SESSION
EXPD,746515,2020-08-04,2020-08-04T15:16:58.000Z,IN_SESSION
EXPD,746515,2020-11-03,2020-11-03T17:46:30.000Z,IN_SESSION
EXPD,746515,2020-11-04,2020-11-04T16:06:10.000Z,IN_SESSION
EXPD,746515,2021-02-16,2021-02-16T16:22:19.000Z,IN_SESSION
EXPD,746515,2021-05-04,2021-05-04T20:28:54.000Z,AFTER_CLOSE
EXPD,746515,2021-05-04,2021-05-04T16:02:04.000Z,IN_SESSION
EXPD,746515,2021-08-03,2021-08-03T18:57:48.000Z,IN_SESSION
EXPD,746515,2021-11-02,2021-11-02T16:20:12.000Z,IN_SESSION
EXPD,746515,2022-02-22,2022-02-22T19:19:40.000Z,IN_SESSION
EXPD,746515,2022-05-03,2022-05-03T17:30:58.000Z,IN_SESSION
EXPD,746515,2022-08-02,2022-08-02T17:17:43.000Z,IN_SESSION
EXPD,746515,2022-11-08,2022-11-08T16:48:24.000Z,IN_SESSION
EXPD,746515,2023-02-21,2023-02-21T17:29:49.000Z,IN_SESSION
EXPD,746515,2023-05-02,2023-05-02T18:01:52.000Z,IN_SESSION
EXPD,746515,2023-08-08,2023-08-08T16:20:19.000Z,IN_SESSION
EXPD,746515,2023-11-07,2023-11-07T16:51:34.000Z,IN_SESSION
EXPD,746515,2024-02-20,2024-02-20T20:28:59.000Z,IN_SESSION
EXPD,746515,2024-05-07,2024-05-07T16:16:28.000Z,IN_SESSION
EXPD,746515,2024-08-06,2024-08-06T16:41:55.000Z,IN_SESSION
EXPD,746515,2024-11-05,2024-11-05T16:34:52.000Z,IN_SESSION
EXPD,746515,2025-02-18,2025-02-18T18:00:45.000Z,IN_SESSION
EXPD,746515,2025-05-06,2025-05-06T16:38:03.000Z,IN_SESSION
EXPD,746515,2025-08-05,2025-08-05T15:18:52.000Z,IN_SESSION
EXPD,746515,2025-11-04,2025-11-04T17:37:23.000Z,IN_SESSION
EXPD,746515,2026-02-24,2026-02-24T16:48:53.000Z,IN_SESSION
EXPD,746515,2026-05-05,2026-05-05T15:05:58.000Z,IN_SESSION
EXPD,746515,2026-08-04,2026-08-04T16:59:36.000Z,IN_SESSION
EXPE,1324424,2017-04-27,2017-04-27T20:02:42.000Z,AFTER_CLOSE
EXPE,1324424,2017-07-27,2017-07-27T20:04:54.000Z,AFTER_CLOSE
EXPE,1324424,2017-10-26,2017-10-26T20:03:34.000Z,AFTER_CLOSE
EXPE,1324424,2018-02-08,2018-02-08T21:03:45.000Z,AFTER_CLOSE
EXPE,1324424,2018-04-26,2018-04-26T20:04:34.000Z,AFTER_CLOSE
EXPE,1324424,2018-07-26,2018-07-26T20:04:51.000Z,AFTER_CLOSE
EXPE,1324424,2018-10-25,2018-10-25T20:09:24.000Z,AFTER_CLOSE
EXPE,1324424,2019-02-07,2019-02-07T21:04:58.000Z,AFTER_CLOSE
EXPE,1324424,2019-05-02,2019-05-02T20:07:37.000Z,AFTER_CLOSE
EXPE,1324424,2019-07-25,2019-07-25T20:06:38.000Z,AFTER_CLOSE
EXPE,1324424,2019-11-06,2019-11-06T21:06:48.000Z,AFTER_CLOSE
EXPE,1324424,2020-02-13,2020-02-13T21:04:56.000Z,AFTER_CLOSE
EXPE,1324424,2020-05-20,2020-05-20T20:05:43.000Z,AFTER_CLOSE
EXPE,1324424,2020-07-30,2020-07-30T22:49:46.000Z,AFTER_CLOSE
EXPE,1324424,2020-07-31,2020-07-31T13:33:26.000Z,IN_SESSION
EXPE,1324424,2020-11-04,2020-11-04T21:06:21.000Z,AFTER_CLOSE
EXPE,1324424,2021-02-11,2021-02-11T21:03:44.000Z,AFTER_CLOSE
EXPE,1324424,2021-05-06,2021-05-06T20:05:05.000Z,AFTER_CLOSE
EXPE,1324424,2021-08-05,2021-08-05T20:06:51.000Z,AFTER_CLOSE
EXPE,1324424,2021-11-04,2021-11-04T20:09:12.000Z,AFTER_CLOSE
EXPE,1324424,2022-05-02,2022-05-02T20:03:16.000Z,AFTER_CLOSE
EXPE,1324424,2022-08-04,2022-08-04T20:05:34.000Z,AFTER_CLOSE
EXPE,1324424,2022-11-03,2022-11-03T20:06:29.000Z,AFTER_CLOSE
EXPE,1324424,2023-02-09,2023-02-09T21:03:30.000Z,AFTER_CLOSE
EXPE,1324424,2023-05-04,2023-05-04T20:11:40.000Z,AFTER_CLOSE
EXPE,1324424,2023-08-03,2023-08-03T13:01:38.000Z,BEFORE_OPEN
EXPE,1324424,2023-11-02,2023-11-02T20:03:00.000Z,AFTER_CLOSE
EXPE,1324424,2024-02-08,2024-02-08T21:02:19.000Z,AFTER_CLOSE
EXPE,1324424,2024-05-02,2024-05-02T20:02:24.000Z,AFTER_CLOSE
EXPE,1324424,2024-08-08,2024-08-08T20:02:36.000Z,AFTER_CLOSE
EXPE,1324424,2024-11-07,2024-11-07T21:03:02.000Z,AFTER_CLOSE
EXPE,1324424,2025-02-06,2025-02-06T21:02:33.000Z,AFTER_CLOSE
EXPE,1324424,2025-05-08,2025-05-08T20:01:57.000Z,AFTER_CLOSE
EXPE,1324424,2025-08-07,2025-08-07T20:04:10.000Z,AFTER_CLOSE
EXPE,1324424,2025-11-06,2025-11-06T21:02:21.000Z,AFTER_CLOSE
EXPE,1324424,2026-02-12,2026-02-12T21:01:50.000Z,AFTER_CLOSE
EXPE,1324424,2026-05-07,2026-05-07T20:02:05.000Z,AFTER_CLOSE
EXPE,1324424,2026-08-05,2026-08-05T20:00:16.000Z,AFTER_CLOSE
EXR,1289490,2015-02-20,2015-02-19T23:22:35.000Z,AFTER_CLOSE
EXR,1289490,2015-04-29,2015-04-29T20:16:06.000Z,AFTER_CLOSE
EXR,1289490,2015-07-29,2015-07-29T20:51:34.000Z,AFTER_CLOSE
EXR,1289490,2015-10-28,2015-10-28T21:14:00.000Z,AFTER_CLOSE
EXR,1289490,2016-02-23,2016-02-23T21:37:34.000Z,AFTER_CLOSE
EXR,1289490,2016-05-02,2016-05-02T20:32:36.000Z,AFTER_CLOSE
EXR,1289490,2016-07-27,2016-07-27T20:26:00.000Z,AFTER_CLOSE
EXR,1289490,2016-10-26,2016-10-26T20:49:44.000Z,AFTER_CLOSE
EXR,1289490,2017-02-21,2017-02-21T21:39:17.000Z,AFTER_CLOSE
EXR,1289490,2017-08-01,2017-08-01T20:28:21.000Z,AFTER_CLOSE
EXR,1289490,2017-11-01,2017-11-01T20:24:25.000Z,AFTER_CLOSE
EXR,1289490,2018-02-20,2018-02-20T21:18:52.000Z,AFTER_CLOSE
EXR,1289490,2018-05-01,2018-05-01T20:56:42.000Z,AFTER_CLOSE
EXR,1289490,2018-07-31,2018-07-31T20:23:18.000Z,AFTER_CLOSE
EXR,1289490,2018-10-30,2018-10-30T20:39:29.000Z,AFTER_CLOSE
EXR,1289490,2019-02-20,2019-02-20T21:14:51.000Z,AFTER_CLOSE
EXR,1289490,2019-04-30,2019-04-30T20:25:29.000Z,AFTER_CLOSE
EXR,1289490,2019-07-30,2019-07-30T20:29:30.000Z,AFTER_CLOSE
EXR,1289490,2019-10-30,2019-10-29T23:25:39.000Z,AFTER_CLOSE
EXR,1289490,2020-02-18,2020-02-18T21:16:41.000Z,AFTER_CLOSE
EXR,1289490,2020-05-06,2020-05-06T20:18:32.000Z,AFTER_CLOSE
EXR,1289490,2020-08-04,2020-08-04T20:32:36.000Z,AFTER_CLOSE
EXR,1289490,2020-11-04,2020-11-04T21:31:35.000Z,AFTER_CLOSE
EXR,1289490,2021-02-22,2021-02-22T21:21:29.000Z,AFTER_CLOSE
EXR,1289490,2021-04-28,2021-04-28T20:50:54.000Z,AFTER_CLOSE
EXR,1289490,2021-07-27,2021-07-27T20:49:58.000Z,AFTER_CLOSE
EXR,1289490,2021-10-27,2021-10-27T20:21:54.000Z,AFTER_CLOSE
EXR,1289490,2022-02-23,2022-02-23T21:28:59.000Z,AFTER_CLOSE
EXR,1289490,2022-05-03,2022-05-03T20:15:44.000Z,AFTER_CLOSE
EXR,1289490,2022-08-02,2022-08-02T20:38:19.000Z,AFTER_CLOSE
EXR,1289490,2022-11-01,2022-11-01T20:15:45.000Z,AFTER_CLOSE
EXR,1289490,2023-02-22,2023-02-22T21:21:01.000Z,AFTER_CLOSE
EXR,1289490,2023-05-02,2023-05-02T20:23:33.000Z,AFTER_CLOSE
EXR,1289490,2023-08-03,2023-08-03T20:21:34.000Z,AFTER_CLOSE
EXR,1289490,2023-11-07,2023-11-07T21:22:30.000Z,AFTER_CLOSE
EXR,1289490,2024-02-27,2024-02-27T21:17:55.000Z,AFTER_CLOSE
EXR,1289490,2024-04-30,2024-04-30T20:25:34.000Z,AFTER_CLOSE
EXR,1289490,2024-07-30,2024-07-30T20:49:58.000Z,AFTER_CLOSE
EXR,1289490,2024-10-29,2024-10-29T20:22:00.000Z,AFTER_CLOSE
EXR,1289490,2025-02-25,2025-02-25T21:28:37.000Z,AFTER_CLOSE
EXR,1289490,2025-04-29,2025-04-29T20:38:48.000Z,AFTER_CLOSE
EXR,1289490,2025-07-30,2025-07-30T20:20:00.000Z,AFTER_CLOSE
EXR,1289490,2025-10-29,2025-10-29T20:25:42.000Z,AFTER_CLOSE
EXR,1289490,2026-02-19,2026-02-19T21:35:59.000Z,AFTER_CLOSE
EXR,1289490,2026-04-28,2026-04-28T20:26:02.000Z,AFTER_CLOSE
EXR,1289490,2026-07-28,2026-07-28T20:46:03.000Z,AFTER_CLOSE
F,37996,2019-07-24,2019-07-24T20:21:23.000Z,AFTER_CLOSE
F,37996,2019-10-23,2019-10-23T20:10:22.000Z,AFTER_CLOSE
F,37996,2020-02-04,2020-02-04T21:14:35.000Z,AFTER_CLOSE
F,37996,2020-04-13,2020-04-13T14:30:56.000Z,IN_SESSION
F,37996,2020-04-28,2020-04-28T20:12:33.000Z,AFTER_CLOSE
F,37996,2020-07-31,2020-07-30T23:56:55.000Z,AFTER_CLOSE
F,37996,2020-10-28,2020-10-28T20:13:57.000Z,AFTER_CLOSE
F,37996,2021-02-04,2021-02-04T21:23:16.000Z,AFTER_CLOSE
F,37996,2021-04-28,2021-04-28T20:10:41.000Z,AFTER_CLOSE
F,37996,2021-07-28,2021-07-28T20:08:54.000Z,AFTER_CLOSE
F,37996,2021-10-27,2021-10-27T20:14:13.000Z,AFTER_CLOSE
F,37996,2022-02-03,2022-02-03T21:10:13.000Z,AFTER_CLOSE
F,37996,2022-04-27,2022-04-27T20:09:02.000Z,AFTER_CLOSE
F,37996,2022-07-27,2022-07-27T20:09:17.000Z,AFTER_CLOSE
F,37996,2022-10-26,2022-10-26T20:13:02.000Z,AFTER_CLOSE
F,37996,2023-02-02,2023-02-02T21:10:46.000Z,AFTER_CLOSE
F,37996,2023-05-02,2023-05-02T20:07:19.000Z,AFTER_CLOSE
F,37996,2023-07-27,2023-07-27T20:07:29.000Z,AFTER_CLOSE
F,37996,2023-10-26,2023-10-26T20:08:14.000Z,AFTER_CLOSE
F,37996,2024-02-06,2024-02-06T21:08:43.000Z,AFTER_CLOSE
F,37996,2024-04-24,2024-04-24T20:07:59.000Z,AFTER_CLOSE
F,37996,2024-07-24,2024-07-24T20:08:06.000Z,AFTER_CLOSE
F,37996,2024-10-28,2024-10-28T20:07:46.000Z,AFTER_CLOSE
F,37996,2025-02-05,2025-02-05T21:09:13.000Z,AFTER_CLOSE
F,37996,2025-05-05,2025-05-05T20:07:47.000Z,AFTER_CLOSE
F,37996,2025-07-30,2025-07-30T20:08:33.000Z,AFTER_CLOSE
F,37996,2025-10-23,2025-10-23T20:08:43.000Z,AFTER_CLOSE
F,37996,2026-02-10,2026-02-10T21:08:19.000Z,AFTER_CLOSE
F,37996,2026-04-29,2026-04-29T20:12:33.000Z,AFTER_CLOSE
F,37996,2026-07-28,2026-07-28T20:07:30.000Z,AFTER_CLOSE
FANG,1539838,2016-08-02,2016-08-02T20:44:58.000Z,AFTER_CLOSE
FANG,1539838,2016-11-07,2016-11-07T22:02:40.000Z,AFTER_CLOSE
FANG,1539838,2017-02-15,2017-02-14T22:40:08.000Z,AFTER_CLOSE
FANG,1539838,2017-05-02,2017-05-02T20:44:26.000Z,AFTER_CLOSE
FANG,1539838,2017-08-02,2017-08-01T22:09:25.000Z,AFTER_CLOSE
FANG,1539838,2017-11-06,2017-11-06T22:28:45.000Z,AFTER_CLOSE
FANG,1539838,2018-02-13,2018-02-13T22:03:46.000Z,AFTER_CLOSE
FANG,1539838,2018-05-08,2018-05-08T20:52:33.000Z,AFTER_CLOSE
FANG,1539838,2018-08-08,2018-08-08T20:43:17.000Z,AFTER_CLOSE
FANG,1539838,2018-11-06,2018-11-06T22:02:45.000Z,AFTER_CLOSE
FANG,1539838,2019-02-19,2019-02-19T21:11:21.000Z,AFTER_CLOSE
FANG,1539838,2019-05-07,2019-05-07T21:08:19.000Z,AFTER_CLOSE
FANG,1539838,2019-08-06,2019-08-06T20:42:31.000Z,AFTER_CLOSE
FANG,1539838,2019-11-05,2019-11-05T22:02:09.000Z,AFTER_CLOSE
FANG,1539838,2020-02-18,2020-02-18T21:55:10.000Z,AFTER_CLOSE
FANG,1539838,2020-05-04,2020-05-04T21:13:26.000Z,AFTER_CLOSE
FANG,1539838,2020-08-03,2020-08-03T20:37:58.000Z,AFTER_CLOSE
FANG,1539838,2020-11-02,2020-11-02T21:50:57.000Z,AFTER_CLOSE
FANG,1539838,2021-02-22,2021-02-22T21:48:19.000Z,AFTER_CLOSE
FANG,1539838,2021-04-16,2021-04-16T20:19:30.000Z,AFTER_CLOSE
FANG,1539838,2021-05-04,2021-05-03T21:50:19.000Z,AFTER_CLOSE
FANG,1539838,2021-08-02,2021-08-02T20:15:11.000Z,AFTER_CLOSE
FANG,1539838,2021-11-01,2021-11-01T20:18:57.000Z,AFTER_CLOSE
FANG,1539838,2022-02-22,2022-02-22T21:47:10.000Z,AFTER_CLOSE
FANG,1539838,2022-04-07,2022-04-07T20:10:35.000Z,AFTER_CLOSE
FANG,1539838,2022-05-02,2022-05-02T20:26:56.000Z,AFTER_CLOSE
FANG,1539838,2022-08-01,2022-08-01T20:17:00.000Z,AFTER_CLOSE
FANG,1539838,2022-11-07,2022-11-07T21:13:54.000Z,AFTER_CLOSE
FANG,1539838,2023-02-21,2023-02-21T21:17:22.000Z,AFTER_CLOSE
FANG,1539838,2023-04-20,2023-04-20T20:22:12.000Z,AFTER_CLOSE
FANG,1539838,2023-05-01,2023-05-01T20:12:25.000Z,AFTER_CLOSE
FANG,1539838,2023-07-11,2023-07-11T12:30:57.000Z,BEFORE_OPEN
FANG,1539838,2023-07-31,2023-07-31T20:12:29.000Z,AFTER_CLOSE
FANG,1539838,2023-10-10,2023-10-10T20:07:52.000Z,AFTER_CLOSE
FANG,1539838,2023-11-06,2023-11-06T21:04:21.000Z,AFTER_CLOSE
FANG,1539838,2024-01-10,2024-01-10T21:00:44.000Z,AFTER_CLOSE
FANG,1539838,2024-02-12,2024-02-12T13:32:33.000Z,BEFORE_OPEN
FANG,1539838,2024-02-20,2024-02-20T21:09:19.000Z,AFTER_CLOSE
FANG,1539838,2024-04-10,2024-04-10T20:50:22.000Z,AFTER_CLOSE
FANG,1539838,2024-04-30,2024-04-30T20:07:44.000Z,AFTER_CLOSE
FANG,1539838,2024-07-11,2024-07-11T20:01:48.000Z,AFTER_CLOSE
FANG,1539838,2024-08-05,2024-08-05T20:06:41.000Z,AFTER_CLOSE
FANG,1539838,2024-10-01,2024-10-01T20:03:29.000Z,AFTER_CLOSE
FANG,1539838,2024-10-10,2024-10-10T20:12:27.000Z,AFTER_CLOSE
FANG,1539838,2024-11-04,2024-11-04T21:05:12.000Z,AFTER_CLOSE
FANG,1539838,2025-01-13,2025-01-13T21:01:30.000Z,AFTER_CLOSE
FANG,1539838,2025-02-24,2025-02-24T21:06:09.000Z,AFTER_CLOSE
FANG,1539838,2025-04-16,2025-04-16T20:04:39.000Z,AFTER_CLOSE
FANG,1539838,2025-05-05,2025-05-05T20:08:15.000Z,AFTER_CLOSE
FANG,1539838,2025-07-10,2025-07-10T20:13:03.000Z,AFTER_CLOSE
FANG,1539838,2025-08-04,2025-08-04T20:11:01.000Z,AFTER_CLOSE
FANG,1539838,2025-10-09,2025-10-09T20:03:39.000Z,AFTER_CLOSE
FANG,1539838,2025-11-03,2025-11-03T21:06:43.000Z,AFTER_CLOSE
FANG,1539838,2026-01-12,2026-01-12T21:02:57.000Z,AFTER_CLOSE
FANG,1539838,2026-02-23,2026-02-23T21:05:47.000Z,AFTER_CLOSE
FANG,1539838,2026-04-13,2026-04-13T20:40:48.000Z,AFTER_CLOSE
FANG,1539838,2026-05-04,2026-05-04T20:06:21.000Z,AFTER_CLOSE
FANG,1539838,2026-07-13,2026-07-13T20:03:27.000Z,AFTER_CLOSE
FANG,1539838,2026-08-03,2026-08-03T20:06:11.000Z,AFTER_CLOSE
FAST,815556,2012-10-11,2012-10-11T10:50:19.000Z,BEFORE_OPEN
FAST,815556,2013-01-17,2013-01-17T12:19:40.000Z,BEFORE_OPEN
FAST,815556,2013-04-10,2013-04-10T11:09:03.000Z,BEFORE_OPEN
FAST,815556,2013-07-10,2013-07-10T11:14:57.000Z,BEFORE_OPEN
FAST,815556,2013-10-09,2013-10-09T11:09:29.000Z,BEFORE_OPEN
FAST,815556,2014-01-15,2014-01-15T12:09:44.000Z,BEFORE_OPEN
FAST,815556,2014-04-11,2014-04-11T11:07:15.000Z,BEFORE_OPEN
FAST,815556,2014-07-11,2014-07-11T11:41:12.000Z,BEFORE_OPEN
FAST,815556,2014-10-10,2014-10-10T11:17:37.000Z,BEFORE_OPEN
FAST,815556,2015-01-15,2015-01-15T12:22:55.000Z,BEFORE_OPEN
FAST,815556,2015-04-14,2015-04-14T11:24:05.000Z,BEFORE_OPEN
FAST,815556,2015-07-14,2015-07-14T11:19:11.000Z,BEFORE_OPEN
FAST,815556,2015-10-13,2015-10-13T11:14:17.000Z,BEFORE_OPEN
FAST,815556,2016-01-15,2016-01-15T12:30:35.000Z,BEFORE_OPEN
FAST,815556,2016-04-12,2016-04-12T11:25:42.000Z,BEFORE_OPEN
FAST,815556,2016-07-12,2016-07-12T11:25:52.000Z,BEFORE_OPEN
FAST,815556,2016-10-11,2016-10-11T11:41:45.000Z,BEFORE_OPEN
FAST,815556,2017-01-18,2017-01-18T12:33:27.000Z,BEFORE_OPEN
FAST,815556,2017-04-12,2017-04-12T11:16:23.000Z,BEFORE_OPEN
FAST,815556,2017-07-12,2017-07-12T11:20:36.000Z,BEFORE_OPEN
FAST,815556,2017-10-11,2017-10-11T11:26:50.000Z,BEFORE_OPEN
FAST,815556,2018-01-17,2018-01-17T12:28:15.000Z,BEFORE_OPEN
FAST,815556,2018-04-11,2018-04-11T11:28:29.000Z,BEFORE_OPEN
FAST,815556,2018-07-11,2018-07-11T11:47:01.000Z,BEFORE_OPEN
FAST,815556,2018-10-10,2018-10-10T12:11:38.000Z,BEFORE_OPEN
FAST,815556,2019-01-17,2019-01-17T12:40:05.000Z,BEFORE_OPEN
FAST,815556,2019-04-11,2019-04-11T11:34:23.000Z,BEFORE_OPEN
FAST,815556,2019-07-11,2019-07-11T11:46:25.000Z,BEFORE_OPEN
FAST,815556,2019-10-11,2019-10-11T12:19:21.000Z,BEFORE_OPEN
FAST,815556,2020-01-17,2020-01-17T13:30:35.000Z,BEFORE_OPEN
FAST,815556,2020-04-14,2020-04-14T12:51:08.000Z,BEFORE_OPEN
FAST,815556,2020-07-14,2020-07-14T12:27:25.000Z,BEFORE_OPEN
FAST,815556,2020-10-13,2020-10-13T11:27:47.000Z,BEFORE_OPEN
FAST,815556,2021-01-20,2021-01-20T13:22:48.000Z,BEFORE_OPEN
FAST,815556,2021-04-13,2021-04-13T11:42:41.000Z,BEFORE_OPEN
FAST,815556,2021-07-13,2021-07-13T12:38:13.000Z,BEFORE_OPEN
FAST,815556,2021-10-12,2021-10-12T11:36:11.000Z,BEFORE_OPEN
FAST,815556,2022-01-19,2022-01-19T12:25:59.000Z,BEFORE_OPEN
FAST,815556,2022-04-13,2022-04-13T11:48:20.000Z,BEFORE_OPEN
FAST,815556,2022-07-13,2022-07-13T11:50:37.000Z,BEFORE_OPEN
FAST,815556,2022-10-13,2022-10-13T11:59:31.000Z,BEFORE_OPEN
FAST,815556,2023-01-19,2023-01-19T12:41:36.000Z,BEFORE_OPEN
FAST,815556,2023-04-13,2023-04-13T11:53:12.000Z,BEFORE_OPEN
FAST,815556,2023-07-13,2023-07-13T11:44:54.000Z,BEFORE_OPEN
FAST,815556,2023-10-12,2023-10-12T11:48:18.000Z,BEFORE_OPEN
FAST,815556,2024-01-18,2024-01-18T12:48:35.000Z,BEFORE_OPEN
FAST,815556,2024-04-11,2024-04-11T11:43:55.000Z,BEFORE_OPEN
FAST,815556,2024-07-12,2024-07-12T11:43:03.000Z,BEFORE_OPEN
FAST,815556,2024-10-11,2024-10-11T11:42:05.000Z,BEFORE_OPEN
FAST,815556,2025-01-17,2025-01-17T12:30:46.000Z,BEFORE_OPEN
FAST,815556,2025-04-11,2025-04-11T11:35:55.000Z,BEFORE_OPEN
FAST,815556,2025-07-14,2025-07-14T11:19:12.000Z,BEFORE_OPEN
FAST,815556,2025-10-14,2025-10-14T13:20:19.000Z,BEFORE_OPEN
FAST,815556,2026-01-20,2026-01-20T13:17:21.000Z,BEFORE_OPEN
FAST,815556,2026-04-13,2026-04-13T12:07:12.000Z,BEFORE_OPEN
FAST,815556,2026-07-14,2026-07-14T12:01:18.000Z,BEFORE_OPEN
FCNCA,798941,2012-03-07,2012-03-07T21:31:22.000Z,AFTER_CLOSE
FCNCA,798941,2012-05-09,2012-05-09T21:16:23.000Z,AFTER_CLOSE
FCNCA,798941,2012-08-08,2012-08-08T20:59:28.000Z,AFTER_CLOSE
FCNCA,798941,2012-11-09,2012-11-09T19:47:40.000Z,IN_SESSION
FCNCA,798941,2013-03-01,2013-03-01T17:54:36.000Z,IN_SESSION
FCNCA,798941,2013-05-09,2013-05-09T17:09:32.000Z,IN_SESSION
FCNCA,798941,2013-08-07,2013-08-07T16:38:17.000Z,IN_SESSION
FCNCA,798941,2013-11-07,2013-11-07T19:05:59.000Z,IN_SESSION
FCNCA,798941,2014-01-30,2014-01-30T18:47:46.000Z,IN_SESSION
FCNCA,798941,2014-04-30,2014-04-30T15:29:59.000Z,IN_SESSION
FCNCA,798941,2014-08-08,2014-08-08T14:43:49.000Z,IN_SESSION
FCNCA,798941,2014-10-28,2014-10-28T17:07:50.000Z,IN_SESSION
FCNCA,798941,2015-02-25,2015-02-25T16:23:15.000Z,IN_SESSION
FCNCA,798941,2015-05-07,2015-05-07T17:01:00.000Z,IN_SESSION
FCNCA,798941,2015-07-29,2015-07-29T15:09:15.000Z,IN_SESSION
FCNCA,798941,2015-10-28,2015-10-28T15:45:47.000Z,IN_SESSION
FCNCA,798941,2016-01-27,2016-01-27T16:43:10.000Z,IN_SESSION
FCNCA,798941,2016-04-27,2016-04-27T15:33:36.000Z,IN_SESSION
FCNCA,798941,2016-07-27,2016-07-27T15:22:32.000Z,IN_SESSION
FCNCA,798941,2016-10-26,2016-10-26T18:05:00.000Z,IN_SESSION
FCNCA,798941,2017-01-25,2017-01-25T16:12:50.000Z,IN_SESSION
FCNCA,798941,2017-04-26,2017-04-26T15:17:02.000Z,IN_SESSION
FCNCA,798941,2017-07-26,2017-07-26T15:10:46.000Z,IN_SESSION
FCNCA,798941,2017-10-25,2017-10-25T19:57:38.000Z,IN_SESSION
FCNCA,798941,2018-01-31,2018-01-31T16:29:12.000Z,IN_SESSION
FCNCA,798941,2018-04-25,2018-04-25T18:14:30.000Z,IN_SESSION
FCNCA,798941,2018-07-26,2018-07-26T15:43:37.000Z,IN_SESSION
FCNCA,798941,2018-10-24,2018-10-24T16:40:53.000Z,IN_SESSION
FCNCA,798941,2019-01-30,2019-01-30T16:24:19.000Z,IN_SESSION
FCNCA,798941,2019-04-30,2019-04-30T20:24:00.000Z,AFTER_CLOSE
FCNCA,798941,2019-07-30,2019-07-30T20:05:30.000Z,AFTER_CLOSE
FCNCA,798941,2019-10-30,2019-10-30T13:46:25.000Z,IN_SESSION
FCNCA,798941,2020-01-28,2020-01-28T21:13:29.000Z,AFTER_CLOSE
FCNCA,798941,2020-04-28,2020-04-28T20:52:09.000Z,AFTER_CLOSE
FCNCA,798941,2020-07-28,2020-07-28T20:38:32.000Z,AFTER_CLOSE
FCNCA,798941,2020-10-16,2020-10-16T10:25:13.000Z,BEFORE_OPEN
FCNCA,798941,2021-01-26,2021-01-26T21:30:03.000Z,AFTER_CLOSE
FCNCA,798941,2021-04-28,2021-04-28T10:37:57.000Z,BEFORE_OPEN
FCNCA,798941,2021-08-03,2021-08-03T10:35:32.000Z,BEFORE_OPEN
FCNCA,798941,2021-10-27,2021-10-27T10:51:58.000Z,BEFORE_OPEN
FCNCA,798941,2022-01-26,2022-01-26T11:48:22.000Z,BEFORE_OPEN
FCNCA,798941,2022-04-28,2022-04-28T10:21:11.000Z,BEFORE_OPEN
FCNCA,798941,2022-07-28,2022-07-28T11:29:38.000Z,BEFORE_OPEN
FCNCA,798941,2022-10-27,2022-10-27T10:43:45.000Z,BEFORE_OPEN
FCNCA,798941,2023-01-26,2023-01-26T11:35:28.000Z,BEFORE_OPEN
FCNCA,798941,2023-05-10,2023-05-10T10:34:33.000Z,BEFORE_OPEN
FCNCA,798941,2023-08-03,2023-08-03T10:37:11.000Z,BEFORE_OPEN
FCNCA,798941,2023-10-26,2023-10-26T10:33:34.000Z,BEFORE_OPEN
FCNCA,798941,2024-01-26,2024-01-26T11:35:15.000Z,BEFORE_OPEN
FCNCA,798941,2024-04-25,2024-04-25T10:33:04.000Z,BEFORE_OPEN
FCNCA,798941,2024-07-25,2024-07-25T10:33:35.000Z,BEFORE_OPEN
FCNCA,798941,2024-10-24,2024-10-24T10:35:06.000Z,BEFORE_OPEN
FCNCA,798941,2025-01-24,2025-01-24T11:34:14.000Z,BEFORE_OPEN
FCNCA,798941,2025-04-24,2025-04-24T10:34:41.000Z,BEFORE_OPEN
FCNCA,798941,2025-07-25,2025-07-25T10:35:17.000Z,BEFORE_OPEN
FCNCA,798941,2025-10-23,2025-10-23T10:32:28.000Z,BEFORE_OPEN
FCNCA,798941,2026-01-23,2026-01-23T11:33:49.000Z,BEFORE_OPEN
FCNCA,798941,2026-04-23,2026-04-23T10:55:38.000Z,BEFORE_OPEN
FCNCA,798941,2026-07-23,2026-07-23T10:32:01.000Z,BEFORE_OPEN
FCX,831259,2013-07-23,2013-07-23T19:20:18.000Z,IN_SESSION
FCX,831259,2013-10-22,2013-10-22T19:29:56.000Z,IN_SESSION
FCX,831259,2014-01-22,2014-01-22T20:06:39.000Z,IN_SESSION
FCX,831259,2014-04-24,2014-04-24T17:40:57.000Z,IN_SESSION
FCX,831259,2014-07-23,2014-07-23T17:18:24.000Z,IN_SESSION
FCX,831259,2014-10-28,2014-10-28T18:25:30.000Z,IN_SESSION
FCX,831259,2015-01-27,2015-01-27T22:13:37.000Z,AFTER_CLOSE
FCX,831259,2015-04-23,2015-04-23T18:01:42.000Z,IN_SESSION
FCX,831259,2015-07-23,2015-07-23T20:31:11.000Z,AFTER_CLOSE
FCX,831259,2015-10-23,2015-10-23T20:47:28.000Z,AFTER_CLOSE
FCX,831259,2016-01-26,2016-01-26T21:15:38.000Z,AFTER_CLOSE
FCX,831259,2016-04-26,2016-04-26T16:51:52.000Z,IN_SESSION
FCX,831259,2016-07-26,2016-07-26T17:48:15.000Z,IN_SESSION
FCX,831259,2016-10-26,2016-10-26T20:12:08.000Z,AFTER_CLOSE
FCX,831259,2017-01-25,2017-01-25T19:20:14.000Z,IN_SESSION
FCX,831259,2017-04-25,2017-04-25T16:48:21.000Z,IN_SESSION
FCX,831259,2017-07-25,2017-07-25T17:58:43.000Z,IN_SESSION
FCX,831259,2017-10-25,2017-10-25T20:14:57.000Z,AFTER_CLOSE
FCX,831259,2018-01-25,2018-01-25T18:22:12.000Z,IN_SESSION
FCX,831259,2018-04-24,2018-04-24T18:00:46.000Z,IN_SESSION
FCX,831259,2018-07-25,2018-07-25T18:14:49.000Z,IN_SESSION
FCX,831259,2018-10-24,2018-10-24T20:27:40.000Z,AFTER_CLOSE
FCX,831259,2019-01-24,2019-01-24T20:12:45.000Z,IN_SESSION
FCX,831259,2019-04-25,2019-04-25T18:21:18.000Z,IN_SESSION
FCX,831259,2019-07-01,2019-07-01T12:11:18.000Z,BEFORE_OPEN
FCX,831259,2019-07-24,2019-07-24T19:45:42.000Z,IN_SESSION
FCX,831259,2019-10-23,2019-10-23T20:46:36.000Z,AFTER_CLOSE
FCX,831259,2020-01-23,2020-01-23T21:07:18.000Z,AFTER_CLOSE
FCX,831259,2020-04-24,2020-04-24T12:09:16.000Z,BEFORE_OPEN
FCX,831259,2020-07-06,2020-07-06T12:08:17.000Z,BEFORE_OPEN
FCX,831259,2020-07-23,2020-07-23T11:56:20.000Z,BEFORE_OPEN
FCX,831259,2020-10-22,2020-10-22T12:06:53.000Z,BEFORE_OPEN
FCX,831259,2021-01-26,2021-01-26T13:09:05.000Z,BEFORE_OPEN
FCX,831259,2021-04-22,2021-04-22T12:06:44.000Z,BEFORE_OPEN
FCX,831259,2021-07-22,2021-07-22T12:06:57.000Z,BEFORE_OPEN
FCX,831259,2021-10-21,2021-10-21T12:26:08.000Z,BEFORE_OPEN
FCX,831259,2022-01-26,2022-01-26T13:18:13.000Z,BEFORE_OPEN
FCX,831259,2022-04-21,2022-04-21T12:56:07.000Z,BEFORE_OPEN
FCX,831259,2022-07-21,2022-07-21T12:12:28.000Z,BEFORE_OPEN
FCX,831259,2022-10-20,2022-10-20T12:09:27.000Z,BEFORE_OPEN
FCX,831259,2023-01-25,2023-01-25T13:19:47.000Z,BEFORE_OPEN
FCX,831259,2023-04-21,2023-04-21T12:15:36.000Z,BEFORE_OPEN
FCX,831259,2023-07-20,2023-07-20T12:15:33.000Z,BEFORE_OPEN
FCX,831259,2023-10-19,2023-10-19T12:20:39.000Z,BEFORE_OPEN
FCX,831259,2024-01-24,2024-01-24T13:10:55.000Z,BEFORE_OPEN
FCX,831259,2024-04-23,2024-04-23T12:08:11.000Z,BEFORE_OPEN
FCX,831259,2024-07-02,2024-07-02T16:17:39.000Z,IN_SESSION
FCX,831259,2024-07-23,2024-07-23T12:16:11.000Z,BEFORE_OPEN
FCX,831259,2024-10-22,2024-10-22T12:15:46.000Z,BEFORE_OPEN
FCX,831259,2025-01-23,2025-01-23T13:08:48.000Z,BEFORE_OPEN
FCX,831259,2025-03-31,2025-03-31T21:04:05.000Z,AFTER_CLOSE
FCX,831259,2025-04-24,2025-04-24T12:09:37.000Z,BEFORE_OPEN
FCX,831259,2025-07-23,2025-07-23T12:09:14.000Z,BEFORE_OPEN
FCX,831259,2025-10-23,2025-10-23T12:06:14.000Z,BEFORE_OPEN
FCX,831259,2026-01-22,2026-01-22T13:06:58.000Z,BEFORE_OPEN
FCX,831259,2026-04-23,2026-04-23T12:09:07.000Z,BEFORE_OPEN
FCX,831259,2026-07-23,2026-07-23T12:06:44.000Z,BEFORE_OPEN
FDX,1048911,2015-12-16,2015-12-16T21:20:30.000Z,AFTER_CLOSE
FDX,1048911,2016-03-16,2016-03-16T20:19:35.000Z,AFTER_CLOSE
FDX,1048911,2016-06-21,2016-06-21T20:22:03.000Z,AFTER_CLOSE
FDX,1048911,2016-09-20,2016-09-20T20:15:56.000Z,AFTER_CLOSE
FDX,1048911,2016-12-20,2016-12-20T21:18:03.000Z,AFTER_CLOSE
FDX,1048911,2017-03-21,2017-03-21T20:54:04.000Z,AFTER_CLOSE
FDX,1048911,2017-06-20,2017-06-20T20:15:58.000Z,AFTER_CLOSE
FDX,1048911,2017-09-19,2017-09-19T20:15:56.000Z,AFTER_CLOSE
FDX,1048911,2017-12-19,2017-12-19T21:16:58.000Z,AFTER_CLOSE
FDX,1048911,2018-03-20,2018-03-20T20:16:03.000Z,AFTER_CLOSE
FDX,1048911,2018-06-19,2018-06-19T20:16:00.000Z,AFTER_CLOSE
FDX,1048911,2018-09-06,2018-09-06T20:20:05.000Z,AFTER_CLOSE
FDX,1048911,2018-09-17,2018-09-17T20:15:59.000Z,AFTER_CLOSE
FDX,1048911,2018-12-18,2018-12-18T21:21:05.000Z,AFTER_CLOSE
FDX,1048911,2019-03-19,2019-03-19T21:17:33.000Z,AFTER_CLOSE
FDX,1048911,2019-06-25,2019-06-25T20:11:57.000Z,AFTER_CLOSE
FDX,1048911,2019-09-17,2019-09-17T20:24:20.000Z,AFTER_CLOSE
FDX,1048911,2019-12-17,2019-12-17T21:24:15.000Z,AFTER_CLOSE
FDX,1048911,2020-03-17,2020-03-17T20:23:14.000Z,AFTER_CLOSE
FDX,1048911,2020-06-30,2020-06-30T20:16:31.000Z,AFTER_CLOSE
FDX,1048911,2020-09-15,2020-09-15T20:20:20.000Z,AFTER_CLOSE
FDX,1048911,2020-12-17,2020-12-17T21:20:29.000Z,AFTER_CLOSE
FDX,1048911,2021-03-18,2021-03-18T20:21:17.000Z,AFTER_CLOSE
FDX,1048911,2021-06-24,2021-06-24T20:16:02.000Z,AFTER_CLOSE
FDX,1048911,2021-09-21,2021-09-21T20:25:55.000Z,AFTER_CLOSE
FDX,1048911,2021-12-16,2021-12-16T21:05:40.000Z,AFTER_CLOSE
FDX,1048911,2022-03-17,2022-03-17T20:16:15.000Z,AFTER_CLOSE
FDX,1048911,2022-06-23,2022-06-23T20:11:15.000Z,AFTER_CLOSE
FDX,1048911,2022-09-15,2022-09-15T20:46:05.000Z,AFTER_CLOSE
FDX,1048911,2022-09-22,2022-09-22T18:28:37.000Z,IN_SESSION
FDX,1048911,2022-12-20,2022-12-20T21:16:11.000Z,AFTER_CLOSE
FDX,1048911,2023-03-16,2023-03-16T20:11:50.000Z,AFTER_CLOSE
FDX,1048911,2023-06-20,2023-06-20T20:15:24.000Z,AFTER_CLOSE
FDX,1048911,2023-09-20,2023-09-20T20:10:10.000Z,AFTER_CLOSE
FDX,1048911,2023-12-19,2023-12-19T21:10:08.000Z,AFTER_CLOSE
FDX,1048911,2024-03-21,2024-03-21T20:20:14.000Z,AFTER_CLOSE
FDX,1048911,2024-06-25,2024-06-25T20:15:10.000Z,AFTER_CLOSE
FDX,1048911,2024-09-03,2024-09-03T20:15:17.000Z,AFTER_CLOSE
FDX,1048911,2024-09-19,2024-09-19T20:15:08.000Z,AFTER_CLOSE
FDX,1048911,2024-12-19,2024-12-19T21:10:08.000Z,AFTER_CLOSE
FDX,1048911,2025-03-20,2025-03-20T20:10:11.000Z,AFTER_CLOSE
FDX,1048911,2025-06-24,2025-06-24T20:12:32.000Z,AFTER_CLOSE
FDX,1048911,2025-09-18,2025-09-18T20:13:03.000Z,AFTER_CLOSE
FDX,1048911,2025-12-18,2025-12-18T21:10:55.000Z,AFTER_CLOSE
FDX,1048911,2026-03-19,2026-03-19T20:10:36.000Z,AFTER_CLOSE
FDX,1048911,2026-06-23,2026-06-23T20:07:29.000Z,AFTER_CLOSE
FDX,1048911,2026-07-21,2026-07-21T20:09:35.000Z,AFTER_CLOSE
FE,1031296,2017-02-21,2017-02-21T22:04:33.000Z,AFTER_CLOSE
FE,1031296,2017-04-27,2017-04-27T20:40:38.000Z,AFTER_CLOSE
FE,1031296,2017-07-27,2017-07-27T20:53:19.000Z,AFTER_CLOSE
FE,1031296,2017-10-26,2017-10-26T20:31:44.000Z,AFTER_CLOSE
FE,1031296,2018-02-20,2018-02-20T21:47:42.000Z,AFTER_CLOSE
FE,1031296,2018-04-23,2018-04-23T11:18:01.000Z,BEFORE_OPEN
FE,1031296,2018-07-31,2018-07-31T21:16:04.000Z,AFTER_CLOSE
FE,1031296,2018-10-25,2018-10-25T20:38:11.000Z,AFTER_CLOSE
FE,1031296,2019-02-19,2019-02-19T21:32:32.000Z,AFTER_CLOSE
FE,1031296,2019-04-23,2019-04-23T20:56:27.000Z,AFTER_CLOSE
FE,1031296,2019-07-23,2019-07-23T20:27:09.000Z,AFTER_CLOSE
FE,1031296,2019-11-04,2019-11-04T11:32:48.000Z,BEFORE_OPEN
FE,1031296,2020-02-07,2020-02-07T12:26:49.000Z,BEFORE_OPEN
FE,1031296,2020-04-23,2020-04-23T20:27:58.000Z,AFTER_CLOSE
FE,1031296,2020-07-23,2020-07-23T20:49:25.000Z,AFTER_CLOSE
FE,1031296,2020-11-02,2020-11-02T13:10:17.000Z,BEFORE_OPEN
FE,1031296,2021-02-16,2021-02-16T21:28:01.000Z,AFTER_CLOSE
FE,1031296,2021-02-18,2021-02-18T11:47:30.000Z,BEFORE_OPEN
FE,1031296,2021-04-22,2021-04-22T20:22:52.000Z,AFTER_CLOSE
FE,1031296,2021-07-22,2021-07-22T20:23:30.000Z,AFTER_CLOSE
FE,1031296,2021-10-28,2021-10-28T20:22:50.000Z,AFTER_CLOSE
FE,1031296,2022-02-10,2022-02-10T21:43:49.000Z,AFTER_CLOSE
FE,1031296,2022-04-21,2022-04-21T20:23:05.000Z,AFTER_CLOSE
FE,1031296,2022-07-26,2022-07-26T20:22:25.000Z,AFTER_CLOSE
FE,1031296,2022-10-25,2022-10-25T20:23:54.000Z,AFTER_CLOSE
FE,1031296,2023-02-13,2023-02-13T21:36:19.000Z,AFTER_CLOSE
FE,1031296,2023-04-27,2023-04-27T20:27:09.000Z,AFTER_CLOSE
FE,1031296,2023-08-01,2023-08-01T20:22:32.000Z,AFTER_CLOSE
FE,1031296,2023-10-26,2023-10-26T20:28:16.000Z,AFTER_CLOSE
FE,1031296,2024-02-08,2024-02-08T21:26:14.000Z,AFTER_CLOSE
FE,1031296,2024-04-25,2024-04-25T20:39:38.000Z,AFTER_CLOSE
FE,1031296,2024-07-30,2024-07-30T20:45:25.000Z,AFTER_CLOSE
FE,1031296,2024-10-29,2024-10-29T20:25:33.000Z,AFTER_CLOSE
FE,1031296,2025-02-26,2025-02-26T21:25:17.000Z,AFTER_CLOSE
FE,1031296,2025-04-23,2025-04-23T20:22:52.000Z,AFTER_CLOSE
FE,1031296,2025-07-30,2025-07-30T20:26:22.000Z,AFTER_CLOSE
FE,1031296,2025-10-22,2025-10-22T20:26:53.000Z,AFTER_CLOSE
FE,1031296,2026-02-17,2026-02-17T21:25:03.000Z,AFTER_CLOSE
FE,1031296,2026-04-28,2026-04-28T20:24:18.000Z,AFTER_CLOSE
FE,1031296,2026-07-28,2026-07-28T21:00:04.000Z,AFTER_CLOSE
FERG,2011641,2024-09-17,2024-09-17T10:50:23.000Z,BEFORE_OPEN
FERG,2011641,2024-12-10,2024-12-10T11:51:12.000Z,BEFORE_OPEN
FERG,2011641,2025-03-11,2025-03-11T10:50:17.000Z,BEFORE_OPEN
FERG,2011641,2025-06-03,2025-06-03T10:50:17.000Z,BEFORE_OPEN
FERG,2011641,2025-09-16,2025-09-16T10:50:14.000Z,BEFORE_OPEN
FERG,2011641,2025-12-09,2025-12-09T11:50:12.000Z,BEFORE_OPEN
FERG,2011641,2026-02-24,2026-02-24T11:50:22.000Z,BEFORE_OPEN
FERG,2011641,2026-05-05,2026-05-05T10:50:12.000Z,BEFORE_OPEN
FERG,2011641,2026-08-10,2026-08-10T10:50:04.000Z,BEFORE_OPEN
FFIV,1048695,2020-01-27,2020-01-27T21:12:26.000Z,AFTER_CLOSE
FFIV,1048695,2020-04-27,2020-04-27T20:08:13.000Z,AFTER_CLOSE
FFIV,1048695,2020-07-27,2020-07-27T20:10:52.000Z,AFTER_CLOSE
FFIV,1048695,2020-10-26,2020-10-26T20:08:15.000Z,AFTER_CLOSE
FFIV,1048695,2021-01-07,2021-01-07T21:25:14.000Z,AFTER_CLOSE
FFIV,1048695,2021-01-26,2021-01-26T21:07:48.000Z,AFTER_CLOSE
FFIV,1048695,2021-04-27,2021-04-27T20:08:56.000Z,AFTER_CLOSE
FFIV,1048695,2021-07-26,2021-07-26T20:07:21.000Z,AFTER_CLOSE
FFIV,1048695,2021-10-26,2021-10-26T20:08:36.000Z,AFTER_CLOSE
FFIV,1048695,2022-01-25,2022-01-25T21:07:39.000Z,AFTER_CLOSE
FFIV,1048695,2022-04-26,2022-04-26T20:08:35.000Z,AFTER_CLOSE
FFIV,1048695,2022-07-25,2022-07-25T20:08:22.000Z,AFTER_CLOSE
FFIV,1048695,2022-10-25,2022-10-25T20:07:15.000Z,AFTER_CLOSE
FFIV,1048695,2023-01-24,2023-01-24T21:07:30.000Z,AFTER_CLOSE
FFIV,1048695,2023-04-19,2023-04-19T20:36:59.000Z,AFTER_CLOSE
FFIV,1048695,2023-07-24,2023-07-24T20:08:09.000Z,AFTER_CLOSE
FFIV,1048695,2023-10-24,2023-10-24T20:07:30.000Z,AFTER_CLOSE
FFIV,1048695,2024-01-29,2024-01-29T21:08:26.000Z,AFTER_CLOSE
FFIV,1048695,2024-04-29,2024-04-29T20:07:50.000Z,AFTER_CLOSE
FFIV,1048695,2024-07-29,2024-07-29T20:08:15.000Z,AFTER_CLOSE
FFIV,1048695,2024-10-28,2024-10-28T20:07:16.000Z,AFTER_CLOSE
FFIV,1048695,2025-01-28,2025-01-28T21:06:53.000Z,AFTER_CLOSE
FFIV,1048695,2025-04-28,2025-04-28T20:08:26.000Z,AFTER_CLOSE
FFIV,1048695,2025-07-30,2025-07-30T20:06:26.000Z,AFTER_CLOSE
FFIV,1048695,2025-10-27,2025-10-27T20:17:09.000Z,AFTER_CLOSE
FFIV,1048695,2026-01-27,2026-01-27T21:12:08.000Z,AFTER_CLOSE
FFIV,1048695,2026-04-28,2026-04-28T20:13:25.000Z,AFTER_CLOSE
FFIV,1048695,2026-07-27,2026-07-27T20:06:52.000Z,AFTER_CLOSE
FICO,814547,2015-01-29,2015-01-29T21:11:13.000Z,AFTER_CLOSE
FICO,814547,2015-04-23,2015-04-23T20:08:32.000Z,AFTER_CLOSE
FICO,814547,2015-07-29,2015-07-29T20:10:56.000Z,AFTER_CLOSE
FICO,814547,2015-11-05,2015-11-05T21:16:46.000Z,AFTER_CLOSE
FICO,814547,2016-01-28,2016-01-28T21:18:09.000Z,AFTER_CLOSE
FICO,814547,2016-05-04,2016-05-04T20:17:42.000Z,AFTER_CLOSE
FICO,814547,2016-07-28,2016-07-28T20:16:19.000Z,AFTER_CLOSE
FICO,814547,2016-11-07,2016-11-07T21:19:24.000Z,AFTER_CLOSE
FICO,814547,2017-01-31,2017-01-31T21:19:40.000Z,AFTER_CLOSE
FICO,814547,2017-04-27,2017-04-27T20:18:27.000Z,AFTER_CLOSE
FICO,814547,2017-07-31,2017-07-31T20:16:44.000Z,AFTER_CLOSE
FICO,814547,2017-11-01,2017-11-01T20:19:14.000Z,AFTER_CLOSE
FICO,814547,2018-01-25,2018-01-25T21:17:41.000Z,AFTER_CLOSE
FICO,814547,2018-04-26,2018-04-26T20:16:46.000Z,AFTER_CLOSE
FICO,814547,2018-07-26,2018-07-26T20:15:55.000Z,AFTER_CLOSE
FICO,814547,2018-11-01,2018-11-01T20:16:50.000Z,AFTER_CLOSE
FICO,814547,2019-01-30,2019-01-30T21:16:14.000Z,AFTER_CLOSE
FICO,814547,2019-04-30,2019-04-30T20:20:01.000Z,AFTER_CLOSE
FICO,814547,2019-07-31,2019-07-31T20:17:12.000Z,AFTER_CLOSE
FICO,814547,2019-11-04,2019-11-04T21:16:38.000Z,AFTER_CLOSE
FICO,814547,2020-01-30,2020-01-30T21:19:10.000Z,AFTER_CLOSE
FICO,814547,2020-04-29,2020-04-29T20:39:23.000Z,AFTER_CLOSE
FICO,814547,2020-07-29,2020-07-29T21:26:49.000Z,AFTER_CLOSE
FICO,814547,2020-11-10,2020-11-10T21:23:02.000Z,AFTER_CLOSE
FICO,814547,2021-01-28,2021-01-28T21:16:21.000Z,AFTER_CLOSE
FICO,814547,2021-05-05,2021-05-05T20:30:31.000Z,AFTER_CLOSE
FICO,814547,2021-08-03,2021-08-03T20:17:29.000Z,AFTER_CLOSE
FICO,814547,2021-11-10,2021-11-10T21:15:25.000Z,AFTER_CLOSE
FICO,814547,2022-01-27,2022-01-27T21:15:33.000Z,AFTER_CLOSE
FICO,814547,2022-04-27,2022-04-27T20:16:11.000Z,AFTER_CLOSE
FICO,814547,2022-08-03,2022-08-03T20:17:06.000Z,AFTER_CLOSE
FICO,814547,2022-11-09,2022-11-09T21:17:14.000Z,AFTER_CLOSE
FICO,814547,2023-01-26,2023-01-26T21:15:55.000Z,AFTER_CLOSE
FICO,814547,2023-04-27,2023-04-27T20:16:26.000Z,AFTER_CLOSE
FICO,814547,2023-08-02,2023-08-02T20:16:35.000Z,AFTER_CLOSE
FICO,814547,2023-11-08,2023-11-08T21:15:39.000Z,AFTER_CLOSE
FICO,814547,2024-01-25,2024-01-25T21:15:35.000Z,AFTER_CLOSE
FICO,814547,2024-04-25,2024-04-25T20:15:40.000Z,AFTER_CLOSE
FICO,814547,2024-07-31,2024-07-31T20:17:41.000Z,AFTER_CLOSE
FICO,814547,2024-11-06,2024-11-06T21:16:44.000Z,AFTER_CLOSE
FICO,814547,2025-02-04,2025-02-04T21:15:26.000Z,AFTER_CLOSE
FICO,814547,2025-04-29,2025-04-29T20:16:06.000Z,AFTER_CLOSE
FICO,814547,2025-07-30,2025-07-30T20:17:18.000Z,AFTER_CLOSE
FICO,814547,2025-11-05,2025-11-05T21:19:45.000Z,AFTER_CLOSE
FICO,814547,2026-01-28,2026-01-28T21:15:33.000Z,AFTER_CLOSE
FICO,814547,2026-04-28,2026-04-28T20:15:32.000Z,AFTER_CLOSE
FICO,814547,2026-07-29,2026-07-29T20:16:20.000Z,AFTER_CLOSE
FISV,798354,2019-07-25,2019-07-25T20:24:36.000Z,AFTER_CLOSE
FISV,798354,2019-10-03,2019-10-03T20:31:22.000Z,AFTER_CLOSE
FISV,798354,2019-11-06,2019-11-06T21:24:09.000Z,AFTER_CLOSE
FISV,798354,2020-02-04,2020-02-04T21:15:00.000Z,AFTER_CLOSE
FISV,798354,2020-04-01,2020-04-01T20:33:43.000Z,AFTER_CLOSE
FISV,798354,2020-05-07,2020-05-07T20:29:38.000Z,AFTER_CLOSE
FISV,798354,2020-08-05,2020-08-05T20:24:04.000Z,AFTER_CLOSE
FISV,798354,2020-10-27,2020-10-27T20:29:15.000Z,AFTER_CLOSE
FISV,798354,2021-02-09,2021-02-09T21:13:17.000Z,AFTER_CLOSE
FISV,798354,2021-04-27,2021-04-27T11:15:09.000Z,BEFORE_OPEN
FISV,798354,2021-07-27,2021-07-27T11:25:02.000Z,BEFORE_OPEN
FISV,798354,2021-10-27,2021-10-27T11:26:14.000Z,BEFORE_OPEN
FISV,798354,2022-02-08,2022-02-08T12:22:07.000Z,BEFORE_OPEN
FISV,798354,2022-04-27,2022-04-27T11:26:13.000Z,BEFORE_OPEN
FISV,798354,2022-07-26,2022-07-26T11:21:41.000Z,BEFORE_OPEN
FISV,798354,2022-10-27,2022-10-27T11:18:31.000Z,BEFORE_OPEN
FISV,798354,2023-02-07,2023-02-07T12:16:36.000Z,BEFORE_OPEN
FISV,798354,2023-04-25,2023-04-25T11:29:50.000Z,BEFORE_OPEN
FISV,798354,2023-07-26,2023-07-26T11:09:53.000Z,BEFORE_OPEN
FISV,798354,2023-10-24,2023-10-24T11:14:53.000Z,BEFORE_OPEN
FISV,798354,2023-11-15,2023-11-15T11:36:03.000Z,BEFORE_OPEN
FISV,798354,2024-02-06,2024-02-06T12:18:30.000Z,BEFORE_OPEN
FISV,798354,2024-03-26,2024-03-26T21:08:02.000Z,AFTER_CLOSE
FISV,798354,2024-04-23,2024-04-23T11:14:03.000Z,BEFORE_OPEN
FISV,798354,2024-07-24,2024-07-24T11:13:04.000Z,BEFORE_OPEN
FISV,798354,2024-10-22,2024-10-22T11:15:39.000Z,BEFORE_OPEN
FISV,798354,2025-02-05,2025-02-05T12:13:52.000Z,BEFORE_OPEN
FISV,798354,2025-04-24,2025-04-24T11:09:27.000Z,BEFORE_OPEN
FISV,798354,2025-07-23,2025-07-23T11:15:05.000Z,BEFORE_OPEN
FISV,798354,2025-10-29,2025-10-29T11:15:26.000Z,BEFORE_OPEN
FISV,798354,2026-02-10,2026-02-10T12:15:47.000Z,BEFORE_OPEN
FISV,798354,2026-05-05,2026-05-05T11:14:46.000Z,BEFORE_OPEN
FISV,798354,2026-08-06,2026-08-06T11:15:24.000Z,BEFORE_OPEN
FITB,35527,2019-10-22,2019-10-22T10:32:37.000Z,BEFORE_OPEN
FITB,35527,2020-01-22,2020-01-22T11:31:32.000Z,BEFORE_OPEN
FITB,35527,2020-04-21,2020-04-21T10:31:18.000Z,BEFORE_OPEN
FITB,35527,2020-07-23,2020-07-23T10:29:14.000Z,BEFORE_OPEN
FITB,35527,2020-10-22,2020-10-22T10:30:54.000Z,BEFORE_OPEN
FITB,35527,2021-01-21,2021-01-21T11:30:42.000Z,BEFORE_OPEN
FITB,35527,2021-04-20,2021-04-20T10:30:40.000Z,BEFORE_OPEN
FITB,35527,2021-07-22,2021-07-22T10:30:42.000Z,BEFORE_OPEN
FITB,35527,2021-10-19,2021-10-19T10:30:39.000Z,BEFORE_OPEN
FITB,35527,2022-01-20,2022-01-20T11:30:47.000Z,BEFORE_OPEN
FITB,35527,2022-04-19,2022-04-19T10:30:36.000Z,BEFORE_OPEN
FITB,35527,2022-07-21,2022-07-21T10:31:25.000Z,BEFORE_OPEN
FITB,35527,2022-10-20,2022-10-20T10:30:42.000Z,BEFORE_OPEN
FITB,35527,2023-01-19,2023-01-19T11:30:25.000Z,BEFORE_OPEN
FITB,35527,2023-04-20,2023-04-20T10:30:29.000Z,BEFORE_OPEN
FITB,35527,2023-07-20,2023-07-20T10:30:28.000Z,BEFORE_OPEN
FITB,35527,2023-10-19,2023-10-19T10:30:40.000Z,BEFORE_OPEN
FITB,35527,2024-01-19,2024-01-19T11:30:24.000Z,BEFORE_OPEN
FITB,35527,2024-04-19,2024-04-19T10:30:28.000Z,BEFORE_OPEN
FITB,35527,2024-07-19,2024-07-19T10:31:27.000Z,BEFORE_OPEN
FITB,35527,2024-10-18,2024-10-18T10:30:23.000Z,BEFORE_OPEN
FITB,35527,2025-01-21,2025-01-21T11:36:57.000Z,BEFORE_OPEN
FITB,35527,2025-04-17,2025-04-17T10:31:29.000Z,BEFORE_OPEN
FITB,35527,2025-07-17,2025-07-17T10:30:30.000Z,BEFORE_OPEN
FITB,35527,2025-10-17,2025-10-17T10:30:28.000Z,BEFORE_OPEN
FITB,35527,2026-01-20,2026-01-20T11:30:26.000Z,BEFORE_OPEN
FITB,35527,2026-04-17,2026-04-17T10:30:29.000Z,BEFORE_OPEN
FITB,35527,2026-07-17,2026-07-17T10:30:18.000Z,BEFORE_OPEN
FIX,1035983,2013-05-01,2013-05-01T20:15:29.000Z,AFTER_CLOSE
FIX,1035983,2013-07-31,2013-07-31T20:28:15.000Z,AFTER_CLOSE
FIX,1035983,2013-10-30,2013-10-30T20:22:12.000Z,AFTER_CLOSE
FIX,1035983,2014-02-27,2014-02-27T22:24:02.000Z,AFTER_CLOSE
FIX,1035983,2014-04-30,2014-04-30T20:29:43.000Z,AFTER_CLOSE
FIX,1035983,2014-07-30,2014-07-30T20:51:52.000Z,AFTER_CLOSE
FIX,1035983,2014-10-29,2014-10-29T20:24:24.000Z,AFTER_CLOSE
FIX,1035983,2015-02-26,2015-02-26T21:21:49.000Z,AFTER_CLOSE
FIX,1035983,2015-04-29,2015-04-29T20:24:26.000Z,AFTER_CLOSE
FIX,1035983,2015-07-30,2015-07-30T20:10:47.000Z,AFTER_CLOSE
FIX,1035983,2015-10-29,2015-10-29T20:19:16.000Z,AFTER_CLOSE
FIX,1035983,2016-02-23,2016-02-23T21:30:05.000Z,AFTER_CLOSE
FIX,1035983,2016-04-27,2016-04-27T20:11:00.000Z,AFTER_CLOSE
FIX,1035983,2016-07-28,2016-07-28T20:15:42.000Z,AFTER_CLOSE
FIX,1035983,2016-10-27,2016-10-27T20:15:20.000Z,AFTER_CLOSE
FIX,1035983,2017-02-23,2017-02-23T21:10:21.000Z,AFTER_CLOSE
FIX,1035983,2017-04-26,2017-04-26T20:14:33.000Z,AFTER_CLOSE
FIX,1035983,2017-07-27,2017-07-27T20:12:33.000Z,AFTER_CLOSE
FIX,1035983,2017-10-26,2017-10-26T20:37:41.000Z,AFTER_CLOSE
FIX,1035983,2018-02-22,2018-02-22T21:29:30.000Z,AFTER_CLOSE
FIX,1035983,2018-04-26,2018-04-26T20:13:12.000Z,AFTER_CLOSE
FIX,1035983,2018-07-26,2018-07-26T20:11:20.000Z,AFTER_CLOSE
FIX,1035983,2018-10-25,2018-10-25T20:18:34.000Z,AFTER_CLOSE
FIX,1035983,2019-02-21,2019-02-21T21:33:06.000Z,AFTER_CLOSE
FIX,1035983,2019-04-25,2019-04-25T20:35:10.000Z,AFTER_CLOSE
FIX,1035983,2019-07-25,2019-07-25T20:05:23.000Z,AFTER_CLOSE
FIX,1035983,2019-10-24,2019-10-24T23:04:10.000Z,AFTER_CLOSE
FIX,1035983,2020-02-26,2020-02-26T21:48:13.000Z,AFTER_CLOSE
FIX,1035983,2020-04-27,2020-04-27T20:15:21.000Z,AFTER_CLOSE
FIX,1035983,2020-07-27,2020-07-27T20:19:53.000Z,AFTER_CLOSE
FIX,1035983,2020-10-26,2020-10-26T20:13:49.000Z,AFTER_CLOSE
FIX,1035983,2021-02-25,2021-02-25T21:08:23.000Z,AFTER_CLOSE
FIX,1035983,2021-04-28,2021-04-28T20:13:33.000Z,AFTER_CLOSE
FIX,1035983,2021-07-28,2021-07-28T20:10:22.000Z,AFTER_CLOSE
FIX,1035983,2021-10-27,2021-10-27T20:18:24.000Z,AFTER_CLOSE
FIX,1035983,2022-02-23,2022-02-23T21:23:37.000Z,AFTER_CLOSE
FIX,1035983,2022-04-27,2022-04-27T20:13:48.000Z,AFTER_CLOSE
FIX,1035983,2022-07-27,2022-07-27T20:00:36.000Z,AFTER_CLOSE
FIX,1035983,2022-10-26,2022-10-26T20:13:25.000Z,AFTER_CLOSE
FIX,1035983,2023-02-22,2023-02-22T21:08:40.000Z,AFTER_CLOSE
FIX,1035983,2023-04-26,2023-04-26T20:05:27.000Z,AFTER_CLOSE
FIX,1035983,2023-07-26,2023-07-26T20:06:28.000Z,AFTER_CLOSE
FIX,1035983,2023-10-26,2023-10-26T20:05:20.000Z,AFTER_CLOSE
FIX,1035983,2024-02-22,2024-02-22T21:05:55.000Z,AFTER_CLOSE
FIX,1035983,2024-04-25,2024-04-25T20:05:31.000Z,AFTER_CLOSE
FIX,1035983,2024-07-25,2024-07-25T20:05:18.000Z,AFTER_CLOSE
FIX,1035983,2024-10-24,2024-10-24T20:06:05.000Z,AFTER_CLOSE
FIX,1035983,2025-02-20,2025-02-20T21:12:26.000Z,AFTER_CLOSE
FIX,1035983,2025-04-24,2025-04-24T20:05:36.000Z,AFTER_CLOSE
FIX,1035983,2025-07-24,2025-07-24T20:05:38.000Z,AFTER_CLOSE
FIX,1035983,2025-10-23,2025-10-23T20:05:22.000Z,AFTER_CLOSE
FIX,1035983,2026-02-19,2026-02-19T21:02:16.000Z,AFTER_CLOSE
FIX,1035983,2026-04-23,2026-04-23T20:05:14.000Z,AFTER_CLOSE
FIX,1035983,2026-07-23,2026-07-23T20:05:14.000Z,AFTER_CLOSE
FLEX,866374,2018-07-26,2018-07-26T20:41:01.000Z,AFTER_CLOSE
FLEX,866374,2018-10-25,2018-10-25T20:20:34.000Z,AFTER_CLOSE
FLEX,866374,2019-01-30,2019-01-30T21:47:09.000Z,AFTER_CLOSE
FLEX,866374,2019-04-30,2019-04-30T20:06:48.000Z,AFTER_CLOSE
FLEX,866374,2019-07-25,2019-07-25T20:18:52.000Z,AFTER_CLOSE
FLEX,866374,2019-10-24,2019-10-24T20:45:14.000Z,AFTER_CLOSE
FLEX,866374,2020-01-30,2020-01-30T21:15:42.000Z,AFTER_CLOSE
FLEX,866374,2020-05-07,2020-05-07T20:11:33.000Z,AFTER_CLOSE
FLEX,866374,2020-07-30,2020-07-30T23:58:02.000Z,AFTER_CLOSE
FLEX,866374,2020-10-29,2020-10-29T20:11:08.000Z,AFTER_CLOSE
FLEX,866374,2021-01-28,2021-01-28T14:07:48.000Z,BEFORE_OPEN
FLEX,866374,2021-05-05,2021-05-05T13:05:51.000Z,BEFORE_OPEN
FLEX,866374,2021-07-29,2021-07-29T13:10:47.000Z,BEFORE_OPEN
FLEX,866374,2021-10-27,2021-10-27T20:10:59.000Z,AFTER_CLOSE
FLEX,866374,2022-01-26,2022-01-26T21:11:09.000Z,AFTER_CLOSE
FLEX,866374,2022-05-04,2022-05-04T20:12:16.000Z,AFTER_CLOSE
FLEX,866374,2022-07-27,2022-07-27T20:10:18.000Z,AFTER_CLOSE
FLEX,866374,2022-10-26,2022-10-26T20:10:05.000Z,AFTER_CLOSE
FLEX,866374,2023-01-25,2023-01-25T21:10:20.000Z,AFTER_CLOSE
FLEX,866374,2023-05-10,2023-05-10T20:10:20.000Z,AFTER_CLOSE
FLEX,866374,2023-07-26,2023-07-26T20:15:19.000Z,AFTER_CLOSE
FLEX,866374,2023-10-25,2023-10-25T20:10:29.000Z,AFTER_CLOSE
FLEX,866374,2024-01-31,2024-01-31T21:10:32.000Z,AFTER_CLOSE
FLEX,866374,2024-05-01,2024-05-01T12:10:15.000Z,BEFORE_OPEN
FLEX,866374,2024-07-24,2024-07-24T12:10:11.000Z,BEFORE_OPEN
FLEX,866374,2024-10-30,2024-10-30T12:11:47.000Z,BEFORE_OPEN
FLEX,866374,2025-01-29,2025-01-29T13:11:02.000Z,BEFORE_OPEN
FLEX,866374,2025-05-07,2025-05-07T12:11:18.000Z,BEFORE_OPEN
FLEX,866374,2025-07-24,2025-07-24T12:23:58.000Z,BEFORE_OPEN
FLEX,866374,2025-10-29,2025-10-29T12:10:11.000Z,BEFORE_OPEN
FLEX,866374,2026-02-04,2026-02-04T12:10:42.000Z,BEFORE_OPEN
FLEX,866374,2026-05-05,2026-05-05T20:09:49.000Z,AFTER_CLOSE
FLEX,866374,2026-07-29,2026-07-29T11:15:54.000Z,BEFORE_OPEN
FOXA,1754301,2019-04-08,2019-04-08T12:31:05.000Z,BEFORE_OPEN
FOXA,1754301,2019-05-08,2019-05-08T21:06:32.000Z,AFTER_CLOSE
FOXA,1754301,2019-08-07,2019-08-07T20:08:03.000Z,AFTER_CLOSE
FOXA,1754301,2019-11-06,2019-11-06T21:09:20.000Z,AFTER_CLOSE
FOXA,1754301,2020-02-05,2020-02-05T21:07:53.000Z,AFTER_CLOSE
FOXA,1754301,2020-05-06,2020-05-06T20:11:50.000Z,AFTER_CLOSE
FOXA,1754301,2020-08-04,2020-08-04T20:11:21.000Z,AFTER_CLOSE
FOXA,1754301,2020-11-03,2020-11-03T13:08:04.000Z,BEFORE_OPEN
FOXA,1754301,2021-02-09,2021-02-09T13:05:03.000Z,BEFORE_OPEN
FOXA,1754301,2021-05-05,2021-05-05T20:03:38.000Z,AFTER_CLOSE
FOXA,1754301,2021-08-04,2021-08-04T20:11:04.000Z,AFTER_CLOSE
FOXA,1754301,2021-11-03,2021-11-03T20:14:18.000Z,AFTER_CLOSE
FOXA,1754301,2022-02-09,2022-02-09T13:10:05.000Z,BEFORE_OPEN
FOXA,1754301,2022-05-10,2022-05-10T12:07:35.000Z,BEFORE_OPEN
FOXA,1754301,2022-08-10,2022-08-10T12:08:06.000Z,BEFORE_OPEN
FOXA,1754301,2022-11-01,2022-11-01T12:09:06.000Z,BEFORE_OPEN
FOXA,1754301,2023-02-08,2023-02-08T13:12:58.000Z,BEFORE_OPEN
FOXA,1754301,2023-05-09,2023-05-09T12:05:05.000Z,BEFORE_OPEN
FOXA,1754301,2023-08-08,2023-08-08T12:06:01.000Z,BEFORE_OPEN
FOXA,1754301,2023-11-02,2023-11-02T11:32:45.000Z,BEFORE_OPEN
FOXA,1754301,2024-02-07,2024-02-07T13:06:07.000Z,BEFORE_OPEN
FOXA,1754301,2024-05-08,2024-05-08T12:04:48.000Z,BEFORE_OPEN
FOXA,1754301,2024-08-06,2024-08-06T11:35:51.000Z,BEFORE_OPEN
FOXA,1754301,2024-11-04,2024-11-04T13:03:25.000Z,BEFORE_OPEN
FOXA,1754301,2025-02-04,2025-02-04T13:04:32.000Z,BEFORE_OPEN
FOXA,1754301,2025-05-12,2025-05-12T12:04:21.000Z,BEFORE_OPEN
FOXA,1754301,2025-08-05,2025-08-05T12:04:50.000Z,BEFORE_OPEN
FOXA,1754301,2025-10-30,2025-10-30T11:35:08.000Z,BEFORE_OPEN
FOXA,1754301,2026-02-04,2026-02-04T13:03:26.000Z,BEFORE_OPEN
FOXA,1754301,2026-05-11,2026-05-11T12:08:54.000Z,BEFORE_OPEN
FOXA,1754301,2026-08-06,2026-08-06T12:05:58.000Z,BEFORE_OPEN
FTI,1681459,2017-04-27,2017-04-27T00:36:22.000Z,AFTER_CLOSE
FTI,1681459,2017-07-24,2017-07-24T21:30:25.000Z,AFTER_CLOSE
FTI,1681459,2017-07-27,2017-07-27T01:17:07.000Z,AFTER_CLOSE
FTI,1681459,2017-10-26,2017-10-26T00:58:04.000Z,AFTER_CLOSE
FTI,1681459,2018-02-21,2018-02-21T22:22:01.000Z,AFTER_CLOSE
FTI,1681459,2018-05-10,2018-05-09T21:32:50.000Z,AFTER_CLOSE
FTI,1681459,2018-07-25,2018-07-25T20:48:45.000Z,AFTER_CLOSE
FTI,1681459,2018-10-24,2018-10-24T20:23:46.000Z,AFTER_CLOSE
FTI,1681459,2019-02-20,2019-02-20T21:52:58.000Z,AFTER_CLOSE
FTI,1681459,2019-04-25,2019-04-25T20:50:45.000Z,AFTER_CLOSE
FTI,1681459,2019-07-24,2019-07-24T21:06:20.000Z,AFTER_CLOSE
FTI,1681459,2019-10-23,2019-10-23T20:31:51.000Z,AFTER_CLOSE
FTI,1681459,2020-02-26,2020-02-26T22:09:44.000Z,AFTER_CLOSE
FTI,1681459,2020-04-22,2020-04-22T20:51:40.000Z,AFTER_CLOSE
FTI,1681459,2020-07-29,2020-07-29T20:12:59.000Z,AFTER_CLOSE
FTI,1681459,2020-10-21,2020-10-21T20:04:08.000Z,AFTER_CLOSE
FTI,1681459,2021-02-24,2021-02-24T21:21:05.000Z,AFTER_CLOSE
FTI,1681459,2021-04-27,2021-04-27T20:31:36.000Z,AFTER_CLOSE
FTI,1681459,2021-07-21,2021-07-21T20:29:47.000Z,AFTER_CLOSE
FTI,1681459,2021-10-20,2021-10-20T20:18:48.000Z,AFTER_CLOSE
FTI,1681459,2022-02-23,2022-02-23T21:18:16.000Z,AFTER_CLOSE
FTI,1681459,2022-04-27,2022-04-27T20:31:49.000Z,AFTER_CLOSE
FTI,1681459,2022-07-27,2022-07-27T20:21:21.000Z,AFTER_CLOSE
FTI,1681459,2022-10-26,2022-10-26T20:18:08.000Z,AFTER_CLOSE
FTI,1681459,2023-02-23,2023-02-23T12:03:42.000Z,BEFORE_OPEN
FTI,1681459,2023-04-27,2023-04-27T10:49:23.000Z,BEFORE_OPEN
FTI,1681459,2023-07-27,2023-07-27T10:47:19.000Z,BEFORE_OPEN
FTI,1681459,2023-10-26,2023-10-26T10:50:17.000Z,BEFORE_OPEN
FTI,1681459,2024-02-22,2024-02-22T11:51:26.000Z,BEFORE_OPEN
FTI,1681459,2024-04-25,2024-04-25T10:48:53.000Z,BEFORE_OPEN
FTI,1681459,2024-07-25,2024-07-25T10:48:42.000Z,BEFORE_OPEN
FTI,1681459,2024-10-24,2024-10-24T10:47:53.000Z,BEFORE_OPEN
FTI,1681459,2025-02-27,2025-02-27T11:51:00.000Z,BEFORE_OPEN
FTI,1681459,2025-04-24,2025-04-24T10:47:33.000Z,BEFORE_OPEN
FTI,1681459,2025-07-24,2025-07-24T10:47:02.000Z,BEFORE_OPEN
FTI,1681459,2025-10-23,2025-10-23T10:46:23.000Z,BEFORE_OPEN
FTI,1681459,2026-02-19,2026-02-19T11:46:48.000Z,BEFORE_OPEN
FTI,1681459,2026-04-30,2026-04-30T10:46:50.000Z,BEFORE_OPEN
FTI,1681459,2026-07-30,2026-07-30T10:46:48.000Z,BEFORE_OPEN
FTNT,1262039,2018-02-05,2018-02-05T21:19:45.000Z,AFTER_CLOSE
FTNT,1262039,2018-05-03,2018-05-03T20:20:15.000Z,AFTER_CLOSE
FTNT,1262039,2018-08-01,2018-08-01T20:19:07.000Z,AFTER_CLOSE
FTNT,1262039,2018-11-01,2018-11-01T20:18:34.000Z,AFTER_CLOSE
FTNT,1262039,2019-02-06,2019-02-06T21:22:04.000Z,AFTER_CLOSE
FTNT,1262039,2019-05-02,2019-05-02T20:19:48.000Z,AFTER_CLOSE
FTNT,1262039,2019-08-01,2019-08-01T20:16:09.000Z,AFTER_CLOSE
FTNT,1262039,2019-10-31,2019-10-31T20:15:55.000Z,AFTER_CLOSE
FTNT,1262039,2020-02-06,2020-02-06T21:14:52.000Z,AFTER_CLOSE
FTNT,1262039,2020-05-06,2020-05-06T20:13:17.000Z,AFTER_CLOSE
FTNT,1262039,2020-08-06,2020-08-06T20:10:55.000Z,AFTER_CLOSE
FTNT,1262039,2020-10-29,2020-10-29T20:09:29.000Z,AFTER_CLOSE
FTNT,1262039,2021-02-04,2021-02-04T21:11:54.000Z,AFTER_CLOSE
FTNT,1262039,2021-04-29,2021-04-29T20:09:42.000Z,AFTER_CLOSE
FTNT,1262039,2021-07-29,2021-07-29T20:07:53.000Z,AFTER_CLOSE
FTNT,1262039,2021-11-04,2021-11-04T20:11:40.000Z,AFTER_CLOSE
FTNT,1262039,2022-02-03,2022-02-03T21:11:33.000Z,AFTER_CLOSE
FTNT,1262039,2022-05-04,2022-05-04T20:11:13.000Z,AFTER_CLOSE
FTNT,1262039,2022-08-03,2022-08-03T20:09:27.000Z,AFTER_CLOSE
FTNT,1262039,2022-11-02,2022-11-02T20:09:03.000Z,AFTER_CLOSE
FTNT,1262039,2023-02-07,2023-02-07T21:08:58.000Z,AFTER_CLOSE
FTNT,1262039,2023-05-04,2023-05-04T20:09:31.000Z,AFTER_CLOSE
FTNT,1262039,2023-08-03,2023-08-03T20:11:06.000Z,AFTER_CLOSE
FTNT,1262039,2023-11-02,2023-11-02T20:11:25.000Z,AFTER_CLOSE
FTNT,1262039,2024-02-06,2024-02-06T21:10:36.000Z,AFTER_CLOSE
FTNT,1262039,2024-05-02,2024-05-02T20:09:48.000Z,AFTER_CLOSE
FTNT,1262039,2024-08-06,2024-08-06T20:07:39.000Z,AFTER_CLOSE
FTNT,1262039,2024-11-07,2024-11-07T21:10:36.000Z,AFTER_CLOSE
FTNT,1262039,2025-02-06,2025-02-06T21:09:58.000Z,AFTER_CLOSE
FTNT,1262039,2025-05-07,2025-05-07T20:11:27.000Z,AFTER_CLOSE
FTNT,1262039,2025-08-06,2025-08-06T20:11:37.000Z,AFTER_CLOSE
FTNT,1262039,2025-11-05,2025-11-05T21:09:42.000Z,AFTER_CLOSE
FTNT,1262039,2026-02-05,2026-02-05T21:07:06.000Z,AFTER_CLOSE
FTNT,1262039,2026-05-06,2026-05-06T20:10:29.000Z,AFTER_CLOSE
FTNT,1262039,2026-07-29,2026-07-29T20:08:34.000Z,AFTER_CLOSE
FWONA,1560385,2019-11-12,2019-11-12T21:55:55.000Z,AFTER_CLOSE
FWONA,1560385,2020-02-27,2020-02-27T20:42:54.000Z,IN_SESSION
FWONA,1560385,2020-05-08,2020-05-07T22:37:29.000Z,AFTER_CLOSE
FWONA,1560385,2020-08-11,2020-08-10T21:45:20.000Z,AFTER_CLOSE
FWONA,1560385,2020-11-06,2020-11-05T22:51:30.000Z,AFTER_CLOSE
FWONA,1560385,2021-02-26,2021-02-26T20:32:15.000Z,IN_SESSION
FWONA,1560385,2021-05-07,2021-05-07T17:54:15.000Z,IN_SESSION
FWONA,1560385,2021-08-06,2021-08-06T17:56:26.000Z,IN_SESSION
FWONA,1560385,2021-11-05,2021-11-04T21:40:23.000Z,AFTER_CLOSE
FWONA,1560385,2022-02-28,2022-02-25T22:58:15.000Z,AFTER_CLOSE
FWONA,1560385,2022-05-06,2022-05-06T19:35:47.000Z,IN_SESSION
FWONA,1560385,2022-08-05,2022-08-05T19:58:22.000Z,IN_SESSION
FWONA,1560385,2022-11-04,2022-11-04T17:52:57.000Z,IN_SESSION
FWONA,1560385,2022-11-14,2022-11-14T12:00:45.000Z,BEFORE_OPEN
FWONA,1560385,2023-03-01,2023-03-01T18:14:50.000Z,IN_SESSION
FWONA,1560385,2023-05-05,2023-05-05T17:40:14.000Z,IN_SESSION
FWONA,1560385,2023-08-04,2023-08-04T17:27:51.000Z,IN_SESSION
FWONA,1560385,2023-11-03,2023-11-03T18:06:59.000Z,IN_SESSION
FWONA,1560385,2024-02-28,2024-02-28T22:14:38.000Z,AFTER_CLOSE
FWONA,1560385,2024-05-08,2024-05-08T18:26:13.000Z,IN_SESSION
FWONA,1560385,2024-08-09,2024-08-08T23:12:55.000Z,AFTER_CLOSE
FWONA,1560385,2024-09-03,2024-09-03T12:46:50.000Z,BEFORE_OPEN
FWONA,1560385,2024-11-12,2024-11-12T20:42:09.000Z,IN_SESSION
FWONA,1560385,2025-02-28,2025-02-27T22:43:03.000Z,AFTER_CLOSE
FWONA,1560385,2025-05-07,2025-05-07T21:13:32.000Z,AFTER_CLOSE
FWONA,1560385,2025-07-21,2025-07-21T13:17:11.000Z,BEFORE_OPEN
FWONA,1560385,2025-08-07,2025-08-07T20:54:50.000Z,AFTER_CLOSE
FWONA,1560385,2025-11-05,2025-11-05T20:22:49.000Z,IN_SESSION
FWONA,1560385,2026-02-26,2026-02-26T22:28:09.000Z,AFTER_CLOSE
FWONA,1560385,2026-05-07,2026-05-07T20:49:15.000Z,AFTER_CLOSE
FWONA,1560385,2026-08-06,2026-08-06T20:14:57.000Z,AFTER_CLOSE
GD,40533,2019-10-23,2019-10-23T12:25:06.000Z,BEFORE_OPEN
GD,40533,2020-01-29,2020-01-29T13:26:04.000Z,BEFORE_OPEN
GD,40533,2020-04-29,2020-04-29T12:20:48.000Z,BEFORE_OPEN
GD,40533,2020-07-29,2020-07-29T12:17:10.000Z,BEFORE_OPEN
GD,40533,2020-10-28,2020-10-28T12:04:12.000Z,BEFORE_OPEN
GD,40533,2021-01-27,2021-01-27T12:51:14.000Z,BEFORE_OPEN
GD,40533,2021-04-28,2021-04-28T12:02:03.000Z,BEFORE_OPEN
GD,40533,2021-07-28,2021-07-28T11:52:11.000Z,BEFORE_OPEN
GD,40533,2021-10-27,2021-10-27T11:57:13.000Z,BEFORE_OPEN
GD,40533,2022-01-26,2022-01-26T12:54:34.000Z,BEFORE_OPEN
GD,40533,2022-04-27,2022-04-27T11:52:04.000Z,BEFORE_OPEN
GD,40533,2022-07-27,2022-07-27T11:42:48.000Z,BEFORE_OPEN
GD,40533,2022-10-26,2022-10-26T11:58:57.000Z,BEFORE_OPEN
GD,40533,2023-01-25,2023-01-25T13:06:33.000Z,BEFORE_OPEN
GD,40533,2023-04-26,2023-04-26T11:59:45.000Z,BEFORE_OPEN
GD,40533,2023-07-26,2023-07-26T12:00:16.000Z,BEFORE_OPEN
GD,40533,2023-10-25,2023-10-25T12:00:06.000Z,BEFORE_OPEN
GD,40533,2024-01-24,2024-01-24T12:59:31.000Z,BEFORE_OPEN
GD,40533,2024-04-24,2024-04-24T12:05:42.000Z,BEFORE_OPEN
GD,40533,2024-07-24,2024-07-24T12:11:21.000Z,BEFORE_OPEN
GD,40533,2024-10-23,2024-10-23T12:01:55.000Z,BEFORE_OPEN
GD,40533,2025-01-29,2025-01-29T12:56:26.000Z,BEFORE_OPEN
GD,40533,2025-04-23,2025-04-23T11:50:09.000Z,BEFORE_OPEN
GD,40533,2025-07-23,2025-07-23T11:53:04.000Z,BEFORE_OPEN
GD,40533,2025-10-24,2025-10-24T11:50:04.000Z,BEFORE_OPEN
GD,40533,2026-01-28,2026-01-28T12:59:57.000Z,BEFORE_OPEN
GD,40533,2026-04-29,2026-04-29T11:58:25.000Z,BEFORE_OPEN
GD,40533,2026-07-29,2026-07-29T12:01:20.000Z,BEFORE_OPEN
GE,40545,2019-01-31,2019-01-31T12:42:10.000Z,BEFORE_OPEN
GE,40545,2019-03-14,2019-03-14T11:36:27.000Z,BEFORE_OPEN
GE,40545,2019-04-30,2019-04-30T10:39:39.000Z,BEFORE_OPEN
GE,40545,2019-07-31,2019-07-31T10:55:48.000Z,BEFORE_OPEN
GE,40545,2019-10-30,2019-10-30T10:06:29.000Z,BEFORE_OPEN
GE,40545,2020-01-29,2020-01-29T11:48:19.000Z,BEFORE_OPEN
GE,40545,2020-04-09,2020-04-09T13:00:03.000Z,BEFORE_OPEN
GE,40545,2020-04-13,2020-04-13T12:51:27.000Z,BEFORE_OPEN
GE,40545,2020-07-29,2020-07-29T10:23:42.000Z,BEFORE_OPEN
GE,40545,2020-10-28,2020-10-28T10:22:52.000Z,BEFORE_OPEN
GE,40545,2021-01-26,2021-01-26T11:23:47.000Z,BEFORE_OPEN
GE,40545,2021-04-27,2021-04-27T10:22:53.000Z,BEFORE_OPEN
GE,40545,2021-07-27,2021-07-27T10:27:38.000Z,BEFORE_OPEN
GE,40545,2021-10-26,2021-10-26T10:21:35.000Z,BEFORE_OPEN
GE,40545,2022-01-25,2022-01-25T11:23:32.000Z,BEFORE_OPEN
GE,40545,2022-04-26,2022-04-26T10:22:52.000Z,BEFORE_OPEN
GE,40545,2022-07-26,2022-07-26T10:25:09.000Z,BEFORE_OPEN
GE,40545,2022-10-25,2022-10-25T10:25:17.000Z,BEFORE_OPEN
GE,40545,2023-01-10,2023-01-10T11:45:30.000Z,BEFORE_OPEN
GE,40545,2023-01-24,2023-01-24T11:24:26.000Z,BEFORE_OPEN
GE,40545,2023-04-25,2023-04-25T10:21:53.000Z,BEFORE_OPEN
GE,40545,2023-07-25,2023-07-25T10:22:25.000Z,BEFORE_OPEN
GE,40545,2023-10-24,2023-10-24T10:06:30.000Z,BEFORE_OPEN
GE,40545,2024-01-23,2024-01-23T11:23:08.000Z,BEFORE_OPEN
GE,40545,2024-04-23,2024-04-23T10:22:29.000Z,BEFORE_OPEN
GE,40545,2024-07-23,2024-07-23T10:22:14.000Z,BEFORE_OPEN
GE,40545,2024-10-22,2024-10-22T10:34:48.000Z,BEFORE_OPEN
GE,40545,2025-01-23,2025-01-23T11:22:29.000Z,BEFORE_OPEN
GE,40545,2025-04-22,2025-04-22T10:22:57.000Z,BEFORE_OPEN
GE,40545,2025-07-17,2025-07-17T10:41:11.000Z,BEFORE_OPEN
GE,40545,2025-10-21,2025-10-21T10:23:23.000Z,BEFORE_OPEN
GE,40545,2026-01-22,2026-01-22T11:38:59.000Z,BEFORE_OPEN
GE,40545,2026-04-21,2026-04-21T10:29:00.000Z,BEFORE_OPEN
GE,40545,2026-07-16,2026-07-16T10:32:37.000Z,BEFORE_OPEN
GEHC,1932393,2023-01-10,2023-01-10T11:38:02.000Z,BEFORE_OPEN
GEHC,1932393,2023-01-30,2023-01-30T11:22:37.000Z,BEFORE_OPEN
GEHC,1932393,2023-04-25,2023-04-25T10:24:28.000Z,BEFORE_OPEN
GEHC,1932393,2023-07-25,2023-07-25T10:39:34.000Z,BEFORE_OPEN
GEHC,1932393,2023-10-31,2023-10-31T10:32:55.000Z,BEFORE_OPEN
GEHC,1932393,2024-02-06,2024-02-06T11:25:32.000Z,BEFORE_OPEN
GEHC,1932393,2024-04-30,2024-04-30T10:25:41.000Z,BEFORE_OPEN
GEHC,1932393,2024-07-31,2024-07-31T10:25:22.000Z,BEFORE_OPEN
GEHC,1932393,2024-10-30,2024-10-30T10:31:31.000Z,BEFORE_OPEN
GEHC,1932393,2025-02-13,2025-02-13T11:25:28.000Z,BEFORE_OPEN
GEHC,1932393,2025-04-30,2025-04-30T10:25:29.000Z,BEFORE_OPEN
GEHC,1932393,2025-07-30,2025-07-30T10:25:33.000Z,BEFORE_OPEN
GEHC,1932393,2025-10-29,2025-10-29T10:25:26.000Z,BEFORE_OPEN
GEHC,1932393,2026-02-04,2026-02-04T11:25:33.000Z,BEFORE_OPEN
GEHC,1932393,2026-04-29,2026-04-29T10:25:24.000Z,BEFORE_OPEN
GEHC,1932393,2026-07-23,2026-07-23T20:17:30.000Z,AFTER_CLOSE
GEHC,1932393,2026-07-29,2026-07-29T10:25:46.000Z,BEFORE_OPEN
GEV,1996810,2024-04-25,2024-04-25T10:21:34.000Z,BEFORE_OPEN
GEV,1996810,2024-07-24,2024-07-24T10:24:18.000Z,BEFORE_OPEN
GEV,1996810,2024-10-23,2024-10-23T10:22:48.000Z,BEFORE_OPEN
GEV,1996810,2025-01-22,2025-01-22T11:21:41.000Z,BEFORE_OPEN
GEV,1996810,2025-04-23,2025-04-23T10:21:07.000Z,BEFORE_OPEN
GEV,1996810,2025-10-22,2025-10-22T10:36:49.000Z,BEFORE_OPEN
GEV,1996810,2026-01-28,2026-01-28T11:25:40.000Z,BEFORE_OPEN
GEV,1996810,2026-04-22,2026-04-22T10:25:21.000Z,BEFORE_OPEN
GEV,1996810,2026-07-22,2026-07-22T10:25:18.000Z,BEFORE_OPEN
GILD,882095,2018-05-01,2018-05-01T20:03:55.000Z,AFTER_CLOSE
GILD,882095,2018-07-25,2018-07-25T20:04:43.000Z,AFTER_CLOSE
GILD,882095,2018-10-25,2018-10-25T20:08:54.000Z,AFTER_CLOSE
GILD,882095,2019-02-04,2019-02-04T21:04:53.000Z,AFTER_CLOSE
GILD,882095,2019-05-02,2019-05-02T20:05:15.000Z,AFTER_CLOSE
GILD,882095,2019-07-30,2019-07-30T20:07:37.000Z,AFTER_CLOSE
GILD,882095,2019-10-24,2019-10-24T22:45:43.000Z,AFTER_CLOSE
GILD,882095,2020-02-04,2020-02-04T21:06:18.000Z,AFTER_CLOSE
GILD,882095,2020-04-30,2020-04-30T20:08:01.000Z,AFTER_CLOSE
GILD,882095,2020-07-30,2020-07-30T22:57:31.000Z,AFTER_CLOSE
GILD,882095,2020-10-28,2020-10-28T20:09:46.000Z,AFTER_CLOSE
GILD,882095,2021-01-11,2021-01-11T11:04:39.000Z,BEFORE_OPEN
GILD,882095,2021-02-04,2021-02-04T21:05:01.000Z,AFTER_CLOSE
GILD,882095,2021-04-29,2021-04-29T20:06:01.000Z,AFTER_CLOSE
GILD,882095,2021-07-29,2021-07-29T20:05:14.000Z,AFTER_CLOSE
GILD,882095,2021-10-28,2021-10-28T20:09:48.000Z,AFTER_CLOSE
GILD,882095,2022-02-01,2022-02-01T21:07:30.000Z,AFTER_CLOSE
GILD,882095,2022-02-01,2022-02-01T21:03:17.000Z,AFTER_CLOSE
GILD,882095,2022-04-28,2022-04-28T20:07:20.000Z,AFTER_CLOSE
GILD,882095,2022-08-02,2022-08-02T20:05:51.000Z,AFTER_CLOSE
GILD,882095,2022-10-27,2022-10-27T20:04:56.000Z,AFTER_CLOSE
GILD,882095,2023-02-02,2023-02-02T21:03:50.000Z,AFTER_CLOSE
GILD,882095,2023-04-27,2023-04-27T20:05:24.000Z,AFTER_CLOSE
GILD,882095,2023-08-03,2023-08-03T20:07:28.000Z,AFTER_CLOSE
GILD,882095,2023-11-07,2023-11-07T21:03:24.000Z,AFTER_CLOSE
GILD,882095,2024-02-06,2024-02-06T21:04:07.000Z,AFTER_CLOSE
GILD,882095,2024-04-25,2024-04-25T20:04:55.000Z,AFTER_CLOSE
GILD,882095,2024-08-08,2024-08-08T20:06:06.000Z,AFTER_CLOSE
GILD,882095,2024-11-06,2024-11-06T21:09:21.000Z,AFTER_CLOSE
GILD,882095,2025-02-11,2025-02-11T21:04:28.000Z,AFTER_CLOSE
GILD,882095,2025-04-24,2025-04-24T20:03:59.000Z,AFTER_CLOSE
GILD,882095,2025-08-07,2025-08-07T20:26:51.000Z,AFTER_CLOSE
GILD,882095,2025-10-30,2025-10-30T20:04:07.000Z,AFTER_CLOSE
GILD,882095,2026-02-10,2026-02-10T21:02:13.000Z,AFTER_CLOSE
GILD,882095,2026-05-07,2026-05-07T20:03:01.000Z,AFTER_CLOSE
GILD,882095,2026-08-04,2026-08-04T20:03:26.000Z,AFTER_CLOSE
GLW,24741,2021-07-27,2021-07-27T11:34:05.000Z,BEFORE_OPEN
GLW,24741,2021-10-26,2021-10-26T11:17:11.000Z,BEFORE_OPEN
GLW,24741,2022-01-26,2022-01-26T12:33:16.000Z,BEFORE_OPEN
GLW,24741,2022-04-26,2022-04-26T11:19:36.000Z,BEFORE_OPEN
GLW,24741,2022-07-26,2022-07-26T11:13:17.000Z,BEFORE_OPEN
GLW,24741,2022-10-25,2022-10-25T11:15:23.000Z,BEFORE_OPEN
GLW,24741,2023-01-31,2023-01-31T12:13:44.000Z,BEFORE_OPEN
GLW,24741,2023-04-25,2023-04-25T11:16:39.000Z,BEFORE_OPEN
GLW,24741,2023-07-25,2023-07-25T11:16:19.000Z,BEFORE_OPEN
GLW,24741,2023-10-24,2023-10-24T11:11:56.000Z,BEFORE_OPEN
GLW,24741,2024-01-30,2024-01-30T12:13:03.000Z,BEFORE_OPEN
GLW,24741,2024-04-30,2024-04-30T11:15:53.000Z,BEFORE_OPEN
GLW,24741,2024-07-08,2024-07-08T11:15:34.000Z,BEFORE_OPEN
GLW,24741,2024-07-30,2024-07-30T11:12:14.000Z,BEFORE_OPEN
GLW,24741,2024-10-29,2024-10-29T11:13:48.000Z,BEFORE_OPEN
GLW,24741,2025-01-29,2025-01-29T12:12:11.000Z,BEFORE_OPEN
GLW,24741,2025-04-29,2025-04-29T11:11:50.000Z,BEFORE_OPEN
GLW,24741,2025-07-29,2025-07-29T11:02:03.000Z,BEFORE_OPEN
GLW,24741,2025-10-28,2025-10-28T11:05:51.000Z,BEFORE_OPEN
GLW,24741,2026-01-28,2026-01-28T12:05:33.000Z,BEFORE_OPEN
GLW,24741,2026-04-28,2026-04-28T11:02:49.000Z,BEFORE_OPEN
GLW,24741,2026-07-28,2026-07-28T11:03:07.000Z,BEFORE_OPEN
GM,1467858,2016-10-25,2016-10-25T13:59:03.000Z,IN_SESSION
GM,1467858,2017-02-07,2017-02-07T14:56:39.000Z,IN_SESSION
GM,1467858,2017-04-28,2017-04-28T13:36:03.000Z,IN_SESSION
GM,1467858,2017-07-25,2017-07-25T13:26:31.000Z,BEFORE_OPEN
GM,1467858,2017-10-24,2017-10-24T12:52:41.000Z,BEFORE_OPEN
GM,1467858,2018-01-16,2018-01-16T12:50:24.000Z,BEFORE_OPEN
GM,1467858,2018-02-06,2018-02-06T13:32:01.000Z,BEFORE_OPEN
GM,1467858,2018-04-26,2018-04-26T13:18:26.000Z,BEFORE_OPEN
GM,1467858,2018-07-25,2018-07-25T14:14:20.000Z,IN_SESSION
GM,1467858,2018-10-31,2018-10-31T13:02:13.000Z,BEFORE_OPEN
GM,1467858,2019-01-11,2019-01-11T13:55:39.000Z,BEFORE_OPEN
GM,1467858,2019-02-06,2019-02-06T14:59:03.000Z,IN_SESSION
GM,1467858,2019-04-30,2019-04-30T13:12:38.000Z,BEFORE_OPEN
GM,1467858,2019-08-01,2019-08-01T13:33:21.000Z,IN_SESSION
GM,1467858,2019-10-29,2019-10-29T13:30:38.000Z,IN_SESSION
GM,1467858,2020-02-05,2020-02-05T14:25:38.000Z,BEFORE_OPEN
GM,1467858,2020-05-06,2020-05-06T12:50:32.000Z,BEFORE_OPEN
GM,1467858,2020-07-29,2020-07-29T13:13:17.000Z,BEFORE_OPEN
GM,1467858,2020-11-05,2020-11-05T14:32:27.000Z,IN_SESSION
GM,1467858,2021-02-10,2021-02-10T14:25:11.000Z,BEFORE_OPEN
GM,1467858,2021-05-05,2021-05-05T13:14:14.000Z,BEFORE_OPEN
GM,1467858,2021-08-04,2021-08-04T13:22:33.000Z,BEFORE_OPEN
GM,1467858,2021-10-27,2021-10-27T13:14:50.000Z,BEFORE_OPEN
GM,1467858,2022-02-01,2022-02-01T21:24:10.000Z,AFTER_CLOSE
GM,1467858,2022-04-26,2022-04-26T20:17:11.000Z,AFTER_CLOSE
GM,1467858,2022-07-01,2022-07-01T12:52:14.000Z,BEFORE_OPEN
GM,1467858,2022-07-26,2022-07-26T11:30:09.000Z,BEFORE_OPEN
GM,1467858,2022-10-25,2022-10-25T11:36:01.000Z,BEFORE_OPEN
GM,1467858,2023-01-31,2023-01-31T12:47:30.000Z,BEFORE_OPEN
GM,1467858,2023-04-25,2023-04-25T12:02:06.000Z,BEFORE_OPEN
GM,1467858,2023-07-25,2023-07-25T11:49:34.000Z,BEFORE_OPEN
GM,1467858,2023-10-24,2023-10-24T11:14:50.000Z,BEFORE_OPEN
GM,1467858,2024-01-30,2024-01-30T12:36:14.000Z,BEFORE_OPEN
GM,1467858,2024-04-23,2024-04-23T11:17:10.000Z,BEFORE_OPEN
GM,1467858,2024-07-23,2024-07-23T11:13:18.000Z,BEFORE_OPEN
GM,1467858,2024-10-22,2024-10-22T11:26:32.000Z,BEFORE_OPEN
GM,1467858,2025-01-28,2025-01-28T12:24:53.000Z,BEFORE_OPEN
GM,1467858,2025-04-29,2025-04-29T11:30:19.000Z,BEFORE_OPEN
GM,1467858,2025-07-22,2025-07-22T11:32:44.000Z,BEFORE_OPEN
GM,1467858,2025-10-21,2025-10-21T11:38:38.000Z,BEFORE_OPEN
GM,1467858,2026-01-27,2026-01-27T12:25:05.000Z,BEFORE_OPEN
GM,1467858,2026-04-28,2026-04-28T11:25:30.000Z,BEFORE_OPEN
GM,1467858,2026-07-21,2026-07-21T11:14:57.000Z,BEFORE_OPEN
GOOGL,1652044,2023-07-25,2023-07-25T20:01:21.000Z,AFTER_CLOSE
GOOGL,1652044,2023-10-24,2023-10-24T20:01:23.000Z,AFTER_CLOSE
GOOGL,1652044,2024-01-30,2024-01-30T21:01:26.000Z,AFTER_CLOSE
GOOGL,1652044,2024-04-25,2024-04-25T20:01:35.000Z,AFTER_CLOSE
GOOGL,1652044,2024-07-23,2024-07-23T20:01:54.000Z,AFTER_CLOSE
GOOGL,1652044,2024-10-29,2024-10-29T20:01:46.000Z,AFTER_CLOSE
GOOGL,1652044,2025-02-04,2025-02-04T21:01:27.000Z,AFTER_CLOSE
GOOGL,1652044,2025-04-24,2025-04-24T20:01:26.000Z,AFTER_CLOSE
GOOGL,1652044,2025-07-23,2025-07-23T20:01:33.000Z,AFTER_CLOSE
GOOGL,1652044,2025-10-29,2025-10-29T20:01:48.000Z,AFTER_CLOSE
GOOGL,1652044,2026-02-04,2026-02-04T21:01:37.000Z,AFTER_CLOSE
GOOGL,1652044,2026-04-29,2026-04-29T20:01:35.000Z,AFTER_CLOSE
GOOGL,1652044,2026-07-22,2026-07-22T20:01:36.000Z,AFTER_CLOSE
GPN,1123360,2016-07-28,2016-07-28T11:15:48.000Z,BEFORE_OPEN
GPN,1123360,2016-10-05,2016-10-05T11:14:01.000Z,BEFORE_OPEN
GPN,1123360,2017-01-09,2017-01-09T12:40:17.000Z,BEFORE_OPEN
GPN,1123360,2017-05-04,2017-05-04T11:30:43.000Z,BEFORE_OPEN
GPN,1123360,2017-08-03,2017-08-03T11:17:15.000Z,BEFORE_OPEN
GPN,1123360,2017-11-08,2017-11-08T12:01:23.000Z,BEFORE_OPEN
GPN,1123360,2018-02-15,2018-02-15T12:06:31.000Z,BEFORE_OPEN
GPN,1123360,2018-05-03,2018-05-03T11:06:56.000Z,BEFORE_OPEN
GPN,1123360,2018-08-02,2018-08-02T11:12:01.000Z,BEFORE_OPEN
GPN,1123360,2018-10-30,2018-10-30T11:08:59.000Z,BEFORE_OPEN
GPN,1123360,2019-02-13,2019-02-13T12:04:44.000Z,BEFORE_OPEN
GPN,1123360,2019-05-02,2019-05-02T11:10:47.000Z,BEFORE_OPEN
GPN,1123360,2019-07-30,2019-07-30T11:05:15.000Z,BEFORE_OPEN
GPN,1123360,2019-10-31,2019-10-31T11:09:39.000Z,BEFORE_OPEN
GPN,1123360,2020-01-15,2020-01-15T15:06:08.000Z,IN_SESSION
GPN,1123360,2020-02-12,2020-02-12T12:06:19.000Z,BEFORE_OPEN
GPN,1123360,2020-04-06,2020-04-06T21:15:33.000Z,AFTER_CLOSE
GPN,1123360,2020-05-06,2020-05-06T11:05:04.000Z,BEFORE_OPEN
GPN,1123360,2020-08-03,2020-08-03T11:05:54.000Z,BEFORE_OPEN
GPN,1123360,2020-10-29,2020-10-29T11:08:58.000Z,BEFORE_OPEN
GPN,1123360,2021-02-08,2021-02-08T12:37:36.000Z,BEFORE_OPEN
GPN,1123360,2021-05-04,2021-05-04T11:22:02.000Z,BEFORE_OPEN
GPN,1123360,2021-08-02,2021-08-02T11:10:41.000Z,BEFORE_OPEN
GPN,1123360,2021-11-02,2021-11-02T11:00:12.000Z,BEFORE_OPEN
GPN,1123360,2022-02-10,2022-02-10T12:15:31.000Z,BEFORE_OPEN
GPN,1123360,2022-05-02,2022-05-02T10:59:04.000Z,BEFORE_OPEN
GPN,1123360,2022-08-01,2022-08-01T11:05:17.000Z,BEFORE_OPEN
GPN,1123360,2022-10-31,2022-10-31T11:05:37.000Z,BEFORE_OPEN
GPN,1123360,2023-02-10,2023-02-10T13:13:50.000Z,BEFORE_OPEN
GPN,1123360,2023-05-01,2023-05-01T11:05:21.000Z,BEFORE_OPEN
GPN,1123360,2023-08-01,2023-08-01T11:02:19.000Z,BEFORE_OPEN
GPN,1123360,2023-10-31,2023-10-31T11:42:50.000Z,BEFORE_OPEN
GPN,1123360,2024-02-14,2024-02-14T12:02:23.000Z,BEFORE_OPEN
GPN,1123360,2024-05-01,2024-05-01T11:01:46.000Z,BEFORE_OPEN
GPN,1123360,2024-08-07,2024-08-07T11:03:30.000Z,BEFORE_OPEN
GPN,1123360,2024-10-30,2024-10-30T11:00:53.000Z,BEFORE_OPEN
GPN,1123360,2025-02-13,2025-02-13T11:58:10.000Z,BEFORE_OPEN
GPN,1123360,2025-04-17,2025-04-17T12:38:32.000Z,BEFORE_OPEN
GPN,1123360,2025-05-06,2025-05-06T11:18:19.000Z,BEFORE_OPEN
GPN,1123360,2025-08-06,2025-08-06T11:04:08.000Z,BEFORE_OPEN
GPN,1123360,2025-11-04,2025-11-04T11:59:01.000Z,BEFORE_OPEN
GPN,1123360,2026-02-18,2026-02-18T11:59:15.000Z,BEFORE_OPEN
GPN,1123360,2026-05-06,2026-05-06T11:04:14.000Z,BEFORE_OPEN
GPN,1123360,2026-08-05,2026-08-05T10:59:21.000Z,BEFORE_OPEN
GRMN,1121788,2017-02-22,2017-02-22T14:43:14.000Z,IN_SESSION
GRMN,1121788,2017-05-03,2017-05-03T14:38:43.000Z,IN_SESSION
GRMN,1121788,2017-08-02,2017-08-02T14:04:27.000Z,IN_SESSION
GRMN,1121788,2017-11-01,2017-11-01T13:07:37.000Z,BEFORE_OPEN
GRMN,1121788,2018-02-21,2018-02-21T12:46:27.000Z,BEFORE_OPEN
GRMN,1121788,2018-05-02,2018-05-02T13:33:50.000Z,IN_SESSION
GRMN,1121788,2018-08-01,2018-08-01T13:12:49.000Z,BEFORE_OPEN
GRMN,1121788,2018-10-31,2018-10-31T13:32:38.000Z,IN_SESSION
GRMN,1121788,2019-02-20,2019-02-20T14:18:07.000Z,BEFORE_OPEN
GRMN,1121788,2019-05-01,2019-05-01T13:01:28.000Z,BEFORE_OPEN
GRMN,1121788,2019-07-31,2019-07-31T12:54:47.000Z,BEFORE_OPEN
GRMN,1121788,2019-10-30,2019-10-30T12:25:30.000Z,BEFORE_OPEN
GRMN,1121788,2020-02-19,2020-02-19T12:00:40.000Z,BEFORE_OPEN
GRMN,1121788,2020-04-29,2020-04-29T11:01:09.000Z,BEFORE_OPEN
GRMN,1121788,2020-07-29,2020-07-29T11:03:20.000Z,BEFORE_OPEN
GRMN,1121788,2020-10-28,2020-10-28T11:01:07.000Z,BEFORE_OPEN
GRMN,1121788,2021-02-17,2021-02-17T12:00:24.000Z,BEFORE_OPEN
GRMN,1121788,2021-04-28,2021-04-28T11:09:04.000Z,BEFORE_OPEN
GRMN,1121788,2021-07-28,2021-07-28T11:02:26.000Z,BEFORE_OPEN
GRMN,1121788,2021-10-27,2021-10-27T11:03:22.000Z,BEFORE_OPEN
GRMN,1121788,2022-02-16,2022-02-16T12:01:08.000Z,BEFORE_OPEN
GRMN,1121788,2022-04-27,2022-04-27T11:02:23.000Z,BEFORE_OPEN
GRMN,1121788,2022-07-27,2022-07-27T11:03:07.000Z,BEFORE_OPEN
GRMN,1121788,2022-10-26,2022-10-26T11:02:42.000Z,BEFORE_OPEN
GRMN,1121788,2023-02-22,2023-02-22T12:03:13.000Z,BEFORE_OPEN
GRMN,1121788,2023-05-03,2023-05-03T11:02:18.000Z,BEFORE_OPEN
GRMN,1121788,2023-08-02,2023-08-02T11:01:04.000Z,BEFORE_OPEN
GRMN,1121788,2023-11-01,2023-11-01T11:00:09.000Z,BEFORE_OPEN
GRMN,1121788,2024-02-21,2024-02-21T12:02:14.000Z,BEFORE_OPEN
GRMN,1121788,2024-05-01,2024-05-01T11:00:11.000Z,BEFORE_OPEN
GRMN,1121788,2024-07-31,2024-07-31T11:00:09.000Z,BEFORE_OPEN
GRMN,1121788,2024-10-30,2024-10-30T11:00:10.000Z,BEFORE_OPEN
GRMN,1121788,2025-02-19,2025-02-19T12:00:08.000Z,BEFORE_OPEN
GRMN,1121788,2025-07-30,2025-07-30T11:00:30.000Z,BEFORE_OPEN
GRMN,1121788,2025-10-29,2025-10-29T11:00:28.000Z,BEFORE_OPEN
GRMN,1121788,2026-02-18,2026-02-18T12:00:27.000Z,BEFORE_OPEN
GRMN,1121788,2026-04-29,2026-04-29T11:00:18.000Z,BEFORE_OPEN
GRMN,1121788,2026-07-29,2026-07-29T11:00:17.000Z,BEFORE_OPEN
GS,886982,2025-10-14,2025-10-14T11:37:10.000Z,BEFORE_OPEN
GS,886982,2026-01-08,2026-01-08T21:15:56.000Z,AFTER_CLOSE
GS,886982,2026-01-15,2026-01-15T12:42:42.000Z,BEFORE_OPEN
GS,886982,2026-04-13,2026-04-13T11:40:26.000Z,BEFORE_OPEN
GS,886982,2026-07-14,2026-07-14T11:30:40.000Z,BEFORE_OPEN
GWW,277135,2016-10-18,2016-10-18T11:53:50.000Z,BEFORE_OPEN
GWW,277135,2017-01-25,2017-01-25T13:07:56.000Z,BEFORE_OPEN
GWW,277135,2017-04-18,2017-04-18T14:28:38.000Z,IN_SESSION
GWW,277135,2017-07-19,2017-07-19T12:14:31.000Z,BEFORE_OPEN
GWW,277135,2017-10-17,2017-10-17T12:26:13.000Z,BEFORE_OPEN
GWW,277135,2018-01-24,2018-01-24T13:24:10.000Z,BEFORE_OPEN
GWW,277135,2018-04-19,2018-04-19T12:16:12.000Z,BEFORE_OPEN
GWW,277135,2018-07-18,2018-07-18T12:24:48.000Z,BEFORE_OPEN
GWW,277135,2018-10-16,2018-10-16T12:05:42.000Z,BEFORE_OPEN
GWW,277135,2019-01-24,2019-01-24T13:29:05.000Z,BEFORE_OPEN
GWW,277135,2019-04-22,2019-04-22T12:17:57.000Z,BEFORE_OPEN
GWW,277135,2019-07-24,2019-07-24T12:14:29.000Z,BEFORE_OPEN
GWW,277135,2019-10-23,2019-10-23T12:06:12.000Z,BEFORE_OPEN
GWW,277135,2020-01-30,2020-01-30T13:12:54.000Z,BEFORE_OPEN
GWW,277135,2020-04-23,2020-04-23T12:13:32.000Z,BEFORE_OPEN
GWW,277135,2020-07-23,2020-07-23T12:12:35.000Z,BEFORE_OPEN
GWW,277135,2020-10-22,2020-10-22T12:12:20.000Z,BEFORE_OPEN
GWW,277135,2021-02-03,2021-02-03T13:10:37.000Z,BEFORE_OPEN
GWW,277135,2021-04-30,2021-04-30T12:04:15.000Z,BEFORE_OPEN
GWW,277135,2021-07-30,2021-07-30T12:04:14.000Z,BEFORE_OPEN
GWW,277135,2021-10-29,2021-10-29T12:13:25.000Z,BEFORE_OPEN
GWW,277135,2022-02-03,2022-02-03T13:13:40.000Z,BEFORE_OPEN
GWW,277135,2022-04-28,2022-04-28T12:06:34.000Z,BEFORE_OPEN
GWW,277135,2022-07-29,2022-07-29T12:03:30.000Z,BEFORE_OPEN
GWW,277135,2022-10-28,2022-10-28T12:15:50.000Z,BEFORE_OPEN
GWW,277135,2023-02-02,2023-02-02T13:16:29.000Z,BEFORE_OPEN
GWW,277135,2023-04-27,2023-04-27T12:21:54.000Z,BEFORE_OPEN
GWW,277135,2023-07-27,2023-07-27T12:06:38.000Z,BEFORE_OPEN
GWW,277135,2023-10-26,2023-10-26T12:31:09.000Z,BEFORE_OPEN
GWW,277135,2024-02-02,2024-02-02T13:24:35.000Z,BEFORE_OPEN
GWW,277135,2024-04-25,2024-04-25T12:22:28.000Z,BEFORE_OPEN
GWW,277135,2024-08-01,2024-08-01T12:16:51.000Z,BEFORE_OPEN
GWW,277135,2024-10-31,2024-10-31T12:26:44.000Z,BEFORE_OPEN
GWW,277135,2025-01-31,2025-01-31T13:34:58.000Z,BEFORE_OPEN
GWW,277135,2025-05-01,2025-05-01T12:22:03.000Z,BEFORE_OPEN
GWW,277135,2025-08-01,2025-08-01T12:09:19.000Z,BEFORE_OPEN
GWW,277135,2025-10-31,2025-10-31T12:07:02.000Z,BEFORE_OPEN
GWW,277135,2026-02-03,2026-02-03T13:09:33.000Z,BEFORE_OPEN
GWW,277135,2026-05-08,2026-05-07T22:05:34.000Z,AFTER_CLOSE
GWW,277135,2026-08-04,2026-08-04T12:03:38.000Z,BEFORE_OPEN
HAL,45012,2018-10-22,2018-10-22T19:41:20.000Z,IN_SESSION
HAL,45012,2019-01-22,2019-01-22T22:00:07.000Z,AFTER_CLOSE
HAL,45012,2019-04-22,2019-04-22T19:28:25.000Z,IN_SESSION
HAL,45012,2019-07-22,2019-07-22T18:48:42.000Z,IN_SESSION
HAL,45012,2019-10-21,2019-10-21T19:39:18.000Z,IN_SESSION
HAL,45012,2020-01-21,2020-01-21T21:00:16.000Z,AFTER_CLOSE
HAL,45012,2020-04-20,2020-04-20T19:13:57.000Z,IN_SESSION
HAL,45012,2020-07-20,2020-07-20T16:56:28.000Z,IN_SESSION
HAL,45012,2020-10-19,2020-10-19T18:48:01.000Z,IN_SESSION
HAL,45012,2021-01-19,2021-01-19T21:39:59.000Z,AFTER_CLOSE
HAL,45012,2021-04-21,2021-04-21T21:22:16.000Z,AFTER_CLOSE
HAL,45012,2021-07-20,2021-07-20T21:02:32.000Z,AFTER_CLOSE
HAL,45012,2021-10-19,2021-10-19T19:53:31.000Z,IN_SESSION
HAL,45012,2022-01-24,2022-01-24T21:16:10.000Z,AFTER_CLOSE
HAL,45012,2022-04-19,2022-04-19T18:38:44.000Z,IN_SESSION
HAL,45012,2022-07-19,2022-07-19T19:09:41.000Z,IN_SESSION
HAL,45012,2022-10-25,2022-10-25T19:15:59.000Z,IN_SESSION
HAL,45012,2023-01-24,2023-01-24T21:22:32.000Z,AFTER_CLOSE
HAL,45012,2023-04-25,2023-04-25T12:46:07.000Z,BEFORE_OPEN
HAL,45012,2023-07-19,2023-07-19T11:59:02.000Z,BEFORE_OPEN
HAL,45012,2023-10-24,2023-10-24T11:13:53.000Z,BEFORE_OPEN
HAL,45012,2024-01-23,2024-01-23T12:14:19.000Z,BEFORE_OPEN
HAL,45012,2024-04-23,2024-04-23T11:09:55.000Z,BEFORE_OPEN
HAL,45012,2024-07-19,2024-07-19T11:06:31.000Z,BEFORE_OPEN
HAL,45012,2024-11-07,2024-11-07T12:08:03.000Z,BEFORE_OPEN
HAL,45012,2025-01-22,2025-01-22T12:01:56.000Z,BEFORE_OPEN
HAL,45012,2025-04-22,2025-04-22T10:52:32.000Z,BEFORE_OPEN
HAL,45012,2025-07-22,2025-07-22T10:50:13.000Z,BEFORE_OPEN
HAL,45012,2025-10-21,2025-10-21T10:53:12.000Z,BEFORE_OPEN
HAL,45012,2026-01-21,2026-01-21T11:49:02.000Z,BEFORE_OPEN
HAL,45012,2026-04-21,2026-04-21T10:50:56.000Z,BEFORE_OPEN
HAL,45012,2026-07-21,2026-07-21T10:53:24.000Z,BEFORE_OPEN
HBAN,49196,2022-07-21,2022-07-21T11:02:22.000Z,BEFORE_OPEN
HBAN,49196,2022-10-21,2022-10-21T11:02:48.000Z,BEFORE_OPEN
HBAN,49196,2023-01-20,2023-01-20T12:00:33.000Z,BEFORE_OPEN
HBAN,49196,2023-04-20,2023-04-20T11:01:22.000Z,BEFORE_OPEN
HBAN,49196,2023-07-21,2023-07-21T11:01:50.000Z,BEFORE_OPEN
HBAN,49196,2023-10-20,2023-10-20T11:01:22.000Z,BEFORE_OPEN
HBAN,49196,2024-01-19,2024-01-19T11:31:27.000Z,BEFORE_OPEN
HBAN,49196,2024-07-19,2024-07-19T10:30:25.000Z,BEFORE_OPEN
HBAN,49196,2024-10-17,2024-10-17T11:01:16.000Z,BEFORE_OPEN
HBAN,49196,2025-01-17,2025-01-17T12:01:02.000Z,BEFORE_OPEN
HBAN,49196,2025-04-17,2025-04-17T11:06:05.000Z,BEFORE_OPEN
HBAN,49196,2025-07-14,2025-07-14T12:14:57.000Z,BEFORE_OPEN
HBAN,49196,2025-07-18,2025-07-18T11:02:32.000Z,BEFORE_OPEN
HBAN,49196,2025-10-17,2025-10-17T11:02:27.000Z,BEFORE_OPEN
HBAN,49196,2025-10-20,2025-10-20T12:15:12.000Z,BEFORE_OPEN
HBAN,49196,2026-01-22,2026-01-22T11:56:23.000Z,BEFORE_OPEN
HBAN,49196,2026-04-23,2026-04-23T10:31:14.000Z,BEFORE_OPEN
HBAN,49196,2026-07-23,2026-07-23T10:16:20.000Z,BEFORE_OPEN
HCA,860730,2018-05-01,2018-05-01T09:16:03.000Z,BEFORE_OPEN
HCA,860730,2018-07-25,2018-07-25T09:01:18.000Z,BEFORE_OPEN
HCA,860730,2018-10-30,2018-10-30T08:55:59.000Z,BEFORE_OPEN
HCA,860730,2019-01-29,2019-01-29T09:07:03.000Z,BEFORE_OPEN
HCA,860730,2019-04-30,2019-04-30T08:55:02.000Z,BEFORE_OPEN
HCA,860730,2019-07-30,2019-07-30T09:04:02.000Z,BEFORE_OPEN
HCA,860730,2019-10-29,2019-10-29T08:55:47.000Z,BEFORE_OPEN
HCA,860730,2020-01-28,2020-01-28T08:52:13.000Z,BEFORE_OPEN
HCA,860730,2020-04-21,2020-04-21T08:54:40.000Z,BEFORE_OPEN
HCA,860730,2020-07-22,2020-07-22T08:10:33.000Z,BEFORE_OPEN
HCA,860730,2020-10-08,2020-10-08T17:07:53.000Z,IN_SESSION
HCA,860730,2020-10-26,2020-10-26T08:16:32.000Z,BEFORE_OPEN
HCA,860730,2021-02-02,2021-02-02T08:09:53.000Z,BEFORE_OPEN
HCA,860730,2021-04-22,2021-04-22T08:00:31.000Z,BEFORE_OPEN
HCA,860730,2021-07-20,2021-07-20T08:06:00.000Z,BEFORE_OPEN
HCA,860730,2021-10-22,2021-10-22T07:34:34.000Z,BEFORE_OPEN
HCA,860730,2022-01-27,2022-01-27T08:18:55.000Z,BEFORE_OPEN
HCA,860730,2022-04-22,2022-04-22T08:11:01.000Z,BEFORE_OPEN
HCA,860730,2022-07-22,2022-07-22T07:02:02.000Z,BEFORE_OPEN
HCA,860730,2022-10-21,2022-10-21T07:02:56.000Z,BEFORE_OPEN
HCA,860730,2023-01-27,2023-01-27T07:37:01.000Z,BEFORE_OPEN
HCA,860730,2023-04-21,2023-04-21T07:30:53.000Z,BEFORE_OPEN
HCA,860730,2023-07-27,2023-07-27T07:55:58.000Z,BEFORE_OPEN
HCA,860730,2023-10-24,2023-10-24T08:27:59.000Z,BEFORE_OPEN
HCA,860730,2024-01-30,2024-01-30T08:01:00.000Z,BEFORE_OPEN
HCA,860730,2024-04-26,2024-04-26T08:01:53.000Z,BEFORE_OPEN
HCA,860730,2024-07-23,2024-07-23T08:03:32.000Z,BEFORE_OPEN
HCA,860730,2024-10-25,2024-10-25T07:38:49.000Z,BEFORE_OPEN
HCA,860730,2025-01-24,2025-01-24T07:40:45.000Z,BEFORE_OPEN
HCA,860730,2025-04-25,2025-04-25T07:48:16.000Z,BEFORE_OPEN
HCA,860730,2025-07-25,2025-07-25T07:46:01.000Z,BEFORE_OPEN
HCA,860730,2025-10-24,2025-10-24T07:16:56.000Z,BEFORE_OPEN
HCA,860730,2026-01-27,2026-01-27T07:12:53.000Z,BEFORE_OPEN
HCA,860730,2026-04-24,2026-04-24T07:11:37.000Z,BEFORE_OPEN
HCA,860730,2026-07-14,2026-07-14T07:40:57.000Z,BEFORE_OPEN
HCA,860730,2026-07-24,2026-07-24T07:45:42.000Z,BEFORE_OPEN
HD,354950,2018-02-20,2018-02-20T11:11:33.000Z,BEFORE_OPEN
HD,354950,2018-05-15,2018-05-15T10:07:43.000Z,BEFORE_OPEN
HD,354950,2018-08-14,2018-08-14T10:07:05.000Z,BEFORE_OPEN
HD,354950,2018-11-13,2018-11-13T11:18:41.000Z,BEFORE_OPEN
HD,354950,2019-02-26,2019-02-26T11:14:10.000Z,BEFORE_OPEN
HD,354950,2019-05-21,2019-05-21T10:08:19.000Z,BEFORE_OPEN
HD,354950,2019-08-20,2019-08-20T10:10:55.000Z,BEFORE_OPEN
HD,354950,2019-11-19,2019-11-19T11:19:57.000Z,BEFORE_OPEN
HD,354950,2020-02-25,2020-02-25T11:05:40.000Z,BEFORE_OPEN
HD,354950,2020-05-19,2020-05-19T10:15:47.000Z,BEFORE_OPEN
HD,354950,2020-08-18,2020-08-18T10:23:49.000Z,BEFORE_OPEN
HD,354950,2020-11-17,2020-11-17T11:07:01.000Z,BEFORE_OPEN
HD,354950,2021-02-23,2021-02-23T11:14:41.000Z,BEFORE_OPEN
HD,354950,2021-05-18,2021-05-18T10:12:36.000Z,BEFORE_OPEN
HD,354950,2021-08-17,2021-08-17T10:58:06.000Z,BEFORE_OPEN
HD,354950,2021-11-16,2021-11-16T11:09:36.000Z,BEFORE_OPEN
HD,354950,2022-02-22,2022-02-22T11:14:11.000Z,BEFORE_OPEN
HD,354950,2022-05-17,2022-05-17T10:15:30.000Z,BEFORE_OPEN
HD,354950,2022-08-16,2022-08-16T10:11:20.000Z,BEFORE_OPEN
HD,354950,2022-11-15,2022-11-15T11:10:47.000Z,BEFORE_OPEN
HD,354950,2023-02-21,2023-02-21T11:03:36.000Z,BEFORE_OPEN
HD,354950,2023-05-16,2023-05-16T10:06:07.000Z,BEFORE_OPEN
HD,354950,2023-08-15,2023-08-15T10:18:54.000Z,BEFORE_OPEN
HD,354950,2023-11-14,2023-11-14T11:11:56.000Z,BEFORE_OPEN
HD,354950,2024-02-20,2024-02-20T11:15:16.000Z,BEFORE_OPEN
HD,354950,2024-05-14,2024-05-14T10:23:30.000Z,BEFORE_OPEN
HD,354950,2024-08-13,2024-08-13T10:07:00.000Z,BEFORE_OPEN
HD,354950,2024-11-12,2024-11-12T11:10:23.000Z,BEFORE_OPEN
HD,354950,2025-02-25,2025-02-25T11:49:51.000Z,BEFORE_OPEN
HD,354950,2025-05-20,2025-05-20T10:13:09.000Z,BEFORE_OPEN
HD,354950,2025-08-19,2025-08-19T10:06:02.000Z,BEFORE_OPEN
HD,354950,2025-11-18,2025-11-18T11:05:10.000Z,BEFORE_OPEN
HD,354950,2026-02-24,2026-02-24T11:07:18.000Z,BEFORE_OPEN
HD,354950,2026-05-19,2026-05-19T10:06:14.000Z,BEFORE_OPEN
HD,354950,2026-08-18,2026-08-18T10:10:33.000Z,BEFORE_OPEN
HEI,46619,2009-08-26,2009-08-26T21:16:00.000Z,AFTER_CLOSE
HEI,46619,2009-12-17,2009-12-17T22:25:22.000Z,AFTER_CLOSE
HEI,46619,2010-02-24,2010-02-24T22:26:22.000Z,AFTER_CLOSE
HEI,46619,2010-05-25,2010-05-25T21:23:47.000Z,AFTER_CLOSE
HEI,46619,2010-08-25,2010-08-25T21:17:40.000Z,AFTER_CLOSE
HEI,46619,2010-12-15,2010-12-15T21:55:25.000Z,AFTER_CLOSE
HEI,46619,2011-02-22,2011-02-22T22:09:18.000Z,AFTER_CLOSE
HEI,46619,2011-05-24,2011-05-24T21:08:27.000Z,AFTER_CLOSE
HEI,46619,2011-08-24,2011-08-24T20:57:51.000Z,AFTER_CLOSE
HEI,46619,2011-12-15,2011-12-15T22:19:09.000Z,AFTER_CLOSE
HEI,46619,2012-02-22,2012-02-22T21:34:03.000Z,AFTER_CLOSE
HEI,46619,2012-05-22,2012-05-22T21:22:26.000Z,AFTER_CLOSE
HEI,46619,2012-08-22,2012-08-22T21:13:03.000Z,AFTER_CLOSE
HEI,46619,2012-12-19,2012-12-18T23:00:10.000Z,AFTER_CLOSE
HEI,46619,2013-02-20,2013-02-20T22:24:41.000Z,AFTER_CLOSE
HEI,46619,2013-05-22,2013-05-22T21:26:38.000Z,AFTER_CLOSE
HEI,46619,2013-08-28,2013-08-27T21:47:40.000Z,AFTER_CLOSE
HEI,46619,2013-12-17,2013-12-17T21:40:36.000Z,AFTER_CLOSE
HEI,46619,2014-02-25,2014-02-25T21:41:19.000Z,AFTER_CLOSE
HEI,46619,2014-05-21,2014-05-20T22:32:30.000Z,AFTER_CLOSE
HEI,46619,2014-08-27,2014-08-26T21:42:33.000Z,AFTER_CLOSE
HEI,46619,2014-12-17,2014-12-16T22:39:30.000Z,AFTER_CLOSE
HEI,46619,2015-02-25,2015-02-24T22:42:42.000Z,AFTER_CLOSE
HEI,46619,2015-05-20,2015-05-19T21:41:52.000Z,AFTER_CLOSE
HEI,46619,2015-08-26,2015-08-25T23:21:38.000Z,AFTER_CLOSE
HEI,46619,2015-12-15,2015-12-15T21:54:37.000Z,AFTER_CLOSE
HEI,46619,2016-02-25,2016-02-25T21:44:26.000Z,AFTER_CLOSE
HEI,46619,2016-05-26,2016-05-25T21:43:45.000Z,AFTER_CLOSE
HEI,46619,2016-08-24,2016-08-24T20:48:40.000Z,AFTER_CLOSE
HEI,46619,2016-12-13,2016-12-13T21:46:40.000Z,AFTER_CLOSE
HEI,46619,2017-02-28,2017-02-28T21:45:05.000Z,AFTER_CLOSE
HEI,46619,2017-05-23,2017-05-23T20:37:35.000Z,AFTER_CLOSE
HEI,46619,2017-08-23,2017-08-23T20:49:10.000Z,AFTER_CLOSE
HEI,46619,2017-12-18,2017-12-18T21:45:50.000Z,AFTER_CLOSE
HEI,46619,2018-02-27,2018-02-27T21:42:19.000Z,AFTER_CLOSE
HEI,46619,2018-05-29,2018-05-29T21:27:11.000Z,AFTER_CLOSE
HEI,46619,2018-08-27,2018-08-27T20:58:19.000Z,AFTER_CLOSE
HEI,46619,2018-12-17,2018-12-17T21:34:18.000Z,AFTER_CLOSE
HEI,46619,2019-02-26,2019-02-26T22:00:20.000Z,AFTER_CLOSE
HEI,46619,2019-05-28,2019-05-28T20:56:35.000Z,AFTER_CLOSE
HEI,46619,2019-08-27,2019-08-27T21:06:06.000Z,AFTER_CLOSE
HEI,46619,2019-12-16,2019-12-16T21:33:02.000Z,AFTER_CLOSE
HEI,46619,2020-02-25,2020-02-25T22:07:41.000Z,AFTER_CLOSE
HEI,46619,2020-04-15,2020-04-15T20:40:40.000Z,AFTER_CLOSE
HEI,46619,2020-05-26,2020-05-26T20:48:17.000Z,AFTER_CLOSE
HEI,46619,2020-08-25,2020-08-25T21:27:45.000Z,AFTER_CLOSE
HEI,46619,2020-12-21,2020-12-21T22:16:36.000Z,AFTER_CLOSE
HEI,46619,2021-02-23,2021-02-23T22:23:20.000Z,AFTER_CLOSE
HEI,46619,2021-05-25,2021-05-25T21:19:23.000Z,AFTER_CLOSE
HEI,46619,2021-08-24,2021-08-24T20:55:45.000Z,AFTER_CLOSE
HEI,46619,2021-12-15,2021-12-15T21:49:56.000Z,AFTER_CLOSE
HEI,46619,2022-02-23,2022-02-23T22:04:24.000Z,AFTER_CLOSE
HEI,46619,2022-05-23,2022-05-23T21:18:43.000Z,AFTER_CLOSE
HEI,46619,2022-08-29,2022-08-29T21:19:58.000Z,AFTER_CLOSE
HEI,46619,2022-12-19,2022-12-19T21:42:16.000Z,AFTER_CLOSE
HEI,46619,2023-02-27,2023-02-27T22:09:26.000Z,AFTER_CLOSE
HEI,46619,2023-05-22,2023-05-22T21:12:21.000Z,AFTER_CLOSE
HEI,46619,2023-08-28,2023-08-28T21:05:11.000Z,AFTER_CLOSE
HEI,46619,2023-12-18,2023-12-18T22:17:07.000Z,AFTER_CLOSE
HEI,46619,2024-02-26,2024-02-26T22:12:29.000Z,AFTER_CLOSE
HEI,46619,2024-05-28,2024-05-28T21:26:44.000Z,AFTER_CLOSE
HEI,46619,2024-08-26,2024-08-26T20:44:57.000Z,AFTER_CLOSE
HEI,46619,2024-12-17,2024-12-17T21:58:17.000Z,AFTER_CLOSE
HEI,46619,2025-02-26,2025-02-26T21:51:00.000Z,AFTER_CLOSE
HEI,46619,2025-05-27,2025-05-27T21:13:44.000Z,AFTER_CLOSE
HEI,46619,2025-08-25,2025-08-25T21:15:03.000Z,AFTER_CLOSE
HEI,46619,2025-12-18,2025-12-18T22:02:22.000Z,AFTER_CLOSE
HEI,46619,2026-02-25,2026-02-25T22:16:33.000Z,AFTER_CLOSE
HEI,46619,2026-05-27,2026-05-27T20:59:59.000Z,AFTER_CLOSE
HEI,46619,2026-08-25,2026-08-25T21:13:15.000Z,AFTER_CLOSE
HIG,874766,2016-04-28,2016-04-28T20:25:56.000Z,AFTER_CLOSE
HIG,874766,2016-07-28,2016-07-28T20:20:16.000Z,AFTER_CLOSE
HIG,874766,2016-10-27,2016-10-27T20:26:39.000Z,AFTER_CLOSE
HIG,874766,2017-02-02,2017-02-02T21:19:38.000Z,AFTER_CLOSE
HIG,874766,2017-04-27,2017-04-27T20:17:27.000Z,AFTER_CLOSE
HIG,874766,2017-10-02,2017-10-02T11:59:19.000Z,BEFORE_OPEN
HIG,874766,2017-10-23,2017-10-23T10:51:31.000Z,BEFORE_OPEN
HIG,874766,2018-01-08,2018-01-08T21:22:09.000Z,AFTER_CLOSE
HIG,874766,2018-02-08,2018-02-08T21:17:21.000Z,AFTER_CLOSE
HIG,874766,2018-04-26,2018-04-26T20:03:48.000Z,AFTER_CLOSE
HIG,874766,2018-07-26,2018-07-26T20:19:59.000Z,AFTER_CLOSE
HIG,874766,2018-10-25,2018-10-25T20:18:14.000Z,AFTER_CLOSE
HIG,874766,2019-02-04,2019-02-04T21:26:14.000Z,AFTER_CLOSE
HIG,874766,2019-05-01,2019-05-01T20:16:35.000Z,AFTER_CLOSE
HIG,874766,2019-06-25,2019-06-25T20:15:37.000Z,AFTER_CLOSE
HIG,874766,2019-08-01,2019-08-01T20:17:06.000Z,AFTER_CLOSE
HIG,874766,2019-11-04,2019-11-04T21:18:53.000Z,AFTER_CLOSE
HIG,874766,2020-02-03,2020-02-03T21:19:38.000Z,AFTER_CLOSE
HIG,874766,2020-07-15,2020-07-15T20:45:32.000Z,AFTER_CLOSE
HIG,874766,2020-07-30,2020-07-30T22:52:19.000Z,AFTER_CLOSE
HIG,874766,2020-10-29,2020-10-29T20:24:06.000Z,AFTER_CLOSE
HIG,874766,2021-02-04,2021-02-04T21:16:23.000Z,AFTER_CLOSE
HIG,874766,2021-04-16,2021-04-16T20:15:53.000Z,AFTER_CLOSE
HIG,874766,2021-04-22,2021-04-22T10:58:35.000Z,BEFORE_OPEN
HIG,874766,2021-07-28,2021-07-28T20:16:37.000Z,AFTER_CLOSE
HIG,874766,2021-10-28,2021-10-28T20:16:26.000Z,AFTER_CLOSE
HIG,874766,2022-02-03,2022-02-03T21:19:27.000Z,AFTER_CLOSE
HIG,874766,2022-04-28,2022-04-28T20:19:28.000Z,AFTER_CLOSE
HIG,874766,2022-07-28,2022-07-28T20:17:42.000Z,AFTER_CLOSE
HIG,874766,2022-10-27,2022-10-27T20:17:10.000Z,AFTER_CLOSE
HIG,874766,2023-02-02,2023-02-02T21:16:37.000Z,AFTER_CLOSE
HIG,874766,2023-04-13,2023-04-13T20:16:09.000Z,AFTER_CLOSE
HIG,874766,2023-04-27,2023-04-27T20:16:33.000Z,AFTER_CLOSE
HIG,874766,2023-07-27,2023-07-27T20:16:32.000Z,AFTER_CLOSE
HIG,874766,2023-10-26,2023-10-26T20:15:52.000Z,AFTER_CLOSE
HIG,874766,2024-02-01,2024-02-01T21:16:00.000Z,AFTER_CLOSE
HIG,874766,2024-04-25,2024-04-25T20:16:07.000Z,AFTER_CLOSE
HIG,874766,2024-07-25,2024-07-25T20:16:31.000Z,AFTER_CLOSE
HIG,874766,2024-10-24,2024-10-24T20:15:49.000Z,AFTER_CLOSE
HIG,874766,2025-01-30,2025-01-30T21:15:52.000Z,AFTER_CLOSE
HIG,874766,2025-04-24,2025-04-24T20:15:52.000Z,AFTER_CLOSE
HIG,874766,2025-07-28,2025-07-28T20:16:19.000Z,AFTER_CLOSE
HIG,874766,2025-10-27,2025-10-27T20:06:20.000Z,AFTER_CLOSE
HIG,874766,2026-01-29,2026-01-29T21:06:01.000Z,AFTER_CLOSE
HIG,874766,2026-04-23,2026-04-23T20:06:01.000Z,AFTER_CLOSE
HIG,874766,2026-07-23,2026-07-23T20:06:45.000Z,AFTER_CLOSE
HLT,1585689,2015-04-29,2015-04-29T10:18:34.000Z,BEFORE_OPEN
HLT,1585689,2015-07-29,2015-07-29T10:13:30.000Z,BEFORE_OPEN
HLT,1585689,2015-10-28,2015-10-28T10:17:25.000Z,BEFORE_OPEN
HLT,1585689,2016-02-26,2016-02-26T11:05:28.000Z,BEFORE_OPEN
HLT,1585689,2016-04-27,2016-04-27T10:14:25.000Z,BEFORE_OPEN
HLT,1585689,2016-07-27,2016-07-27T10:24:43.000Z,BEFORE_OPEN
HLT,1585689,2016-10-26,2016-10-26T10:24:01.000Z,BEFORE_OPEN
HLT,1585689,2017-02-15,2017-02-15T11:04:33.000Z,BEFORE_OPEN
HLT,1585689,2017-05-02,2017-05-02T10:02:13.000Z,BEFORE_OPEN
HLT,1585689,2017-07-26,2017-07-26T10:01:34.000Z,BEFORE_OPEN
HLT,1585689,2017-10-26,2017-10-26T10:01:07.000Z,BEFORE_OPEN
HLT,1585689,2018-02-14,2018-02-14T11:10:11.000Z,BEFORE_OPEN
HLT,1585689,2018-04-09,2018-04-09T10:52:33.000Z,BEFORE_OPEN
HLT,1585689,2018-04-26,2018-04-26T10:02:36.000Z,BEFORE_OPEN
HLT,1585689,2018-07-25,2018-07-25T10:04:20.000Z,BEFORE_OPEN
HLT,1585689,2018-10-24,2018-10-24T10:07:29.000Z,BEFORE_OPEN
HLT,1585689,2019-02-13,2019-02-13T11:07:29.000Z,BEFORE_OPEN
HLT,1585689,2019-05-01,2019-05-01T10:02:41.000Z,BEFORE_OPEN
HLT,1585689,2019-07-24,2019-07-24T10:02:24.000Z,BEFORE_OPEN
HLT,1585689,2019-10-23,2019-10-23T10:04:50.000Z,BEFORE_OPEN
HLT,1585689,2020-02-11,2020-02-11T11:02:53.000Z,BEFORE_OPEN
HLT,1585689,2020-04-16,2020-04-16T13:00:31.000Z,BEFORE_OPEN
HLT,1585689,2020-05-07,2020-05-07T10:03:52.000Z,BEFORE_OPEN
HLT,1585689,2020-08-06,2020-08-06T10:02:33.000Z,BEFORE_OPEN
HLT,1585689,2020-11-04,2020-11-04T11:10:03.000Z,BEFORE_OPEN
HLT,1585689,2021-01-19,2021-01-19T13:24:15.000Z,BEFORE_OPEN
HLT,1585689,2021-02-17,2021-02-17T11:02:24.000Z,BEFORE_OPEN
HLT,1585689,2021-05-05,2021-05-05T10:17:26.000Z,BEFORE_OPEN
HLT,1585689,2021-07-29,2021-07-29T10:01:51.000Z,BEFORE_OPEN
HLT,1585689,2021-10-27,2021-10-27T10:06:17.000Z,BEFORE_OPEN
HLT,1585689,2022-02-16,2022-02-16T11:02:28.000Z,BEFORE_OPEN
HLT,1585689,2022-05-03,2022-05-03T10:02:29.000Z,BEFORE_OPEN
HLT,1585689,2022-07-27,2022-07-27T10:02:22.000Z,BEFORE_OPEN
HLT,1585689,2022-10-26,2022-10-26T10:02:05.000Z,BEFORE_OPEN
HLT,1585689,2023-02-09,2023-02-09T11:01:36.000Z,BEFORE_OPEN
HLT,1585689,2023-04-26,2023-04-26T10:02:32.000Z,BEFORE_OPEN
HLT,1585689,2023-07-26,2023-07-26T10:02:07.000Z,BEFORE_OPEN
HLT,1585689,2023-10-25,2023-10-25T10:02:35.000Z,BEFORE_OPEN
HLT,1585689,2024-02-07,2024-02-07T11:02:52.000Z,BEFORE_OPEN
HLT,1585689,2024-04-24,2024-04-24T10:02:58.000Z,BEFORE_OPEN
HLT,1585689,2024-08-07,2024-08-07T10:02:17.000Z,BEFORE_OPEN
HLT,1585689,2024-10-23,2024-10-23T10:02:45.000Z,BEFORE_OPEN
HLT,1585689,2025-02-06,2025-02-06T11:02:34.000Z,BEFORE_OPEN
HLT,1585689,2025-04-29,2025-04-29T10:02:11.000Z,BEFORE_OPEN
HLT,1585689,2025-07-23,2025-07-23T10:02:17.000Z,BEFORE_OPEN
HLT,1585689,2025-10-22,2025-10-22T10:01:17.000Z,BEFORE_OPEN
HLT,1585689,2026-02-11,2026-02-11T11:01:15.000Z,BEFORE_OPEN
HLT,1585689,2026-04-28,2026-04-28T10:02:08.000Z,BEFORE_OPEN
HLT,1585689,2026-07-28,2026-07-28T10:01:06.000Z,BEFORE_OPEN
HON,773840,2020-05-01,2020-05-01T10:36:25.000Z,BEFORE_OPEN
HON,773840,2020-07-24,2020-07-24T10:36:09.000Z,BEFORE_OPEN
HON,773840,2020-10-23,2020-10-23T21:22:59.000Z,AFTER_CLOSE
HON,773840,2020-10-30,2020-10-30T10:37:23.000Z,BEFORE_OPEN
HON,773840,2021-01-29,2021-01-29T12:02:33.000Z,BEFORE_OPEN
HON,773840,2021-04-23,2021-04-23T10:59:53.000Z,BEFORE_OPEN
HON,773840,2021-07-23,2021-07-23T10:40:05.000Z,BEFORE_OPEN
HON,773840,2021-10-22,2021-10-22T10:53:57.000Z,BEFORE_OPEN
HON,773840,2022-02-03,2022-02-03T11:34:37.000Z,BEFORE_OPEN
HON,773840,2022-04-29,2022-04-29T10:33:47.000Z,BEFORE_OPEN
HON,773840,2022-07-28,2022-07-28T10:32:48.000Z,BEFORE_OPEN
HON,773840,2022-10-27,2022-10-27T10:33:38.000Z,BEFORE_OPEN
HON,773840,2023-02-02,2023-02-02T11:33:38.000Z,BEFORE_OPEN
HON,773840,2023-04-27,2023-04-27T10:03:11.000Z,BEFORE_OPEN
HON,773840,2023-07-27,2023-07-27T10:35:07.000Z,BEFORE_OPEN
HON,773840,2023-10-10,2023-10-10T10:07:08.000Z,BEFORE_OPEN
HON,773840,2023-10-26,2023-10-26T10:01:38.000Z,BEFORE_OPEN
HON,773840,2023-12-11,2023-12-11T12:00:05.000Z,BEFORE_OPEN
HON,773840,2024-02-01,2024-02-01T11:08:55.000Z,BEFORE_OPEN
HON,773840,2024-04-25,2024-04-25T10:03:59.000Z,BEFORE_OPEN
HON,773840,2024-06-03,2024-06-03T11:07:13.000Z,BEFORE_OPEN
HON,773840,2024-07-10,2024-07-10T11:01:48.000Z,BEFORE_OPEN
HON,773840,2024-07-25,2024-07-25T10:03:44.000Z,BEFORE_OPEN
HON,773840,2024-10-24,2024-10-24T10:02:57.000Z,BEFORE_OPEN
HON,773840,2025-02-06,2025-02-06T11:04:00.000Z,BEFORE_OPEN
HON,773840,2025-04-29,2025-04-29T10:05:55.000Z,BEFORE_OPEN
HON,773840,2025-07-24,2025-07-24T10:10:26.000Z,BEFORE_OPEN
HON,773840,2025-10-23,2025-10-23T10:05:17.000Z,BEFORE_OPEN
HON,773840,2025-12-22,2025-12-22T11:05:39.000Z,BEFORE_OPEN
HON,773840,2026-01-29,2026-01-29T11:04:46.000Z,BEFORE_OPEN
HON,773840,2026-04-23,2026-04-23T10:03:02.000Z,BEFORE_OPEN
HON,773840,2026-06-29,2026-06-29T10:41:22.000Z,BEFORE_OPEN
HON,773840,2026-07-23,2026-07-23T10:01:36.000Z,BEFORE_OPEN
HOOD,1783879,2022-04-28,2022-04-28T20:03:13.000Z,AFTER_CLOSE
HOOD,1783879,2022-07-29,2022-07-29T20:01:17.000Z,AFTER_CLOSE
HOOD,1783879,2022-08-02,2022-08-02T20:16:10.000Z,AFTER_CLOSE
HOOD,1783879,2022-10-31,2022-10-31T20:14:39.000Z,AFTER_CLOSE
HOOD,1783879,2022-11-02,2022-11-02T20:04:42.000Z,AFTER_CLOSE
HOOD,1783879,2023-01-31,2023-01-31T22:22:49.000Z,AFTER_CLOSE
HOOD,1783879,2023-02-08,2023-02-08T21:05:38.000Z,AFTER_CLOSE
HOOD,1783879,2023-04-28,2023-04-28T20:03:11.000Z,AFTER_CLOSE
HOOD,1783879,2023-05-10,2023-05-10T20:05:41.000Z,AFTER_CLOSE
HOOD,1783879,2023-07-31,2023-07-31T20:15:29.000Z,AFTER_CLOSE
HOOD,1783879,2023-08-02,2023-08-02T20:06:21.000Z,AFTER_CLOSE
HOOD,1783879,2023-10-31,2023-10-31T20:05:28.000Z,AFTER_CLOSE
HOOD,1783879,2023-11-07,2023-11-07T21:05:34.000Z,AFTER_CLOSE
HOOD,1783879,2024-01-31,2024-01-31T21:08:13.000Z,AFTER_CLOSE
HOOD,1783879,2024-02-13,2024-02-13T21:05:36.000Z,AFTER_CLOSE
HOOD,1783879,2024-04-30,2024-04-30T20:01:45.000Z,AFTER_CLOSE
HOOD,1783879,2024-05-08,2024-05-08T20:06:08.000Z,AFTER_CLOSE
HOOD,1783879,2024-07-31,2024-07-31T20:09:35.000Z,AFTER_CLOSE
HOOD,1783879,2024-08-07,2024-08-07T20:05:02.000Z,AFTER_CLOSE
HOOD,1783879,2024-10-30,2024-10-30T20:05:24.000Z,AFTER_CLOSE
HOOD,1783879,2025-01-31,2025-01-31T21:04:58.000Z,AFTER_CLOSE
HOOD,1783879,2025-02-12,2025-02-12T21:05:03.000Z,AFTER_CLOSE
HOOD,1783879,2025-04-30,2025-04-30T20:05:42.000Z,AFTER_CLOSE
HOOD,1783879,2025-07-30,2025-07-30T20:05:29.000Z,AFTER_CLOSE
HOOD,1783879,2025-10-31,2025-10-31T20:05:38.000Z,AFTER_CLOSE
HOOD,1783879,2025-11-05,2025-11-05T21:05:08.000Z,AFTER_CLOSE
HOOD,1783879,2026-01-30,2026-01-30T21:05:18.000Z,AFTER_CLOSE
HOOD,1783879,2026-02-10,2026-02-10T21:05:13.000Z,AFTER_CLOSE
HOOD,1783879,2026-04-28,2026-04-28T20:05:17.000Z,AFTER_CLOSE
HOOD,1783879,2026-07-29,2026-07-29T20:05:14.000Z,AFTER_CLOSE
HPE,1645590,2019-08-27,2019-08-27T20:22:37.000Z,AFTER_CLOSE
HPE,1645590,2019-11-25,2019-11-25T21:21:20.000Z,AFTER_CLOSE
HPE,1645590,2020-02-13,2020-02-12T23:27:56.000Z,AFTER_CLOSE
HPE,1645590,2020-03-03,2020-03-03T21:38:13.000Z,AFTER_CLOSE
HPE,1645590,2020-05-21,2020-05-21T20:14:22.000Z,AFTER_CLOSE
HPE,1645590,2020-08-25,2020-08-25T20:30:32.000Z,AFTER_CLOSE
HPE,1645590,2020-12-01,2020-12-01T21:26:16.000Z,AFTER_CLOSE
HPE,1645590,2021-02-04,2021-02-04T21:20:09.000Z,AFTER_CLOSE
HPE,1645590,2021-03-02,2021-03-02T22:08:56.000Z,AFTER_CLOSE
HPE,1645590,2021-06-01,2021-06-01T21:12:48.000Z,AFTER_CLOSE
HPE,1645590,2021-09-02,2021-09-02T20:50:14.000Z,AFTER_CLOSE
HPE,1645590,2021-11-30,2021-11-30T21:19:50.000Z,AFTER_CLOSE
HPE,1645590,2022-03-01,2022-03-01T21:19:04.000Z,AFTER_CLOSE
HPE,1645590,2022-06-01,2022-06-01T20:25:34.000Z,AFTER_CLOSE
HPE,1645590,2022-08-30,2022-08-30T20:07:57.000Z,AFTER_CLOSE
HPE,1645590,2022-11-29,2022-11-29T21:10:37.000Z,AFTER_CLOSE
HPE,1645590,2023-02-09,2023-02-09T21:38:08.000Z,AFTER_CLOSE
HPE,1645590,2023-03-02,2023-03-02T21:13:03.000Z,AFTER_CLOSE
HPE,1645590,2023-05-30,2023-05-30T20:08:18.000Z,AFTER_CLOSE
HPE,1645590,2023-08-07,2023-08-07T20:07:44.000Z,AFTER_CLOSE
HPE,1645590,2023-08-29,2023-08-29T20:08:48.000Z,AFTER_CLOSE
HPE,1645590,2023-11-28,2023-11-28T21:08:54.000Z,AFTER_CLOSE
HPE,1645590,2024-02-07,2024-02-07T21:29:53.000Z,AFTER_CLOSE
HPE,1645590,2024-02-29,2024-02-29T21:07:49.000Z,AFTER_CLOSE
HPE,1645590,2024-06-04,2024-06-04T20:08:23.000Z,AFTER_CLOSE
HPE,1645590,2024-09-04,2024-09-04T20:07:58.000Z,AFTER_CLOSE
HPE,1645590,2024-12-05,2024-12-05T21:07:31.000Z,AFTER_CLOSE
HPE,1645590,2025-03-06,2025-03-06T21:08:18.000Z,AFTER_CLOSE
HPE,1645590,2025-06-03,2025-06-03T20:07:17.000Z,AFTER_CLOSE
HPE,1645590,2025-09-03,2025-09-03T20:08:08.000Z,AFTER_CLOSE
HPE,1645590,2025-10-15,2025-10-15T20:47:46.000Z,AFTER_CLOSE
HPE,1645590,2025-12-04,2025-12-04T21:07:19.000Z,AFTER_CLOSE
HPE,1645590,2026-03-09,2026-03-09T20:08:13.000Z,AFTER_CLOSE
HPE,1645590,2026-06-01,2026-06-01T20:09:22.000Z,AFTER_CLOSE
HPE,1645590,2026-09-02,2026-09-02T20:06:52.000Z,AFTER_CLOSE
HPQ,47217,2016-11-22,2016-11-22T21:35:45.000Z,AFTER_CLOSE
HPQ,47217,2017-02-22,2017-02-22T21:09:49.000Z,AFTER_CLOSE
HPQ,47217,2017-05-24,2017-05-24T20:14:37.000Z,AFTER_CLOSE
HPQ,47217,2017-08-23,2017-08-23T20:08:51.000Z,AFTER_CLOSE
HPQ,47217,2017-11-21,2017-11-21T21:10:21.000Z,AFTER_CLOSE
HPQ,47217,2018-02-22,2018-02-22T21:14:32.000Z,AFTER_CLOSE
HPQ,47217,2018-05-29,2018-05-29T20:09:14.000Z,AFTER_CLOSE
HPQ,47217,2018-08-23,2018-08-23T20:14:57.000Z,AFTER_CLOSE
HPQ,47217,2018-11-29,2018-11-29T21:23:09.000Z,AFTER_CLOSE
HPQ,47217,2019-02-27,2019-02-27T21:11:35.000Z,AFTER_CLOSE
HPQ,47217,2019-05-23,2019-05-23T20:12:07.000Z,AFTER_CLOSE
HPQ,47217,2019-08-22,2019-08-22T20:09:53.000Z,AFTER_CLOSE
HPQ,47217,2019-11-26,2019-11-26T21:10:25.000Z,AFTER_CLOSE
HPQ,47217,2020-02-24,2020-02-24T21:28:57.000Z,AFTER_CLOSE
HPQ,47217,2020-05-27,2020-05-27T20:07:54.000Z,AFTER_CLOSE
HPQ,47217,2020-08-27,2020-08-27T20:08:56.000Z,AFTER_CLOSE
HPQ,47217,2020-11-24,2020-11-24T21:10:09.000Z,AFTER_CLOSE
HPQ,47217,2021-02-25,2021-02-25T20:57:18.000Z,IN_SESSION
HPQ,47217,2021-05-27,2021-05-27T20:09:35.000Z,AFTER_CLOSE
HPQ,47217,2021-08-26,2021-08-26T20:09:03.000Z,AFTER_CLOSE
HPQ,47217,2021-11-23,2021-11-23T21:08:42.000Z,AFTER_CLOSE
HPQ,47217,2022-02-28,2022-02-28T21:18:27.000Z,AFTER_CLOSE
HPQ,47217,2022-05-31,2022-05-31T20:17:48.000Z,AFTER_CLOSE
HPQ,47217,2022-08-30,2022-08-30T20:17:44.000Z,AFTER_CLOSE
HPQ,47217,2022-11-22,2022-11-22T21:17:20.000Z,AFTER_CLOSE
HPQ,47217,2023-02-28,2023-02-28T21:19:29.000Z,AFTER_CLOSE
HPQ,47217,2023-05-30,2023-05-30T20:18:01.000Z,AFTER_CLOSE
HPQ,47217,2023-08-29,2023-08-29T20:18:00.000Z,AFTER_CLOSE
HPQ,47217,2023-11-21,2023-11-21T21:18:04.000Z,AFTER_CLOSE
HPQ,47217,2024-02-28,2024-02-28T21:17:20.000Z,AFTER_CLOSE
HPQ,47217,2024-05-29,2024-05-29T20:17:14.000Z,AFTER_CLOSE
HPQ,47217,2024-08-28,2024-08-28T20:18:14.000Z,AFTER_CLOSE
HPQ,47217,2024-11-26,2024-11-26T21:17:51.000Z,AFTER_CLOSE
HPQ,47217,2025-02-27,2025-02-27T21:18:12.000Z,AFTER_CLOSE
HPQ,47217,2025-05-28,2025-05-28T20:18:16.000Z,AFTER_CLOSE
HPQ,47217,2025-08-27,2025-08-27T20:06:39.000Z,AFTER_CLOSE
HPQ,47217,2025-11-25,2025-11-25T21:17:31.000Z,AFTER_CLOSE
HPQ,47217,2026-02-03,2026-02-03T22:15:53.000Z,AFTER_CLOSE
HPQ,47217,2026-02-24,2026-02-24T21:18:40.000Z,AFTER_CLOSE
HPQ,47217,2026-05-27,2026-05-27T20:17:25.000Z,AFTER_CLOSE
HPQ,47217,2026-08-26,2026-08-26T20:17:31.000Z,AFTER_CLOSE
HSY,47111,2021-04-29,2021-04-29T10:51:45.000Z,BEFORE_OPEN
HSY,47111,2021-07-29,2021-07-29T10:48:18.000Z,BEFORE_OPEN
HSY,47111,2021-10-28,2021-10-28T10:47:56.000Z,BEFORE_OPEN
HSY,47111,2022-02-03,2022-02-03T11:53:23.000Z,BEFORE_OPEN
HSY,47111,2022-04-28,2022-04-28T10:48:23.000Z,BEFORE_OPEN
HSY,47111,2022-07-28,2022-07-28T10:52:26.000Z,BEFORE_OPEN
HSY,47111,2022-11-04,2022-11-04T10:48:51.000Z,BEFORE_OPEN
HSY,47111,2023-02-02,2023-02-02T11:50:14.000Z,BEFORE_OPEN
HSY,47111,2023-04-27,2023-04-27T10:59:55.000Z,BEFORE_OPEN
HSY,47111,2023-07-27,2023-07-27T10:51:32.000Z,BEFORE_OPEN
HSY,47111,2023-10-26,2023-10-26T10:49:51.000Z,BEFORE_OPEN
HSY,47111,2024-02-08,2024-02-08T11:49:59.000Z,BEFORE_OPEN
HSY,47111,2024-05-03,2024-05-03T10:51:23.000Z,BEFORE_OPEN
HSY,47111,2024-08-01,2024-08-01T10:50:04.000Z,BEFORE_OPEN
HSY,47111,2024-11-07,2024-11-07T11:50:11.000Z,BEFORE_OPEN
HSY,47111,2025-02-06,2025-02-06T11:50:10.000Z,BEFORE_OPEN
HSY,47111,2025-05-01,2025-05-01T10:47:38.000Z,BEFORE_OPEN
HSY,47111,2025-07-30,2025-07-30T10:36:11.000Z,BEFORE_OPEN
HSY,47111,2025-10-30,2025-10-30T10:49:49.000Z,BEFORE_OPEN
HSY,47111,2026-02-05,2026-02-05T11:46:48.000Z,BEFORE_OPEN
HSY,47111,2026-03-31,2026-03-31T15:58:52.000Z,IN_SESSION
HSY,47111,2026-04-30,2026-04-30T10:47:24.000Z,BEFORE_OPEN
HSY,47111,2026-07-30,2026-07-30T10:48:34.000Z,BEFORE_OPEN
HUBB,48898,2016-01-28,2016-01-28T14:19:29.000Z,BEFORE_OPEN
HUBB,48898,2016-04-26,2016-04-26T13:16:29.000Z,BEFORE_OPEN
HUBB,48898,2016-07-26,2016-07-26T12:20:00.000Z,BEFORE_OPEN
HUBB,48898,2016-10-25,2016-10-25T12:23:58.000Z,BEFORE_OPEN
HUBB,48898,2017-01-31,2017-01-31T13:21:12.000Z,BEFORE_OPEN
HUBB,48898,2017-04-25,2017-04-25T12:19:33.000Z,BEFORE_OPEN
HUBB,48898,2017-07-25,2017-07-25T12:17:06.000Z,BEFORE_OPEN
HUBB,48898,2017-10-24,2017-10-24T12:13:47.000Z,BEFORE_OPEN
HUBB,48898,2018-01-30,2018-01-30T13:40:42.000Z,BEFORE_OPEN
HUBB,48898,2018-04-24,2018-04-24T12:21:07.000Z,BEFORE_OPEN
HUBB,48898,2018-07-24,2018-07-24T12:11:12.000Z,BEFORE_OPEN
HUBB,48898,2018-10-23,2018-10-23T12:17:33.000Z,BEFORE_OPEN
HUBB,48898,2019-02-05,2019-02-05T13:21:17.000Z,BEFORE_OPEN
HUBB,48898,2019-04-30,2019-04-30T12:07:07.000Z,BEFORE_OPEN
HUBB,48898,2019-07-30,2019-07-30T12:12:40.000Z,BEFORE_OPEN
HUBB,48898,2019-10-29,2019-10-29T12:11:44.000Z,BEFORE_OPEN
HUBB,48898,2020-02-04,2020-02-04T13:10:00.000Z,BEFORE_OPEN
HUBB,48898,2020-04-15,2020-04-15T21:27:39.000Z,AFTER_CLOSE
HUBB,48898,2020-04-30,2020-04-30T12:06:01.000Z,BEFORE_OPEN
HUBB,48898,2020-07-30,2020-07-30T12:20:20.000Z,BEFORE_OPEN
HUBB,48898,2020-10-27,2020-10-27T12:14:16.000Z,BEFORE_OPEN
HUBB,48898,2021-02-02,2021-02-02T13:09:21.000Z,BEFORE_OPEN
HUBB,48898,2021-04-27,2021-04-27T12:12:23.000Z,BEFORE_OPEN
HUBB,48898,2021-07-27,2021-07-27T12:10:37.000Z,BEFORE_OPEN
HUBB,48898,2021-10-26,2021-10-26T12:02:44.000Z,BEFORE_OPEN
HUBB,48898,2022-02-03,2022-02-03T13:13:04.000Z,BEFORE_OPEN
HUBB,48898,2022-04-26,2022-04-26T12:06:12.000Z,BEFORE_OPEN
HUBB,48898,2022-07-26,2022-07-26T12:06:23.000Z,BEFORE_OPEN
HUBB,48898,2022-10-25,2022-10-25T12:17:16.000Z,BEFORE_OPEN
HUBB,48898,2023-01-31,2023-01-31T13:11:15.000Z,BEFORE_OPEN
HUBB,48898,2023-04-25,2023-04-25T12:03:03.000Z,BEFORE_OPEN
HUBB,48898,2023-07-25,2023-07-25T12:04:01.000Z,BEFORE_OPEN
HUBB,48898,2023-10-31,2023-10-31T12:07:30.000Z,BEFORE_OPEN
HUBB,48898,2024-01-30,2024-01-30T13:10:00.000Z,BEFORE_OPEN
HUBB,48898,2024-04-30,2024-04-30T12:09:12.000Z,BEFORE_OPEN
HUBB,48898,2024-07-30,2024-07-30T12:10:00.000Z,BEFORE_OPEN
HUBB,48898,2024-10-29,2024-10-29T12:09:21.000Z,BEFORE_OPEN
HUBB,48898,2025-02-04,2025-02-04T13:08:27.000Z,BEFORE_OPEN
HUBB,48898,2025-05-01,2025-05-01T12:01:33.000Z,BEFORE_OPEN
HUBB,48898,2025-07-29,2025-07-29T12:04:47.000Z,BEFORE_OPEN
HUBB,48898,2025-10-28,2025-10-28T12:11:27.000Z,BEFORE_OPEN
HUBB,48898,2026-02-03,2026-02-03T13:03:40.000Z,BEFORE_OPEN
HUBB,48898,2026-04-30,2026-04-30T12:03:57.000Z,BEFORE_OPEN
HUBB,48898,2026-07-28,2026-07-28T12:02:27.000Z,BEFORE_OPEN
HUM,49071,2018-05-02,2018-05-02T11:31:04.000Z,BEFORE_OPEN
HUM,49071,2018-08-01,2018-08-01T11:30:10.000Z,BEFORE_OPEN
HUM,49071,2018-11-07,2018-11-07T12:30:59.000Z,BEFORE_OPEN
HUM,49071,2019-02-06,2019-02-06T12:31:03.000Z,BEFORE_OPEN
HUM,49071,2019-05-01,2019-05-01T11:31:04.000Z,BEFORE_OPEN
HUM,49071,2019-07-31,2019-07-31T11:20:19.000Z,BEFORE_OPEN
HUM,49071,2019-11-06,2019-11-06T12:23:58.000Z,BEFORE_OPEN
HUM,49071,2020-02-05,2020-02-05T11:57:09.000Z,BEFORE_OPEN
HUM,49071,2020-04-29,2020-04-29T11:12:38.000Z,BEFORE_OPEN
HUM,49071,2020-08-05,2020-08-05T11:03:03.000Z,BEFORE_OPEN
HUM,49071,2020-11-03,2020-11-03T11:50:43.000Z,BEFORE_OPEN
HUM,49071,2021-02-03,2021-02-03T11:58:31.000Z,BEFORE_OPEN
HUM,49071,2021-04-28,2021-04-28T11:13:15.000Z,BEFORE_OPEN
HUM,49071,2021-07-28,2021-07-28T11:07:24.000Z,BEFORE_OPEN
HUM,49071,2021-11-03,2021-11-03T11:00:01.000Z,BEFORE_OPEN
HUM,49071,2022-02-02,2022-02-02T11:56:37.000Z,BEFORE_OPEN
HUM,49071,2022-04-27,2022-04-27T11:20:01.000Z,BEFORE_OPEN
HUM,49071,2022-07-27,2022-07-27T10:58:13.000Z,BEFORE_OPEN
HUM,49071,2022-11-02,2022-11-02T10:49:48.000Z,BEFORE_OPEN
HUM,49071,2023-02-01,2023-02-01T11:35:52.000Z,BEFORE_OPEN
HUM,49071,2023-04-26,2023-04-26T10:37:55.000Z,BEFORE_OPEN
HUM,49071,2023-08-02,2023-08-02T10:41:05.000Z,BEFORE_OPEN
HUM,49071,2023-11-01,2023-11-01T10:46:36.000Z,BEFORE_OPEN
HUM,49071,2024-01-18,2024-01-18T11:37:09.000Z,BEFORE_OPEN
HUM,49071,2024-01-25,2024-01-25T11:35:33.000Z,BEFORE_OPEN
HUM,49071,2024-04-24,2024-04-24T10:38:26.000Z,BEFORE_OPEN
HUM,49071,2024-07-31,2024-07-31T10:41:24.000Z,BEFORE_OPEN
HUM,49071,2024-10-30,2024-10-30T10:42:43.000Z,BEFORE_OPEN
HUM,49071,2025-02-11,2025-02-11T11:41:21.000Z,BEFORE_OPEN
HUM,49071,2025-04-30,2025-04-30T10:05:50.000Z,BEFORE_OPEN
HUM,49071,2025-07-30,2025-07-30T10:07:27.000Z,BEFORE_OPEN
HUM,49071,2025-11-05,2025-11-05T11:11:16.000Z,BEFORE_OPEN
HUM,49071,2026-02-11,2026-02-11T11:40:24.000Z,BEFORE_OPEN
HUM,49071,2026-04-29,2026-04-29T10:06:00.000Z,BEFORE_OPEN
HUM,49071,2026-07-29,2026-07-29T10:19:53.000Z,BEFORE_OPEN
HWM,4281,2017-04-25,2017-04-25T20:49:20.000Z,AFTER_CLOSE
HWM,4281,2017-07-24,2017-07-24T12:36:33.000Z,BEFORE_OPEN
HWM,4281,2017-10-23,2017-10-23T12:17:38.000Z,BEFORE_OPEN
HWM,4281,2018-02-05,2018-02-05T13:10:43.000Z,BEFORE_OPEN
HWM,4281,2018-04-30,2018-04-30T12:18:03.000Z,BEFORE_OPEN
HWM,4281,2018-07-31,2018-07-31T12:15:29.000Z,BEFORE_OPEN
HWM,4281,2018-10-30,2018-10-30T12:05:54.000Z,BEFORE_OPEN
HWM,4281,2019-02-06,2019-02-06T21:58:04.000Z,AFTER_CLOSE
HWM,4281,2019-02-08,2019-02-08T13:05:35.000Z,BEFORE_OPEN
HWM,4281,2019-04-30,2019-04-30T12:05:39.000Z,BEFORE_OPEN
HWM,4281,2019-08-02,2019-08-02T12:05:16.000Z,BEFORE_OPEN
HWM,4281,2019-10-29,2019-10-29T23:24:33.000Z,AFTER_CLOSE
HWM,4281,2019-11-05,2019-11-05T11:40:35.000Z,BEFORE_OPEN
HWM,4281,2020-01-27,2020-01-27T11:55:41.000Z,BEFORE_OPEN
HWM,4281,2020-04-14,2020-04-14T20:26:38.000Z,AFTER_CLOSE
HWM,4281,2020-05-05,2020-05-05T11:05:39.000Z,BEFORE_OPEN
HWM,4281,2020-08-06,2020-08-06T11:40:44.000Z,BEFORE_OPEN
HWM,4281,2020-11-09,2020-11-09T12:09:27.000Z,BEFORE_OPEN
HWM,4281,2021-02-03,2021-02-03T12:15:29.000Z,BEFORE_OPEN
HWM,4281,2021-05-06,2021-05-06T11:10:16.000Z,BEFORE_OPEN
HWM,4281,2021-08-04,2021-08-04T11:15:50.000Z,BEFORE_OPEN
HWM,4281,2021-11-04,2021-11-04T11:05:21.000Z,BEFORE_OPEN
HWM,4281,2022-02-02,2022-02-02T12:05:30.000Z,BEFORE_OPEN
HWM,4281,2022-05-03,2022-05-03T11:10:17.000Z,BEFORE_OPEN
HWM,4281,2022-08-04,2022-08-04T11:15:31.000Z,BEFORE_OPEN
HWM,4281,2022-10-31,2022-10-31T11:15:35.000Z,BEFORE_OPEN
HWM,4281,2023-02-14,2023-02-14T12:10:25.000Z,BEFORE_OPEN
HWM,4281,2023-05-02,2023-05-02T11:15:34.000Z,BEFORE_OPEN
HWM,4281,2023-08-01,2023-08-01T11:10:24.000Z,BEFORE_OPEN
HWM,4281,2023-11-02,2023-11-02T11:10:27.000Z,BEFORE_OPEN
HWM,4281,2024-02-13,2024-02-13T12:05:25.000Z,BEFORE_OPEN
HWM,4281,2024-05-02,2024-05-02T11:05:19.000Z,BEFORE_OPEN
HWM,4281,2024-07-30,2024-07-30T11:05:15.000Z,BEFORE_OPEN
HWM,4281,2024-11-06,2024-11-06T12:07:06.000Z,BEFORE_OPEN
HWM,4281,2025-02-13,2025-02-13T12:05:23.000Z,BEFORE_OPEN
HWM,4281,2025-05-01,2025-05-01T11:00:27.000Z,BEFORE_OPEN
HWM,4281,2025-07-31,2025-07-31T11:05:37.000Z,BEFORE_OPEN
HWM,4281,2025-10-30,2025-10-30T11:05:46.000Z,BEFORE_OPEN
HWM,4281,2026-02-12,2026-02-12T12:00:36.000Z,BEFORE_OPEN
HWM,4281,2026-05-07,2026-05-07T11:00:25.000Z,BEFORE_OPEN
HWM,4281,2026-08-06,2026-08-06T11:00:35.000Z,BEFORE_OPEN
IBKR,1381197,2017-10-17,2017-10-17T20:05:29.000Z,AFTER_CLOSE
IBKR,1381197,2018-01-16,2018-01-16T21:02:28.000Z,AFTER_CLOSE
IBKR,1381197,2018-04-17,2018-04-17T20:01:21.000Z,AFTER_CLOSE
IBKR,1381197,2018-07-17,2018-07-17T20:01:44.000Z,AFTER_CLOSE
IBKR,1381197,2018-07-27,2018-07-27T20:07:28.000Z,AFTER_CLOSE
IBKR,1381197,2018-10-16,2018-10-16T20:02:52.000Z,AFTER_CLOSE
IBKR,1381197,2019-01-22,2019-01-22T21:02:17.000Z,AFTER_CLOSE
IBKR,1381197,2019-04-16,2019-04-16T20:01:21.000Z,AFTER_CLOSE
IBKR,1381197,2019-07-16,2019-07-16T20:02:01.000Z,AFTER_CLOSE
IBKR,1381197,2019-10-15,2019-10-15T20:02:56.000Z,AFTER_CLOSE
IBKR,1381197,2020-01-21,2020-01-21T21:03:30.000Z,AFTER_CLOSE
IBKR,1381197,2020-04-21,2020-04-21T20:05:13.000Z,AFTER_CLOSE
IBKR,1381197,2020-07-21,2020-07-21T20:00:53.000Z,AFTER_CLOSE
IBKR,1381197,2020-10-20,2020-10-20T20:02:18.000Z,AFTER_CLOSE
IBKR,1381197,2021-01-19,2021-01-19T21:02:39.000Z,AFTER_CLOSE
IBKR,1381197,2021-04-20,2021-04-20T20:02:31.000Z,AFTER_CLOSE
IBKR,1381197,2021-07-20,2021-07-20T20:02:44.000Z,AFTER_CLOSE
IBKR,1381197,2021-10-19,2021-10-19T20:01:49.000Z,AFTER_CLOSE
IBKR,1381197,2022-01-18,2022-01-18T21:02:03.000Z,AFTER_CLOSE
IBKR,1381197,2022-04-19,2022-04-19T20:05:29.000Z,AFTER_CLOSE
IBKR,1381197,2022-07-19,2022-07-19T20:01:59.000Z,AFTER_CLOSE
IBKR,1381197,2022-10-18,2022-10-18T20:03:23.000Z,AFTER_CLOSE
IBKR,1381197,2023-01-17,2023-01-17T21:02:19.000Z,AFTER_CLOSE
IBKR,1381197,2023-04-18,2023-04-18T20:01:46.000Z,AFTER_CLOSE
IBKR,1381197,2023-07-18,2023-07-18T20:01:41.000Z,AFTER_CLOSE
IBKR,1381197,2023-10-17,2023-10-17T20:01:31.000Z,AFTER_CLOSE
IBKR,1381197,2024-01-16,2024-01-16T21:01:47.000Z,AFTER_CLOSE
IBKR,1381197,2024-04-16,2024-04-16T20:01:42.000Z,AFTER_CLOSE
IBKR,1381197,2024-07-16,2024-07-16T20:01:52.000Z,AFTER_CLOSE
IBKR,1381197,2024-10-15,2024-10-15T20:02:22.000Z,AFTER_CLOSE
IBKR,1381197,2025-01-21,2025-01-21T21:02:07.000Z,AFTER_CLOSE
IBKR,1381197,2025-04-15,2025-04-15T20:02:19.000Z,AFTER_CLOSE
IBKR,1381197,2025-07-17,2025-07-17T20:01:26.000Z,AFTER_CLOSE
IBKR,1381197,2025-10-16,2025-10-16T20:01:39.000Z,AFTER_CLOSE
IBKR,1381197,2026-01-20,2026-01-20T21:02:18.000Z,AFTER_CLOSE
IBKR,1381197,2026-04-21,2026-04-21T20:02:51.000Z,AFTER_CLOSE
IBKR,1381197,2026-07-21,2026-07-21T20:11:00.000Z,AFTER_CLOSE
IBM,51143,2020-01-21,2020-01-21T21:10:21.000Z,AFTER_CLOSE
IBM,51143,2020-04-20,2020-04-20T20:15:44.000Z,AFTER_CLOSE
IBM,51143,2020-07-20,2020-07-20T20:13:56.000Z,AFTER_CLOSE
IBM,51143,2020-10-08,2020-10-08T11:55:35.000Z,BEFORE_OPEN
IBM,51143,2020-10-19,2020-10-19T20:20:19.000Z,AFTER_CLOSE
IBM,51143,2021-01-21,2021-01-21T21:21:47.000Z,AFTER_CLOSE
IBM,51143,2021-04-19,2021-04-19T20:21:54.000Z,AFTER_CLOSE
IBM,51143,2021-07-19,2021-07-19T20:14:23.000Z,AFTER_CLOSE
IBM,51143,2021-10-20,2021-10-20T20:12:03.000Z,AFTER_CLOSE
IBM,51143,2021-12-27,2021-12-27T21:50:21.000Z,AFTER_CLOSE
IBM,51143,2022-01-24,2022-01-24T21:12:51.000Z,AFTER_CLOSE
IBM,51143,2022-04-19,2022-04-19T20:13:16.000Z,AFTER_CLOSE
IBM,51143,2022-07-18,2022-07-18T20:15:37.000Z,AFTER_CLOSE
IBM,51143,2022-10-19,2022-10-19T20:15:16.000Z,AFTER_CLOSE
IBM,51143,2023-01-25,2023-01-25T21:14:56.000Z,AFTER_CLOSE
IBM,51143,2023-04-19,2023-04-19T20:15:23.000Z,AFTER_CLOSE
IBM,51143,2023-07-19,2023-07-19T20:15:37.000Z,AFTER_CLOSE
IBM,51143,2023-10-25,2023-10-25T20:17:03.000Z,AFTER_CLOSE
IBM,51143,2024-01-24,2024-01-24T21:13:55.000Z,AFTER_CLOSE
IBM,51143,2024-04-24,2024-04-24T20:16:07.000Z,AFTER_CLOSE
IBM,51143,2024-07-24,2024-07-24T20:14:27.000Z,AFTER_CLOSE
IBM,51143,2024-10-23,2024-10-23T20:12:01.000Z,AFTER_CLOSE
IBM,51143,2025-01-29,2025-01-29T21:16:40.000Z,AFTER_CLOSE
IBM,51143,2025-04-23,2025-04-23T20:12:28.000Z,AFTER_CLOSE
IBM,51143,2025-07-23,2025-07-23T20:16:51.000Z,AFTER_CLOSE
IBM,51143,2025-10-22,2025-10-22T20:13:59.000Z,AFTER_CLOSE
IBM,51143,2026-01-28,2026-01-28T21:10:27.000Z,AFTER_CLOSE
IBM,51143,2026-04-22,2026-04-22T20:10:35.000Z,AFTER_CLOSE
IBM,51143,2026-07-14,2026-07-14T11:01:52.000Z,BEFORE_OPEN
IBM,51143,2026-07-22,2026-07-22T20:10:24.000Z,AFTER_CLOSE
ICE,1571949,2020-04-30,2020-04-30T11:30:30.000Z,BEFORE_OPEN
ICE,1571949,2020-07-30,2020-07-30T11:30:32.000Z,BEFORE_OPEN
ICE,1571949,2020-10-29,2020-10-29T11:30:27.000Z,BEFORE_OPEN
ICE,1571949,2021-02-04,2021-02-04T12:30:27.000Z,BEFORE_OPEN
ICE,1571949,2021-04-29,2021-04-29T11:32:22.000Z,BEFORE_OPEN
ICE,1571949,2021-07-29,2021-07-29T11:31:34.000Z,BEFORE_OPEN
ICE,1571949,2021-10-28,2021-10-28T11:30:59.000Z,BEFORE_OPEN
ICE,1571949,2022-02-03,2022-02-03T12:30:25.000Z,BEFORE_OPEN
ICE,1571949,2022-05-05,2022-05-05T11:30:20.000Z,BEFORE_OPEN
ICE,1571949,2022-08-04,2022-08-04T11:30:37.000Z,BEFORE_OPEN
ICE,1571949,2022-10-28,2022-10-28T20:57:09.000Z,AFTER_CLOSE
ICE,1571949,2022-11-03,2022-11-03T11:30:25.000Z,BEFORE_OPEN
ICE,1571949,2023-02-02,2023-02-02T12:30:34.000Z,BEFORE_OPEN
ICE,1571949,2023-05-04,2023-05-04T11:30:28.000Z,BEFORE_OPEN
ICE,1571949,2023-08-03,2023-08-03T11:30:22.000Z,BEFORE_OPEN
ICE,1571949,2023-11-02,2023-11-02T11:30:12.000Z,BEFORE_OPEN
ICE,1571949,2024-02-08,2024-02-08T12:30:15.000Z,BEFORE_OPEN
ICE,1571949,2024-05-02,2024-05-02T11:30:30.000Z,BEFORE_OPEN
ICE,1571949,2024-08-01,2024-08-01T11:30:16.000Z,BEFORE_OPEN
ICE,1571949,2024-10-31,2024-10-31T11:30:28.000Z,BEFORE_OPEN
ICE,1571949,2025-02-06,2025-02-06T12:31:18.000Z,BEFORE_OPEN
ICE,1571949,2025-05-01,2025-05-01T11:30:27.000Z,BEFORE_OPEN
ICE,1571949,2025-07-31,2025-07-31T11:30:36.000Z,BEFORE_OPEN
ICE,1571949,2025-10-30,2025-10-30T11:30:44.000Z,BEFORE_OPEN
ICE,1571949,2026-02-05,2026-02-05T12:30:32.000Z,BEFORE_OPEN
ICE,1571949,2026-04-30,2026-04-30T11:30:33.000Z,BEFORE_OPEN
ICE,1571949,2026-07-30,2026-07-30T11:30:31.000Z,BEFORE_OPEN
IDXX,874716,2015-01-30,2015-01-30T12:01:09.000Z,BEFORE_OPEN
IDXX,874716,2015-04-28,2015-04-28T11:01:23.000Z,BEFORE_OPEN
IDXX,874716,2015-07-30,2015-07-30T11:02:31.000Z,BEFORE_OPEN
IDXX,874716,2015-10-28,2015-10-28T10:30:53.000Z,BEFORE_OPEN
IDXX,874716,2016-01-29,2016-01-29T12:13:06.000Z,BEFORE_OPEN
IDXX,874716,2016-04-29,2016-04-29T11:01:51.000Z,BEFORE_OPEN
IDXX,874716,2016-08-02,2016-08-02T11:01:52.000Z,BEFORE_OPEN
IDXX,874716,2016-11-01,2016-11-01T11:02:45.000Z,BEFORE_OPEN
IDXX,874716,2017-02-02,2017-02-02T12:01:20.000Z,BEFORE_OPEN
IDXX,874716,2017-04-28,2017-04-28T11:01:18.000Z,BEFORE_OPEN
IDXX,874716,2017-08-01,2017-08-01T11:01:31.000Z,BEFORE_OPEN
IDXX,874716,2017-10-31,2017-10-31T11:00:58.000Z,BEFORE_OPEN
IDXX,874716,2018-01-05,2018-01-05T12:01:23.000Z,BEFORE_OPEN
IDXX,874716,2018-02-01,2018-02-01T11:31:16.000Z,BEFORE_OPEN
IDXX,874716,2018-05-04,2018-05-04T10:31:16.000Z,BEFORE_OPEN
IDXX,874716,2018-08-01,2018-08-01T10:31:18.000Z,BEFORE_OPEN
IDXX,874716,2018-11-01,2018-11-01T10:31:21.000Z,BEFORE_OPEN
IDXX,874716,2019-02-01,2019-02-01T11:31:15.000Z,BEFORE_OPEN
IDXX,874716,2019-05-01,2019-05-01T10:31:20.000Z,BEFORE_OPEN
IDXX,874716,2019-08-01,2019-08-01T10:31:44.000Z,BEFORE_OPEN
IDXX,874716,2019-10-31,2019-10-31T10:31:47.000Z,BEFORE_OPEN
IDXX,874716,2020-01-31,2020-01-31T11:36:11.000Z,BEFORE_OPEN
IDXX,874716,2020-04-30,2020-04-30T10:33:02.000Z,BEFORE_OPEN
IDXX,874716,2020-07-31,2020-07-31T12:43:05.000Z,BEFORE_OPEN
IDXX,874716,2020-10-29,2020-10-29T10:31:16.000Z,BEFORE_OPEN
IDXX,874716,2021-02-02,2021-02-02T11:31:27.000Z,BEFORE_OPEN
IDXX,874716,2021-05-04,2021-05-04T10:30:38.000Z,BEFORE_OPEN
IDXX,874716,2021-07-30,2021-07-30T10:38:20.000Z,BEFORE_OPEN
IDXX,874716,2021-11-02,2021-11-02T10:33:04.000Z,BEFORE_OPEN
IDXX,874716,2022-02-02,2022-02-02T11:30:55.000Z,BEFORE_OPEN
IDXX,874716,2022-05-04,2022-05-04T10:31:20.000Z,BEFORE_OPEN
IDXX,874716,2022-08-02,2022-08-02T10:31:46.000Z,BEFORE_OPEN
IDXX,874716,2022-11-01,2022-11-01T10:59:09.000Z,BEFORE_OPEN
IDXX,874716,2023-02-06,2023-02-06T11:31:41.000Z,BEFORE_OPEN
IDXX,874716,2023-05-02,2023-05-02T10:34:30.000Z,BEFORE_OPEN
IDXX,874716,2023-08-01,2023-08-01T10:30:32.000Z,BEFORE_OPEN
IDXX,874716,2023-11-01,2023-11-01T10:30:35.000Z,BEFORE_OPEN
IDXX,874716,2024-02-05,2024-02-05T11:30:41.000Z,BEFORE_OPEN
IDXX,874716,2024-05-01,2024-05-01T10:30:44.000Z,BEFORE_OPEN
IDXX,874716,2024-08-06,2024-08-06T10:30:36.000Z,BEFORE_OPEN
IDXX,874716,2024-10-31,2024-10-31T10:30:57.000Z,BEFORE_OPEN
IDXX,874716,2025-02-03,2025-02-03T11:30:47.000Z,BEFORE_OPEN
IDXX,874716,2025-05-01,2025-05-01T10:30:23.000Z,BEFORE_OPEN
IDXX,874716,2025-08-04,2025-08-04T10:30:59.000Z,BEFORE_OPEN
IDXX,874716,2025-11-03,2025-11-03T11:34:17.000Z,BEFORE_OPEN
IDXX,874716,2026-02-02,2026-02-02T11:39:21.000Z,BEFORE_OPEN
IDXX,874716,2026-05-05,2026-05-05T10:31:53.000Z,BEFORE_OPEN
IDXX,874716,2026-08-04,2026-08-04T10:32:59.000Z,BEFORE_OPEN
ILMN,1110803,2019-04-25,2019-04-25T20:09:40.000Z,AFTER_CLOSE
ILMN,1110803,2019-07-11,2019-07-11T20:08:20.000Z,AFTER_CLOSE
ILMN,1110803,2019-07-29,2019-07-29T20:09:12.000Z,AFTER_CLOSE
ILMN,1110803,2019-10-24,2019-10-24T20:11:52.000Z,AFTER_CLOSE
ILMN,1110803,2020-01-16,2020-01-16T21:19:14.000Z,AFTER_CLOSE
ILMN,1110803,2020-01-29,2020-01-29T21:08:11.000Z,AFTER_CLOSE
ILMN,1110803,2020-04-14,2020-04-14T20:19:43.000Z,AFTER_CLOSE
ILMN,1110803,2020-04-30,2020-04-30T20:10:24.000Z,AFTER_CLOSE
ILMN,1110803,2020-08-06,2020-08-06T20:09:23.000Z,AFTER_CLOSE
ILMN,1110803,2020-10-29,2020-10-29T20:15:28.000Z,AFTER_CLOSE
ILMN,1110803,2021-01-12,2021-01-12T22:27:16.000Z,AFTER_CLOSE
ILMN,1110803,2021-02-11,2021-02-11T21:11:11.000Z,AFTER_CLOSE
ILMN,1110803,2021-04-05,2021-04-05T20:32:59.000Z,AFTER_CLOSE
ILMN,1110803,2021-04-27,2021-04-27T20:10:11.000Z,AFTER_CLOSE
ILMN,1110803,2021-08-05,2021-08-05T20:11:10.000Z,AFTER_CLOSE
ILMN,1110803,2021-11-04,2021-11-04T20:11:42.000Z,AFTER_CLOSE
ILMN,1110803,2022-01-11,2022-01-11T22:23:44.000Z,AFTER_CLOSE
ILMN,1110803,2022-02-10,2022-02-10T21:07:42.000Z,AFTER_CLOSE
ILMN,1110803,2022-05-05,2022-05-05T20:06:51.000Z,AFTER_CLOSE
ILMN,1110803,2022-08-11,2022-08-11T20:07:56.000Z,AFTER_CLOSE
ILMN,1110803,2022-11-03,2022-11-03T20:08:11.000Z,AFTER_CLOSE
ILMN,1110803,2023-01-11,2023-01-11T00:06:13.000Z,AFTER_CLOSE
ILMN,1110803,2023-02-07,2023-02-07T21:07:18.000Z,AFTER_CLOSE
ILMN,1110803,2023-04-25,2023-04-25T20:32:32.000Z,AFTER_CLOSE
ILMN,1110803,2023-08-09,2023-08-09T20:07:56.000Z,AFTER_CLOSE
ILMN,1110803,2023-11-09,2023-11-09T21:07:18.000Z,AFTER_CLOSE
ILMN,1110803,2024-01-09,2024-01-09T14:02:44.000Z,BEFORE_OPEN
ILMN,1110803,2024-02-08,2024-02-08T21:13:11.000Z,AFTER_CLOSE
ILMN,1110803,2024-05-02,2024-05-02T20:16:39.000Z,AFTER_CLOSE
ILMN,1110803,2024-08-06,2024-08-06T20:20:31.000Z,AFTER_CLOSE
ILMN,1110803,2024-11-04,2024-11-04T21:08:10.000Z,AFTER_CLOSE
ILMN,1110803,2025-01-14,2025-01-14T14:03:13.000Z,BEFORE_OPEN
ILMN,1110803,2025-02-06,2025-02-06T21:11:19.000Z,AFTER_CLOSE
ILMN,1110803,2025-05-08,2025-05-08T20:24:10.000Z,AFTER_CLOSE
ILMN,1110803,2025-07-31,2025-07-31T20:11:41.000Z,AFTER_CLOSE
ILMN,1110803,2025-10-30,2025-10-30T20:10:29.000Z,AFTER_CLOSE
ILMN,1110803,2026-01-13,2026-01-13T14:11:40.000Z,BEFORE_OPEN
ILMN,1110803,2026-02-05,2026-02-05T21:09:49.000Z,AFTER_CLOSE
ILMN,1110803,2026-04-30,2026-04-30T20:09:12.000Z,AFTER_CLOSE
ILMN,1110803,2026-07-30,2026-07-30T20:07:16.000Z,AFTER_CLOSE
INCY,879169,2019-04-30,2019-04-30T11:23:14.000Z,BEFORE_OPEN
INCY,879169,2019-07-30,2019-07-30T11:14:19.000Z,BEFORE_OPEN
INCY,879169,2019-10-29,2019-10-29T11:09:56.000Z,BEFORE_OPEN
INCY,879169,2020-02-13,2020-02-13T12:14:26.000Z,BEFORE_OPEN
INCY,879169,2020-05-05,2020-05-05T11:14:53.000Z,BEFORE_OPEN
INCY,879169,2020-08-04,2020-08-04T11:08:08.000Z,BEFORE_OPEN
INCY,879169,2020-11-05,2020-11-05T12:08:25.000Z,BEFORE_OPEN
INCY,879169,2021-02-09,2021-02-09T12:11:19.000Z,BEFORE_OPEN
INCY,879169,2021-05-04,2021-05-04T11:08:45.000Z,BEFORE_OPEN
INCY,879169,2021-08-03,2021-08-03T11:15:00.000Z,BEFORE_OPEN
INCY,879169,2021-11-02,2021-11-02T11:15:59.000Z,BEFORE_OPEN
INCY,879169,2022-02-08,2022-02-08T12:17:48.000Z,BEFORE_OPEN
INCY,879169,2022-05-03,2022-05-03T11:16:10.000Z,BEFORE_OPEN
INCY,879169,2022-08-02,2022-08-02T11:25:54.000Z,BEFORE_OPEN
INCY,879169,2022-11-01,2022-11-01T11:05:21.000Z,BEFORE_OPEN
INCY,879169,2023-02-07,2023-02-07T12:05:02.000Z,BEFORE_OPEN
INCY,879169,2023-05-02,2023-05-02T11:01:57.000Z,BEFORE_OPEN
INCY,879169,2023-08-01,2023-08-01T11:05:58.000Z,BEFORE_OPEN
INCY,879169,2023-10-31,2023-10-31T11:05:43.000Z,BEFORE_OPEN
INCY,879169,2024-02-13,2024-02-13T12:03:49.000Z,BEFORE_OPEN
INCY,879169,2024-04-30,2024-04-30T11:10:01.000Z,BEFORE_OPEN
INCY,879169,2024-07-30,2024-07-30T11:15:24.000Z,BEFORE_OPEN
INCY,879169,2024-10-29,2024-10-29T11:05:41.000Z,BEFORE_OPEN
INCY,879169,2025-02-10,2025-02-10T12:02:11.000Z,BEFORE_OPEN
INCY,879169,2025-04-29,2025-04-29T11:03:53.000Z,BEFORE_OPEN
INCY,879169,2025-07-29,2025-07-29T11:06:23.000Z,BEFORE_OPEN
INCY,879169,2025-10-28,2025-10-28T11:04:06.000Z,BEFORE_OPEN
INCY,879169,2026-02-10,2026-02-10T12:06:32.000Z,BEFORE_OPEN
INCY,879169,2026-04-28,2026-04-28T11:03:17.000Z,BEFORE_OPEN
INCY,879169,2026-07-28,2026-07-28T11:02:34.000Z,BEFORE_OPEN
INSM,1104506,2017-05-03,2017-05-03T12:15:22.000Z,BEFORE_OPEN
INSM,1104506,2017-08-03,2017-08-03T12:06:03.000Z,BEFORE_OPEN
INSM,1104506,2017-11-02,2017-11-02T12:01:56.000Z,BEFORE_OPEN
INSM,1104506,2018-02-23,2018-02-23T12:33:40.000Z,BEFORE_OPEN
INSM,1104506,2018-05-02,2018-05-02T11:30:58.000Z,BEFORE_OPEN
INSM,1104506,2018-08-02,2018-08-02T11:31:04.000Z,BEFORE_OPEN
INSM,1104506,2018-10-30,2018-10-30T11:31:44.000Z,BEFORE_OPEN
INSM,1104506,2019-01-07,2019-01-07T13:00:42.000Z,BEFORE_OPEN
INSM,1104506,2019-02-22,2019-02-22T12:31:03.000Z,BEFORE_OPEN
INSM,1104506,2019-04-08,2019-04-08T13:08:32.000Z,BEFORE_OPEN
INSM,1104506,2019-05-07,2019-05-07T11:30:43.000Z,BEFORE_OPEN
INSM,1104506,2019-08-01,2019-08-01T11:31:34.000Z,BEFORE_OPEN
INSM,1104506,2019-10-30,2019-10-30T11:30:47.000Z,BEFORE_OPEN
INSM,1104506,2020-02-25,2020-02-25T12:31:25.000Z,BEFORE_OPEN
INSM,1104506,2020-04-30,2020-04-30T11:30:48.000Z,BEFORE_OPEN
INSM,1104506,2020-08-06,2020-08-06T11:30:21.000Z,BEFORE_OPEN
INSM,1104506,2020-10-29,2020-10-29T11:30:23.000Z,BEFORE_OPEN
INSM,1104506,2021-02-25,2021-02-25T13:29:41.000Z,BEFORE_OPEN
INSM,1104506,2021-05-06,2021-05-06T11:30:17.000Z,BEFORE_OPEN
INSM,1104506,2021-08-05,2021-08-05T11:30:29.000Z,BEFORE_OPEN
INSM,1104506,2021-10-28,2021-10-28T11:30:17.000Z,BEFORE_OPEN
INSM,1104506,2022-02-17,2022-02-17T12:01:10.000Z,BEFORE_OPEN
INSM,1104506,2022-05-05,2022-05-05T11:38:48.000Z,BEFORE_OPEN
INSM,1104506,2022-08-04,2022-08-04T11:30:27.000Z,BEFORE_OPEN
INSM,1104506,2022-10-19,2022-10-19T10:13:14.000Z,BEFORE_OPEN
INSM,1104506,2022-10-27,2022-10-27T11:30:20.000Z,BEFORE_OPEN
INSM,1104506,2023-02-23,2023-02-23T12:30:21.000Z,BEFORE_OPEN
INSM,1104506,2023-05-04,2023-05-04T11:30:22.000Z,BEFORE_OPEN
INSM,1104506,2023-08-03,2023-08-03T11:30:12.000Z,BEFORE_OPEN
INSM,1104506,2023-10-26,2023-10-26T11:38:28.000Z,BEFORE_OPEN
INSM,1104506,2024-02-22,2024-02-22T12:58:04.000Z,BEFORE_OPEN
INSM,1104506,2024-05-09,2024-05-09T11:05:02.000Z,BEFORE_OPEN
INSM,1104506,2024-08-08,2024-08-08T11:00:26.000Z,BEFORE_OPEN
INSM,1104506,2024-10-31,2024-10-31T11:00:26.000Z,BEFORE_OPEN
INSM,1104506,2025-02-20,2025-02-20T12:00:34.000Z,BEFORE_OPEN
INSM,1104506,2025-05-08,2025-05-08T11:00:34.000Z,BEFORE_OPEN
INSM,1104506,2025-08-07,2025-08-07T11:01:55.000Z,BEFORE_OPEN
INSM,1104506,2025-10-30,2025-10-30T11:00:36.000Z,BEFORE_OPEN
INSM,1104506,2026-02-19,2026-02-19T12:01:05.000Z,BEFORE_OPEN
INSM,1104506,2026-05-07,2026-05-07T11:01:37.000Z,BEFORE_OPEN
INSM,1104506,2026-08-06,2026-08-06T11:00:41.000Z,BEFORE_OPEN
INTC,50863,2019-04-25,2019-04-25T20:05:00.000Z,AFTER_CLOSE
INTC,50863,2019-07-25,2019-07-25T20:10:16.000Z,AFTER_CLOSE
INTC,50863,2019-10-24,2019-10-24T20:08:49.000Z,AFTER_CLOSE
INTC,50863,2020-01-23,2020-01-23T21:07:34.000Z,AFTER_CLOSE
INTC,50863,2020-04-23,2020-04-23T20:07:24.000Z,AFTER_CLOSE
INTC,50863,2020-07-23,2020-07-23T20:07:41.000Z,AFTER_CLOSE
INTC,50863,2020-10-22,2020-10-22T20:07:11.000Z,AFTER_CLOSE
INTC,50863,2021-01-14,2021-01-14T22:10:00.000Z,AFTER_CLOSE
INTC,50863,2021-01-21,2021-01-21T21:04:38.000Z,AFTER_CLOSE
INTC,50863,2021-04-22,2021-04-22T20:05:36.000Z,AFTER_CLOSE
INTC,50863,2021-07-22,2021-07-22T20:05:35.000Z,AFTER_CLOSE
INTC,50863,2021-10-21,2021-10-21T20:09:46.000Z,AFTER_CLOSE
INTC,50863,2022-01-26,2022-01-26T21:08:32.000Z,AFTER_CLOSE
INTC,50863,2022-04-28,2022-04-28T20:09:32.000Z,AFTER_CLOSE
INTC,50863,2022-07-28,2022-07-28T20:06:34.000Z,AFTER_CLOSE
INTC,50863,2022-10-27,2022-10-27T20:02:53.000Z,AFTER_CLOSE
INTC,50863,2023-01-26,2023-01-26T21:06:30.000Z,AFTER_CLOSE
INTC,50863,2023-04-27,2023-04-27T20:09:04.000Z,AFTER_CLOSE
INTC,50863,2023-07-27,2023-07-27T20:07:40.000Z,AFTER_CLOSE
INTC,50863,2023-10-26,2023-10-26T20:09:55.000Z,AFTER_CLOSE
INTC,50863,2024-01-25,2024-01-25T21:07:43.000Z,AFTER_CLOSE
INTC,50863,2024-04-25,2024-04-25T20:09:45.000Z,AFTER_CLOSE
INTC,50863,2024-08-01,2024-08-01T20:08:44.000Z,AFTER_CLOSE
INTC,50863,2024-10-31,2024-10-31T20:07:17.000Z,AFTER_CLOSE
INTC,50863,2025-01-30,2025-01-30T21:13:45.000Z,AFTER_CLOSE
INTC,50863,2025-04-24,2025-04-24T20:05:05.000Z,AFTER_CLOSE
INTC,50863,2025-07-24,2025-07-24T20:04:12.000Z,AFTER_CLOSE
INTC,50863,2025-10-23,2025-10-23T20:10:22.000Z,AFTER_CLOSE
INTC,50863,2026-01-22,2026-01-22T21:10:56.000Z,AFTER_CLOSE
INTC,50863,2026-04-23,2026-04-23T20:07:02.000Z,AFTER_CLOSE
INTC,50863,2026-07-23,2026-07-23T20:09:00.000Z,AFTER_CLOSE
INTU,896878,2020-08-25,2020-08-25T20:02:52.000Z,AFTER_CLOSE
INTU,896878,2020-11-19,2020-11-19T21:01:23.000Z,AFTER_CLOSE
INTU,896878,2020-12-07,2020-12-07T21:04:27.000Z,AFTER_CLOSE
INTU,896878,2021-02-09,2021-02-09T13:09:10.000Z,BEFORE_OPEN
INTU,896878,2021-02-23,2021-02-23T21:03:04.000Z,AFTER_CLOSE
INTU,896878,2021-05-11,2021-05-11T20:03:29.000Z,AFTER_CLOSE
INTU,896878,2021-05-25,2021-05-25T20:01:39.000Z,AFTER_CLOSE
INTU,896878,2021-08-24,2021-08-24T20:02:31.000Z,AFTER_CLOSE
INTU,896878,2021-11-18,2021-11-18T21:05:52.000Z,AFTER_CLOSE
INTU,896878,2022-02-14,2022-02-14T21:08:52.000Z,AFTER_CLOSE
INTU,896878,2022-02-24,2022-02-24T21:01:37.000Z,AFTER_CLOSE
INTU,896878,2022-05-24,2022-05-24T20:01:32.000Z,AFTER_CLOSE
INTU,896878,2022-08-23,2022-08-23T20:06:13.000Z,AFTER_CLOSE
INTU,896878,2022-11-01,2022-11-01T20:09:35.000Z,AFTER_CLOSE
INTU,896878,2022-11-29,2022-11-29T21:01:28.000Z,AFTER_CLOSE
INTU,896878,2023-02-23,2023-02-23T21:04:53.000Z,AFTER_CLOSE
INTU,896878,2023-05-23,2023-05-23T20:01:21.000Z,AFTER_CLOSE
INTU,896878,2023-08-24,2023-08-24T20:02:31.000Z,AFTER_CLOSE
INTU,896878,2023-11-28,2023-11-28T21:05:22.000Z,AFTER_CLOSE
INTU,896878,2024-02-22,2024-02-22T21:03:01.000Z,AFTER_CLOSE
INTU,896878,2024-05-23,2024-05-23T20:01:45.000Z,AFTER_CLOSE
INTU,896878,2024-08-22,2024-08-22T20:01:49.000Z,AFTER_CLOSE
INTU,896878,2024-11-21,2024-11-21T21:07:42.000Z,AFTER_CLOSE
INTU,896878,2025-02-25,2025-02-25T21:01:56.000Z,AFTER_CLOSE
INTU,896878,2025-05-22,2025-05-22T20:02:36.000Z,AFTER_CLOSE
INTU,896878,2025-08-21,2025-08-21T20:02:20.000Z,AFTER_CLOSE
INTU,896878,2025-11-20,2025-11-20T21:01:56.000Z,AFTER_CLOSE
INTU,896878,2026-02-26,2026-02-26T21:02:55.000Z,AFTER_CLOSE
INTU,896878,2026-05-20,2026-05-20T20:05:49.000Z,AFTER_CLOSE
INTU,896878,2026-08-25,2026-08-25T20:02:29.000Z,AFTER_CLOSE
IOT,1642896,2023-03-02,2023-03-02T21:15:52.000Z,AFTER_CLOSE
IOT,1642896,2023-06-01,2023-06-01T20:11:00.000Z,AFTER_CLOSE
IOT,1642896,2023-08-31,2023-08-31T20:10:46.000Z,AFTER_CLOSE
IOT,1642896,2023-11-30,2023-11-30T21:11:33.000Z,AFTER_CLOSE
IOT,1642896,2024-03-07,2024-03-07T21:11:13.000Z,AFTER_CLOSE
IOT,1642896,2024-06-06,2024-06-06T20:10:43.000Z,AFTER_CLOSE
IOT,1642896,2024-09-05,2024-09-05T20:10:40.000Z,AFTER_CLOSE
IOT,1642896,2024-12-05,2024-12-05T21:10:52.000Z,AFTER_CLOSE
IOT,1642896,2025-03-06,2025-03-06T21:10:25.000Z,AFTER_CLOSE
IOT,1642896,2025-06-05,2025-06-05T20:14:49.000Z,AFTER_CLOSE
IOT,1642896,2025-09-04,2025-09-04T20:11:02.000Z,AFTER_CLOSE
IOT,1642896,2025-12-04,2025-12-04T21:12:46.000Z,AFTER_CLOSE
IOT,1642896,2026-03-05,2026-03-05T21:11:04.000Z,AFTER_CLOSE
IOT,1642896,2026-06-04,2026-06-04T20:12:41.000Z,AFTER_CLOSE
IOT,1642896,2026-09-03,2026-09-03T20:10:23.000Z,AFTER_CLOSE
IQV,1478242,2014-02-13,2014-02-13T11:05:15.000Z,BEFORE_OPEN
IQV,1478242,2014-05-01,2014-05-01T10:05:18.000Z,BEFORE_OPEN
IQV,1478242,2014-07-31,2014-07-31T10:09:01.000Z,BEFORE_OPEN
IQV,1478242,2014-10-30,2014-10-30T10:07:28.000Z,BEFORE_OPEN
IQV,1478242,2015-02-12,2015-02-12T11:11:02.000Z,BEFORE_OPEN
IQV,1478242,2015-04-29,2015-04-29T10:10:58.000Z,BEFORE_OPEN
IQV,1478242,2015-07-29,2015-07-29T10:10:26.000Z,BEFORE_OPEN
IQV,1478242,2015-10-28,2015-10-28T10:10:15.000Z,BEFORE_OPEN
IQV,1478242,2016-02-11,2016-02-11T11:10:15.000Z,BEFORE_OPEN
IQV,1478242,2016-05-03,2016-05-03T11:30:36.000Z,BEFORE_OPEN
IQV,1478242,2016-07-27,2016-07-27T10:10:21.000Z,BEFORE_OPEN
IQV,1478242,2016-11-02,2016-11-02T11:09:03.000Z,BEFORE_OPEN
IQV,1478242,2017-02-14,2017-02-14T12:06:28.000Z,BEFORE_OPEN
IQV,1478242,2017-05-03,2017-05-03T11:05:27.000Z,BEFORE_OPEN
IQV,1478242,2017-08-03,2017-08-03T11:02:35.000Z,BEFORE_OPEN
IQV,1478242,2017-10-26,2017-10-26T11:05:20.000Z,BEFORE_OPEN
IQV,1478242,2018-02-14,2018-02-14T12:05:57.000Z,BEFORE_OPEN
IQV,1478242,2018-05-02,2018-05-02T11:05:53.000Z,BEFORE_OPEN
IQV,1478242,2018-07-24,2018-07-24T11:05:24.000Z,BEFORE_OPEN
IQV,1478242,2018-10-22,2018-10-22T11:05:29.000Z,BEFORE_OPEN
IQV,1478242,2019-02-14,2019-02-14T12:00:32.000Z,BEFORE_OPEN
IQV,1478242,2019-05-01,2019-05-01T11:06:17.000Z,BEFORE_OPEN
IQV,1478242,2019-07-24,2019-07-24T11:05:53.000Z,BEFORE_OPEN
IQV,1478242,2019-10-30,2019-10-30T11:05:47.000Z,BEFORE_OPEN
IQV,1478242,2020-02-12,2020-02-12T12:10:33.000Z,BEFORE_OPEN
IQV,1478242,2020-04-28,2020-04-28T11:06:10.000Z,BEFORE_OPEN
IQV,1478242,2020-07-22,2020-07-22T11:05:23.000Z,BEFORE_OPEN
IQV,1478242,2020-10-20,2020-10-20T11:05:25.000Z,BEFORE_OPEN
IQV,1478242,2021-02-10,2021-02-10T12:05:57.000Z,BEFORE_OPEN
IQV,1478242,2021-04-22,2021-04-22T11:05:23.000Z,BEFORE_OPEN
IQV,1478242,2021-07-27,2021-07-27T11:05:41.000Z,BEFORE_OPEN
IQV,1478242,2021-10-21,2021-10-21T11:05:33.000Z,BEFORE_OPEN
IQV,1478242,2022-02-15,2022-02-15T12:05:29.000Z,BEFORE_OPEN
IQV,1478242,2022-04-27,2022-04-27T11:05:27.000Z,BEFORE_OPEN
IQV,1478242,2022-07-21,2022-07-21T11:05:23.000Z,BEFORE_OPEN
IQV,1478242,2022-10-26,2022-10-26T11:05:32.000Z,BEFORE_OPEN
IQV,1478242,2023-02-10,2023-02-10T12:02:00.000Z,BEFORE_OPEN
IQV,1478242,2023-04-27,2023-04-27T11:01:49.000Z,BEFORE_OPEN
IQV,1478242,2023-08-01,2023-08-01T11:05:22.000Z,BEFORE_OPEN
IQV,1478242,2023-11-01,2023-11-01T11:05:24.000Z,BEFORE_OPEN
IQV,1478242,2024-02-14,2024-02-14T12:05:19.000Z,BEFORE_OPEN
IQV,1478242,2024-05-02,2024-05-02T12:41:54.000Z,BEFORE_OPEN
IQV,1478242,2024-07-22,2024-07-22T11:05:57.000Z,BEFORE_OPEN
IQV,1478242,2024-10-31,2024-10-31T11:05:10.000Z,BEFORE_OPEN
IQV,1478242,2025-02-06,2025-02-06T12:04:44.000Z,BEFORE_OPEN
IQV,1478242,2025-05-06,2025-05-06T11:04:26.000Z,BEFORE_OPEN
IQV,1478242,2025-07-22,2025-07-22T11:06:22.000Z,BEFORE_OPEN
IQV,1478242,2025-10-28,2025-10-28T11:05:04.000Z,BEFORE_OPEN
IQV,1478242,2026-02-05,2026-02-05T12:04:04.000Z,BEFORE_OPEN
IQV,1478242,2026-05-05,2026-05-05T11:03:40.000Z,BEFORE_OPEN
IQV,1478242,2026-07-28,2026-07-28T11:03:16.000Z,BEFORE_OPEN
IR,1699150,2017-08-02,2017-08-02T20:49:51.000Z,AFTER_CLOSE
IR,1699150,2017-10-25,2017-10-25T20:53:08.000Z,AFTER_CLOSE
IR,1699150,2018-02-16,2018-02-15T23:15:15.000Z,AFTER_CLOSE
IR,1699150,2018-04-26,2018-04-26T20:39:23.000Z,AFTER_CLOSE
IR,1699150,2018-08-02,2018-08-01T21:34:34.000Z,AFTER_CLOSE
IR,1699150,2018-10-26,2018-10-26T00:49:02.000Z,AFTER_CLOSE
IR,1699150,2019-02-20,2019-02-20T00:29:00.000Z,AFTER_CLOSE
IR,1699150,2019-05-03,2019-05-03T21:15:31.000Z,AFTER_CLOSE
IR,1699150,2019-08-01,2019-08-01T01:36:26.000Z,AFTER_CLOSE
IR,1699150,2019-10-29,2019-10-28T23:53:47.000Z,AFTER_CLOSE
IR,1699150,2020-01-27,2020-01-27T22:25:55.000Z,AFTER_CLOSE
IR,1699150,2020-02-20,2020-02-20T21:17:01.000Z,AFTER_CLOSE
IR,1699150,2020-05-12,2020-05-12T11:04:51.000Z,BEFORE_OPEN
IR,1699150,2020-08-04,2020-08-04T01:50:32.000Z,AFTER_CLOSE
IR,1699150,2020-11-02,2020-11-02T22:08:48.000Z,AFTER_CLOSE
IR,1699150,2021-02-22,2021-02-22T22:23:43.000Z,AFTER_CLOSE
IR,1699150,2021-04-28,2021-04-28T20:47:08.000Z,AFTER_CLOSE
IR,1699150,2021-07-28,2021-07-28T20:55:06.000Z,AFTER_CLOSE
IR,1699150,2021-11-03,2021-11-03T20:32:59.000Z,AFTER_CLOSE
IR,1699150,2022-02-23,2022-02-23T21:33:17.000Z,AFTER_CLOSE
IR,1699150,2022-05-04,2022-05-04T20:46:54.000Z,AFTER_CLOSE
IR,1699150,2022-08-03,2022-08-03T20:32:45.000Z,AFTER_CLOSE
IR,1699150,2022-11-02,2022-11-02T20:34:00.000Z,AFTER_CLOSE
IR,1699150,2023-02-21,2023-02-21T11:11:11.000Z,BEFORE_OPEN
IR,1699150,2023-05-03,2023-05-03T21:03:01.000Z,AFTER_CLOSE
IR,1699150,2023-08-02,2023-08-02T20:21:22.000Z,AFTER_CLOSE
IR,1699150,2023-11-01,2023-11-01T20:34:38.000Z,AFTER_CLOSE
IR,1699150,2024-02-15,2024-02-15T21:41:57.000Z,AFTER_CLOSE
IR,1699150,2024-05-02,2024-05-02T20:32:33.000Z,AFTER_CLOSE
IR,1699150,2024-07-31,2024-07-31T20:55:42.000Z,AFTER_CLOSE
IR,1699150,2024-10-31,2024-10-31T20:40:14.000Z,AFTER_CLOSE
IR,1699150,2025-02-13,2025-02-13T21:40:09.000Z,AFTER_CLOSE
IR,1699150,2025-05-01,2025-05-01T20:34:04.000Z,AFTER_CLOSE
IR,1699150,2025-07-31,2025-07-31T20:33:22.000Z,AFTER_CLOSE
IR,1699150,2025-10-30,2025-10-30T20:42:26.000Z,AFTER_CLOSE
IR,1699150,2026-02-12,2026-02-12T21:30:17.000Z,AFTER_CLOSE
IR,1699150,2026-04-28,2026-04-28T20:19:58.000Z,AFTER_CLOSE
IR,1699150,2026-07-30,2026-07-30T20:16:30.000Z,AFTER_CLOSE
IRM,1020569,2019-04-25,2019-04-25T11:31:09.000Z,BEFORE_OPEN
IRM,1020569,2019-08-01,2019-08-01T10:05:39.000Z,BEFORE_OPEN
IRM,1020569,2019-10-31,2019-10-31T10:05:46.000Z,BEFORE_OPEN
IRM,1020569,2020-02-13,2020-02-13T11:28:39.000Z,BEFORE_OPEN
IRM,1020569,2020-05-07,2020-05-07T10:05:18.000Z,BEFORE_OPEN
IRM,1020569,2020-08-06,2020-08-06T10:08:54.000Z,BEFORE_OPEN
IRM,1020569,2020-11-05,2020-11-05T11:08:04.000Z,BEFORE_OPEN
IRM,1020569,2021-02-24,2021-02-24T11:12:21.000Z,BEFORE_OPEN
IRM,1020569,2021-05-06,2021-05-06T10:10:28.000Z,BEFORE_OPEN
IRM,1020569,2021-08-05,2021-08-05T10:41:09.000Z,BEFORE_OPEN
IRM,1020569,2021-11-04,2021-11-04T10:11:21.000Z,BEFORE_OPEN
IRM,1020569,2022-02-24,2022-02-24T11:50:35.000Z,BEFORE_OPEN
IRM,1020569,2022-04-28,2022-04-28T10:54:58.000Z,BEFORE_OPEN
IRM,1020569,2022-08-04,2022-08-04T10:56:03.000Z,BEFORE_OPEN
IRM,1020569,2022-11-03,2022-11-03T10:51:15.000Z,BEFORE_OPEN
IRM,1020569,2023-02-23,2023-02-23T12:04:51.000Z,BEFORE_OPEN
IRM,1020569,2023-05-04,2023-05-04T10:54:22.000Z,BEFORE_OPEN
IRM,1020569,2023-08-03,2023-08-03T10:58:54.000Z,BEFORE_OPEN
IRM,1020569,2023-11-02,2023-11-02T11:05:40.000Z,BEFORE_OPEN
IRM,1020569,2024-02-22,2024-02-22T11:51:40.000Z,BEFORE_OPEN
IRM,1020569,2024-05-02,2024-05-02T10:47:59.000Z,BEFORE_OPEN
IRM,1020569,2024-08-01,2024-08-01T10:49:35.000Z,BEFORE_OPEN
IRM,1020569,2024-11-06,2024-11-06T11:52:46.000Z,BEFORE_OPEN
IRM,1020569,2025-02-13,2025-02-13T11:49:25.000Z,BEFORE_OPEN
IRM,1020569,2025-05-01,2025-05-01T10:48:30.000Z,BEFORE_OPEN
IRM,1020569,2025-08-06,2025-08-06T10:49:13.000Z,BEFORE_OPEN
IRM,1020569,2025-11-05,2025-11-05T11:48:29.000Z,BEFORE_OPEN
IRM,1020569,2026-02-12,2026-02-12T11:50:20.000Z,BEFORE_OPEN
IRM,1020569,2026-04-30,2026-04-30T10:49:15.000Z,BEFORE_OPEN
IRM,1020569,2026-08-05,2026-08-05T10:47:30.000Z,BEFORE_OPEN
ISRG,1035267,2019-01-24,2019-01-24T21:09:11.000Z,AFTER_CLOSE
ISRG,1035267,2019-04-18,2019-04-18T20:12:36.000Z,AFTER_CLOSE
ISRG,1035267,2019-07-18,2019-07-18T20:08:18.000Z,AFTER_CLOSE
ISRG,1035267,2019-10-17,2019-10-17T20:14:46.000Z,AFTER_CLOSE
ISRG,1035267,2020-01-09,2020-01-09T21:14:09.000Z,AFTER_CLOSE
ISRG,1035267,2020-01-23,2020-01-23T21:07:28.000Z,AFTER_CLOSE
ISRG,1035267,2020-04-08,2020-04-08T13:17:36.000Z,BEFORE_OPEN
ISRG,1035267,2020-04-16,2020-04-16T20:07:49.000Z,AFTER_CLOSE
ISRG,1035267,2020-07-21,2020-07-21T20:08:32.000Z,AFTER_CLOSE
ISRG,1035267,2020-10-15,2020-10-15T20:00:54.000Z,AFTER_CLOSE
ISRG,1035267,2021-01-13,2021-01-13T14:00:24.000Z,BEFORE_OPEN
ISRG,1035267,2021-01-21,2021-01-21T21:01:25.000Z,AFTER_CLOSE
ISRG,1035267,2021-04-20,2021-04-20T20:01:23.000Z,AFTER_CLOSE
ISRG,1035267,2021-07-20,2021-07-20T20:01:31.000Z,AFTER_CLOSE
ISRG,1035267,2021-10-19,2021-10-19T18:51:21.000Z,IN_SESSION
ISRG,1035267,2022-01-12,2022-01-12T14:00:48.000Z,BEFORE_OPEN
ISRG,1035267,2022-01-20,2022-01-20T21:05:28.000Z,AFTER_CLOSE
ISRG,1035267,2022-04-21,2022-04-21T20:08:22.000Z,AFTER_CLOSE
ISRG,1035267,2022-07-21,2022-07-21T20:05:45.000Z,AFTER_CLOSE
ISRG,1035267,2022-10-18,2022-10-18T20:06:07.000Z,AFTER_CLOSE
ISRG,1035267,2023-01-11,2023-01-11T14:01:25.000Z,BEFORE_OPEN
ISRG,1035267,2023-01-24,2023-01-24T21:01:07.000Z,AFTER_CLOSE
ISRG,1035267,2023-04-18,2023-04-18T20:01:27.000Z,AFTER_CLOSE
ISRG,1035267,2023-07-20,2023-07-20T20:00:38.000Z,AFTER_CLOSE
ISRG,1035267,2023-10-19,2023-10-19T20:04:36.000Z,AFTER_CLOSE
ISRG,1035267,2024-01-09,2024-01-09T21:03:40.000Z,AFTER_CLOSE
ISRG,1035267,2024-01-23,2024-01-23T21:02:26.000Z,AFTER_CLOSE
ISRG,1035267,2024-04-18,2024-04-18T20:04:37.000Z,AFTER_CLOSE
ISRG,1035267,2024-07-18,2024-07-18T20:03:15.000Z,AFTER_CLOSE
ISRG,1035267,2024-10-17,2024-10-17T20:02:35.000Z,AFTER_CLOSE
ISRG,1035267,2025-01-15,2025-01-15T14:00:19.000Z,BEFORE_OPEN
ISRG,1035267,2025-01-23,2025-01-23T21:03:01.000Z,AFTER_CLOSE
ISRG,1035267,2025-04-22,2025-04-22T20:03:30.000Z,AFTER_CLOSE
ISRG,1035267,2025-07-22,2025-07-22T20:03:52.000Z,AFTER_CLOSE
ISRG,1035267,2025-10-21,2025-10-21T20:03:44.000Z,AFTER_CLOSE
ISRG,1035267,2026-01-14,2026-01-14T13:58:49.000Z,BEFORE_OPEN
ISRG,1035267,2026-01-22,2026-01-22T21:05:12.000Z,AFTER_CLOSE
ISRG,1035267,2026-04-21,2026-04-21T20:09:36.000Z,AFTER_CLOSE
ISRG,1035267,2026-07-16,2026-07-16T20:05:17.000Z,AFTER_CLOSE
ITW,49826,2015-04-21,2015-04-21T13:17:49.000Z,BEFORE_OPEN
ITW,49826,2015-07-22,2015-07-22T13:29:14.000Z,BEFORE_OPEN
ITW,49826,2015-10-21,2015-10-21T13:12:04.000Z,BEFORE_OPEN
ITW,49826,2016-01-27,2016-01-27T14:06:58.000Z,BEFORE_OPEN
ITW,49826,2016-04-20,2016-04-20T13:04:23.000Z,BEFORE_OPEN
ITW,49826,2016-07-20,2016-07-20T13:15:39.000Z,BEFORE_OPEN
ITW,49826,2016-10-20,2016-10-20T13:18:53.000Z,BEFORE_OPEN
ITW,49826,2017-01-25,2017-01-25T13:58:40.000Z,BEFORE_OPEN
ITW,49826,2017-04-24,2017-04-24T13:07:24.000Z,BEFORE_OPEN
ITW,49826,2017-07-24,2017-07-24T13:22:44.000Z,BEFORE_OPEN
ITW,49826,2017-10-23,2017-10-23T13:40:31.000Z,IN_SESSION
ITW,49826,2018-01-24,2018-01-24T14:28:48.000Z,BEFORE_OPEN
ITW,49826,2018-04-26,2018-04-26T13:10:11.000Z,BEFORE_OPEN
ITW,49826,2018-07-23,2018-07-23T13:13:05.000Z,BEFORE_OPEN
ITW,49826,2018-10-24,2018-10-24T13:11:56.000Z,BEFORE_OPEN
ITW,49826,2019-02-01,2019-02-01T14:18:55.000Z,BEFORE_OPEN
ITW,49826,2019-04-25,2019-04-25T13:24:56.000Z,BEFORE_OPEN
ITW,49826,2019-07-26,2019-07-26T13:30:24.000Z,IN_SESSION
ITW,49826,2019-10-25,2019-10-25T13:29:43.000Z,BEFORE_OPEN
ITW,49826,2020-01-31,2020-01-31T14:29:44.000Z,BEFORE_OPEN
ITW,49826,2020-05-05,2020-05-05T13:21:49.000Z,BEFORE_OPEN
ITW,49826,2020-07-31,2020-07-31T13:34:23.000Z,IN_SESSION
ITW,49826,2020-10-23,2020-10-23T13:33:17.000Z,IN_SESSION
ITW,49826,2021-02-05,2021-02-05T14:14:30.000Z,BEFORE_OPEN
ITW,49826,2021-04-30,2021-04-30T13:23:23.000Z,BEFORE_OPEN
ITW,49826,2021-07-30,2021-07-30T13:45:59.000Z,IN_SESSION
ITW,49826,2021-10-28,2021-10-28T13:33:02.000Z,IN_SESSION
ITW,49826,2022-05-03,2022-05-03T13:16:03.000Z,BEFORE_OPEN
ITW,49826,2022-08-02,2022-08-02T13:23:19.000Z,BEFORE_OPEN
ITW,49826,2022-10-25,2022-10-25T13:23:34.000Z,BEFORE_OPEN
ITW,49826,2023-02-02,2023-02-02T14:20:11.000Z,BEFORE_OPEN
ITW,49826,2023-05-02,2023-05-02T13:20:34.000Z,BEFORE_OPEN
ITW,49826,2023-08-01,2023-08-01T13:21:04.000Z,BEFORE_OPEN
ITW,49826,2023-10-24,2023-10-24T13:24:08.000Z,BEFORE_OPEN
ITW,49826,2024-02-01,2024-02-01T14:19:09.000Z,BEFORE_OPEN
ITW,49826,2024-04-30,2024-04-30T13:15:34.000Z,BEFORE_OPEN
ITW,49826,2024-07-30,2024-07-30T13:18:44.000Z,BEFORE_OPEN
ITW,49826,2024-10-30,2024-10-30T13:27:25.000Z,BEFORE_OPEN
ITW,49826,2025-02-05,2025-02-05T14:31:18.000Z,IN_SESSION
ITW,49826,2025-04-30,2025-04-30T13:29:31.000Z,BEFORE_OPEN
ITW,49826,2025-07-30,2025-07-30T13:33:27.000Z,IN_SESSION
ITW,49826,2025-10-24,2025-10-24T13:43:49.000Z,IN_SESSION
ITW,49826,2026-02-03,2026-02-03T14:48:08.000Z,IN_SESSION
ITW,49826,2026-04-30,2026-04-30T13:14:47.000Z,BEFORE_OPEN
ITW,49826,2026-07-28,2026-07-28T13:21:11.000Z,BEFORE_OPEN
JBHT,728535,2017-10-17,2017-10-17T18:51:24.000Z,IN_SESSION
JBHT,728535,2018-01-19,2018-01-19T20:46:59.000Z,IN_SESSION
JBHT,728535,2018-04-19,2018-04-19T20:16:31.000Z,AFTER_CLOSE
JBHT,728535,2018-07-16,2018-07-16T21:14:37.000Z,AFTER_CLOSE
JBHT,728535,2018-10-12,2018-10-12T19:29:42.000Z,IN_SESSION
JBHT,728535,2018-10-18,2018-10-18T19:01:37.000Z,IN_SESSION
JBHT,728535,2019-01-18,2019-01-18T20:59:17.000Z,IN_SESSION
JBHT,728535,2019-04-18,2019-04-18T19:56:10.000Z,IN_SESSION
JBHT,728535,2019-07-17,2019-07-17T18:21:11.000Z,IN_SESSION
JBHT,728535,2019-10-17,2019-10-17T21:22:42.000Z,AFTER_CLOSE
JBHT,728535,2019-10-30,2019-10-30T20:40:55.000Z,AFTER_CLOSE
JBHT,728535,2020-01-17,2020-01-17T22:09:26.000Z,AFTER_CLOSE
JBHT,728535,2020-04-20,2020-04-20T20:08:01.000Z,AFTER_CLOSE
JBHT,728535,2020-07-17,2020-07-17T19:31:54.000Z,IN_SESSION
JBHT,728535,2020-07-22,2020-07-22T17:04:05.000Z,IN_SESSION
JBHT,728535,2020-10-19,2020-10-19T18:12:28.000Z,IN_SESSION
JBHT,728535,2021-01-19,2021-01-19T21:15:26.000Z,AFTER_CLOSE
JBHT,728535,2021-04-15,2021-04-15T20:08:53.000Z,AFTER_CLOSE
JBHT,728535,2021-07-19,2021-07-19T20:16:51.000Z,AFTER_CLOSE
JBHT,728535,2021-10-15,2021-10-15T11:06:58.000Z,BEFORE_OPEN
JBHT,728535,2022-01-18,2022-01-18T21:09:59.000Z,AFTER_CLOSE
JBHT,728535,2022-04-18,2022-04-18T20:11:43.000Z,AFTER_CLOSE
JBHT,728535,2022-07-19,2022-07-19T20:20:51.000Z,AFTER_CLOSE
JBHT,728535,2022-10-18,2022-10-18T20:21:50.000Z,AFTER_CLOSE
JBHT,728535,2023-01-18,2023-01-18T12:16:32.000Z,BEFORE_OPEN
JBHT,728535,2023-04-17,2023-04-17T21:06:09.000Z,AFTER_CLOSE
JBHT,728535,2023-07-18,2023-07-18T20:14:31.000Z,AFTER_CLOSE
JBHT,728535,2023-10-17,2023-10-17T20:09:49.000Z,AFTER_CLOSE
JBHT,728535,2024-01-18,2024-01-18T21:14:20.000Z,AFTER_CLOSE
JBHT,728535,2024-04-16,2024-04-16T20:15:47.000Z,AFTER_CLOSE
JBHT,728535,2024-07-16,2024-07-16T20:14:17.000Z,AFTER_CLOSE
JBHT,728535,2024-10-15,2024-10-15T20:13:12.000Z,AFTER_CLOSE
JBHT,728535,2025-01-16,2025-01-16T21:24:43.000Z,AFTER_CLOSE
JBHT,728535,2025-04-15,2025-04-15T20:08:24.000Z,AFTER_CLOSE
JBHT,728535,2025-07-15,2025-07-15T20:15:55.000Z,AFTER_CLOSE
JBHT,728535,2025-10-15,2025-10-15T20:21:47.000Z,AFTER_CLOSE
JBHT,728535,2026-01-15,2026-01-15T21:26:33.000Z,AFTER_CLOSE
JBHT,728535,2026-04-15,2026-04-15T20:19:19.000Z,AFTER_CLOSE
JBHT,728535,2026-07-15,2026-07-15T20:26:22.000Z,AFTER_CLOSE
JBL,898293,2018-03-15,2018-03-15T20:11:33.000Z,AFTER_CLOSE
JBL,898293,2018-06-14,2018-06-14T20:13:59.000Z,AFTER_CLOSE
JBL,898293,2018-09-25,2018-09-25T12:06:04.000Z,BEFORE_OPEN
JBL,898293,2018-12-18,2018-12-18T21:14:08.000Z,AFTER_CLOSE
JBL,898293,2019-03-14,2019-03-14T20:14:03.000Z,AFTER_CLOSE
JBL,898293,2019-06-18,2019-06-18T20:10:03.000Z,AFTER_CLOSE
JBL,898293,2019-09-24,2019-09-24T12:05:04.000Z,BEFORE_OPEN
JBL,898293,2019-12-17,2019-12-17T13:08:56.000Z,BEFORE_OPEN
JBL,898293,2020-03-13,2020-03-13T12:10:07.000Z,BEFORE_OPEN
JBL,898293,2020-06-19,2020-06-19T12:06:11.000Z,BEFORE_OPEN
JBL,898293,2020-09-24,2020-09-24T12:11:55.000Z,BEFORE_OPEN
JBL,898293,2020-12-17,2020-12-17T13:09:53.000Z,BEFORE_OPEN
JBL,898293,2021-03-16,2021-03-16T12:10:55.000Z,BEFORE_OPEN
JBL,898293,2021-06-17,2021-06-17T11:51:01.000Z,BEFORE_OPEN
JBL,898293,2021-09-29,2021-09-29T11:51:09.000Z,BEFORE_OPEN
JBL,898293,2021-12-16,2021-12-16T12:39:02.000Z,BEFORE_OPEN
JBL,898293,2022-03-16,2022-03-16T11:40:55.000Z,BEFORE_OPEN
JBL,898293,2022-06-16,2022-06-16T11:39:01.000Z,BEFORE_OPEN
JBL,898293,2022-09-27,2022-09-27T12:05:33.000Z,BEFORE_OPEN
JBL,898293,2022-12-15,2022-12-15T13:08:56.000Z,BEFORE_OPEN
JBL,898293,2023-03-16,2023-03-16T11:53:52.000Z,BEFORE_OPEN
JBL,898293,2023-06-15,2023-06-15T11:49:59.000Z,BEFORE_OPEN
JBL,898293,2023-09-28,2023-09-28T11:51:30.000Z,BEFORE_OPEN
JBL,898293,2023-12-14,2023-12-14T12:38:00.000Z,BEFORE_OPEN
JBL,898293,2024-03-15,2024-03-15T11:53:31.000Z,BEFORE_OPEN
JBL,898293,2024-06-20,2024-06-20T11:50:01.000Z,BEFORE_OPEN
JBL,898293,2024-09-26,2024-09-26T11:39:29.000Z,BEFORE_OPEN
JBL,898293,2024-12-18,2024-12-18T12:47:01.000Z,BEFORE_OPEN
JBL,898293,2025-03-20,2025-03-20T11:51:36.000Z,BEFORE_OPEN
JBL,898293,2025-06-17,2025-06-17T11:47:27.000Z,BEFORE_OPEN
JBL,898293,2025-09-25,2025-09-25T11:31:47.000Z,BEFORE_OPEN
JBL,898293,2025-12-17,2025-12-17T12:31:55.000Z,BEFORE_OPEN
JBL,898293,2026-03-18,2026-03-18T11:32:42.000Z,BEFORE_OPEN
JBL,898293,2026-06-17,2026-06-17T11:32:41.000Z,BEFORE_OPEN
JCI,833444,2018-05-01,2018-05-01T11:11:37.000Z,BEFORE_OPEN
JCI,833444,2018-07-31,2018-07-31T11:04:57.000Z,BEFORE_OPEN
JCI,833444,2018-11-08,2018-11-08T12:02:22.000Z,BEFORE_OPEN
JCI,833444,2019-02-01,2019-02-01T12:03:50.000Z,BEFORE_OPEN
JCI,833444,2019-05-01,2019-05-01T10:55:38.000Z,BEFORE_OPEN
JCI,833444,2019-07-31,2019-07-31T11:01:20.000Z,BEFORE_OPEN
JCI,833444,2019-11-07,2019-11-07T12:05:50.000Z,BEFORE_OPEN
JCI,833444,2020-01-31,2020-01-31T11:20:31.000Z,BEFORE_OPEN
JCI,833444,2020-05-01,2020-05-01T10:06:31.000Z,BEFORE_OPEN
JCI,833444,2020-07-31,2020-07-31T12:37:00.000Z,BEFORE_OPEN
JCI,833444,2020-11-03,2020-11-03T12:02:49.000Z,BEFORE_OPEN
JCI,833444,2021-01-29,2021-01-29T11:06:23.000Z,BEFORE_OPEN
JCI,833444,2021-04-30,2021-04-30T11:01:32.000Z,BEFORE_OPEN
JCI,833444,2021-07-30,2021-07-30T11:02:11.000Z,BEFORE_OPEN
JCI,833444,2021-11-05,2021-11-05T10:58:05.000Z,BEFORE_OPEN
JCI,833444,2022-02-02,2022-02-02T11:58:53.000Z,BEFORE_OPEN
JCI,833444,2022-05-04,2022-05-04T11:02:13.000Z,BEFORE_OPEN
JCI,833444,2022-08-04,2022-08-04T11:00:43.000Z,BEFORE_OPEN
JCI,833444,2022-11-03,2022-11-03T11:00:21.000Z,BEFORE_OPEN
JCI,833444,2023-02-01,2023-02-01T11:58:46.000Z,BEFORE_OPEN
JCI,833444,2023-05-05,2023-05-05T10:57:36.000Z,BEFORE_OPEN
JCI,833444,2023-08-02,2023-08-02T10:59:41.000Z,BEFORE_OPEN
JCI,833444,2023-12-12,2023-12-12T11:57:51.000Z,BEFORE_OPEN
JCI,833444,2024-01-30,2024-01-30T11:57:24.000Z,BEFORE_OPEN
JCI,833444,2024-05-01,2024-05-01T10:57:31.000Z,BEFORE_OPEN
JCI,833444,2024-07-23,2024-07-23T10:07:38.000Z,BEFORE_OPEN
JCI,833444,2024-07-31,2024-07-31T10:58:52.000Z,BEFORE_OPEN
JCI,833444,2024-11-06,2024-11-06T11:56:56.000Z,BEFORE_OPEN
JCI,833444,2025-02-05,2025-02-05T12:42:48.000Z,BEFORE_OPEN
JCI,833444,2025-05-07,2025-05-07T10:59:07.000Z,BEFORE_OPEN
JCI,833444,2025-07-29,2025-07-29T10:58:07.000Z,BEFORE_OPEN
JCI,833444,2025-11-05,2025-11-05T11:57:45.000Z,BEFORE_OPEN
JCI,833444,2026-02-04,2026-02-04T12:02:54.000Z,BEFORE_OPEN
JCI,833444,2026-05-06,2026-05-06T10:57:08.000Z,BEFORE_OPEN
JCI,833444,2026-07-29,2026-07-29T10:57:16.000Z,BEFORE_OPEN
JNJ,200406,2018-07-17,2018-07-17T11:15:17.000Z,BEFORE_OPEN
JNJ,200406,2018-10-16,2018-10-16T12:00:30.000Z,BEFORE_OPEN
JNJ,200406,2019-01-22,2019-01-22T13:00:43.000Z,BEFORE_OPEN
JNJ,200406,2019-04-16,2019-04-16T11:52:00.000Z,BEFORE_OPEN
JNJ,200406,2019-07-16,2019-07-16T12:00:32.000Z,BEFORE_OPEN
JNJ,200406,2019-10-15,2019-10-15T12:01:15.000Z,BEFORE_OPEN
JNJ,200406,2019-10-23,2019-10-23T21:25:51.000Z,AFTER_CLOSE
JNJ,200406,2020-01-22,2020-01-22T12:30:25.000Z,BEFORE_OPEN
JNJ,200406,2020-04-14,2020-04-14T12:00:51.000Z,BEFORE_OPEN
JNJ,200406,2020-07-16,2020-07-16T11:31:10.000Z,BEFORE_OPEN
JNJ,200406,2020-10-13,2020-10-13T11:12:34.000Z,BEFORE_OPEN
JNJ,200406,2021-01-26,2021-01-26T13:06:06.000Z,BEFORE_OPEN
JNJ,200406,2021-04-20,2021-04-20T12:02:01.000Z,BEFORE_OPEN
JNJ,200406,2021-07-21,2021-07-21T12:00:52.000Z,BEFORE_OPEN
JNJ,200406,2021-10-19,2021-10-19T12:01:28.000Z,BEFORE_OPEN
JNJ,200406,2022-01-25,2022-01-25T13:00:34.000Z,BEFORE_OPEN
JNJ,200406,2022-04-19,2022-04-19T11:56:38.000Z,BEFORE_OPEN
JNJ,200406,2022-07-19,2022-07-19T11:59:43.000Z,BEFORE_OPEN
JNJ,200406,2022-10-18,2022-10-18T11:54:56.000Z,BEFORE_OPEN
JNJ,200406,2023-01-24,2023-01-24T12:44:10.000Z,BEFORE_OPEN
JNJ,200406,2023-04-18,2023-04-18T11:29:50.000Z,BEFORE_OPEN
JNJ,200406,2023-07-20,2023-07-20T11:15:55.000Z,BEFORE_OPEN
JNJ,200406,2023-08-30,2023-08-30T11:46:49.000Z,BEFORE_OPEN
JNJ,200406,2023-10-17,2023-10-17T11:33:25.000Z,BEFORE_OPEN
JNJ,200406,2024-01-23,2024-01-23T12:45:37.000Z,BEFORE_OPEN
JNJ,200406,2024-04-16,2024-04-16T11:06:41.000Z,BEFORE_OPEN
JNJ,200406,2024-05-01,2024-05-01T11:00:25.000Z,BEFORE_OPEN
JNJ,200406,2024-07-17,2024-07-17T12:14:26.000Z,BEFORE_OPEN
JNJ,200406,2024-10-15,2024-10-15T11:37:20.000Z,BEFORE_OPEN
JNJ,200406,2025-01-22,2025-01-22T11:35:57.000Z,BEFORE_OPEN
JNJ,200406,2025-04-15,2025-04-15T12:14:19.000Z,BEFORE_OPEN
JNJ,200406,2025-07-16,2025-07-16T12:06:45.000Z,BEFORE_OPEN
JNJ,200406,2025-10-14,2025-10-14T11:22:58.000Z,BEFORE_OPEN
JNJ,200406,2026-01-21,2026-01-21T12:46:18.000Z,BEFORE_OPEN
JNJ,200406,2026-04-14,2026-04-14T11:35:25.000Z,BEFORE_OPEN
JNJ,200406,2026-07-15,2026-07-15T11:49:04.000Z,BEFORE_OPEN
JPM,19617,2025-10-14,2025-10-14T10:30:57.000Z,BEFORE_OPEN
JPM,19617,2026-01-13,2026-01-13T11:41:09.000Z,BEFORE_OPEN
JPM,19617,2026-04-14,2026-04-14T10:32:42.000Z,BEFORE_OPEN
JPM,19617,2026-07-14,2026-07-14T10:30:38.000Z,BEFORE_OPEN
KDP,1418135,2018-08-08,2018-08-08T12:34:13.000Z,BEFORE_OPEN
KDP,1418135,2018-11-07,2018-11-07T21:36:35.000Z,AFTER_CLOSE
KDP,1418135,2019-02-28,2019-02-28T13:20:17.000Z,BEFORE_OPEN
KDP,1418135,2019-05-09,2019-05-09T12:03:26.000Z,BEFORE_OPEN
KDP,1418135,2019-08-08,2019-08-08T11:33:42.000Z,BEFORE_OPEN
KDP,1418135,2019-11-07,2019-11-07T12:38:57.000Z,BEFORE_OPEN
KDP,1418135,2020-02-27,2020-02-27T12:03:43.000Z,BEFORE_OPEN
KDP,1418135,2020-04-27,2020-04-27T20:16:18.000Z,AFTER_CLOSE
KDP,1418135,2020-07-30,2020-07-30T11:12:13.000Z,BEFORE_OPEN
KDP,1418135,2020-10-29,2020-10-29T10:48:35.000Z,BEFORE_OPEN
KDP,1418135,2021-02-25,2021-02-25T11:32:56.000Z,BEFORE_OPEN
KDP,1418135,2021-04-29,2021-04-29T10:34:15.000Z,BEFORE_OPEN
KDP,1418135,2021-07-29,2021-07-29T11:01:42.000Z,BEFORE_OPEN
KDP,1418135,2021-10-28,2021-10-28T11:02:15.000Z,BEFORE_OPEN
KDP,1418135,2022-02-24,2022-02-24T11:31:48.000Z,BEFORE_OPEN
KDP,1418135,2022-04-28,2022-04-28T11:00:48.000Z,BEFORE_OPEN
KDP,1418135,2022-07-28,2022-07-28T10:32:33.000Z,BEFORE_OPEN
KDP,1418135,2022-10-27,2022-10-27T10:32:34.000Z,BEFORE_OPEN
KDP,1418135,2023-02-23,2023-02-23T11:33:24.000Z,BEFORE_OPEN
KDP,1418135,2023-04-27,2023-04-27T11:00:59.000Z,BEFORE_OPEN
KDP,1418135,2023-07-27,2023-07-27T11:02:42.000Z,BEFORE_OPEN
KDP,1418135,2023-10-26,2023-10-26T11:01:52.000Z,BEFORE_OPEN
KDP,1418135,2024-02-22,2024-02-22T12:03:42.000Z,BEFORE_OPEN
KDP,1418135,2024-04-25,2024-04-25T11:01:02.000Z,BEFORE_OPEN
KDP,1418135,2024-07-25,2024-07-25T11:04:36.000Z,BEFORE_OPEN
KDP,1418135,2024-10-24,2024-10-24T11:03:11.000Z,BEFORE_OPEN
KDP,1418135,2025-02-25,2025-02-25T12:02:07.000Z,BEFORE_OPEN
KDP,1418135,2025-04-24,2025-04-24T10:31:18.000Z,BEFORE_OPEN
KDP,1418135,2025-07-24,2025-07-24T11:01:52.000Z,BEFORE_OPEN
KDP,1418135,2025-10-27,2025-10-27T10:20:22.000Z,BEFORE_OPEN
KDP,1418135,2026-02-24,2026-02-24T12:01:33.000Z,BEFORE_OPEN
KDP,1418135,2026-04-23,2026-04-23T11:01:48.000Z,BEFORE_OPEN
KDP,1418135,2026-08-06,2026-08-06T11:02:13.000Z,BEFORE_OPEN
KEY,91576,2018-07-19,2018-07-19T11:06:50.000Z,BEFORE_OPEN
KEY,91576,2018-10-18,2018-10-18T10:43:42.000Z,BEFORE_OPEN
KEY,91576,2019-01-17,2019-01-17T12:00:35.000Z,BEFORE_OPEN
KEY,91576,2019-04-18,2019-04-18T10:56:34.000Z,BEFORE_OPEN
KEY,91576,2019-07-23,2019-07-23T10:35:38.000Z,BEFORE_OPEN
KEY,91576,2019-10-17,2019-10-17T10:43:32.000Z,BEFORE_OPEN
KEY,91576,2020-01-23,2020-01-23T11:39:31.000Z,BEFORE_OPEN
KEY,91576,2020-04-16,2020-04-16T10:35:22.000Z,BEFORE_OPEN
KEY,91576,2020-07-22,2020-07-22T10:55:25.000Z,BEFORE_OPEN
KEY,91576,2020-10-21,2020-10-21T11:07:37.000Z,BEFORE_OPEN
KEY,91576,2021-01-21,2021-01-21T12:10:17.000Z,BEFORE_OPEN
KEY,91576,2021-04-20,2021-04-20T11:07:17.000Z,BEFORE_OPEN
KEY,91576,2021-07-20,2021-07-20T11:32:00.000Z,BEFORE_OPEN
KEY,91576,2021-10-21,2021-10-21T11:16:19.000Z,BEFORE_OPEN
KEY,91576,2022-01-20,2022-01-20T11:36:54.000Z,BEFORE_OPEN
KEY,91576,2022-04-21,2022-04-21T10:35:50.000Z,BEFORE_OPEN
KEY,91576,2022-07-21,2022-07-21T10:32:40.000Z,BEFORE_OPEN
KEY,91576,2022-10-20,2022-10-20T10:40:53.000Z,BEFORE_OPEN
KEY,91576,2023-01-19,2023-01-19T12:05:51.000Z,BEFORE_OPEN
KEY,91576,2023-04-20,2023-04-20T11:05:05.000Z,BEFORE_OPEN
KEY,91576,2023-07-20,2023-07-20T11:06:52.000Z,BEFORE_OPEN
KEY,91576,2023-10-19,2023-10-19T10:37:53.000Z,BEFORE_OPEN
KEY,91576,2024-01-18,2024-01-18T11:49:16.000Z,BEFORE_OPEN
KEY,91576,2024-04-18,2024-04-18T10:36:06.000Z,BEFORE_OPEN
KEY,91576,2024-07-18,2024-07-18T10:46:43.000Z,BEFORE_OPEN
KEY,91576,2024-10-17,2024-10-17T10:43:02.000Z,BEFORE_OPEN
KEY,91576,2025-01-21,2025-01-21T11:37:00.000Z,BEFORE_OPEN
KEY,91576,2025-04-17,2025-04-17T10:30:21.000Z,BEFORE_OPEN
KEY,91576,2025-07-22,2025-07-22T10:32:12.000Z,BEFORE_OPEN
KEY,91576,2025-10-16,2025-10-16T10:30:42.000Z,BEFORE_OPEN
KEY,91576,2026-01-20,2026-01-20T11:30:36.000Z,BEFORE_OPEN
KEY,91576,2026-04-16,2026-04-16T10:32:20.000Z,BEFORE_OPEN
KEY,91576,2026-07-21,2026-07-21T10:31:09.000Z,BEFORE_OPEN
KEYS,1601046,2016-02-18,2016-02-18T21:07:30.000Z,AFTER_CLOSE
KEYS,1601046,2016-05-19,2016-05-19T20:11:56.000Z,AFTER_CLOSE
KEYS,1601046,2016-08-17,2016-08-17T20:14:14.000Z,AFTER_CLOSE
KEYS,1601046,2016-11-17,2016-11-17T21:10:37.000Z,AFTER_CLOSE
KEYS,1601046,2017-02-16,2017-02-16T21:09:21.000Z,AFTER_CLOSE
KEYS,1601046,2017-06-06,2017-06-06T20:09:01.000Z,AFTER_CLOSE
KEYS,1601046,2017-08-30,2017-08-30T20:07:44.000Z,AFTER_CLOSE
KEYS,1601046,2017-12-06,2017-12-06T21:06:43.000Z,AFTER_CLOSE
KEYS,1601046,2018-03-01,2018-03-01T21:06:34.000Z,AFTER_CLOSE
KEYS,1601046,2018-05-30,2018-05-30T20:07:49.000Z,AFTER_CLOSE
KEYS,1601046,2018-08-21,2018-08-21T20:04:57.000Z,AFTER_CLOSE
KEYS,1601046,2018-11-20,2018-11-20T21:08:39.000Z,AFTER_CLOSE
KEYS,1601046,2019-02-21,2019-02-21T21:08:33.000Z,AFTER_CLOSE
KEYS,1601046,2019-05-29,2019-05-29T20:11:05.000Z,AFTER_CLOSE
KEYS,1601046,2019-08-21,2019-08-21T20:14:52.000Z,AFTER_CLOSE
KEYS,1601046,2019-11-26,2019-11-26T21:11:34.000Z,AFTER_CLOSE
KEYS,1601046,2020-02-24,2020-02-24T21:06:36.000Z,AFTER_CLOSE
KEYS,1601046,2020-05-26,2020-05-26T20:06:39.000Z,AFTER_CLOSE
KEYS,1601046,2020-08-20,2020-08-20T20:07:38.000Z,AFTER_CLOSE
KEYS,1601046,2020-11-18,2020-11-18T21:05:00.000Z,AFTER_CLOSE
KEYS,1601046,2021-02-18,2021-02-18T21:12:37.000Z,AFTER_CLOSE
KEYS,1601046,2021-05-19,2021-05-19T20:08:28.000Z,AFTER_CLOSE
KEYS,1601046,2021-08-18,2021-08-18T20:09:26.000Z,AFTER_CLOSE
KEYS,1601046,2021-11-22,2021-11-22T21:07:19.000Z,AFTER_CLOSE
KEYS,1601046,2022-02-17,2022-02-17T21:10:52.000Z,AFTER_CLOSE
KEYS,1601046,2022-05-17,2022-05-17T20:07:03.000Z,AFTER_CLOSE
KEYS,1601046,2022-08-17,2022-08-17T20:07:08.000Z,AFTER_CLOSE
KEYS,1601046,2022-11-17,2022-11-17T21:08:54.000Z,AFTER_CLOSE
KEYS,1601046,2023-02-21,2023-02-21T21:09:49.000Z,AFTER_CLOSE
KEYS,1601046,2023-05-16,2023-05-16T20:07:34.000Z,AFTER_CLOSE
KEYS,1601046,2023-08-17,2023-08-17T20:08:46.000Z,AFTER_CLOSE
KEYS,1601046,2023-11-20,2023-11-20T21:07:04.000Z,AFTER_CLOSE
KEYS,1601046,2024-02-20,2024-02-20T21:06:56.000Z,AFTER_CLOSE
KEYS,1601046,2024-05-20,2024-05-20T20:06:12.000Z,AFTER_CLOSE
KEYS,1601046,2024-08-20,2024-08-20T20:06:33.000Z,AFTER_CLOSE
KEYS,1601046,2024-11-19,2024-11-19T21:06:36.000Z,AFTER_CLOSE
KEYS,1601046,2025-02-25,2025-02-25T21:08:43.000Z,AFTER_CLOSE
KEYS,1601046,2025-05-20,2025-05-20T20:06:52.000Z,AFTER_CLOSE
KEYS,1601046,2025-08-19,2025-08-19T20:07:08.000Z,AFTER_CLOSE
KEYS,1601046,2025-11-24,2025-11-24T21:08:48.000Z,AFTER_CLOSE
KEYS,1601046,2026-02-23,2026-02-23T21:08:46.000Z,AFTER_CLOSE
KEYS,1601046,2026-05-19,2026-05-19T20:08:49.000Z,AFTER_CLOSE
KEYS,1601046,2026-08-18,2026-08-18T20:09:53.000Z,AFTER_CLOSE
KHC,1637459,2015-08-10,2015-08-10T20:10:53.000Z,AFTER_CLOSE
KHC,1637459,2015-11-04,2015-11-04T21:06:34.000Z,AFTER_CLOSE
KHC,1637459,2015-11-05,2015-11-05T21:13:28.000Z,AFTER_CLOSE
KHC,1637459,2016-02-25,2016-02-25T21:13:55.000Z,AFTER_CLOSE
KHC,1637459,2016-05-04,2016-05-04T20:13:16.000Z,AFTER_CLOSE
KHC,1637459,2016-08-04,2016-08-04T20:05:27.000Z,AFTER_CLOSE
KHC,1637459,2016-11-03,2016-11-03T20:18:48.000Z,AFTER_CLOSE
KHC,1637459,2017-02-15,2017-02-15T21:12:05.000Z,AFTER_CLOSE
KHC,1637459,2017-05-03,2017-05-03T20:09:19.000Z,AFTER_CLOSE
KHC,1637459,2017-08-03,2017-08-03T20:11:17.000Z,AFTER_CLOSE
KHC,1637459,2017-11-01,2017-11-01T20:07:57.000Z,AFTER_CLOSE
KHC,1637459,2018-02-16,2018-02-16T12:07:20.000Z,BEFORE_OPEN
KHC,1637459,2018-03-27,2018-03-27T11:01:32.000Z,BEFORE_OPEN
KHC,1637459,2018-05-02,2018-05-02T20:08:36.000Z,AFTER_CLOSE
KHC,1637459,2018-08-03,2018-08-03T11:37:43.000Z,BEFORE_OPEN
KHC,1637459,2018-11-01,2018-11-01T20:13:27.000Z,AFTER_CLOSE
KHC,1637459,2019-02-21,2019-02-21T22:02:05.000Z,AFTER_CLOSE
KHC,1637459,2019-05-06,2019-05-06T10:02:30.000Z,BEFORE_OPEN
KHC,1637459,2019-06-07,2019-06-07T21:10:20.000Z,AFTER_CLOSE
KHC,1637459,2019-08-08,2019-08-08T11:54:29.000Z,BEFORE_OPEN
KHC,1637459,2019-10-31,2019-10-31T11:37:42.000Z,BEFORE_OPEN
KHC,1637459,2020-02-13,2020-02-13T12:03:55.000Z,BEFORE_OPEN
KHC,1637459,2020-04-06,2020-04-06T20:17:20.000Z,AFTER_CLOSE
KHC,1637459,2020-04-30,2020-04-30T11:07:06.000Z,BEFORE_OPEN
KHC,1637459,2020-07-30,2020-07-30T11:09:22.000Z,BEFORE_OPEN
KHC,1637459,2020-10-29,2020-10-29T11:11:50.000Z,BEFORE_OPEN
KHC,1637459,2021-02-11,2021-02-11T12:08:09.000Z,BEFORE_OPEN
KHC,1637459,2021-04-29,2021-04-29T11:07:30.000Z,BEFORE_OPEN
KHC,1637459,2021-08-04,2021-08-04T11:01:42.000Z,BEFORE_OPEN
KHC,1637459,2021-10-27,2021-10-27T11:01:44.000Z,BEFORE_OPEN
KHC,1637459,2022-02-16,2022-02-16T12:02:01.000Z,BEFORE_OPEN
KHC,1637459,2022-04-27,2022-04-27T11:01:58.000Z,BEFORE_OPEN
KHC,1637459,2022-07-27,2022-07-27T11:09:12.000Z,BEFORE_OPEN
KHC,1637459,2022-10-26,2022-10-26T11:01:34.000Z,BEFORE_OPEN
KHC,1637459,2023-02-15,2023-02-15T12:01:44.000Z,BEFORE_OPEN
KHC,1637459,2023-05-03,2023-05-03T11:01:07.000Z,BEFORE_OPEN
KHC,1637459,2023-08-02,2023-08-02T11:05:43.000Z,BEFORE_OPEN
KHC,1637459,2023-11-01,2023-11-01T11:02:11.000Z,BEFORE_OPEN
KHC,1637459,2024-02-14,2024-02-14T12:01:49.000Z,BEFORE_OPEN
KHC,1637459,2024-05-01,2024-05-01T11:05:43.000Z,BEFORE_OPEN
KHC,1637459,2024-07-31,2024-07-31T11:03:46.000Z,BEFORE_OPEN
KHC,1637459,2024-10-30,2024-10-30T11:06:17.000Z,BEFORE_OPEN
KHC,1637459,2025-02-12,2025-02-12T12:01:51.000Z,BEFORE_OPEN
KHC,1637459,2025-04-29,2025-04-29T11:02:50.000Z,BEFORE_OPEN
KHC,1637459,2025-07-30,2025-07-30T11:02:27.000Z,BEFORE_OPEN
KHC,1637459,2025-10-29,2025-10-29T11:01:23.000Z,BEFORE_OPEN
KHC,1637459,2026-02-11,2026-02-11T12:06:00.000Z,BEFORE_OPEN
KHC,1637459,2026-05-06,2026-05-06T11:01:20.000Z,BEFORE_OPEN
KHC,1637459,2026-08-05,2026-08-05T11:01:49.000Z,BEFORE_OPEN
KKR,1404912,2015-07-23,2015-07-23T11:03:25.000Z,BEFORE_OPEN
KKR,1404912,2015-10-27,2015-10-27T20:17:39.000Z,AFTER_CLOSE
KKR,1404912,2016-02-11,2016-02-11T11:47:18.000Z,BEFORE_OPEN
KKR,1404912,2016-04-25,2016-04-25T10:31:16.000Z,BEFORE_OPEN
KKR,1404912,2016-07-26,2016-07-26T01:27:05.000Z,AFTER_CLOSE
KKR,1404912,2016-10-25,2016-10-25T00:29:22.000Z,AFTER_CLOSE
KKR,1404912,2017-02-09,2017-02-09T02:06:51.000Z,AFTER_CLOSE
KKR,1404912,2017-04-27,2017-04-27T00:26:26.000Z,AFTER_CLOSE
KKR,1404912,2017-07-27,2017-07-27T00:46:09.000Z,AFTER_CLOSE
KKR,1404912,2017-10-26,2017-10-26T10:50:38.000Z,BEFORE_OPEN
KKR,1404912,2018-02-08,2018-02-08T11:48:42.000Z,BEFORE_OPEN
KKR,1404912,2018-05-03,2018-05-03T10:50:27.000Z,BEFORE_OPEN
KKR,1404912,2018-07-26,2018-07-26T10:51:26.000Z,BEFORE_OPEN
KKR,1404912,2018-10-25,2018-10-25T10:50:20.000Z,BEFORE_OPEN
KKR,1404912,2019-02-01,2019-02-01T11:49:23.000Z,BEFORE_OPEN
KKR,1404912,2019-04-04,2019-04-04T21:00:27.000Z,AFTER_CLOSE
KKR,1404912,2019-04-30,2019-04-30T10:48:40.000Z,BEFORE_OPEN
KKR,1404912,2019-07-25,2019-07-25T10:50:18.000Z,BEFORE_OPEN
KKR,1404912,2019-10-29,2019-10-29T10:50:06.000Z,BEFORE_OPEN
KKR,1404912,2020-01-31,2020-01-31T11:51:27.000Z,BEFORE_OPEN
KKR,1404912,2020-04-14,2020-04-14T13:16:36.000Z,BEFORE_OPEN
KKR,1404912,2020-05-06,2020-05-06T10:48:41.000Z,BEFORE_OPEN
KKR,1404912,2020-08-04,2020-08-04T10:49:53.000Z,BEFORE_OPEN
KKR,1404912,2020-10-30,2020-10-30T10:50:11.000Z,BEFORE_OPEN
KKR,1404912,2021-02-08,2021-02-08T22:02:55.000Z,AFTER_CLOSE
KKR,1404912,2021-05-04,2021-05-04T10:55:43.000Z,BEFORE_OPEN
KKR,1404912,2021-08-03,2021-08-03T10:50:28.000Z,BEFORE_OPEN
KKR,1404912,2021-11-02,2021-11-02T10:50:29.000Z,BEFORE_OPEN
KKR,1404912,2022-02-08,2022-02-08T11:50:29.000Z,BEFORE_OPEN
KKR,1404912,2022-05-03,2022-05-03T10:53:16.000Z,BEFORE_OPEN
KKR,1404912,2022-08-02,2022-08-02T10:49:45.000Z,BEFORE_OPEN
KKR,1404912,2022-11-01,2022-11-01T10:49:50.000Z,BEFORE_OPEN
KKR,1404912,2023-02-07,2023-02-07T11:50:29.000Z,BEFORE_OPEN
KKR,1404912,2023-05-08,2023-05-08T10:54:59.000Z,BEFORE_OPEN
KKR,1404912,2023-08-07,2023-08-07T10:49:39.000Z,BEFORE_OPEN
KKR,1404912,2023-11-07,2023-11-07T11:50:05.000Z,BEFORE_OPEN
KKR,1404912,2024-02-06,2024-02-06T11:50:07.000Z,BEFORE_OPEN
KKR,1404912,2024-05-01,2024-05-01T10:50:05.000Z,BEFORE_OPEN
KKR,1404912,2024-07-31,2024-07-31T10:50:11.000Z,BEFORE_OPEN
KKR,1404912,2024-10-24,2024-10-24T10:49:59.000Z,BEFORE_OPEN
KKR,1404912,2025-02-04,2025-02-04T11:50:25.000Z,BEFORE_OPEN
KKR,1404912,2025-05-01,2025-05-01T10:50:45.000Z,BEFORE_OPEN
KKR,1404912,2025-07-31,2025-07-31T10:50:21.000Z,BEFORE_OPEN
KKR,1404912,2025-11-07,2025-11-07T11:50:18.000Z,BEFORE_OPEN
KKR,1404912,2026-02-05,2026-02-05T11:50:43.000Z,BEFORE_OPEN
KKR,1404912,2026-05-05,2026-05-05T10:50:36.000Z,BEFORE_OPEN
KKR,1404912,2026-07-30,2026-07-30T10:55:03.000Z,BEFORE_OPEN
KLAC,319201,2017-07-27,2017-07-27T20:31:47.000Z,AFTER_CLOSE
KLAC,319201,2017-10-26,2017-10-26T20:33:17.000Z,AFTER_CLOSE
KLAC,319201,2018-01-25,2018-01-25T21:33:43.000Z,AFTER_CLOSE
KLAC,319201,2018-04-26,2018-04-26T20:32:51.000Z,AFTER_CLOSE
KLAC,319201,2018-07-30,2018-07-30T20:30:15.000Z,AFTER_CLOSE
KLAC,319201,2018-10-29,2018-10-29T20:34:13.000Z,AFTER_CLOSE
KLAC,319201,2019-01-29,2019-01-29T21:27:28.000Z,AFTER_CLOSE
KLAC,319201,2019-05-06,2019-05-06T20:24:32.000Z,AFTER_CLOSE
KLAC,319201,2019-08-05,2019-08-05T20:22:53.000Z,AFTER_CLOSE
KLAC,319201,2019-10-30,2019-10-30T20:16:41.000Z,AFTER_CLOSE
KLAC,319201,2020-02-04,2020-02-04T21:11:47.000Z,AFTER_CLOSE
KLAC,319201,2020-05-05,2020-05-05T20:22:44.000Z,AFTER_CLOSE
KLAC,319201,2020-08-03,2020-08-03T20:16:28.000Z,AFTER_CLOSE
KLAC,319201,2020-10-28,2020-10-28T20:39:33.000Z,AFTER_CLOSE
KLAC,319201,2021-02-03,2021-02-03T21:42:09.000Z,AFTER_CLOSE
KLAC,319201,2021-04-29,2021-04-29T20:40:28.000Z,AFTER_CLOSE
KLAC,319201,2021-07-29,2021-07-29T20:38:22.000Z,AFTER_CLOSE
KLAC,319201,2021-10-27,2021-10-27T20:39:28.000Z,AFTER_CLOSE
KLAC,319201,2022-01-27,2022-01-27T21:25:26.000Z,AFTER_CLOSE
KLAC,319201,2022-04-28,2022-04-28T20:26:13.000Z,AFTER_CLOSE
KLAC,319201,2022-07-28,2022-07-28T20:12:29.000Z,AFTER_CLOSE
KLAC,319201,2022-10-26,2022-10-26T20:47:37.000Z,AFTER_CLOSE
KLAC,319201,2023-01-26,2023-01-26T21:24:01.000Z,AFTER_CLOSE
KLAC,319201,2023-04-26,2023-04-26T20:41:14.000Z,AFTER_CLOSE
KLAC,319201,2023-07-27,2023-07-27T20:08:06.000Z,AFTER_CLOSE
KLAC,319201,2023-10-25,2023-10-25T20:06:06.000Z,AFTER_CLOSE
KLAC,319201,2024-01-25,2024-01-25T21:07:26.000Z,AFTER_CLOSE
KLAC,319201,2024-04-25,2024-04-25T20:14:27.000Z,AFTER_CLOSE
KLAC,319201,2024-07-24,2024-07-24T20:13:24.000Z,AFTER_CLOSE
KLAC,319201,2024-10-30,2024-10-30T20:07:04.000Z,AFTER_CLOSE
KLAC,319201,2025-01-30,2025-01-30T21:06:32.000Z,AFTER_CLOSE
KLAC,319201,2025-04-30,2025-04-30T20:08:36.000Z,AFTER_CLOSE
KLAC,319201,2025-07-31,2025-07-31T20:08:12.000Z,AFTER_CLOSE
KLAC,319201,2025-10-29,2025-10-29T20:11:19.000Z,AFTER_CLOSE
KLAC,319201,2026-01-29,2026-01-29T21:06:24.000Z,AFTER_CLOSE
KLAC,319201,2026-04-29,2026-04-29T20:06:15.000Z,AFTER_CLOSE
KLAC,319201,2026-07-28,2026-07-28T20:08:02.000Z,AFTER_CLOSE
KMB,55785,2017-04-24,2017-04-24T12:56:14.000Z,BEFORE_OPEN
KMB,55785,2017-07-25,2017-07-25T12:43:17.000Z,BEFORE_OPEN
KMB,55785,2017-10-23,2017-10-23T12:21:39.000Z,BEFORE_OPEN
KMB,55785,2018-01-23,2018-01-23T13:25:45.000Z,BEFORE_OPEN
KMB,55785,2018-04-23,2018-04-23T12:53:58.000Z,BEFORE_OPEN
KMB,55785,2018-07-24,2018-07-24T12:31:05.000Z,BEFORE_OPEN
KMB,55785,2018-10-22,2018-10-22T12:30:50.000Z,BEFORE_OPEN
KMB,55785,2019-01-23,2019-01-23T13:29:02.000Z,BEFORE_OPEN
KMB,55785,2019-04-22,2019-04-22T13:05:38.000Z,BEFORE_OPEN
KMB,55785,2019-07-23,2019-07-23T12:56:24.000Z,BEFORE_OPEN
KMB,55785,2019-10-22,2019-10-22T12:53:01.000Z,BEFORE_OPEN
KMB,55785,2020-01-23,2020-01-23T13:51:44.000Z,BEFORE_OPEN
KMB,55785,2020-04-22,2020-04-22T12:35:44.000Z,BEFORE_OPEN
KMB,55785,2020-07-23,2020-07-23T12:29:57.000Z,BEFORE_OPEN
KMB,55785,2020-10-22,2020-10-22T12:29:37.000Z,BEFORE_OPEN
KMB,55785,2021-01-25,2021-01-25T13:36:56.000Z,BEFORE_OPEN
KMB,55785,2021-04-23,2021-04-23T12:09:18.000Z,BEFORE_OPEN
KMB,55785,2021-07-23,2021-07-23T12:34:20.000Z,BEFORE_OPEN
KMB,55785,2021-10-25,2021-10-25T12:06:53.000Z,BEFORE_OPEN
KMB,55785,2022-01-26,2022-01-26T13:07:58.000Z,BEFORE_OPEN
KMB,55785,2022-04-22,2022-04-22T12:22:58.000Z,BEFORE_OPEN
KMB,55785,2022-07-26,2022-07-26T12:19:15.000Z,BEFORE_OPEN
KMB,55785,2022-10-25,2022-10-25T11:56:55.000Z,BEFORE_OPEN
KMB,55785,2023-01-25,2023-01-25T13:24:22.000Z,BEFORE_OPEN
KMB,55785,2023-04-25,2023-04-25T12:02:37.000Z,BEFORE_OPEN
KMB,55785,2023-07-25,2023-07-25T11:51:03.000Z,BEFORE_OPEN
KMB,55785,2023-10-24,2023-10-24T11:53:38.000Z,BEFORE_OPEN
KMB,55785,2024-01-24,2024-01-24T12:05:11.000Z,BEFORE_OPEN
KMB,55785,2024-04-23,2024-04-23T11:05:23.000Z,BEFORE_OPEN
KMB,55785,2024-07-23,2024-07-23T10:32:25.000Z,BEFORE_OPEN
KMB,55785,2024-10-22,2024-10-22T10:37:15.000Z,BEFORE_OPEN
KMB,55785,2025-01-28,2025-01-28T11:40:22.000Z,BEFORE_OPEN
KMB,55785,2025-04-22,2025-04-22T11:04:59.000Z,BEFORE_OPEN
KMB,55785,2025-08-01,2025-08-01T10:34:26.000Z,BEFORE_OPEN
KMB,55785,2025-10-30,2025-10-30T10:32:53.000Z,BEFORE_OPEN
KMB,55785,2026-01-27,2026-01-27T11:37:08.000Z,BEFORE_OPEN
KMB,55785,2026-04-28,2026-04-28T10:33:35.000Z,BEFORE_OPEN
KMB,55785,2026-08-04,2026-08-04T10:33:40.000Z,BEFORE_OPEN
KMI,1506307,2015-01-21,2015-01-21T21:10:33.000Z,AFTER_CLOSE
KMI,1506307,2015-04-15,2015-04-15T20:10:26.000Z,AFTER_CLOSE
KMI,1506307,2015-07-15,2015-07-15T20:07:27.000Z,AFTER_CLOSE
KMI,1506307,2015-10-21,2015-10-21T20:14:28.000Z,AFTER_CLOSE
KMI,1506307,2016-01-20,2016-01-20T21:09:00.000Z,AFTER_CLOSE
KMI,1506307,2016-04-20,2016-04-20T20:14:00.000Z,AFTER_CLOSE
KMI,1506307,2016-07-20,2016-07-20T20:08:45.000Z,AFTER_CLOSE
KMI,1506307,2016-10-19,2016-10-19T20:11:55.000Z,AFTER_CLOSE
KMI,1506307,2017-01-18,2017-01-18T21:09:53.000Z,AFTER_CLOSE
KMI,1506307,2017-04-19,2017-04-19T20:12:11.000Z,AFTER_CLOSE
KMI,1506307,2017-07-19,2017-07-19T20:10:14.000Z,AFTER_CLOSE
KMI,1506307,2017-10-18,2017-10-18T20:13:34.000Z,AFTER_CLOSE
KMI,1506307,2018-01-17,2018-01-17T21:12:32.000Z,AFTER_CLOSE
KMI,1506307,2018-04-18,2018-04-18T20:12:35.000Z,AFTER_CLOSE
KMI,1506307,2018-07-18,2018-07-18T20:13:02.000Z,AFTER_CLOSE
KMI,1506307,2018-10-17,2018-10-17T20:24:33.000Z,AFTER_CLOSE
KMI,1506307,2019-01-16,2019-01-16T21:10:57.000Z,AFTER_CLOSE
KMI,1506307,2019-04-17,2019-04-17T20:12:51.000Z,AFTER_CLOSE
KMI,1506307,2019-07-17,2019-07-17T20:13:16.000Z,AFTER_CLOSE
KMI,1506307,2019-10-16,2019-10-16T20:12:52.000Z,AFTER_CLOSE
KMI,1506307,2020-01-22,2020-01-22T21:20:37.000Z,AFTER_CLOSE
KMI,1506307,2020-04-22,2020-04-22T20:17:07.000Z,AFTER_CLOSE
KMI,1506307,2020-07-22,2020-07-22T20:22:06.000Z,AFTER_CLOSE
KMI,1506307,2020-10-21,2020-10-21T20:28:43.000Z,AFTER_CLOSE
KMI,1506307,2021-01-20,2021-01-20T21:13:10.000Z,AFTER_CLOSE
KMI,1506307,2021-04-21,2021-04-21T20:12:01.000Z,AFTER_CLOSE
KMI,1506307,2021-07-21,2021-07-21T20:12:39.000Z,AFTER_CLOSE
KMI,1506307,2021-10-20,2021-10-20T20:14:35.000Z,AFTER_CLOSE
KMI,1506307,2022-01-19,2022-01-19T21:07:44.000Z,AFTER_CLOSE
KMI,1506307,2022-04-20,2022-04-20T20:10:55.000Z,AFTER_CLOSE
KMI,1506307,2022-07-20,2022-07-20T20:11:19.000Z,AFTER_CLOSE
KMI,1506307,2022-10-19,2022-10-19T20:13:50.000Z,AFTER_CLOSE
KMI,1506307,2023-01-18,2023-01-18T21:09:07.000Z,AFTER_CLOSE
KMI,1506307,2023-04-19,2023-04-19T20:10:41.000Z,AFTER_CLOSE
KMI,1506307,2023-07-19,2023-07-19T20:10:49.000Z,AFTER_CLOSE
KMI,1506307,2023-10-18,2023-10-18T20:10:42.000Z,AFTER_CLOSE
KMI,1506307,2024-01-17,2024-01-17T21:16:45.000Z,AFTER_CLOSE
KMI,1506307,2024-04-17,2024-04-17T20:09:49.000Z,AFTER_CLOSE
KMI,1506307,2024-07-17,2024-07-17T20:16:03.000Z,AFTER_CLOSE
KMI,1506307,2024-10-16,2024-10-16T20:09:32.000Z,AFTER_CLOSE
KMI,1506307,2025-01-22,2025-01-22T21:09:08.000Z,AFTER_CLOSE
KMI,1506307,2025-04-16,2025-04-16T20:13:09.000Z,AFTER_CLOSE
KMI,1506307,2025-07-16,2025-07-16T20:09:29.000Z,AFTER_CLOSE
KMI,1506307,2025-10-22,2025-10-22T20:21:34.000Z,AFTER_CLOSE
KMI,1506307,2026-01-21,2026-01-21T21:13:33.000Z,AFTER_CLOSE
KMI,1506307,2026-04-22,2026-04-22T20:12:02.000Z,AFTER_CLOSE
KMI,1506307,2026-07-22,2026-07-22T20:09:59.000Z,AFTER_CLOSE
KO,21344,2018-07-25,2018-07-25T11:04:47.000Z,BEFORE_OPEN
KO,21344,2018-10-30,2018-10-30T11:04:38.000Z,BEFORE_OPEN
KO,21344,2019-02-14,2019-02-14T12:03:02.000Z,BEFORE_OPEN
KO,21344,2019-04-23,2019-04-23T11:03:00.000Z,BEFORE_OPEN
KO,21344,2019-07-23,2019-07-23T10:58:22.000Z,BEFORE_OPEN
KO,21344,2019-10-18,2019-10-18T10:59:20.000Z,BEFORE_OPEN
KO,21344,2020-01-30,2020-01-30T11:59:32.000Z,BEFORE_OPEN
KO,21344,2020-04-21,2020-04-21T10:25:20.000Z,BEFORE_OPEN
KO,21344,2020-07-21,2020-07-21T10:59:21.000Z,BEFORE_OPEN
KO,21344,2020-10-22,2020-10-22T10:59:55.000Z,BEFORE_OPEN
KO,21344,2021-02-10,2021-02-10T11:58:03.000Z,BEFORE_OPEN
KO,21344,2021-04-19,2021-04-19T11:00:01.000Z,BEFORE_OPEN
KO,21344,2021-07-21,2021-07-21T11:00:37.000Z,BEFORE_OPEN
KO,21344,2021-10-27,2021-10-27T10:58:06.000Z,BEFORE_OPEN
KO,21344,2022-02-10,2022-02-10T11:57:42.000Z,BEFORE_OPEN
KO,21344,2022-04-25,2022-04-25T10:57:33.000Z,BEFORE_OPEN
KO,21344,2022-07-26,2022-07-26T11:01:38.000Z,BEFORE_OPEN
KO,21344,2022-10-25,2022-10-25T10:56:55.000Z,BEFORE_OPEN
KO,21344,2023-02-14,2023-02-14T11:58:07.000Z,BEFORE_OPEN
KO,21344,2023-04-24,2023-04-24T10:59:24.000Z,BEFORE_OPEN
KO,21344,2023-07-26,2023-07-26T10:57:08.000Z,BEFORE_OPEN
KO,21344,2023-10-24,2023-10-24T10:57:49.000Z,BEFORE_OPEN
KO,21344,2024-02-13,2024-02-13T11:57:58.000Z,BEFORE_OPEN
KO,21344,2024-04-30,2024-04-30T10:58:54.000Z,BEFORE_OPEN
KO,21344,2024-07-23,2024-07-23T10:58:02.000Z,BEFORE_OPEN
KO,21344,2024-10-23,2024-10-23T11:00:47.000Z,BEFORE_OPEN
KO,21344,2025-02-11,2025-02-11T11:59:06.000Z,BEFORE_OPEN
KO,21344,2025-04-29,2025-04-29T10:58:41.000Z,BEFORE_OPEN
KO,21344,2025-07-22,2025-07-22T11:00:23.000Z,BEFORE_OPEN
KO,21344,2025-10-21,2025-10-21T10:59:07.000Z,BEFORE_OPEN
KO,21344,2026-02-10,2026-02-10T11:59:38.000Z,BEFORE_OPEN
KO,21344,2026-04-28,2026-04-28T11:00:30.000Z,BEFORE_OPEN
KO,21344,2026-07-28,2026-07-28T10:58:13.000Z,BEFORE_OPEN
KR,56873,2019-06-20,2019-06-20T12:11:37.000Z,BEFORE_OPEN
KR,56873,2019-09-12,2019-09-12T12:50:20.000Z,BEFORE_OPEN
KR,56873,2019-12-05,2019-12-05T13:55:06.000Z,BEFORE_OPEN
KR,56873,2020-03-05,2020-03-05T13:36:10.000Z,BEFORE_OPEN
KR,56873,2020-06-18,2020-06-18T11:37:47.000Z,BEFORE_OPEN
KR,56873,2020-09-11,2020-09-11T12:36:45.000Z,BEFORE_OPEN
KR,56873,2020-12-03,2020-12-03T13:13:11.000Z,BEFORE_OPEN
KR,56873,2021-03-04,2021-03-04T13:21:26.000Z,BEFORE_OPEN
KR,56873,2021-06-17,2021-06-17T12:05:39.000Z,BEFORE_OPEN
KR,56873,2021-09-10,2021-09-10T12:10:09.000Z,BEFORE_OPEN
KR,56873,2021-12-02,2021-12-02T13:11:52.000Z,BEFORE_OPEN
KR,56873,2022-03-03,2022-03-03T13:09:49.000Z,BEFORE_OPEN
KR,56873,2022-06-16,2022-06-16T12:07:22.000Z,BEFORE_OPEN
KR,56873,2022-09-09,2022-09-09T12:26:43.000Z,BEFORE_OPEN
KR,56873,2022-12-01,2022-12-01T13:00:21.000Z,BEFORE_OPEN
KR,56873,2023-03-02,2023-03-02T13:41:55.000Z,BEFORE_OPEN
KR,56873,2023-06-15,2023-06-15T12:07:59.000Z,BEFORE_OPEN
KR,56873,2023-09-08,2023-09-08T12:22:02.000Z,BEFORE_OPEN
KR,56873,2023-11-30,2023-11-30T13:05:36.000Z,BEFORE_OPEN
KR,56873,2024-03-07,2024-03-07T13:08:24.000Z,BEFORE_OPEN
KR,56873,2024-06-20,2024-06-20T12:08:18.000Z,BEFORE_OPEN
KR,56873,2024-09-12,2024-09-12T12:11:36.000Z,BEFORE_OPEN
KR,56873,2024-12-05,2024-12-05T13:07:51.000Z,BEFORE_OPEN
KR,56873,2025-03-03,2025-03-03T12:10:52.000Z,BEFORE_OPEN
KR,56873,2025-03-06,2025-03-06T13:14:27.000Z,BEFORE_OPEN
KR,56873,2025-06-20,2025-06-20T12:06:51.000Z,BEFORE_OPEN
KR,56873,2025-09-11,2025-09-11T12:14:26.000Z,BEFORE_OPEN
KR,56873,2025-12-04,2025-12-04T13:06:29.000Z,BEFORE_OPEN
KR,56873,2026-03-05,2026-03-05T11:52:13.000Z,BEFORE_OPEN
KR,56873,2026-06-18,2026-06-18T10:52:56.000Z,BEFORE_OPEN
KVUE,1944048,2023-07-20,2023-07-20T10:25:45.000Z,BEFORE_OPEN
KVUE,1944048,2023-10-26,2023-10-26T10:34:44.000Z,BEFORE_OPEN
KVUE,1944048,2024-02-08,2024-02-08T11:59:58.000Z,BEFORE_OPEN
KVUE,1944048,2024-05-07,2024-05-07T10:49:54.000Z,BEFORE_OPEN
KVUE,1944048,2024-08-06,2024-08-06T10:47:32.000Z,BEFORE_OPEN
KVUE,1944048,2024-11-07,2024-11-07T11:48:24.000Z,BEFORE_OPEN
KVUE,1944048,2025-02-06,2025-02-06T11:48:51.000Z,BEFORE_OPEN
KVUE,1944048,2025-05-08,2025-05-08T10:58:19.000Z,BEFORE_OPEN
KVUE,1944048,2025-07-14,2025-07-14T10:56:05.000Z,BEFORE_OPEN
KVUE,1944048,2025-08-07,2025-08-07T10:47:11.000Z,BEFORE_OPEN
KVUE,1944048,2025-11-03,2025-11-03T11:44:14.000Z,BEFORE_OPEN
KVUE,1944048,2026-02-17,2026-02-17T21:46:12.000Z,AFTER_CLOSE
KVUE,1944048,2026-05-07,2026-05-07T10:32:39.000Z,BEFORE_OPEN
KVUE,1944048,2026-08-06,2026-08-06T10:48:04.000Z,BEFORE_OPEN
L,60086,2018-02-12,2018-02-12T13:40:33.000Z,BEFORE_OPEN
L,60086,2018-04-30,2018-04-30T12:44:06.000Z,BEFORE_OPEN
L,60086,2018-07-30,2018-07-30T12:38:05.000Z,BEFORE_OPEN
L,60086,2018-11-05,2018-11-05T13:58:05.000Z,BEFORE_OPEN
L,60086,2019-02-11,2019-02-11T12:43:30.000Z,BEFORE_OPEN
L,60086,2019-04-29,2019-04-29T12:27:02.000Z,BEFORE_OPEN
L,60086,2019-08-05,2019-08-05T12:51:32.000Z,BEFORE_OPEN
L,60086,2019-10-28,2019-10-28T13:24:17.000Z,BEFORE_OPEN
L,60086,2020-02-10,2020-02-10T14:01:40.000Z,BEFORE_OPEN
L,60086,2020-05-04,2020-05-04T12:53:41.000Z,BEFORE_OPEN
L,60086,2020-08-03,2020-08-03T13:07:07.000Z,BEFORE_OPEN
L,60086,2020-11-02,2020-11-02T14:03:01.000Z,BEFORE_OPEN
L,60086,2021-02-08,2021-02-08T13:47:21.000Z,BEFORE_OPEN
L,60086,2021-05-03,2021-05-03T11:11:02.000Z,BEFORE_OPEN
L,60086,2021-08-02,2021-08-02T10:49:50.000Z,BEFORE_OPEN
L,60086,2021-11-01,2021-11-01T10:45:38.000Z,BEFORE_OPEN
L,60086,2022-02-07,2022-02-07T11:52:36.000Z,BEFORE_OPEN
L,60086,2022-05-02,2022-05-02T10:08:24.000Z,BEFORE_OPEN
L,60086,2022-08-01,2022-08-01T10:04:55.000Z,BEFORE_OPEN
L,60086,2022-10-31,2022-10-31T10:01:33.000Z,BEFORE_OPEN
L,60086,2023-02-06,2023-02-06T11:47:49.000Z,BEFORE_OPEN
L,60086,2023-05-01,2023-05-01T10:49:14.000Z,BEFORE_OPEN
L,60086,2023-07-31,2023-07-31T10:48:34.000Z,BEFORE_OPEN
L,60086,2023-10-30,2023-10-30T10:52:02.000Z,BEFORE_OPEN
L,60086,2024-02-05,2024-02-05T11:48:50.000Z,BEFORE_OPEN
L,60086,2024-05-06,2024-05-06T10:50:47.000Z,BEFORE_OPEN
L,60086,2024-07-29,2024-07-29T10:01:45.000Z,BEFORE_OPEN
L,60086,2024-11-04,2024-11-04T11:16:39.000Z,BEFORE_OPEN
L,60086,2025-02-10,2025-02-10T11:11:13.000Z,BEFORE_OPEN
L,60086,2025-05-05,2025-05-05T10:05:27.000Z,BEFORE_OPEN
L,60086,2025-08-04,2025-08-04T10:04:48.000Z,BEFORE_OPEN
L,60086,2025-11-03,2025-11-03T11:08:02.000Z,BEFORE_OPEN
L,60086,2026-02-09,2026-02-09T11:05:19.000Z,BEFORE_OPEN
L,60086,2026-05-04,2026-05-04T10:04:48.000Z,BEFORE_OPEN
L,60086,2026-08-03,2026-08-03T10:06:10.000Z,BEFORE_OPEN
LH,920148,2019-02-07,2019-02-07T11:57:47.000Z,BEFORE_OPEN
LH,920148,2019-04-30,2019-04-30T11:01:06.000Z,BEFORE_OPEN
LH,920148,2019-07-25,2019-07-25T11:04:52.000Z,BEFORE_OPEN
LH,920148,2019-10-24,2019-10-24T10:59:02.000Z,BEFORE_OPEN
LH,920148,2020-02-13,2020-02-13T12:04:18.000Z,BEFORE_OPEN
LH,920148,2020-04-29,2020-04-29T11:02:41.000Z,BEFORE_OPEN
LH,920148,2020-07-28,2020-07-28T10:56:01.000Z,BEFORE_OPEN
LH,920148,2020-10-27,2020-10-27T10:49:00.000Z,BEFORE_OPEN
LH,920148,2021-02-11,2021-02-11T12:04:25.000Z,BEFORE_OPEN
LH,920148,2021-04-29,2021-04-29T12:42:13.000Z,BEFORE_OPEN
LH,920148,2021-07-29,2021-07-29T12:36:07.000Z,BEFORE_OPEN
LH,920148,2021-10-28,2021-10-28T12:59:06.000Z,BEFORE_OPEN
LH,920148,2022-02-10,2022-02-10T12:09:51.000Z,BEFORE_OPEN
LH,920148,2022-04-28,2022-04-28T11:14:34.000Z,BEFORE_OPEN
LH,920148,2022-07-28,2022-07-28T11:03:03.000Z,BEFORE_OPEN
LH,920148,2022-10-27,2022-10-27T11:06:47.000Z,BEFORE_OPEN
LH,920148,2023-02-16,2023-02-16T12:03:08.000Z,BEFORE_OPEN
LH,920148,2023-04-25,2023-04-25T10:59:33.000Z,BEFORE_OPEN
LH,920148,2023-07-27,2023-07-27T11:04:17.000Z,BEFORE_OPEN
LH,920148,2023-10-26,2023-10-26T11:05:05.000Z,BEFORE_OPEN
LH,920148,2024-02-15,2024-02-15T12:01:08.000Z,BEFORE_OPEN
LH,920148,2024-04-25,2024-04-25T11:04:59.000Z,BEFORE_OPEN
LH,920148,2024-08-01,2024-08-01T11:04:28.000Z,BEFORE_OPEN
LH,920148,2024-10-24,2024-10-24T10:58:10.000Z,BEFORE_OPEN
LH,920148,2025-02-06,2025-02-06T11:54:01.000Z,BEFORE_OPEN
LH,920148,2025-04-29,2025-04-29T10:53:52.000Z,BEFORE_OPEN
LH,920148,2025-07-24,2025-07-24T10:52:21.000Z,BEFORE_OPEN
LH,920148,2025-10-28,2025-10-28T10:55:29.000Z,BEFORE_OPEN
LH,920148,2026-02-17,2026-02-17T11:54:50.000Z,BEFORE_OPEN
LH,920148,2026-04-30,2026-04-30T10:57:12.000Z,BEFORE_OPEN
LH,920148,2026-07-30,2026-07-30T10:53:18.000Z,BEFORE_OPEN
LHX,202058,2018-07-31,2018-07-31T10:55:55.000Z,BEFORE_OPEN
LHX,202058,2018-10-15,2018-10-15T10:47:59.000Z,BEFORE_OPEN
LHX,202058,2019-01-29,2019-01-29T11:42:06.000Z,BEFORE_OPEN
LHX,202058,2019-05-01,2019-05-01T10:41:00.000Z,BEFORE_OPEN
LHX,202058,2019-07-01,2019-07-01T20:11:22.000Z,AFTER_CLOSE
LHX,202058,2019-07-31,2019-07-31T10:42:14.000Z,BEFORE_OPEN
LHX,202058,2019-10-30,2019-10-30T10:36:38.000Z,BEFORE_OPEN
LHX,202058,2020-02-04,2020-02-04T11:45:03.000Z,BEFORE_OPEN
LHX,202058,2020-05-05,2020-05-05T10:36:48.000Z,BEFORE_OPEN
LHX,202058,2020-07-31,2020-07-31T12:37:34.000Z,BEFORE_OPEN
LHX,202058,2020-10-30,2020-10-30T11:08:57.000Z,BEFORE_OPEN
LHX,202058,2021-01-29,2021-01-29T11:37:19.000Z,BEFORE_OPEN
LHX,202058,2021-04-30,2021-04-30T10:40:20.000Z,BEFORE_OPEN
LHX,202058,2021-08-03,2021-08-03T10:46:42.000Z,BEFORE_OPEN
LHX,202058,2021-10-29,2021-10-29T10:38:24.000Z,BEFORE_OPEN
LHX,202058,2022-01-14,2022-01-14T22:20:17.000Z,AFTER_CLOSE
LHX,202058,2022-01-31,2022-01-31T11:34:03.000Z,BEFORE_OPEN
LHX,202058,2022-04-28,2022-04-28T20:19:29.000Z,AFTER_CLOSE
LHX,202058,2022-07-28,2022-07-28T20:16:33.000Z,AFTER_CLOSE
LHX,202058,2022-10-27,2022-10-27T20:17:40.000Z,AFTER_CLOSE
LHX,202058,2023-01-26,2023-01-26T21:02:14.000Z,AFTER_CLOSE
LHX,202058,2023-04-27,2023-04-27T20:01:59.000Z,AFTER_CLOSE
LHX,202058,2023-07-26,2023-07-26T20:38:06.000Z,AFTER_CLOSE
LHX,202058,2023-10-26,2023-10-26T20:14:38.000Z,AFTER_CLOSE
LHX,202058,2024-01-25,2024-01-25T21:05:30.000Z,AFTER_CLOSE
LHX,202058,2024-04-25,2024-04-25T20:07:19.000Z,AFTER_CLOSE
LHX,202058,2024-07-25,2024-07-25T20:05:52.000Z,AFTER_CLOSE
LHX,202058,2024-10-24,2024-10-24T20:05:23.000Z,AFTER_CLOSE
LHX,202058,2025-01-30,2025-01-30T12:00:30.000Z,BEFORE_OPEN
LHX,202058,2025-04-24,2025-04-24T10:55:27.000Z,BEFORE_OPEN
LHX,202058,2025-07-24,2025-07-24T10:55:38.000Z,BEFORE_OPEN
LHX,202058,2025-10-30,2025-10-30T10:55:22.000Z,BEFORE_OPEN
LHX,202058,2026-01-29,2026-01-29T11:57:40.000Z,BEFORE_OPEN
LHX,202058,2026-04-30,2026-04-30T10:56:47.000Z,BEFORE_OPEN
LHX,202058,2026-07-29,2026-07-29T20:08:15.000Z,AFTER_CLOSE
LIN,1707925,2019-05-10,2019-05-10T19:55:03.000Z,IN_SESSION
LIN,1707925,2019-08-05,2019-08-05T19:28:16.000Z,IN_SESSION
LIN,1707925,2019-11-12,2019-11-12T21:01:39.000Z,AFTER_CLOSE
LIN,1707925,2019-11-14,2019-11-14T20:57:56.000Z,IN_SESSION
LIN,1707925,2020-02-13,2020-02-13T11:09:13.000Z,BEFORE_OPEN
LIN,1707925,2020-05-07,2020-05-07T10:28:56.000Z,BEFORE_OPEN
LIN,1707925,2020-07-30,2020-07-30T13:03:00.000Z,BEFORE_OPEN
LIN,1707925,2020-11-05,2020-11-05T12:22:54.000Z,BEFORE_OPEN
LIN,1707925,2021-02-05,2021-02-05T11:41:17.000Z,BEFORE_OPEN
LIN,1707925,2021-05-06,2021-05-06T10:59:06.000Z,BEFORE_OPEN
LIN,1707925,2021-07-30,2021-07-30T11:30:25.000Z,BEFORE_OPEN
LIN,1707925,2021-10-28,2021-10-28T10:48:28.000Z,BEFORE_OPEN
LIN,1707925,2022-02-10,2022-02-10T13:07:00.000Z,BEFORE_OPEN
LIN,1707925,2022-04-28,2022-04-28T11:18:25.000Z,BEFORE_OPEN
LIN,1707925,2022-07-28,2022-07-28T10:34:18.000Z,BEFORE_OPEN
LIN,1707925,2022-10-27,2022-10-27T10:57:55.000Z,BEFORE_OPEN
LIN,1707925,2023-02-07,2023-02-07T13:27:16.000Z,BEFORE_OPEN
LIN,1707925,2023-04-27,2023-04-27T10:44:06.000Z,BEFORE_OPEN
LIN,1707925,2023-07-27,2023-07-27T10:18:41.000Z,BEFORE_OPEN
LIN,1707925,2023-10-26,2023-10-26T10:31:40.000Z,BEFORE_OPEN
LIN,1707925,2024-02-06,2024-02-06T11:11:34.000Z,BEFORE_OPEN
LIN,1707925,2024-05-02,2024-05-02T10:37:32.000Z,BEFORE_OPEN
LIN,1707925,2024-08-02,2024-08-02T10:07:54.000Z,BEFORE_OPEN
LIN,1707925,2024-10-31,2024-10-31T10:06:02.000Z,BEFORE_OPEN
LIN,1707925,2025-02-06,2025-02-06T11:44:18.000Z,BEFORE_OPEN
LIN,1707925,2025-05-01,2025-05-01T11:11:34.000Z,BEFORE_OPEN
LIN,1707925,2025-08-01,2025-08-01T10:04:08.000Z,BEFORE_OPEN
LIN,1707925,2025-10-31,2025-10-31T10:45:37.000Z,BEFORE_OPEN
LIN,1707925,2026-02-05,2026-02-05T12:47:20.000Z,BEFORE_OPEN
LIN,1707925,2026-05-01,2026-05-01T10:47:13.000Z,BEFORE_OPEN
LIN,1707925,2026-07-31,2026-07-31T11:24:29.000Z,BEFORE_OPEN
LITE,1633978,2017-11-01,2017-11-01T12:23:32.000Z,BEFORE_OPEN
LITE,1633978,2018-02-06,2018-02-06T13:12:24.000Z,BEFORE_OPEN
LITE,1633978,2018-05-02,2018-05-02T12:17:03.000Z,BEFORE_OPEN
LITE,1633978,2018-08-08,2018-08-08T12:21:48.000Z,BEFORE_OPEN
LITE,1633978,2018-11-01,2018-11-01T12:18:03.000Z,BEFORE_OPEN
LITE,1633978,2019-02-05,2019-02-05T12:57:07.000Z,BEFORE_OPEN
LITE,1633978,2019-05-07,2019-05-07T12:32:37.000Z,BEFORE_OPEN
LITE,1633978,2019-08-08,2019-08-08T12:17:34.000Z,BEFORE_OPEN
LITE,1633978,2019-10-31,2019-10-31T12:11:56.000Z,BEFORE_OPEN
LITE,1633978,2020-02-04,2020-02-04T13:45:16.000Z,BEFORE_OPEN
LITE,1633978,2020-05-05,2020-05-05T11:58:19.000Z,BEFORE_OPEN
LITE,1633978,2020-08-11,2020-08-11T11:58:17.000Z,BEFORE_OPEN
LITE,1633978,2020-11-02,2020-11-02T12:47:54.000Z,BEFORE_OPEN
LITE,1633978,2021-01-19,2021-01-19T13:34:58.000Z,BEFORE_OPEN
LITE,1633978,2021-02-02,2021-02-02T12:42:37.000Z,BEFORE_OPEN
LITE,1633978,2021-05-12,2021-05-12T12:00:49.000Z,BEFORE_OPEN
LITE,1633978,2021-08-18,2021-08-18T11:45:43.000Z,BEFORE_OPEN
LITE,1633978,2021-11-04,2021-11-04T12:01:55.000Z,BEFORE_OPEN
LITE,1633978,2022-02-03,2022-02-03T13:00:02.000Z,BEFORE_OPEN
LITE,1633978,2022-05-04,2022-05-04T11:47:31.000Z,BEFORE_OPEN
LITE,1633978,2022-08-16,2022-08-16T11:47:43.000Z,BEFORE_OPEN
LITE,1633978,2022-11-08,2022-11-08T12:35:51.000Z,BEFORE_OPEN
LITE,1633978,2023-02-09,2023-02-09T12:46:47.000Z,BEFORE_OPEN
LITE,1633978,2023-04-06,2023-04-06T01:10:12.000Z,AFTER_CLOSE
LITE,1633978,2023-05-09,2023-05-09T11:52:39.000Z,BEFORE_OPEN
LITE,1633978,2023-08-17,2023-08-17T11:44:47.000Z,BEFORE_OPEN
LITE,1633978,2023-10-30,2023-10-30T11:06:30.000Z,BEFORE_OPEN
LITE,1633978,2023-11-08,2023-11-08T13:01:55.000Z,BEFORE_OPEN
LITE,1633978,2024-02-08,2024-02-08T13:03:39.000Z,BEFORE_OPEN
LITE,1633978,2024-05-06,2024-05-06T20:18:42.000Z,AFTER_CLOSE
LITE,1633978,2024-08-14,2024-08-14T20:07:33.000Z,AFTER_CLOSE
LITE,1633978,2024-11-07,2024-11-07T21:20:19.000Z,AFTER_CLOSE
LITE,1633978,2025-02-03,2025-02-03T22:15:21.000Z,AFTER_CLOSE
LITE,1633978,2025-02-06,2025-02-06T21:22:44.000Z,AFTER_CLOSE
LITE,1633978,2025-05-06,2025-05-06T20:26:14.000Z,AFTER_CLOSE
LITE,1633978,2025-08-12,2025-08-12T20:17:09.000Z,AFTER_CLOSE
LITE,1633978,2025-11-04,2025-11-04T21:16:09.000Z,AFTER_CLOSE
LITE,1633978,2026-02-03,2026-02-03T21:12:14.000Z,AFTER_CLOSE
LITE,1633978,2026-05-05,2026-05-05T20:11:28.000Z,AFTER_CLOSE
LITE,1633978,2026-08-11,2026-08-11T20:24:11.000Z,AFTER_CLOSE
LLY,59478,2021-12-15,2021-12-15T12:05:57.000Z,BEFORE_OPEN
LLY,59478,2022-02-03,2022-02-03T12:08:37.000Z,BEFORE_OPEN
LLY,59478,2022-04-14,2022-04-14T20:57:23.000Z,AFTER_CLOSE
LLY,59478,2022-04-28,2022-04-28T11:05:27.000Z,BEFORE_OPEN
LLY,59478,2022-08-04,2022-08-04T11:05:33.000Z,BEFORE_OPEN
LLY,59478,2022-11-01,2022-11-01T11:03:47.000Z,BEFORE_OPEN
LLY,59478,2022-12-13,2022-12-13T12:03:51.000Z,BEFORE_OPEN
LLY,59478,2023-02-02,2023-02-02T12:13:44.000Z,BEFORE_OPEN
LLY,59478,2023-04-27,2023-04-27T11:02:50.000Z,BEFORE_OPEN
LLY,59478,2023-08-08,2023-08-08T11:01:37.000Z,BEFORE_OPEN
LLY,59478,2023-11-02,2023-11-02T11:02:01.000Z,BEFORE_OPEN
LLY,59478,2024-02-06,2024-02-06T12:04:24.000Z,BEFORE_OPEN
LLY,59478,2024-04-30,2024-04-30T11:04:14.000Z,BEFORE_OPEN
LLY,59478,2024-08-08,2024-08-08T11:04:30.000Z,BEFORE_OPEN
LLY,59478,2024-10-30,2024-10-30T11:05:55.000Z,BEFORE_OPEN
LLY,59478,2025-01-14,2025-01-14T14:05:19.000Z,BEFORE_OPEN
LLY,59478,2025-02-06,2025-02-06T12:05:12.000Z,BEFORE_OPEN
LLY,59478,2025-05-01,2025-05-01T11:03:11.000Z,BEFORE_OPEN
LLY,59478,2025-08-07,2025-08-07T11:05:40.000Z,BEFORE_OPEN
LLY,59478,2025-10-30,2025-10-30T11:03:41.000Z,BEFORE_OPEN
LLY,59478,2026-02-04,2026-02-04T12:05:22.000Z,BEFORE_OPEN
LLY,59478,2026-04-30,2026-04-30T11:03:30.000Z,BEFORE_OPEN
LLY,59478,2026-08-05,2026-08-05T11:05:09.000Z,BEFORE_OPEN
LMT,936468,2016-04-26,2016-04-26T11:35:12.000Z,BEFORE_OPEN
LMT,936468,2016-07-19,2016-07-19T11:32:50.000Z,BEFORE_OPEN
LMT,936468,2016-10-25,2016-10-25T11:32:11.000Z,BEFORE_OPEN
LMT,936468,2017-01-24,2017-01-24T12:30:06.000Z,BEFORE_OPEN
LMT,936468,2017-04-25,2017-04-25T11:31:34.000Z,BEFORE_OPEN
LMT,936468,2017-07-18,2017-07-18T11:35:14.000Z,BEFORE_OPEN
LMT,936468,2017-10-24,2017-10-24T11:32:51.000Z,BEFORE_OPEN
LMT,936468,2018-01-29,2018-01-29T12:31:31.000Z,BEFORE_OPEN
LMT,936468,2018-04-24,2018-04-24T11:32:42.000Z,BEFORE_OPEN
LMT,936468,2018-07-24,2018-07-24T11:31:27.000Z,BEFORE_OPEN
LMT,936468,2018-10-23,2018-10-23T11:31:46.000Z,BEFORE_OPEN
LMT,936468,2019-01-29,2019-01-29T12:31:47.000Z,BEFORE_OPEN
LMT,936468,2019-04-23,2019-04-23T11:31:44.000Z,BEFORE_OPEN
LMT,936468,2019-07-23,2019-07-23T11:33:07.000Z,BEFORE_OPEN
LMT,936468,2019-10-22,2019-10-22T11:34:01.000Z,BEFORE_OPEN
LMT,936468,2020-01-28,2020-01-28T12:33:42.000Z,BEFORE_OPEN
LMT,936468,2020-04-21,2020-04-21T11:33:25.000Z,BEFORE_OPEN
LMT,936468,2020-07-21,2020-07-21T11:41:52.000Z,BEFORE_OPEN
LMT,936468,2020-10-20,2020-10-20T11:33:11.000Z,BEFORE_OPEN
LMT,936468,2021-01-26,2021-01-26T12:35:02.000Z,BEFORE_OPEN
LMT,936468,2021-04-20,2021-04-20T11:32:14.000Z,BEFORE_OPEN
LMT,936468,2021-07-26,2021-07-26T11:33:11.000Z,BEFORE_OPEN
LMT,936468,2021-10-26,2021-10-26T11:31:32.000Z,BEFORE_OPEN
LMT,936468,2022-01-25,2022-01-25T12:32:04.000Z,BEFORE_OPEN
LMT,936468,2022-04-19,2022-04-19T11:31:26.000Z,BEFORE_OPEN
LMT,936468,2022-06-27,2022-06-27T20:20:44.000Z,AFTER_CLOSE
LMT,936468,2022-07-19,2022-07-19T11:31:35.000Z,BEFORE_OPEN
LMT,936468,2022-10-18,2022-10-18T11:31:27.000Z,BEFORE_OPEN
LMT,936468,2023-01-24,2023-01-24T12:31:28.000Z,BEFORE_OPEN
LMT,936468,2023-04-18,2023-04-18T11:42:10.000Z,BEFORE_OPEN
LMT,936468,2023-07-18,2023-07-18T11:38:58.000Z,BEFORE_OPEN
LMT,936468,2023-10-17,2023-10-17T11:31:13.000Z,BEFORE_OPEN
LMT,936468,2024-01-23,2024-01-23T12:34:45.000Z,BEFORE_OPEN
LMT,936468,2024-04-23,2024-04-23T11:31:37.000Z,BEFORE_OPEN
LMT,936468,2024-07-23,2024-07-23T11:31:54.000Z,BEFORE_OPEN
LMT,936468,2024-10-22,2024-10-22T11:31:37.000Z,BEFORE_OPEN
LMT,936468,2025-01-28,2025-01-28T12:32:23.000Z,BEFORE_OPEN
LMT,936468,2025-04-22,2025-04-22T11:31:37.000Z,BEFORE_OPEN
LMT,936468,2025-07-22,2025-07-22T11:32:49.000Z,BEFORE_OPEN
LMT,936468,2025-10-21,2025-10-21T11:34:11.000Z,BEFORE_OPEN
LMT,936468,2026-01-29,2026-01-29T12:25:24.000Z,BEFORE_OPEN
LMT,936468,2026-04-23,2026-04-23T10:36:10.000Z,BEFORE_OPEN
LMT,936468,2026-07-23,2026-07-23T10:30:57.000Z,BEFORE_OPEN
LNG,3570,2015-04-30,2015-04-30T20:19:32.000Z,AFTER_CLOSE
LNG,3570,2015-07-30,2015-07-30T20:35:32.000Z,AFTER_CLOSE
LNG,3570,2015-10-30,2015-10-30T12:02:30.000Z,BEFORE_OPEN
LNG,3570,2016-02-19,2016-02-19T13:31:59.000Z,BEFORE_OPEN
LNG,3570,2016-05-05,2016-05-05T20:08:02.000Z,AFTER_CLOSE
LNG,3570,2016-08-09,2016-08-09T12:02:14.000Z,BEFORE_OPEN
LNG,3570,2016-11-03,2016-11-03T12:17:06.000Z,BEFORE_OPEN
LNG,3570,2017-02-28,2017-02-28T13:02:46.000Z,BEFORE_OPEN
LNG,3570,2017-05-04,2017-05-04T12:04:00.000Z,BEFORE_OPEN
LNG,3570,2017-08-08,2017-08-08T12:03:27.000Z,BEFORE_OPEN
LNG,3570,2017-11-14,2017-11-14T13:02:22.000Z,BEFORE_OPEN
LNG,3570,2018-02-21,2018-02-21T13:01:47.000Z,BEFORE_OPEN
LNG,3570,2018-05-04,2018-05-04T12:02:04.000Z,BEFORE_OPEN
LNG,3570,2018-08-09,2018-08-09T12:02:21.000Z,BEFORE_OPEN
LNG,3570,2018-11-08,2018-11-08T13:02:19.000Z,BEFORE_OPEN
LNG,3570,2019-02-26,2019-02-26T13:01:04.000Z,BEFORE_OPEN
LNG,3570,2019-05-09,2019-05-09T12:01:35.000Z,BEFORE_OPEN
LNG,3570,2019-08-08,2019-08-08T12:03:57.000Z,BEFORE_OPEN
LNG,3570,2019-11-01,2019-11-01T12:02:27.000Z,BEFORE_OPEN
LNG,3570,2020-02-25,2020-02-25T13:03:03.000Z,BEFORE_OPEN
LNG,3570,2020-04-30,2020-04-30T12:03:16.000Z,BEFORE_OPEN
LNG,3570,2020-08-06,2020-08-06T11:32:09.000Z,BEFORE_OPEN
LNG,3570,2020-11-06,2020-11-06T13:02:42.000Z,BEFORE_OPEN
LNG,3570,2021-02-24,2021-02-24T13:02:07.000Z,BEFORE_OPEN
LNG,3570,2021-05-04,2021-05-04T12:02:12.000Z,BEFORE_OPEN
LNG,3570,2021-08-05,2021-08-05T12:02:09.000Z,BEFORE_OPEN
LNG,3570,2021-11-04,2021-11-04T12:02:51.000Z,BEFORE_OPEN
LNG,3570,2022-02-24,2022-02-24T12:02:08.000Z,BEFORE_OPEN
LNG,3570,2022-05-04,2022-05-04T11:30:17.000Z,BEFORE_OPEN
LNG,3570,2022-08-04,2022-08-04T11:31:50.000Z,BEFORE_OPEN
LNG,3570,2022-11-03,2022-11-03T11:32:18.000Z,BEFORE_OPEN
LNG,3570,2023-02-23,2023-02-23T12:32:18.000Z,BEFORE_OPEN
LNG,3570,2023-05-02,2023-05-02T11:31:25.000Z,BEFORE_OPEN
LNG,3570,2023-08-03,2023-08-03T11:32:29.000Z,BEFORE_OPEN
LNG,3570,2023-11-02,2023-11-02T11:32:24.000Z,BEFORE_OPEN
LNG,3570,2024-02-22,2024-02-22T12:36:26.000Z,BEFORE_OPEN
LNG,3570,2024-05-03,2024-05-03T11:31:50.000Z,BEFORE_OPEN
LNG,3570,2024-08-08,2024-08-08T11:01:15.000Z,BEFORE_OPEN
LNG,3570,2024-10-31,2024-10-31T11:31:40.000Z,BEFORE_OPEN
LNG,3570,2025-02-20,2025-02-20T12:30:58.000Z,BEFORE_OPEN
LNG,3570,2025-05-08,2025-05-08T11:31:38.000Z,BEFORE_OPEN
LNG,3570,2025-08-07,2025-08-07T11:33:06.000Z,BEFORE_OPEN
LNG,3570,2025-10-30,2025-10-30T11:31:07.000Z,BEFORE_OPEN
LNG,3570,2026-02-26,2026-02-26T12:32:06.000Z,BEFORE_OPEN
LNG,3570,2026-05-07,2026-05-07T11:31:30.000Z,BEFORE_OPEN
LNG,3570,2026-08-06,2026-08-06T11:31:19.000Z,BEFORE_OPEN
LOW,60667,2016-05-18,2016-05-18T13:09:07.000Z,BEFORE_OPEN
LOW,60667,2016-08-17,2016-08-17T12:02:35.000Z,BEFORE_OPEN
LOW,60667,2016-11-16,2016-11-16T13:21:28.000Z,BEFORE_OPEN
LOW,60667,2017-03-01,2017-03-01T12:59:21.000Z,BEFORE_OPEN
LOW,60667,2017-05-24,2017-05-24T12:22:01.000Z,BEFORE_OPEN
LOW,60667,2017-08-23,2017-08-23T12:24:12.000Z,BEFORE_OPEN
LOW,60667,2017-11-21,2017-11-21T13:23:53.000Z,BEFORE_OPEN
LOW,60667,2018-02-28,2018-02-28T13:35:10.000Z,BEFORE_OPEN
LOW,60667,2018-05-23,2018-05-23T13:43:04.000Z,IN_SESSION
LOW,60667,2018-08-22,2018-08-22T12:56:07.000Z,BEFORE_OPEN
LOW,60667,2018-11-20,2018-11-20T13:46:38.000Z,BEFORE_OPEN
LOW,60667,2019-02-27,2019-02-27T13:16:31.000Z,BEFORE_OPEN
LOW,60667,2019-05-22,2019-05-22T12:21:56.000Z,BEFORE_OPEN
LOW,60667,2019-08-21,2019-08-21T11:42:21.000Z,BEFORE_OPEN
LOW,60667,2019-11-20,2019-11-20T12:36:48.000Z,BEFORE_OPEN
LOW,60667,2020-02-26,2020-02-26T12:20:03.000Z,BEFORE_OPEN
LOW,60667,2020-05-20,2020-05-20T10:52:56.000Z,BEFORE_OPEN
LOW,60667,2020-08-19,2020-08-19T12:50:38.000Z,BEFORE_OPEN
LOW,60667,2020-11-18,2020-11-18T13:45:37.000Z,BEFORE_OPEN
LOW,60667,2021-02-24,2021-02-24T13:47:17.000Z,BEFORE_OPEN
LOW,60667,2021-05-19,2021-05-19T12:46:13.000Z,BEFORE_OPEN
LOW,60667,2021-08-18,2021-08-18T12:45:41.000Z,BEFORE_OPEN
LOW,60667,2021-11-17,2021-11-17T13:45:53.000Z,BEFORE_OPEN
LOW,60667,2022-02-23,2022-02-23T13:45:49.000Z,BEFORE_OPEN
LOW,60667,2022-05-18,2022-05-18T12:45:34.000Z,BEFORE_OPEN
LOW,60667,2022-08-17,2022-08-17T12:45:42.000Z,BEFORE_OPEN
LOW,60667,2022-11-16,2022-11-16T13:46:23.000Z,BEFORE_OPEN
LOW,60667,2023-03-01,2023-03-01T13:45:25.000Z,BEFORE_OPEN
LOW,60667,2023-05-23,2023-05-23T12:45:30.000Z,BEFORE_OPEN
LOW,60667,2023-08-22,2023-08-22T12:45:28.000Z,BEFORE_OPEN
LOW,60667,2023-11-21,2023-11-21T13:45:17.000Z,BEFORE_OPEN
LOW,60667,2024-02-27,2024-02-27T13:45:23.000Z,BEFORE_OPEN
LOW,60667,2024-05-21,2024-05-21T12:45:37.000Z,BEFORE_OPEN
LOW,60667,2024-08-20,2024-08-20T12:45:21.000Z,BEFORE_OPEN
LOW,60667,2024-11-19,2024-11-19T13:45:50.000Z,BEFORE_OPEN
LOW,60667,2025-02-26,2025-02-26T13:45:36.000Z,BEFORE_OPEN
LOW,60667,2025-05-21,2025-05-21T12:47:56.000Z,BEFORE_OPEN
LOW,60667,2025-08-20,2025-08-20T10:03:17.000Z,BEFORE_OPEN
LOW,60667,2025-11-19,2025-11-19T13:45:10.000Z,BEFORE_OPEN
LOW,60667,2026-02-25,2026-02-25T13:44:53.000Z,BEFORE_OPEN
LOW,60667,2026-05-20,2026-05-20T12:45:10.000Z,BEFORE_OPEN
LOW,60667,2026-08-19,2026-08-19T12:45:07.000Z,BEFORE_OPEN
LPLA,1397911,2017-04-27,2017-04-27T20:07:21.000Z,AFTER_CLOSE
LPLA,1397911,2017-07-27,2017-07-27T20:44:07.000Z,AFTER_CLOSE
LPLA,1397911,2017-10-26,2017-10-26T20:26:26.000Z,AFTER_CLOSE
LPLA,1397911,2018-02-01,2018-02-01T21:08:16.000Z,AFTER_CLOSE
LPLA,1397911,2018-05-03,2018-05-03T20:11:16.000Z,AFTER_CLOSE
LPLA,1397911,2018-07-26,2018-07-26T20:49:10.000Z,AFTER_CLOSE
LPLA,1397911,2018-10-25,2018-10-25T20:06:13.000Z,AFTER_CLOSE
LPLA,1397911,2019-01-31,2019-01-31T21:10:14.000Z,AFTER_CLOSE
LPLA,1397911,2019-05-02,2019-05-02T20:07:20.000Z,AFTER_CLOSE
LPLA,1397911,2019-07-25,2019-07-25T20:17:26.000Z,AFTER_CLOSE
LPLA,1397911,2019-10-24,2019-10-24T20:09:54.000Z,AFTER_CLOSE
LPLA,1397911,2020-01-30,2020-01-30T21:06:44.000Z,AFTER_CLOSE
LPLA,1397911,2020-04-30,2020-04-30T20:07:10.000Z,AFTER_CLOSE
LPLA,1397911,2020-07-30,2020-07-30T22:39:28.000Z,AFTER_CLOSE
LPLA,1397911,2020-10-29,2020-10-29T20:14:13.000Z,AFTER_CLOSE
LPLA,1397911,2021-02-04,2021-02-04T21:04:59.000Z,AFTER_CLOSE
LPLA,1397911,2021-04-29,2021-04-29T20:08:46.000Z,AFTER_CLOSE
LPLA,1397911,2021-07-29,2021-07-29T20:19:04.000Z,AFTER_CLOSE
LPLA,1397911,2021-10-28,2021-10-28T20:13:15.000Z,AFTER_CLOSE
LPLA,1397911,2022-02-03,2022-02-03T21:15:04.000Z,AFTER_CLOSE
LPLA,1397911,2022-04-28,2022-04-28T20:17:54.000Z,AFTER_CLOSE
LPLA,1397911,2022-08-02,2022-08-02T20:09:23.000Z,AFTER_CLOSE
LPLA,1397911,2022-10-27,2022-10-27T20:10:07.000Z,AFTER_CLOSE
LPLA,1397911,2023-02-02,2023-02-02T21:09:26.000Z,AFTER_CLOSE
LPLA,1397911,2023-04-27,2023-04-27T20:09:23.000Z,AFTER_CLOSE
LPLA,1397911,2023-07-27,2023-07-27T20:09:52.000Z,AFTER_CLOSE
LPLA,1397911,2023-10-26,2023-10-26T20:07:55.000Z,AFTER_CLOSE
LPLA,1397911,2024-02-01,2024-02-01T21:11:31.000Z,AFTER_CLOSE
LPLA,1397911,2024-04-30,2024-04-30T20:13:04.000Z,AFTER_CLOSE
LPLA,1397911,2024-07-25,2024-07-25T20:07:48.000Z,AFTER_CLOSE
LPLA,1397911,2024-10-30,2024-10-30T20:08:24.000Z,AFTER_CLOSE
LPLA,1397911,2025-01-30,2025-01-30T21:14:26.000Z,AFTER_CLOSE
LPLA,1397911,2025-05-08,2025-05-08T20:17:51.000Z,AFTER_CLOSE
LPLA,1397911,2025-07-31,2025-07-31T20:10:40.000Z,AFTER_CLOSE
LPLA,1397911,2025-10-30,2025-10-30T20:13:46.000Z,AFTER_CLOSE
LPLA,1397911,2026-01-29,2026-01-29T21:07:50.000Z,AFTER_CLOSE
LPLA,1397911,2026-04-30,2026-04-30T20:10:31.000Z,AFTER_CLOSE
LPLA,1397911,2026-07-30,2026-07-30T20:07:15.000Z,AFTER_CLOSE
LRCX,707549,2015-04-20,2015-04-20T20:02:06.000Z,AFTER_CLOSE
LRCX,707549,2015-07-29,2015-07-29T20:03:05.000Z,AFTER_CLOSE
LRCX,707549,2015-10-21,2015-10-21T10:10:54.000Z,BEFORE_OPEN
LRCX,707549,2016-01-27,2016-01-27T21:10:32.000Z,AFTER_CLOSE
LRCX,707549,2016-07-27,2016-07-27T20:05:57.000Z,AFTER_CLOSE
LRCX,707549,2016-10-19,2016-10-19T20:05:58.000Z,AFTER_CLOSE
LRCX,707549,2017-01-25,2017-01-25T21:04:11.000Z,AFTER_CLOSE
LRCX,707549,2017-04-18,2017-04-18T20:01:53.000Z,AFTER_CLOSE
LRCX,707549,2017-07-26,2017-07-26T20:10:51.000Z,AFTER_CLOSE
LRCX,707549,2017-10-17,2017-10-17T20:17:46.000Z,AFTER_CLOSE
LRCX,707549,2018-01-24,2018-01-24T21:07:37.000Z,AFTER_CLOSE
LRCX,707549,2018-04-17,2018-04-17T20:05:43.000Z,AFTER_CLOSE
LRCX,707549,2018-07-26,2018-07-26T20:14:39.000Z,AFTER_CLOSE
LRCX,707549,2018-10-16,2018-10-16T20:07:10.000Z,AFTER_CLOSE
LRCX,707549,2019-01-23,2019-01-23T21:07:07.000Z,AFTER_CLOSE
LRCX,707549,2019-04-24,2019-04-24T20:11:11.000Z,AFTER_CLOSE
LRCX,707549,2019-07-31,2019-07-31T20:12:23.000Z,AFTER_CLOSE
LRCX,707549,2019-10-23,2019-10-23T20:08:51.000Z,AFTER_CLOSE
LRCX,707549,2020-01-29,2020-01-29T21:07:02.000Z,AFTER_CLOSE
LRCX,707549,2020-04-22,2020-04-22T20:08:17.000Z,AFTER_CLOSE
LRCX,707549,2020-07-29,2020-07-29T20:18:37.000Z,AFTER_CLOSE
LRCX,707549,2020-10-21,2020-10-21T20:08:32.000Z,AFTER_CLOSE
LRCX,707549,2021-01-27,2021-01-27T21:09:36.000Z,AFTER_CLOSE
LRCX,707549,2021-04-21,2021-04-21T20:09:10.000Z,AFTER_CLOSE
LRCX,707549,2021-07-28,2021-07-28T20:08:39.000Z,AFTER_CLOSE
LRCX,707549,2021-10-20,2021-10-20T20:08:40.000Z,AFTER_CLOSE
LRCX,707549,2022-01-26,2022-01-26T21:08:53.000Z,AFTER_CLOSE
LRCX,707549,2022-04-20,2022-04-20T20:08:54.000Z,AFTER_CLOSE
LRCX,707549,2022-07-27,2022-07-27T20:11:15.000Z,AFTER_CLOSE
LRCX,707549,2022-10-19,2022-10-19T20:11:48.000Z,AFTER_CLOSE
LRCX,707549,2023-01-25,2023-01-25T21:13:04.000Z,AFTER_CLOSE
LRCX,707549,2023-04-19,2023-04-19T20:14:28.000Z,AFTER_CLOSE
LRCX,707549,2023-07-26,2023-07-26T20:08:02.000Z,AFTER_CLOSE
LRCX,707549,2023-10-18,2023-10-18T20:09:24.000Z,AFTER_CLOSE
LRCX,707549,2024-01-24,2024-01-24T21:09:32.000Z,AFTER_CLOSE
LRCX,707549,2024-04-24,2024-04-24T20:12:33.000Z,AFTER_CLOSE
LRCX,707549,2024-07-31,2024-07-31T20:09:20.000Z,AFTER_CLOSE
LRCX,707549,2024-10-23,2024-10-23T20:07:12.000Z,AFTER_CLOSE
LRCX,707549,2025-01-29,2025-01-29T21:07:49.000Z,AFTER_CLOSE
LRCX,707549,2025-04-23,2025-04-23T20:07:25.000Z,AFTER_CLOSE
LRCX,707549,2025-07-30,2025-07-30T20:07:21.000Z,AFTER_CLOSE
LRCX,707549,2025-10-22,2025-10-22T20:08:05.000Z,AFTER_CLOSE
LRCX,707549,2026-01-28,2026-01-28T21:06:48.000Z,AFTER_CLOSE
LRCX,707549,2026-04-22,2026-04-22T20:09:16.000Z,AFTER_CLOSE
LRCX,707549,2026-07-29,2026-07-29T20:07:10.000Z,AFTER_CLOSE
LVS,1300514,2009-05-05,2009-05-05T20:10:00.000Z,AFTER_CLOSE
LVS,1300514,2009-07-30,2009-07-30T20:22:22.000Z,AFTER_CLOSE
LVS,1300514,2009-10-29,2009-10-29T20:24:33.000Z,AFTER_CLOSE
LVS,1300514,2010-02-17,2010-02-17T21:20:54.000Z,AFTER_CLOSE
LVS,1300514,2010-05-06,2010-05-06T20:31:05.000Z,AFTER_CLOSE
LVS,1300514,2010-07-28,2010-07-28T11:36:22.000Z,BEFORE_OPEN
LVS,1300514,2010-10-27,2010-10-27T20:23:13.000Z,AFTER_CLOSE
LVS,1300514,2011-02-03,2011-02-03T22:08:11.000Z,AFTER_CLOSE
LVS,1300514,2011-05-03,2011-05-03T20:32:37.000Z,AFTER_CLOSE
LVS,1300514,2011-07-26,2011-07-26T20:22:35.000Z,AFTER_CLOSE
LVS,1300514,2011-10-27,2011-10-27T20:15:50.000Z,AFTER_CLOSE
LVS,1300514,2012-02-01,2012-02-01T21:07:40.000Z,AFTER_CLOSE
LVS,1300514,2012-04-25,2012-04-25T20:10:13.000Z,AFTER_CLOSE
LVS,1300514,2012-07-25,2012-07-25T20:21:58.000Z,AFTER_CLOSE
LVS,1300514,2012-11-01,2012-11-01T20:17:04.000Z,AFTER_CLOSE
LVS,1300514,2013-01-30,2013-01-30T21:29:18.000Z,AFTER_CLOSE
LVS,1300514,2013-05-01,2013-05-01T20:12:11.000Z,AFTER_CLOSE
LVS,1300514,2013-07-24,2013-07-24T20:11:45.000Z,AFTER_CLOSE
LVS,1300514,2013-10-17,2013-10-17T20:21:41.000Z,AFTER_CLOSE
LVS,1300514,2014-01-29,2014-01-29T21:26:16.000Z,AFTER_CLOSE
LVS,1300514,2014-04-24,2014-04-24T20:11:57.000Z,AFTER_CLOSE
LVS,1300514,2014-07-16,2014-07-16T20:10:19.000Z,AFTER_CLOSE
LVS,1300514,2014-10-15,2014-10-15T20:32:00.000Z,AFTER_CLOSE
LVS,1300514,2015-01-28,2015-01-28T21:17:02.000Z,AFTER_CLOSE
LVS,1300514,2015-04-22,2015-04-22T20:14:16.000Z,AFTER_CLOSE
LVS,1300514,2015-07-22,2015-07-22T20:15:30.000Z,AFTER_CLOSE
LVS,1300514,2015-10-21,2015-10-21T20:11:37.000Z,AFTER_CLOSE
LVS,1300514,2016-01-27,2016-01-27T21:17:11.000Z,AFTER_CLOSE
LVS,1300514,2016-04-20,2016-04-20T20:06:13.000Z,AFTER_CLOSE
LVS,1300514,2016-07-25,2016-07-25T20:29:42.000Z,AFTER_CLOSE
LVS,1300514,2016-11-03,2016-11-03T20:18:53.000Z,AFTER_CLOSE
LVS,1300514,2017-01-25,2017-01-25T21:20:35.000Z,AFTER_CLOSE
LVS,1300514,2017-04-26,2017-04-26T20:12:29.000Z,AFTER_CLOSE
LVS,1300514,2017-07-26,2017-07-26T20:09:56.000Z,AFTER_CLOSE
LVS,1300514,2017-10-25,2017-10-25T20:03:16.000Z,AFTER_CLOSE
LVS,1300514,2018-01-24,2018-01-24T21:04:44.000Z,AFTER_CLOSE
LVS,1300514,2018-04-25,2018-04-25T20:04:50.000Z,AFTER_CLOSE
LVS,1300514,2018-07-25,2018-07-25T20:07:53.000Z,AFTER_CLOSE
LVS,1300514,2018-10-24,2018-10-24T20:13:23.000Z,AFTER_CLOSE
LVS,1300514,2019-01-23,2019-01-23T21:10:26.000Z,AFTER_CLOSE
LVS,1300514,2019-04-17,2019-04-17T20:08:53.000Z,AFTER_CLOSE
LVS,1300514,2019-07-24,2019-07-24T20:08:09.000Z,AFTER_CLOSE
LVS,1300514,2019-10-23,2019-10-23T20:09:04.000Z,AFTER_CLOSE
LVS,1300514,2020-01-29,2020-01-29T21:06:25.000Z,AFTER_CLOSE
LVS,1300514,2020-04-22,2020-04-22T20:07:30.000Z,AFTER_CLOSE
LVS,1300514,2020-06-01,2020-06-01T12:23:31.000Z,BEFORE_OPEN
LVS,1300514,2020-07-22,2020-07-22T20:06:05.000Z,AFTER_CLOSE
LVS,1300514,2020-10-21,2020-10-21T20:08:14.000Z,AFTER_CLOSE
LVS,1300514,2021-01-27,2021-01-27T21:12:30.000Z,AFTER_CLOSE
LVS,1300514,2021-04-21,2021-04-21T20:08:34.000Z,AFTER_CLOSE
LVS,1300514,2021-07-21,2021-07-21T20:07:36.000Z,AFTER_CLOSE
LVS,1300514,2021-09-08,2021-09-08T11:42:27.000Z,BEFORE_OPEN
LVS,1300514,2021-10-20,2021-10-20T20:08:31.000Z,AFTER_CLOSE
LVS,1300514,2022-01-26,2022-01-26T21:08:24.000Z,AFTER_CLOSE
LVS,1300514,2022-04-27,2022-04-27T20:21:13.000Z,AFTER_CLOSE
LVS,1300514,2022-07-20,2022-07-20T20:11:15.000Z,AFTER_CLOSE
LVS,1300514,2022-10-19,2022-10-19T20:07:44.000Z,AFTER_CLOSE
LVS,1300514,2023-01-25,2023-01-25T21:07:27.000Z,AFTER_CLOSE
LVS,1300514,2023-04-19,2023-04-19T20:07:45.000Z,AFTER_CLOSE
LVS,1300514,2023-07-19,2023-07-19T20:19:08.000Z,AFTER_CLOSE
LVS,1300514,2023-10-18,2023-10-18T20:09:04.000Z,AFTER_CLOSE
LVS,1300514,2024-01-24,2024-01-24T21:09:33.000Z,AFTER_CLOSE
LVS,1300514,2024-04-17,2024-04-17T20:08:51.000Z,AFTER_CLOSE
LVS,1300514,2024-07-24,2024-07-24T20:08:27.000Z,AFTER_CLOSE
LVS,1300514,2024-10-23,2024-10-23T20:08:11.000Z,AFTER_CLOSE
LVS,1300514,2025-01-29,2025-01-29T21:15:00.000Z,AFTER_CLOSE
LVS,1300514,2025-04-23,2025-04-23T20:07:24.000Z,AFTER_CLOSE
LVS,1300514,2025-07-23,2025-07-23T20:08:48.000Z,AFTER_CLOSE
LVS,1300514,2025-10-22,2025-10-22T20:10:30.000Z,AFTER_CLOSE
LVS,1300514,2026-01-28,2026-01-28T21:11:22.000Z,AFTER_CLOSE
LVS,1300514,2026-04-22,2026-04-22T20:07:21.000Z,AFTER_CLOSE
LVS,1300514,2026-07-22,2026-07-22T20:09:10.000Z,AFTER_CLOSE
LYV,1335258,2012-11-05,2012-11-05T21:24:54.000Z,AFTER_CLOSE
LYV,1335258,2013-02-26,2013-02-26T21:21:05.000Z,AFTER_CLOSE
LYV,1335258,2013-05-07,2013-05-07T20:14:33.000Z,AFTER_CLOSE
LYV,1335258,2013-08-06,2013-08-06T20:19:41.000Z,AFTER_CLOSE
LYV,1335258,2013-11-05,2013-11-05T21:11:59.000Z,AFTER_CLOSE
LYV,1335258,2014-02-24,2014-02-24T21:30:43.000Z,AFTER_CLOSE
LYV,1335258,2014-05-06,2014-05-06T20:05:39.000Z,AFTER_CLOSE
LYV,1335258,2014-07-31,2014-07-31T20:13:32.000Z,AFTER_CLOSE
LYV,1335258,2014-10-30,2014-10-30T20:24:55.000Z,AFTER_CLOSE
LYV,1335258,2015-02-26,2015-02-26T21:12:29.000Z,AFTER_CLOSE
LYV,1335258,2015-04-30,2015-04-30T20:13:43.000Z,AFTER_CLOSE
LYV,1335258,2015-08-10,2015-08-10T20:18:29.000Z,AFTER_CLOSE
LYV,1335258,2015-10-29,2015-10-29T20:14:10.000Z,AFTER_CLOSE
LYV,1335258,2016-02-25,2016-02-25T21:22:27.000Z,AFTER_CLOSE
LYV,1335258,2016-05-03,2016-05-03T20:14:00.000Z,AFTER_CLOSE
LYV,1335258,2016-07-28,2016-07-28T20:20:23.000Z,AFTER_CLOSE
LYV,1335258,2016-11-07,2016-11-07T21:19:56.000Z,AFTER_CLOSE
LYV,1335258,2017-02-23,2017-02-23T21:22:40.000Z,AFTER_CLOSE
LYV,1335258,2017-05-04,2017-05-04T20:23:16.000Z,AFTER_CLOSE
LYV,1335258,2017-08-09,2017-08-09T20:26:39.000Z,AFTER_CLOSE
LYV,1335258,2017-11-02,2017-11-02T20:19:00.000Z,AFTER_CLOSE
LYV,1335258,2018-02-27,2018-02-27T21:25:33.000Z,AFTER_CLOSE
LYV,1335258,2018-05-03,2018-05-03T20:22:03.000Z,AFTER_CLOSE
LYV,1335258,2018-07-26,2018-07-26T20:32:28.000Z,AFTER_CLOSE
LYV,1335258,2018-11-01,2018-11-01T20:36:07.000Z,AFTER_CLOSE
LYV,1335258,2019-02-28,2019-02-28T21:25:32.000Z,AFTER_CLOSE
LYV,1335258,2019-05-02,2019-05-02T20:11:10.000Z,AFTER_CLOSE
LYV,1335258,2019-07-25,2019-07-25T20:18:56.000Z,AFTER_CLOSE
LYV,1335258,2019-10-31,2019-10-31T20:09:10.000Z,AFTER_CLOSE
LYV,1335258,2020-02-27,2020-02-27T21:22:35.000Z,AFTER_CLOSE
LYV,1335258,2020-05-07,2020-05-07T20:16:41.000Z,AFTER_CLOSE
LYV,1335258,2020-08-05,2020-08-05T20:15:10.000Z,AFTER_CLOSE
LYV,1335258,2020-11-05,2020-11-05T21:12:02.000Z,AFTER_CLOSE
LYV,1335258,2021-02-25,2021-02-25T21:14:29.000Z,AFTER_CLOSE
LYV,1335258,2021-05-06,2021-05-06T20:14:10.000Z,AFTER_CLOSE
LYV,1335258,2021-08-03,2021-08-03T20:12:49.000Z,AFTER_CLOSE
LYV,1335258,2021-11-04,2021-11-04T20:42:48.000Z,AFTER_CLOSE
LYV,1335258,2022-02-23,2022-02-23T21:11:12.000Z,AFTER_CLOSE
LYV,1335258,2022-05-05,2022-05-05T20:10:35.000Z,AFTER_CLOSE
LYV,1335258,2022-08-04,2022-08-04T20:14:54.000Z,AFTER_CLOSE
LYV,1335258,2022-11-03,2022-11-03T20:14:48.000Z,AFTER_CLOSE
LYV,1335258,2023-02-23,2023-02-23T21:36:03.000Z,AFTER_CLOSE
LYV,1335258,2023-05-04,2023-05-04T20:13:33.000Z,AFTER_CLOSE
LYV,1335258,2023-07-27,2023-07-27T20:11:40.000Z,AFTER_CLOSE
LYV,1335258,2023-11-02,2023-11-02T20:17:54.000Z,AFTER_CLOSE
LYV,1335258,2024-02-22,2024-02-22T21:27:38.000Z,AFTER_CLOSE
LYV,1335258,2024-05-02,2024-05-02T20:15:34.000Z,AFTER_CLOSE
LYV,1335258,2024-07-30,2024-07-30T20:24:31.000Z,AFTER_CLOSE
LYV,1335258,2024-11-12,2024-11-12T11:03:58.000Z,BEFORE_OPEN
LYV,1335258,2025-02-20,2025-02-20T22:05:54.000Z,AFTER_CLOSE
LYV,1335258,2025-05-01,2025-05-01T20:14:19.000Z,AFTER_CLOSE
LYV,1335258,2025-08-07,2025-08-07T20:23:20.000Z,AFTER_CLOSE
LYV,1335258,2025-11-04,2025-11-04T21:21:10.000Z,AFTER_CLOSE
LYV,1335258,2026-02-19,2026-02-19T21:29:38.000Z,AFTER_CLOSE
LYV,1335258,2026-05-05,2026-05-05T20:16:22.000Z,AFTER_CLOSE
LYV,1335258,2026-07-30,2026-07-30T20:20:07.000Z,AFTER_CLOSE
MA,1141391,2019-04-30,2019-04-30T12:02:32.000Z,BEFORE_OPEN
MA,1141391,2019-07-30,2019-07-30T11:47:23.000Z,BEFORE_OPEN
MA,1141391,2019-10-29,2019-10-29T12:02:02.000Z,BEFORE_OPEN
MA,1141391,2020-01-29,2020-01-29T13:01:33.000Z,BEFORE_OPEN
MA,1141391,2020-04-29,2020-04-29T12:01:52.000Z,BEFORE_OPEN
MA,1141391,2020-07-30,2020-07-30T12:01:50.000Z,BEFORE_OPEN
MA,1141391,2020-10-28,2020-10-28T12:01:52.000Z,BEFORE_OPEN
MA,1141391,2021-01-28,2021-01-28T13:02:58.000Z,BEFORE_OPEN
MA,1141391,2021-04-29,2021-04-29T12:05:16.000Z,BEFORE_OPEN
MA,1141391,2021-07-29,2021-07-29T12:03:45.000Z,BEFORE_OPEN
MA,1141391,2021-10-28,2021-10-28T12:02:21.000Z,BEFORE_OPEN
MA,1141391,2022-01-27,2022-01-27T13:03:28.000Z,BEFORE_OPEN
MA,1141391,2022-04-28,2022-04-28T12:01:38.000Z,BEFORE_OPEN
MA,1141391,2022-07-28,2022-07-28T12:03:10.000Z,BEFORE_OPEN
MA,1141391,2022-10-27,2022-10-27T12:02:57.000Z,BEFORE_OPEN
MA,1141391,2023-01-26,2023-01-26T13:01:51.000Z,BEFORE_OPEN
MA,1141391,2023-04-27,2023-04-27T12:02:34.000Z,BEFORE_OPEN
MA,1141391,2023-07-27,2023-07-27T12:02:39.000Z,BEFORE_OPEN
MA,1141391,2023-10-26,2023-10-26T12:03:56.000Z,BEFORE_OPEN
MA,1141391,2024-01-31,2024-01-31T13:03:14.000Z,BEFORE_OPEN
MA,1141391,2024-05-01,2024-05-01T12:04:47.000Z,BEFORE_OPEN
MA,1141391,2024-07-31,2024-07-31T12:06:48.000Z,BEFORE_OPEN
MA,1141391,2024-10-31,2024-10-31T12:05:09.000Z,BEFORE_OPEN
MA,1141391,2025-01-30,2025-01-30T13:02:49.000Z,BEFORE_OPEN
MA,1141391,2025-05-01,2025-05-01T12:03:24.000Z,BEFORE_OPEN
MA,1141391,2025-07-31,2025-07-31T12:03:19.000Z,BEFORE_OPEN
MA,1141391,2025-10-30,2025-10-30T12:03:18.000Z,BEFORE_OPEN
MA,1141391,2026-01-29,2026-01-29T13:03:21.000Z,BEFORE_OPEN
MA,1141391,2026-04-30,2026-04-30T12:03:33.000Z,BEFORE_OPEN
MA,1141391,2026-07-30,2026-07-30T12:07:03.000Z,BEFORE_OPEN
MAR,1048286,2018-02-14,2018-02-14T22:32:46.000Z,AFTER_CLOSE
MAR,1048286,2018-05-08,2018-05-08T21:26:54.000Z,AFTER_CLOSE
MAR,1048286,2018-08-06,2018-08-06T21:11:05.000Z,AFTER_CLOSE
MAR,1048286,2018-11-05,2018-11-05T22:23:03.000Z,AFTER_CLOSE
MAR,1048286,2019-02-28,2019-02-28T21:55:09.000Z,AFTER_CLOSE
MAR,1048286,2019-05-10,2019-05-10T10:04:26.000Z,BEFORE_OPEN
MAR,1048286,2019-08-05,2019-08-05T21:15:40.000Z,AFTER_CLOSE
MAR,1048286,2019-11-04,2019-11-04T22:25:52.000Z,AFTER_CLOSE
MAR,1048286,2020-02-26,2020-02-26T22:14:49.000Z,AFTER_CLOSE
MAR,1048286,2020-05-11,2020-05-11T12:22:58.000Z,BEFORE_OPEN
MAR,1048286,2020-08-10,2020-08-10T12:07:45.000Z,BEFORE_OPEN
MAR,1048286,2020-11-06,2020-11-06T13:12:02.000Z,BEFORE_OPEN
MAR,1048286,2021-02-18,2021-02-18T13:10:17.000Z,BEFORE_OPEN
MAR,1048286,2021-05-10,2021-05-10T12:17:34.000Z,BEFORE_OPEN
MAR,1048286,2021-08-03,2021-08-03T12:12:33.000Z,BEFORE_OPEN
MAR,1048286,2021-11-03,2021-11-03T11:47:19.000Z,BEFORE_OPEN
MAR,1048286,2022-02-15,2022-02-15T12:37:55.000Z,BEFORE_OPEN
MAR,1048286,2022-05-04,2022-05-04T11:42:50.000Z,BEFORE_OPEN
MAR,1048286,2022-08-02,2022-08-02T11:38:25.000Z,BEFORE_OPEN
MAR,1048286,2022-11-03,2022-11-03T10:52:23.000Z,BEFORE_OPEN
MAR,1048286,2023-02-14,2023-02-14T12:28:14.000Z,BEFORE_OPEN
MAR,1048286,2023-05-02,2023-05-02T11:19:54.000Z,BEFORE_OPEN
MAR,1048286,2023-08-01,2023-08-01T11:23:32.000Z,BEFORE_OPEN
MAR,1048286,2023-11-02,2023-11-02T10:59:31.000Z,BEFORE_OPEN
MAR,1048286,2024-02-13,2024-02-13T12:24:15.000Z,BEFORE_OPEN
MAR,1048286,2024-05-01,2024-05-01T11:10:28.000Z,BEFORE_OPEN
MAR,1048286,2024-07-31,2024-07-31T11:13:21.000Z,BEFORE_OPEN
MAR,1048286,2024-11-04,2024-11-04T12:21:36.000Z,BEFORE_OPEN
MAR,1048286,2025-02-11,2025-02-11T12:30:21.000Z,BEFORE_OPEN
MAR,1048286,2025-05-06,2025-05-06T11:01:06.000Z,BEFORE_OPEN
MAR,1048286,2025-08-05,2025-08-05T11:00:29.000Z,BEFORE_OPEN
MAR,1048286,2025-11-04,2025-11-04T12:00:12.000Z,BEFORE_OPEN
MAR,1048286,2026-02-10,2026-02-10T12:00:21.000Z,BEFORE_OPEN
MAR,1048286,2026-05-06,2026-05-06T11:00:24.000Z,BEFORE_OPEN
MAR,1048286,2026-08-03,2026-08-03T11:00:14.000Z,BEFORE_OPEN
MCD,63908,2017-01-23,2017-01-23T13:01:17.000Z,BEFORE_OPEN
MCD,63908,2017-04-25,2017-04-25T12:02:47.000Z,BEFORE_OPEN
MCD,63908,2017-07-25,2017-07-25T12:06:20.000Z,BEFORE_OPEN
MCD,63908,2017-10-24,2017-10-24T12:00:57.000Z,BEFORE_OPEN
MCD,63908,2018-01-30,2018-01-30T12:59:55.000Z,BEFORE_OPEN
MCD,63908,2018-04-30,2018-04-30T12:00:24.000Z,BEFORE_OPEN
MCD,63908,2018-07-26,2018-07-26T11:59:41.000Z,BEFORE_OPEN
MCD,63908,2018-10-23,2018-10-23T12:00:22.000Z,BEFORE_OPEN
MCD,63908,2019-01-30,2019-01-30T12:59:49.000Z,BEFORE_OPEN
MCD,63908,2019-04-30,2019-04-30T12:00:34.000Z,BEFORE_OPEN
MCD,63908,2019-07-26,2019-07-26T12:00:29.000Z,BEFORE_OPEN
MCD,63908,2019-10-22,2019-10-22T12:01:06.000Z,BEFORE_OPEN
MCD,63908,2020-01-29,2020-01-29T11:59:35.000Z,BEFORE_OPEN
MCD,63908,2020-04-08,2020-04-08T12:59:47.000Z,BEFORE_OPEN
MCD,63908,2020-04-30,2020-04-30T10:59:46.000Z,BEFORE_OPEN
MCD,63908,2020-07-28,2020-07-28T10:59:13.000Z,BEFORE_OPEN
MCD,63908,2020-10-08,2020-10-08T11:59:18.000Z,BEFORE_OPEN
MCD,63908,2020-11-09,2020-11-09T11:59:00.000Z,BEFORE_OPEN
MCD,63908,2021-01-28,2021-01-28T12:02:47.000Z,BEFORE_OPEN
MCD,63908,2021-04-29,2021-04-29T11:02:15.000Z,BEFORE_OPEN
MCD,63908,2021-07-28,2021-07-28T11:02:22.000Z,BEFORE_OPEN
MCD,63908,2021-10-27,2021-10-27T11:02:11.000Z,BEFORE_OPEN
MCD,63908,2022-01-27,2022-01-27T12:01:30.000Z,BEFORE_OPEN
MCD,63908,2022-04-28,2022-04-28T11:01:17.000Z,BEFORE_OPEN
MCD,63908,2022-07-26,2022-07-26T11:02:20.000Z,BEFORE_OPEN
MCD,63908,2022-10-27,2022-10-27T11:02:28.000Z,BEFORE_OPEN
MCD,63908,2023-01-31,2023-01-31T12:02:44.000Z,BEFORE_OPEN
MCD,63908,2023-04-25,2023-04-25T11:01:38.000Z,BEFORE_OPEN
MCD,63908,2023-07-27,2023-07-27T11:02:08.000Z,BEFORE_OPEN
MCD,63908,2023-10-30,2023-10-30T11:01:27.000Z,BEFORE_OPEN
MCD,63908,2024-02-05,2024-02-05T12:01:15.000Z,BEFORE_OPEN
MCD,63908,2024-04-30,2024-04-30T11:01:41.000Z,BEFORE_OPEN
MCD,63908,2024-07-29,2024-07-29T11:01:46.000Z,BEFORE_OPEN
MCD,63908,2024-10-29,2024-10-29T11:04:29.000Z,BEFORE_OPEN
MCD,63908,2025-02-10,2025-02-10T12:02:05.000Z,BEFORE_OPEN
MCD,63908,2025-05-01,2025-05-01T11:02:38.000Z,BEFORE_OPEN
MCD,63908,2025-08-06,2025-08-06T11:02:02.000Z,BEFORE_OPEN
MCD,63908,2025-11-05,2025-11-05T12:01:49.000Z,BEFORE_OPEN
MCD,63908,2026-02-11,2026-02-11T21:02:36.000Z,AFTER_CLOSE
MCD,63908,2026-05-07,2026-05-07T11:01:19.000Z,BEFORE_OPEN
MCD,63908,2026-08-04,2026-08-04T11:01:40.000Z,BEFORE_OPEN
MCHP,827054,2019-05-08,2019-05-08T00:55:40.000Z,AFTER_CLOSE
MCHP,827054,2019-08-06,2019-08-06T20:14:54.000Z,AFTER_CLOSE
MCHP,827054,2019-11-05,2019-11-05T21:13:47.000Z,AFTER_CLOSE
MCHP,827054,2020-01-07,2020-01-07T00:03:05.000Z,AFTER_CLOSE
MCHP,827054,2020-02-04,2020-02-04T21:14:16.000Z,AFTER_CLOSE
MCHP,827054,2020-04-09,2020-04-09T00:44:07.000Z,AFTER_CLOSE
MCHP,827054,2020-05-07,2020-05-07T20:13:32.000Z,AFTER_CLOSE
MCHP,827054,2020-08-04,2020-08-04T20:25:21.000Z,AFTER_CLOSE
MCHP,827054,2020-11-05,2020-11-05T21:29:27.000Z,AFTER_CLOSE
MCHP,827054,2021-02-04,2021-02-04T20:56:34.000Z,IN_SESSION
MCHP,827054,2021-05-06,2021-05-06T20:18:18.000Z,AFTER_CLOSE
MCHP,827054,2021-08-03,2021-08-03T20:17:29.000Z,AFTER_CLOSE
MCHP,827054,2021-11-04,2021-11-04T20:19:37.000Z,AFTER_CLOSE
MCHP,827054,2022-02-03,2022-02-03T21:17:22.000Z,AFTER_CLOSE
MCHP,827054,2022-05-09,2022-05-09T20:18:26.000Z,AFTER_CLOSE
MCHP,827054,2022-08-02,2022-08-02T20:17:43.000Z,AFTER_CLOSE
MCHP,827054,2022-11-03,2022-11-03T20:18:22.000Z,AFTER_CLOSE
MCHP,827054,2023-02-02,2023-02-02T21:17:43.000Z,AFTER_CLOSE
MCHP,827054,2023-05-04,2023-05-04T20:18:30.000Z,AFTER_CLOSE
MCHP,827054,2023-08-03,2023-08-03T20:17:41.000Z,AFTER_CLOSE
MCHP,827054,2023-11-02,2023-11-02T20:17:34.000Z,AFTER_CLOSE
MCHP,827054,2024-01-08,2024-01-08T21:13:24.000Z,AFTER_CLOSE
MCHP,827054,2024-02-01,2024-02-01T21:12:25.000Z,AFTER_CLOSE
MCHP,827054,2024-05-06,2024-05-06T20:17:42.000Z,AFTER_CLOSE
MCHP,827054,2024-08-01,2024-08-01T20:12:10.000Z,AFTER_CLOSE
MCHP,827054,2024-11-05,2024-11-05T21:17:17.000Z,AFTER_CLOSE
MCHP,827054,2025-02-06,2025-02-06T21:16:35.000Z,AFTER_CLOSE
MCHP,827054,2025-05-08,2025-05-08T20:17:05.000Z,AFTER_CLOSE
MCHP,827054,2025-08-07,2025-08-07T20:20:13.000Z,AFTER_CLOSE
MCHP,827054,2025-11-06,2025-11-06T21:21:06.000Z,AFTER_CLOSE
MCHP,827054,2026-01-05,2026-01-05T21:27:37.000Z,AFTER_CLOSE
MCHP,827054,2026-02-05,2026-02-05T21:16:13.000Z,AFTER_CLOSE
MCHP,827054,2026-05-07,2026-05-07T20:19:46.000Z,AFTER_CLOSE
MCHP,827054,2026-08-06,2026-08-06T20:17:56.000Z,AFTER_CLOSE
MCK,927653,2016-05-04,2016-05-04T20:29:01.000Z,AFTER_CLOSE
MCK,927653,2016-07-27,2016-07-27T20:15:03.000Z,AFTER_CLOSE
MCK,927653,2016-10-27,2016-10-27T20:20:03.000Z,AFTER_CLOSE
MCK,927653,2017-01-25,2017-01-25T21:18:02.000Z,AFTER_CLOSE
MCK,927653,2017-05-18,2017-05-18T20:20:59.000Z,AFTER_CLOSE
MCK,927653,2017-07-27,2017-07-27T11:36:58.000Z,BEFORE_OPEN
MCK,927653,2017-10-26,2017-10-26T11:11:04.000Z,BEFORE_OPEN
MCK,927653,2018-02-01,2018-02-01T12:06:57.000Z,BEFORE_OPEN
MCK,927653,2018-05-24,2018-05-24T11:11:37.000Z,BEFORE_OPEN
MCK,927653,2018-07-26,2018-07-26T11:07:05.000Z,BEFORE_OPEN
MCK,927653,2018-10-25,2018-10-25T11:06:58.000Z,BEFORE_OPEN
MCK,927653,2019-01-31,2019-01-31T21:17:03.000Z,AFTER_CLOSE
MCK,927653,2019-05-08,2019-05-08T11:11:03.000Z,BEFORE_OPEN
MCK,927653,2019-07-31,2019-07-31T20:19:03.000Z,AFTER_CLOSE
MCK,927653,2019-10-30,2019-10-30T11:11:11.000Z,BEFORE_OPEN
MCK,927653,2020-05-20,2020-05-20T11:04:57.000Z,BEFORE_OPEN
MCK,927653,2020-08-03,2020-08-03T11:25:41.000Z,BEFORE_OPEN
MCK,927653,2020-09-22,2020-09-22T20:11:59.000Z,AFTER_CLOSE
MCK,927653,2020-11-03,2020-11-03T12:06:33.000Z,BEFORE_OPEN
MCK,927653,2021-02-02,2021-02-02T12:06:58.000Z,BEFORE_OPEN
MCK,927653,2021-05-06,2021-05-06T20:09:06.000Z,AFTER_CLOSE
MCK,927653,2021-08-04,2021-08-04T20:13:56.000Z,AFTER_CLOSE
MCK,927653,2021-11-01,2021-11-01T20:10:54.000Z,AFTER_CLOSE
MCK,927653,2022-02-02,2022-02-02T21:08:30.000Z,AFTER_CLOSE
MCK,927653,2022-05-05,2022-05-05T20:09:13.000Z,AFTER_CLOSE
MCK,927653,2022-08-03,2022-08-03T20:06:55.000Z,AFTER_CLOSE
MCK,927653,2022-11-01,2022-11-01T20:06:00.000Z,AFTER_CLOSE
MCK,927653,2023-02-01,2023-02-01T21:05:36.000Z,AFTER_CLOSE
MCK,927653,2023-05-08,2023-05-08T20:05:43.000Z,AFTER_CLOSE
MCK,927653,2023-08-02,2023-08-02T20:05:39.000Z,AFTER_CLOSE
MCK,927653,2023-11-01,2023-11-01T20:05:42.000Z,AFTER_CLOSE
MCK,927653,2024-02-07,2024-02-07T21:05:29.000Z,AFTER_CLOSE
MCK,927653,2024-05-07,2024-05-07T20:05:32.000Z,AFTER_CLOSE
MCK,927653,2024-08-07,2024-08-07T20:05:43.000Z,AFTER_CLOSE
MCK,927653,2024-11-06,2024-11-06T21:05:21.000Z,AFTER_CLOSE
MCK,927653,2025-02-05,2025-02-05T21:05:22.000Z,AFTER_CLOSE
MCK,927653,2025-05-08,2025-05-08T20:06:16.000Z,AFTER_CLOSE
MCK,927653,2025-08-06,2025-08-06T20:06:31.000Z,AFTER_CLOSE
MCK,927653,2025-09-18,2025-09-18T12:00:41.000Z,BEFORE_OPEN
MCK,927653,2025-11-05,2025-11-05T21:05:53.000Z,AFTER_CLOSE
MCK,927653,2026-02-04,2026-02-04T21:05:57.000Z,AFTER_CLOSE
MCK,927653,2026-05-07,2026-05-07T20:07:24.000Z,AFTER_CLOSE
MCK,927653,2026-08-05,2026-08-05T20:06:03.000Z,AFTER_CLOSE
MCO,1059556,2018-10-26,2018-10-26T11:30:57.000Z,BEFORE_OPEN
MCO,1059556,2019-02-15,2019-02-15T12:30:35.000Z,BEFORE_OPEN
MCO,1059556,2019-04-24,2019-04-24T11:30:49.000Z,BEFORE_OPEN
MCO,1059556,2019-07-31,2019-07-31T11:30:12.000Z,BEFORE_OPEN
MCO,1059556,2019-10-30,2019-10-30T11:30:52.000Z,BEFORE_OPEN
MCO,1059556,2020-02-12,2020-02-12T12:30:39.000Z,BEFORE_OPEN
MCO,1059556,2020-04-30,2020-04-30T11:30:50.000Z,BEFORE_OPEN
MCO,1059556,2020-07-30,2020-07-30T11:32:47.000Z,BEFORE_OPEN
MCO,1059556,2020-10-29,2020-10-29T11:00:53.000Z,BEFORE_OPEN
MCO,1059556,2021-02-12,2021-02-12T12:30:27.000Z,BEFORE_OPEN
MCO,1059556,2021-04-28,2021-04-28T11:30:32.000Z,BEFORE_OPEN
MCO,1059556,2021-07-28,2021-07-28T11:15:47.000Z,BEFORE_OPEN
MCO,1059556,2021-08-05,2021-08-05T12:20:05.000Z,BEFORE_OPEN
MCO,1059556,2021-10-28,2021-10-28T11:17:25.000Z,BEFORE_OPEN
MCO,1059556,2022-02-10,2022-02-10T12:15:32.000Z,BEFORE_OPEN
MCO,1059556,2022-05-02,2022-05-02T11:15:33.000Z,BEFORE_OPEN
MCO,1059556,2022-07-26,2022-07-26T11:16:34.000Z,BEFORE_OPEN
MCO,1059556,2022-10-25,2022-10-25T11:03:11.000Z,BEFORE_OPEN
MCO,1059556,2023-01-31,2023-01-31T11:56:49.000Z,BEFORE_OPEN
MCO,1059556,2023-04-25,2023-04-25T10:58:45.000Z,BEFORE_OPEN
MCO,1059556,2023-07-25,2023-07-25T10:58:11.000Z,BEFORE_OPEN
MCO,1059556,2023-10-25,2023-10-25T10:51:20.000Z,BEFORE_OPEN
MCO,1059556,2024-02-13,2024-02-13T12:00:40.000Z,BEFORE_OPEN
MCO,1059556,2024-05-02,2024-05-02T11:00:11.000Z,BEFORE_OPEN
MCO,1059556,2024-07-23,2024-07-23T10:58:05.000Z,BEFORE_OPEN
MCO,1059556,2024-10-22,2024-10-22T10:58:04.000Z,BEFORE_OPEN
MCO,1059556,2025-02-13,2025-02-13T11:57:38.000Z,BEFORE_OPEN
MCO,1059556,2025-04-22,2025-04-22T10:57:52.000Z,BEFORE_OPEN
MCO,1059556,2025-07-23,2025-07-23T10:59:13.000Z,BEFORE_OPEN
MCO,1059556,2025-10-22,2025-10-22T10:56:01.000Z,BEFORE_OPEN
MCO,1059556,2026-02-18,2026-02-18T11:58:24.000Z,BEFORE_OPEN
MCO,1059556,2026-04-22,2026-04-22T10:59:06.000Z,BEFORE_OPEN
MCO,1059556,2026-07-22,2026-07-22T10:59:12.000Z,BEFORE_OPEN
MDB,1441816,2019-06-05,2019-06-05T20:08:49.000Z,AFTER_CLOSE
MDB,1441816,2019-09-04,2019-09-04T20:13:46.000Z,AFTER_CLOSE
MDB,1441816,2019-12-09,2019-12-09T21:16:18.000Z,AFTER_CLOSE
MDB,1441816,2020-03-17,2020-03-17T20:44:36.000Z,AFTER_CLOSE
MDB,1441816,2020-06-04,2020-06-04T20:13:37.000Z,AFTER_CLOSE
MDB,1441816,2020-09-02,2020-09-02T20:10:02.000Z,AFTER_CLOSE
MDB,1441816,2020-12-08,2020-12-08T21:08:55.000Z,AFTER_CLOSE
MDB,1441816,2021-03-09,2021-03-09T21:12:32.000Z,AFTER_CLOSE
MDB,1441816,2021-06-03,2021-06-03T20:08:13.000Z,AFTER_CLOSE
MDB,1441816,2021-09-02,2021-09-02T20:27:14.000Z,AFTER_CLOSE
MDB,1441816,2021-12-06,2021-12-06T21:12:33.000Z,AFTER_CLOSE
MDB,1441816,2022-03-08,2022-03-08T21:31:01.000Z,AFTER_CLOSE
MDB,1441816,2022-06-01,2022-06-01T20:14:50.000Z,AFTER_CLOSE
MDB,1441816,2022-08-31,2022-08-31T20:12:46.000Z,AFTER_CLOSE
MDB,1441816,2022-12-06,2022-12-06T21:18:32.000Z,AFTER_CLOSE
MDB,1441816,2023-03-08,2023-03-08T21:12:35.000Z,AFTER_CLOSE
MDB,1441816,2023-06-01,2023-06-01T20:11:07.000Z,AFTER_CLOSE
MDB,1441816,2023-08-31,2023-08-31T20:09:53.000Z,AFTER_CLOSE
MDB,1441816,2023-12-05,2023-12-05T21:11:51.000Z,AFTER_CLOSE
MDB,1441816,2024-03-07,2024-03-07T21:09:38.000Z,AFTER_CLOSE
MDB,1441816,2024-05-30,2024-05-30T20:14:59.000Z,AFTER_CLOSE
MDB,1441816,2024-08-29,2024-08-29T20:10:13.000Z,AFTER_CLOSE
MDB,1441816,2024-12-09,2024-12-09T21:10:26.000Z,AFTER_CLOSE
MDB,1441816,2025-03-05,2025-03-05T21:07:02.000Z,AFTER_CLOSE
MDB,1441816,2025-06-04,2025-06-04T20:03:49.000Z,AFTER_CLOSE
MDB,1441816,2025-08-26,2025-08-26T20:08:32.000Z,AFTER_CLOSE
MDB,1441816,2025-11-03,2025-11-03T13:31:10.000Z,BEFORE_OPEN
MDB,1441816,2025-12-01,2025-12-01T21:06:57.000Z,AFTER_CLOSE
MDB,1441816,2026-03-02,2026-03-02T21:07:41.000Z,AFTER_CLOSE
MDB,1441816,2026-05-28,2026-05-28T20:06:39.000Z,AFTER_CLOSE
MDB,1441816,2026-09-01,2026-09-01T20:07:56.000Z,AFTER_CLOSE
MDLZ,1103982,2014-08-06,2014-08-06T12:09:00.000Z,BEFORE_OPEN
MDLZ,1103982,2014-11-05,2014-11-05T13:06:41.000Z,BEFORE_OPEN
MDLZ,1103982,2015-02-11,2015-02-11T13:08:01.000Z,BEFORE_OPEN
MDLZ,1103982,2015-04-29,2015-04-29T12:06:34.000Z,BEFORE_OPEN
MDLZ,1103982,2015-07-08,2015-07-08T13:06:33.000Z,BEFORE_OPEN
MDLZ,1103982,2015-07-30,2015-07-30T12:09:34.000Z,BEFORE_OPEN
MDLZ,1103982,2015-10-28,2015-10-28T12:11:00.000Z,BEFORE_OPEN
MDLZ,1103982,2016-02-03,2016-02-03T13:07:55.000Z,BEFORE_OPEN
MDLZ,1103982,2016-04-27,2016-04-27T12:10:39.000Z,BEFORE_OPEN
MDLZ,1103982,2016-07-27,2016-07-27T12:04:33.000Z,BEFORE_OPEN
MDLZ,1103982,2016-10-26,2016-10-26T12:08:34.000Z,BEFORE_OPEN
MDLZ,1103982,2017-02-07,2017-02-07T21:04:56.000Z,AFTER_CLOSE
MDLZ,1103982,2017-05-02,2017-05-02T20:04:03.000Z,AFTER_CLOSE
MDLZ,1103982,2017-08-02,2017-08-02T11:13:58.000Z,BEFORE_OPEN
MDLZ,1103982,2017-10-30,2017-10-30T20:06:57.000Z,AFTER_CLOSE
MDLZ,1103982,2018-01-31,2018-01-31T21:12:57.000Z,AFTER_CLOSE
MDLZ,1103982,2018-05-01,2018-05-01T20:12:56.000Z,AFTER_CLOSE
MDLZ,1103982,2018-07-25,2018-07-25T20:10:38.000Z,AFTER_CLOSE
MDLZ,1103982,2018-10-29,2018-10-29T20:12:37.000Z,AFTER_CLOSE
MDLZ,1103982,2019-01-30,2019-01-30T21:16:06.000Z,AFTER_CLOSE
MDLZ,1103982,2019-04-30,2019-04-30T20:11:03.000Z,AFTER_CLOSE
MDLZ,1103982,2019-07-30,2019-07-30T20:11:57.000Z,AFTER_CLOSE
MDLZ,1103982,2019-10-29,2019-10-29T23:11:36.000Z,AFTER_CLOSE
MDLZ,1103982,2020-01-29,2020-01-29T21:13:22.000Z,AFTER_CLOSE
MDLZ,1103982,2020-04-28,2020-04-28T20:16:27.000Z,AFTER_CLOSE
MDLZ,1103982,2020-07-28,2020-07-28T20:21:33.000Z,AFTER_CLOSE
MDLZ,1103982,2020-11-02,2020-11-02T21:12:05.000Z,AFTER_CLOSE
MDLZ,1103982,2021-01-28,2021-01-28T21:11:06.000Z,AFTER_CLOSE
MDLZ,1103982,2021-04-27,2021-04-27T20:10:38.000Z,AFTER_CLOSE
MDLZ,1103982,2021-07-27,2021-07-27T20:43:50.000Z,AFTER_CLOSE
MDLZ,1103982,2021-11-02,2021-11-02T20:12:18.000Z,AFTER_CLOSE
MDLZ,1103982,2022-01-27,2022-01-27T21:15:07.000Z,AFTER_CLOSE
MDLZ,1103982,2022-04-26,2022-04-26T20:12:09.000Z,AFTER_CLOSE
MDLZ,1103982,2022-07-26,2022-07-26T20:10:12.000Z,AFTER_CLOSE
MDLZ,1103982,2022-11-01,2022-11-01T20:12:37.000Z,AFTER_CLOSE
MDLZ,1103982,2023-01-31,2023-01-31T21:34:02.000Z,AFTER_CLOSE
MDLZ,1103982,2023-04-27,2023-04-27T20:09:50.000Z,AFTER_CLOSE
MDLZ,1103982,2023-07-27,2023-07-27T20:08:57.000Z,AFTER_CLOSE
MDLZ,1103982,2023-11-01,2023-11-01T20:08:06.000Z,AFTER_CLOSE
MDLZ,1103982,2024-01-30,2024-01-30T21:10:00.000Z,AFTER_CLOSE
MDLZ,1103982,2024-04-30,2024-04-30T20:07:24.000Z,AFTER_CLOSE
MDLZ,1103982,2024-07-30,2024-07-30T20:07:54.000Z,AFTER_CLOSE
MDLZ,1103982,2024-10-29,2024-10-29T20:07:41.000Z,AFTER_CLOSE
MDLZ,1103982,2025-02-04,2025-02-04T21:12:13.000Z,AFTER_CLOSE
MDLZ,1103982,2025-04-29,2025-04-29T20:09:14.000Z,AFTER_CLOSE
MDLZ,1103982,2025-07-29,2025-07-29T20:10:57.000Z,AFTER_CLOSE
MDLZ,1103982,2025-10-28,2025-10-28T20:09:12.000Z,AFTER_CLOSE
MDLZ,1103982,2026-02-03,2026-02-03T21:17:10.000Z,AFTER_CLOSE
MDLZ,1103982,2026-04-28,2026-04-28T20:07:35.000Z,AFTER_CLOSE
MDLZ,1103982,2026-07-28,2026-07-28T20:09:14.000Z,AFTER_CLOSE
MDT,1613103,2016-05-31,2016-05-31T10:47:21.000Z,BEFORE_OPEN
MDT,1613103,2016-08-25,2016-08-25T10:49:31.000Z,BEFORE_OPEN
MDT,1613103,2016-11-22,2016-11-22T11:47:57.000Z,BEFORE_OPEN
MDT,1613103,2017-02-21,2017-02-21T11:47:24.000Z,BEFORE_OPEN
MDT,1613103,2017-05-25,2017-05-25T10:50:21.000Z,BEFORE_OPEN
MDT,1613103,2017-08-22,2017-08-22T10:51:11.000Z,BEFORE_OPEN
MDT,1613103,2017-11-08,2017-11-08T21:47:28.000Z,AFTER_CLOSE
MDT,1613103,2017-11-21,2017-11-21T11:49:14.000Z,BEFORE_OPEN
MDT,1613103,2018-02-20,2018-02-20T11:48:16.000Z,BEFORE_OPEN
MDT,1613103,2018-05-24,2018-05-24T10:49:13.000Z,BEFORE_OPEN
MDT,1613103,2018-08-21,2018-08-21T10:48:33.000Z,BEFORE_OPEN
MDT,1613103,2018-11-20,2018-11-20T11:48:05.000Z,BEFORE_OPEN
MDT,1613103,2019-02-19,2019-02-19T11:48:18.000Z,BEFORE_OPEN
MDT,1613103,2019-05-23,2019-05-23T10:49:11.000Z,BEFORE_OPEN
MDT,1613103,2019-08-20,2019-08-20T10:48:38.000Z,BEFORE_OPEN
MDT,1613103,2019-11-19,2019-11-19T11:48:08.000Z,BEFORE_OPEN
MDT,1613103,2020-02-18,2020-02-18T11:47:42.000Z,BEFORE_OPEN
MDT,1613103,2020-05-21,2020-05-21T10:48:43.000Z,BEFORE_OPEN
MDT,1613103,2020-08-25,2020-08-25T10:48:35.000Z,BEFORE_OPEN
MDT,1613103,2020-11-24,2020-11-24T11:50:43.000Z,BEFORE_OPEN
MDT,1613103,2021-02-23,2021-02-23T11:49:39.000Z,BEFORE_OPEN
MDT,1613103,2021-05-27,2021-05-27T10:46:58.000Z,BEFORE_OPEN
MDT,1613103,2021-08-24,2021-08-24T10:50:52.000Z,BEFORE_OPEN
MDT,1613103,2021-11-23,2021-11-23T11:49:17.000Z,BEFORE_OPEN
MDT,1613103,2022-02-22,2022-02-22T11:47:53.000Z,BEFORE_OPEN
MDT,1613103,2022-05-26,2022-05-26T10:49:26.000Z,BEFORE_OPEN
MDT,1613103,2022-08-23,2022-08-23T10:47:24.000Z,BEFORE_OPEN
MDT,1613103,2022-11-22,2022-11-22T11:47:58.000Z,BEFORE_OPEN
MDT,1613103,2023-02-21,2023-02-21T11:48:10.000Z,BEFORE_OPEN
MDT,1613103,2023-05-25,2023-05-25T10:48:28.000Z,BEFORE_OPEN
MDT,1613103,2023-08-22,2023-08-22T10:47:24.000Z,BEFORE_OPEN
MDT,1613103,2023-11-21,2023-11-21T11:53:06.000Z,BEFORE_OPEN
MDT,1613103,2024-02-20,2024-02-20T11:47:01.000Z,BEFORE_OPEN
MDT,1613103,2024-05-23,2024-05-23T10:47:45.000Z,BEFORE_OPEN
MDT,1613103,2024-08-20,2024-08-20T10:46:44.000Z,BEFORE_OPEN
MDT,1613103,2024-11-19,2024-11-19T11:46:38.000Z,BEFORE_OPEN
MDT,1613103,2025-02-18,2025-02-18T11:46:40.000Z,BEFORE_OPEN
MDT,1613103,2025-05-21,2025-05-21T10:47:23.000Z,BEFORE_OPEN
MDT,1613103,2025-08-19,2025-08-19T10:49:43.000Z,BEFORE_OPEN
MDT,1613103,2025-11-18,2025-11-18T11:47:14.000Z,BEFORE_OPEN
MDT,1613103,2026-02-17,2026-02-17T11:48:07.000Z,BEFORE_OPEN
MDT,1613103,2026-06-03,2026-06-03T10:47:08.000Z,BEFORE_OPEN
MDT,1613103,2026-09-01,2026-09-01T10:47:19.000Z,BEFORE_OPEN
MELI,1099590,2007-09-14,2007-09-14T20:37:29.000Z,AFTER_CLOSE
MELI,1099590,2007-11-13,2007-11-13T22:12:32.000Z,AFTER_CLOSE
MELI,1099590,2008-01-28,2008-01-26T01:00:53.000Z,AFTER_CLOSE
MELI,1099590,2008-03-05,2008-03-05T21:03:33.000Z,AFTER_CLOSE
MELI,1099590,2008-05-13,2008-05-13T21:25:04.000Z,AFTER_CLOSE
MELI,1099590,2008-08-12,2008-08-12T20:01:33.000Z,AFTER_CLOSE
MELI,1099590,2008-11-12,2008-11-12T17:33:47.000Z,IN_SESSION
MELI,1099590,2009-01-20,2009-01-20T14:00:22.000Z,BEFORE_OPEN
MELI,1099590,2009-02-24,2009-02-24T21:15:13.000Z,AFTER_CLOSE
MELI,1099590,2009-05-06,2009-05-06T20:19:00.000Z,AFTER_CLOSE
MELI,1099590,2009-08-05,2009-08-05T20:04:51.000Z,AFTER_CLOSE
MELI,1099590,2009-11-05,2009-11-04T23:03:59.000Z,AFTER_CLOSE
MELI,1099590,2010-02-22,2010-02-22T21:01:17.000Z,AFTER_CLOSE
MELI,1099590,2010-05-06,2010-05-06T20:01:26.000Z,AFTER_CLOSE
MELI,1099590,2010-08-04,2010-08-04T20:02:25.000Z,AFTER_CLOSE
MELI,1099590,2010-11-03,2010-11-03T20:01:26.000Z,AFTER_CLOSE
MELI,1099590,2011-02-23,2011-02-23T21:01:04.000Z,AFTER_CLOSE
MELI,1099590,2011-05-05,2011-05-04T21:48:49.000Z,AFTER_CLOSE
MELI,1099590,2011-08-03,2011-08-03T20:02:22.000Z,AFTER_CLOSE
MELI,1099590,2011-11-03,2011-11-03T15:34:04.000Z,IN_SESSION
MELI,1099590,2012-02-23,2012-02-23T21:02:06.000Z,AFTER_CLOSE
MELI,1099590,2012-05-09,2012-05-09T13:39:09.000Z,IN_SESSION
MELI,1099590,2012-08-03,2012-08-02T22:17:11.000Z,AFTER_CLOSE
MELI,1099590,2012-11-02,2012-11-01T23:54:48.000Z,AFTER_CLOSE
MELI,1099590,2013-02-25,2013-02-25T22:19:20.000Z,AFTER_CLOSE
MELI,1099590,2013-05-08,2013-05-08T17:32:46.000Z,IN_SESSION
MELI,1099590,2013-08-02,2013-08-02T13:17:07.000Z,BEFORE_OPEN
MELI,1099590,2013-11-07,2013-11-07T13:38:08.000Z,BEFORE_OPEN
MELI,1099590,2014-02-27,2014-02-27T21:50:57.000Z,AFTER_CLOSE
MELI,1099590,2014-05-09,2014-05-09T15:41:05.000Z,IN_SESSION
MELI,1099590,2014-10-31,2014-10-30T23:16:08.000Z,AFTER_CLOSE
MELI,1099590,2014-11-25,2014-11-25T15:27:01.000Z,IN_SESSION
MELI,1099590,2015-02-25,2015-02-25T21:51:47.000Z,AFTER_CLOSE
MELI,1099590,2015-05-06,2015-05-06T20:43:20.000Z,AFTER_CLOSE
MELI,1099590,2015-08-05,2015-08-05T20:51:44.000Z,AFTER_CLOSE
MELI,1099590,2015-11-05,2015-11-04T23:06:00.000Z,AFTER_CLOSE
MELI,1099590,2016-02-25,2016-02-25T21:01:11.000Z,AFTER_CLOSE
MELI,1099590,2016-05-05,2016-05-05T21:02:07.000Z,AFTER_CLOSE
MELI,1099590,2016-08-04,2016-08-04T20:30:19.000Z,AFTER_CLOSE
MELI,1099590,2016-11-04,2016-11-03T21:34:30.000Z,AFTER_CLOSE
MELI,1099590,2017-02-23,2017-02-23T22:30:13.000Z,AFTER_CLOSE
MELI,1099590,2017-05-04,2017-05-04T21:01:13.000Z,AFTER_CLOSE
MELI,1099590,2017-08-03,2017-08-03T21:01:13.000Z,AFTER_CLOSE
MELI,1099590,2017-11-02,2017-11-02T20:33:50.000Z,AFTER_CLOSE
MELI,1099590,2018-02-22,2018-02-22T22:01:12.000Z,AFTER_CLOSE
MELI,1099590,2018-05-09,2018-05-09T21:01:12.000Z,AFTER_CLOSE
MELI,1099590,2018-08-08,2018-08-08T20:00:16.000Z,AFTER_CLOSE
MELI,1099590,2018-11-02,2018-11-02T21:01:17.000Z,AFTER_CLOSE
MELI,1099590,2018-11-02,2018-11-01T23:25:56.000Z,AFTER_CLOSE
MELI,1099590,2019-02-26,2019-02-26T21:01:19.000Z,AFTER_CLOSE
MELI,1099590,2019-05-02,2019-05-02T20:00:24.000Z,AFTER_CLOSE
MELI,1099590,2019-08-07,2019-08-07T20:00:24.000Z,AFTER_CLOSE
MELI,1099590,2019-10-31,2019-10-31T20:02:18.000Z,AFTER_CLOSE
MELI,1099590,2020-02-10,2020-02-10T21:01:00.000Z,AFTER_CLOSE
MELI,1099590,2020-05-05,2020-05-05T20:00:56.000Z,AFTER_CLOSE
MELI,1099590,2020-08-10,2020-08-10T12:25:31.000Z,BEFORE_OPEN
MELI,1099590,2020-11-04,2020-11-04T21:00:26.000Z,AFTER_CLOSE
MELI,1099590,2021-03-01,2021-03-01T21:00:27.000Z,AFTER_CLOSE
MELI,1099590,2021-05-05,2021-05-05T20:05:32.000Z,AFTER_CLOSE
MELI,1099590,2021-08-04,2021-08-04T20:00:47.000Z,AFTER_CLOSE
MELI,1099590,2021-11-04,2021-11-04T20:01:29.000Z,AFTER_CLOSE
MELI,1099590,2022-02-22,2022-02-22T21:00:42.000Z,AFTER_CLOSE
MELI,1099590,2022-05-05,2022-05-05T20:00:43.000Z,AFTER_CLOSE
MELI,1099590,2022-08-03,2022-08-03T21:28:04.000Z,AFTER_CLOSE
MELI,1099590,2022-08-03,2022-08-03T20:00:46.000Z,AFTER_CLOSE
MELI,1099590,2022-11-03,2022-11-03T20:00:25.000Z,AFTER_CLOSE
MELI,1099590,2023-02-23,2023-02-23T21:00:47.000Z,AFTER_CLOSE
MELI,1099590,2023-05-03,2023-05-03T20:01:00.000Z,AFTER_CLOSE
MELI,1099590,2023-08-02,2023-08-02T20:01:37.000Z,AFTER_CLOSE
MELI,1099590,2023-11-01,2023-11-01T20:01:00.000Z,AFTER_CLOSE
MELI,1099590,2024-02-22,2024-02-22T21:02:29.000Z,AFTER_CLOSE
MELI,1099590,2024-05-02,2024-05-02T20:01:11.000Z,AFTER_CLOSE
MELI,1099590,2024-08-01,2024-08-01T20:00:57.000Z,AFTER_CLOSE
MELI,1099590,2024-11-06,2024-11-06T21:01:40.000Z,AFTER_CLOSE
MELI,1099590,2025-02-20,2025-02-20T21:00:36.000Z,AFTER_CLOSE
MELI,1099590,2025-05-07,2025-05-07T20:01:57.000Z,AFTER_CLOSE
MELI,1099590,2025-08-04,2025-08-04T20:01:19.000Z,AFTER_CLOSE
MELI,1099590,2025-10-29,2025-10-29T20:00:52.000Z,AFTER_CLOSE
MELI,1099590,2026-02-24,2026-02-24T21:00:44.000Z,AFTER_CLOSE
MELI,1099590,2026-05-07,2026-05-07T20:00:57.000Z,AFTER_CLOSE
MELI,1099590,2026-08-05,2026-08-05T20:00:58.000Z,AFTER_CLOSE
MET,1099219,2021-02-03,2021-02-03T21:35:08.000Z,AFTER_CLOSE
MET,1099219,2021-02-09,2021-02-09T21:46:37.000Z,AFTER_CLOSE
MET,1099219,2021-05-05,2021-05-05T20:39:47.000Z,AFTER_CLOSE
MET,1099219,2021-05-14,2021-05-14T20:50:09.000Z,AFTER_CLOSE
MET,1099219,2021-08-04,2021-08-04T20:33:08.000Z,AFTER_CLOSE
MET,1099219,2021-08-09,2021-08-09T20:33:11.000Z,AFTER_CLOSE
MET,1099219,2021-11-03,2021-11-03T20:32:38.000Z,AFTER_CLOSE
MET,1099219,2021-11-09,2021-11-08T23:50:50.000Z,AFTER_CLOSE
MET,1099219,2022-02-02,2022-02-02T21:32:59.000Z,AFTER_CLOSE
MET,1099219,2022-02-08,2022-02-08T22:03:43.000Z,AFTER_CLOSE
MET,1099219,2022-05-04,2022-05-04T20:39:35.000Z,AFTER_CLOSE
MET,1099219,2022-05-09,2022-05-09T20:36:08.000Z,AFTER_CLOSE
MET,1099219,2022-08-03,2022-08-03T20:30:56.000Z,AFTER_CLOSE
MET,1099219,2022-08-08,2022-08-08T20:32:20.000Z,AFTER_CLOSE
MET,1099219,2022-11-02,2022-11-02T20:31:53.000Z,AFTER_CLOSE
MET,1099219,2022-11-07,2022-11-07T21:33:30.000Z,AFTER_CLOSE
MET,1099219,2023-02-01,2023-02-01T21:40:40.000Z,AFTER_CLOSE
MET,1099219,2023-02-07,2023-02-07T21:32:16.000Z,AFTER_CLOSE
MET,1099219,2023-05-03,2023-05-03T21:12:56.000Z,AFTER_CLOSE
MET,1099219,2023-08-02,2023-08-02T20:30:56.000Z,AFTER_CLOSE
MET,1099219,2023-11-01,2023-11-01T20:30:47.000Z,AFTER_CLOSE
MET,1099219,2024-01-31,2024-01-31T21:31:18.000Z,AFTER_CLOSE
MET,1099219,2024-05-01,2024-05-01T20:32:33.000Z,AFTER_CLOSE
MET,1099219,2024-07-31,2024-07-31T20:31:02.000Z,AFTER_CLOSE
MET,1099219,2024-10-30,2024-10-30T21:01:08.000Z,AFTER_CLOSE
MET,1099219,2025-02-05,2025-02-05T21:32:19.000Z,AFTER_CLOSE
MET,1099219,2025-04-30,2025-04-30T20:33:08.000Z,AFTER_CLOSE
MET,1099219,2025-08-06,2025-08-06T20:50:22.000Z,AFTER_CLOSE
MET,1099219,2025-11-05,2025-11-05T21:32:16.000Z,AFTER_CLOSE
MET,1099219,2026-02-04,2026-02-04T22:07:21.000Z,AFTER_CLOSE
MET,1099219,2026-05-06,2026-05-06T20:31:49.000Z,AFTER_CLOSE
MET,1099219,2026-08-05,2026-08-05T20:31:29.000Z,AFTER_CLOSE
META,1326801,2024-07-31,2024-07-31T20:11:20.000Z,AFTER_CLOSE
META,1326801,2024-10-30,2024-10-30T20:08:12.000Z,AFTER_CLOSE
META,1326801,2025-01-29,2025-01-29T21:47:14.000Z,AFTER_CLOSE
META,1326801,2025-04-30,2025-04-30T20:16:00.000Z,AFTER_CLOSE
META,1326801,2025-07-30,2025-07-30T20:13:01.000Z,AFTER_CLOSE
META,1326801,2025-10-29,2025-10-29T20:08:34.000Z,AFTER_CLOSE
META,1326801,2026-01-28,2026-01-28T21:04:20.000Z,AFTER_CLOSE
META,1326801,2026-04-29,2026-04-29T20:05:41.000Z,AFTER_CLOSE
META,1326801,2026-07-29,2026-07-29T20:03:23.000Z,AFTER_CLOSE
MKL,1096343,2017-02-08,2017-02-08T21:41:45.000Z,AFTER_CLOSE
MKL,1096343,2019-02-05,2019-02-05T21:50:05.000Z,AFTER_CLOSE
MKL,1096343,2020-02-04,2020-02-04T21:50:11.000Z,AFTER_CLOSE
MKL,1096343,2021-02-02,2021-02-02T21:46:11.000Z,AFTER_CLOSE
MKL,1096343,2022-02-02,2022-02-02T21:48:57.000Z,AFTER_CLOSE
MKL,1096343,2023-02-01,2023-02-01T21:44:00.000Z,AFTER_CLOSE
MKL,1096343,2024-01-31,2024-01-31T21:40:49.000Z,AFTER_CLOSE
MKL,1096343,2025-02-05,2025-02-05T21:41:28.000Z,AFTER_CLOSE
MKL,1096343,2025-10-29,2025-10-29T20:39:49.000Z,AFTER_CLOSE
MKL,1096343,2026-02-04,2026-02-04T21:40:24.000Z,AFTER_CLOSE
MLM,916076,2016-02-09,2016-02-09T17:14:45.000Z,IN_SESSION
MLM,916076,2016-05-05,2016-05-05T15:10:49.000Z,IN_SESSION
MLM,916076,2016-08-02,2016-08-02T15:06:46.000Z,IN_SESSION
MLM,916076,2016-11-01,2016-11-01T14:10:13.000Z,IN_SESSION
MLM,916076,2017-02-14,2017-02-14T17:37:45.000Z,IN_SESSION
MLM,916076,2017-05-02,2017-05-02T15:01:24.000Z,IN_SESSION
MLM,916076,2017-08-01,2017-08-01T13:48:46.000Z,IN_SESSION
MLM,916076,2017-11-02,2017-11-02T19:19:23.000Z,IN_SESSION
MLM,916076,2018-02-13,2018-02-13T19:15:18.000Z,IN_SESSION
MLM,916076,2018-05-08,2018-05-08T18:17:11.000Z,IN_SESSION
MLM,916076,2018-07-26,2018-07-26T19:08:42.000Z,IN_SESSION
MLM,916076,2018-11-06,2018-11-06T21:08:26.000Z,AFTER_CLOSE
MLM,916076,2019-02-12,2019-02-12T20:38:58.000Z,IN_SESSION
MLM,916076,2019-04-30,2019-04-30T19:50:02.000Z,IN_SESSION
MLM,916076,2019-07-30,2019-07-30T20:26:35.000Z,AFTER_CLOSE
MLM,916076,2019-10-29,2019-10-29T19:51:30.000Z,IN_SESSION
MLM,916076,2020-02-11,2020-02-11T21:05:52.000Z,AFTER_CLOSE
MLM,916076,2020-05-05,2020-05-05T20:14:40.000Z,AFTER_CLOSE
MLM,916076,2020-07-28,2020-07-28T11:10:12.000Z,BEFORE_OPEN
MLM,916076,2020-10-29,2020-10-29T11:04:18.000Z,BEFORE_OPEN
MLM,916076,2021-02-09,2021-02-09T12:15:35.000Z,BEFORE_OPEN
MLM,916076,2021-05-04,2021-05-04T11:02:30.000Z,BEFORE_OPEN
MLM,916076,2021-07-29,2021-07-29T11:07:00.000Z,BEFORE_OPEN
MLM,916076,2021-11-02,2021-11-02T11:22:24.000Z,BEFORE_OPEN
MLM,916076,2022-02-10,2022-02-10T12:09:59.000Z,BEFORE_OPEN
MLM,916076,2022-05-03,2022-05-03T11:06:57.000Z,BEFORE_OPEN
MLM,916076,2022-07-28,2022-07-28T11:36:43.000Z,BEFORE_OPEN
MLM,916076,2022-11-02,2022-11-02T11:08:03.000Z,BEFORE_OPEN
MLM,916076,2023-02-15,2023-02-15T12:03:36.000Z,BEFORE_OPEN
MLM,916076,2023-05-04,2023-05-04T10:59:21.000Z,BEFORE_OPEN
MLM,916076,2023-07-27,2023-07-27T11:03:49.000Z,BEFORE_OPEN
MLM,916076,2023-11-01,2023-11-01T11:07:00.000Z,BEFORE_OPEN
MLM,916076,2024-02-14,2024-02-14T12:02:53.000Z,BEFORE_OPEN
MLM,916076,2024-04-30,2024-04-30T11:01:05.000Z,BEFORE_OPEN
MLM,916076,2024-08-08,2024-08-08T11:07:08.000Z,BEFORE_OPEN
MLM,916076,2024-10-30,2024-10-30T11:00:44.000Z,BEFORE_OPEN
MLM,916076,2025-02-12,2025-02-12T12:00:40.000Z,BEFORE_OPEN
MLM,916076,2025-04-10,2025-04-10T20:31:55.000Z,AFTER_CLOSE
MLM,916076,2025-04-30,2025-04-30T10:58:44.000Z,BEFORE_OPEN
MLM,916076,2025-08-04,2025-08-04T12:31:42.000Z,BEFORE_OPEN
MLM,916076,2025-08-07,2025-08-07T11:01:15.000Z,BEFORE_OPEN
MLM,916076,2025-11-04,2025-11-04T12:02:10.000Z,BEFORE_OPEN
MLM,916076,2026-02-11,2026-02-11T12:01:43.000Z,BEFORE_OPEN
MLM,916076,2026-04-30,2026-04-30T11:02:01.000Z,BEFORE_OPEN
MLM,916076,2026-07-30,2026-07-30T11:03:27.000Z,BEFORE_OPEN
MMM,66740,2018-07-24,2018-07-24T11:43:54.000Z,BEFORE_OPEN
MMM,66740,2018-10-23,2018-10-23T11:42:13.000Z,BEFORE_OPEN
MMM,66740,2019-01-29,2019-01-29T12:02:41.000Z,BEFORE_OPEN
MMM,66740,2019-03-08,2019-03-08T19:02:15.000Z,IN_SESSION
MMM,66740,2019-04-25,2019-04-25T11:07:41.000Z,BEFORE_OPEN
MMM,66740,2019-05-30,2019-05-30T20:10:51.000Z,AFTER_CLOSE
MMM,66740,2019-07-25,2019-07-25T10:50:42.000Z,BEFORE_OPEN
MMM,66740,2019-10-24,2019-10-24T10:50:12.000Z,BEFORE_OPEN
MMM,66740,2020-01-28,2020-01-28T12:31:55.000Z,BEFORE_OPEN
MMM,66740,2020-04-28,2020-04-28T11:28:06.000Z,BEFORE_OPEN
MMM,66740,2020-07-28,2020-07-28T11:09:35.000Z,BEFORE_OPEN
MMM,66740,2020-10-27,2020-10-27T10:56:55.000Z,BEFORE_OPEN
MMM,66740,2021-01-26,2021-01-26T12:10:19.000Z,BEFORE_OPEN
MMM,66740,2021-03-22,2021-03-22T10:30:50.000Z,BEFORE_OPEN
MMM,66740,2021-04-27,2021-04-27T11:40:05.000Z,BEFORE_OPEN
MMM,66740,2021-07-27,2021-07-27T11:37:29.000Z,BEFORE_OPEN
MMM,66740,2021-10-26,2021-10-26T11:25:57.000Z,BEFORE_OPEN
MMM,66740,2022-01-25,2022-01-25T11:32:51.000Z,BEFORE_OPEN
MMM,66740,2022-02-11,2022-02-11T21:11:49.000Z,AFTER_CLOSE
MMM,66740,2022-04-26,2022-04-26T10:32:42.000Z,BEFORE_OPEN
MMM,66740,2022-04-26,2022-04-26T10:01:28.000Z,BEFORE_OPEN
MMM,66740,2022-07-26,2022-07-26T10:37:13.000Z,BEFORE_OPEN
MMM,66740,2022-10-25,2022-10-25T10:33:41.000Z,BEFORE_OPEN
MMM,66740,2023-01-24,2023-01-24T11:32:44.000Z,BEFORE_OPEN
MMM,66740,2023-02-21,2023-02-21T21:16:12.000Z,AFTER_CLOSE
MMM,66740,2023-04-25,2023-04-25T10:34:48.000Z,BEFORE_OPEN
MMM,66740,2023-07-25,2023-07-25T10:36:23.000Z,BEFORE_OPEN
MMM,66740,2023-10-24,2023-10-24T10:34:23.000Z,BEFORE_OPEN
MMM,66740,2024-01-23,2024-01-23T11:35:03.000Z,BEFORE_OPEN
MMM,66740,2024-04-30,2024-04-30T10:34:46.000Z,BEFORE_OPEN
MMM,66740,2024-07-26,2024-07-26T10:35:29.000Z,BEFORE_OPEN
MMM,66740,2024-10-22,2024-10-22T10:35:33.000Z,BEFORE_OPEN
MMM,66740,2025-01-21,2025-01-21T11:38:42.000Z,BEFORE_OPEN
MMM,66740,2025-04-22,2025-04-22T10:36:10.000Z,BEFORE_OPEN
MMM,66740,2025-07-18,2025-07-18T10:33:47.000Z,BEFORE_OPEN
MMM,66740,2025-10-21,2025-10-21T10:33:04.000Z,BEFORE_OPEN
MMM,66740,2026-01-20,2026-01-20T11:34:40.000Z,BEFORE_OPEN
MMM,66740,2026-04-21,2026-04-21T10:34:26.000Z,BEFORE_OPEN
MMM,66740,2026-07-21,2026-07-21T10:34:07.000Z,BEFORE_OPEN
MNST,865752,2013-05-08,2013-05-08T20:57:22.000Z,AFTER_CLOSE
MNST,865752,2013-08-08,2013-08-08T20:22:54.000Z,AFTER_CLOSE
MNST,865752,2013-11-07,2013-11-07T21:22:01.000Z,AFTER_CLOSE
MNST,865752,2014-02-27,2014-02-27T21:23:30.000Z,AFTER_CLOSE
MNST,865752,2014-05-08,2014-05-08T20:14:20.000Z,AFTER_CLOSE
MNST,865752,2014-08-07,2014-08-07T20:19:33.000Z,AFTER_CLOSE
MNST,865752,2014-11-06,2014-11-06T21:14:35.000Z,AFTER_CLOSE
MNST,865752,2015-02-26,2015-02-26T21:13:04.000Z,AFTER_CLOSE
MNST,865752,2015-05-07,2015-05-07T20:31:06.000Z,AFTER_CLOSE
MNST,865752,2015-08-06,2015-08-06T20:22:39.000Z,AFTER_CLOSE
MNST,865752,2015-11-05,2015-11-05T21:22:31.000Z,AFTER_CLOSE
MNST,865752,2016-02-25,2016-02-25T21:20:14.000Z,AFTER_CLOSE
MNST,865752,2016-04-29,2016-04-29T13:16:30.000Z,BEFORE_OPEN
MNST,865752,2016-08-04,2016-08-04T20:20:39.000Z,AFTER_CLOSE
MNST,865752,2016-11-03,2016-11-03T20:19:05.000Z,AFTER_CLOSE
MNST,865752,2017-03-01,2017-03-01T21:09:11.000Z,AFTER_CLOSE
MNST,865752,2017-05-04,2017-05-04T20:14:54.000Z,AFTER_CLOSE
MNST,865752,2017-08-08,2017-08-08T20:17:22.000Z,AFTER_CLOSE
MNST,865752,2017-11-08,2017-11-08T21:14:06.000Z,AFTER_CLOSE
MNST,865752,2018-02-28,2018-02-28T21:17:54.000Z,AFTER_CLOSE
MNST,865752,2018-05-08,2018-05-08T20:18:53.000Z,AFTER_CLOSE
MNST,865752,2018-08-08,2018-08-08T20:15:59.000Z,AFTER_CLOSE
MNST,865752,2018-11-07,2018-11-07T21:13:14.000Z,AFTER_CLOSE
MNST,865752,2019-02-27,2019-02-27T21:20:46.000Z,AFTER_CLOSE
MNST,865752,2019-05-02,2019-05-02T20:16:08.000Z,AFTER_CLOSE
MNST,865752,2019-08-07,2019-08-07T20:24:43.000Z,AFTER_CLOSE
MNST,865752,2019-11-07,2019-11-07T21:24:58.000Z,AFTER_CLOSE
MNST,865752,2020-02-27,2020-02-27T21:14:36.000Z,AFTER_CLOSE
MNST,865752,2020-05-07,2020-05-07T20:28:20.000Z,AFTER_CLOSE
MNST,865752,2020-08-04,2020-08-04T20:27:09.000Z,AFTER_CLOSE
MNST,865752,2020-11-05,2020-11-05T21:28:16.000Z,AFTER_CLOSE
MNST,865752,2021-02-25,2021-02-25T21:20:22.000Z,AFTER_CLOSE
MNST,865752,2021-05-06,2021-05-06T20:26:28.000Z,AFTER_CLOSE
MNST,865752,2021-08-05,2021-08-05T20:23:56.000Z,AFTER_CLOSE
MNST,865752,2021-11-04,2021-11-04T20:21:41.000Z,AFTER_CLOSE
MNST,865752,2022-02-24,2022-02-24T21:24:12.000Z,AFTER_CLOSE
MNST,865752,2022-05-05,2022-05-05T20:18:29.000Z,AFTER_CLOSE
MNST,865752,2022-08-04,2022-08-04T20:21:56.000Z,AFTER_CLOSE
MNST,865752,2022-11-03,2022-11-03T20:23:37.000Z,AFTER_CLOSE
MNST,865752,2023-02-28,2023-02-28T21:19:04.000Z,AFTER_CLOSE
MNST,865752,2023-05-04,2023-05-04T20:19:04.000Z,AFTER_CLOSE
MNST,865752,2023-08-03,2023-08-03T20:20:49.000Z,AFTER_CLOSE
MNST,865752,2023-11-02,2023-11-02T20:19:38.000Z,AFTER_CLOSE
MNST,865752,2024-02-28,2024-02-28T21:28:15.000Z,AFTER_CLOSE
MNST,865752,2024-05-02,2024-05-02T20:13:14.000Z,AFTER_CLOSE
MNST,865752,2024-08-07,2024-08-07T20:23:54.000Z,AFTER_CLOSE
MNST,865752,2024-11-07,2024-11-07T21:22:07.000Z,AFTER_CLOSE
MNST,865752,2025-02-27,2025-02-27T21:19:31.000Z,AFTER_CLOSE
MNST,865752,2025-05-08,2025-05-08T20:21:46.000Z,AFTER_CLOSE
MNST,865752,2025-08-07,2025-08-07T20:22:43.000Z,AFTER_CLOSE
MNST,865752,2025-11-06,2025-11-06T21:27:37.000Z,AFTER_CLOSE
MNST,865752,2026-02-26,2026-02-26T21:24:35.000Z,AFTER_CLOSE
MNST,865752,2026-05-07,2026-05-07T20:26:23.000Z,AFTER_CLOSE
MNST,865752,2026-08-06,2026-08-06T20:23:16.000Z,AFTER_CLOSE
MO,764180,2014-07-22,2014-07-22T11:24:30.000Z,BEFORE_OPEN
MO,764180,2014-10-30,2014-10-30T11:05:12.000Z,BEFORE_OPEN
MO,764180,2015-01-30,2015-01-30T12:03:47.000Z,BEFORE_OPEN
MO,764180,2015-04-23,2015-04-23T11:07:46.000Z,BEFORE_OPEN
MO,764180,2015-07-29,2015-07-29T11:06:10.000Z,BEFORE_OPEN
MO,764180,2015-10-29,2015-10-29T11:05:00.000Z,BEFORE_OPEN
MO,764180,2016-01-28,2016-01-28T12:07:18.000Z,BEFORE_OPEN
MO,764180,2016-04-28,2016-04-28T11:05:14.000Z,BEFORE_OPEN
MO,764180,2016-07-27,2016-07-27T11:06:09.000Z,BEFORE_OPEN
MO,764180,2016-10-27,2016-10-27T11:05:33.000Z,BEFORE_OPEN
MO,764180,2017-02-01,2017-02-01T12:11:30.000Z,BEFORE_OPEN
MO,764180,2017-05-02,2017-05-02T11:05:51.000Z,BEFORE_OPEN
MO,764180,2017-07-27,2017-07-27T11:06:11.000Z,BEFORE_OPEN
MO,764180,2017-10-26,2017-10-26T11:06:17.000Z,BEFORE_OPEN
MO,764180,2018-02-01,2018-02-01T12:05:49.000Z,BEFORE_OPEN
MO,764180,2018-04-26,2018-04-26T11:09:37.000Z,BEFORE_OPEN
MO,764180,2018-07-26,2018-07-26T11:05:40.000Z,BEFORE_OPEN
MO,764180,2018-10-25,2018-10-25T11:04:57.000Z,BEFORE_OPEN
MO,764180,2019-01-31,2019-01-31T12:06:18.000Z,BEFORE_OPEN
MO,764180,2019-04-25,2019-04-25T11:11:59.000Z,BEFORE_OPEN
MO,764180,2019-07-30,2019-07-30T11:14:50.000Z,BEFORE_OPEN
MO,764180,2019-10-31,2019-10-31T11:15:28.000Z,BEFORE_OPEN
MO,764180,2020-01-30,2020-01-30T15:40:08.000Z,IN_SESSION
MO,764180,2020-01-30,2020-01-30T12:13:30.000Z,BEFORE_OPEN
MO,764180,2020-04-30,2020-04-30T11:09:03.000Z,BEFORE_OPEN
MO,764180,2020-07-28,2020-07-28T11:04:52.000Z,BEFORE_OPEN
MO,764180,2020-10-30,2020-10-30T11:03:11.000Z,BEFORE_OPEN
MO,764180,2021-01-28,2021-01-28T12:07:35.000Z,BEFORE_OPEN
MO,764180,2021-04-29,2021-04-29T11:06:06.000Z,BEFORE_OPEN
MO,764180,2021-07-29,2021-07-29T11:10:05.000Z,BEFORE_OPEN
MO,764180,2021-10-28,2021-10-28T11:11:45.000Z,BEFORE_OPEN
MO,764180,2022-01-27,2022-01-27T12:02:24.000Z,BEFORE_OPEN
MO,764180,2022-04-28,2022-04-28T11:04:11.000Z,BEFORE_OPEN
MO,764180,2022-07-28,2022-07-28T11:03:26.000Z,BEFORE_OPEN
MO,764180,2022-10-27,2022-10-27T11:27:46.000Z,BEFORE_OPEN
MO,764180,2023-02-01,2023-02-01T12:10:29.000Z,BEFORE_OPEN
MO,764180,2023-04-27,2023-04-27T11:03:53.000Z,BEFORE_OPEN
MO,764180,2023-08-01,2023-08-01T11:06:00.000Z,BEFORE_OPEN
MO,764180,2023-10-26,2023-10-26T11:04:14.000Z,BEFORE_OPEN
MO,764180,2024-02-01,2024-02-01T12:07:35.000Z,BEFORE_OPEN
MO,764180,2024-04-25,2024-04-25T11:03:15.000Z,BEFORE_OPEN
MO,764180,2024-07-31,2024-07-31T11:02:01.000Z,BEFORE_OPEN
MO,764180,2024-10-31,2024-10-31T11:03:01.000Z,BEFORE_OPEN
MO,764180,2025-01-30,2025-01-30T12:03:37.000Z,BEFORE_OPEN
MO,764180,2025-04-29,2025-04-29T11:03:23.000Z,BEFORE_OPEN
MO,764180,2025-07-30,2025-07-30T11:03:56.000Z,BEFORE_OPEN
MO,764180,2025-10-30,2025-10-30T11:03:10.000Z,BEFORE_OPEN
MO,764180,2026-01-29,2026-01-29T12:04:06.000Z,BEFORE_OPEN
MO,764180,2026-04-30,2026-04-30T11:05:48.000Z,BEFORE_OPEN
MO,764180,2026-07-30,2026-07-30T11:06:45.000Z,BEFORE_OPEN
MPC,1510295,2018-02-01,2018-02-01T11:41:20.000Z,BEFORE_OPEN
MPC,1510295,2018-04-30,2018-04-30T10:34:02.000Z,BEFORE_OPEN
MPC,1510295,2018-07-26,2018-07-26T11:10:02.000Z,BEFORE_OPEN
MPC,1510295,2018-11-01,2018-11-01T10:35:47.000Z,BEFORE_OPEN
MPC,1510295,2019-02-07,2019-02-07T11:33:03.000Z,BEFORE_OPEN
MPC,1510295,2019-05-08,2019-05-08T10:55:06.000Z,BEFORE_OPEN
MPC,1510295,2019-08-01,2019-08-01T10:32:05.000Z,BEFORE_OPEN
MPC,1510295,2019-10-31,2019-10-31T10:28:10.000Z,BEFORE_OPEN
MPC,1510295,2020-01-29,2020-01-29T11:33:16.000Z,BEFORE_OPEN
MPC,1510295,2020-04-22,2020-04-22T21:00:35.000Z,AFTER_CLOSE
MPC,1510295,2020-05-05,2020-05-05T10:44:39.000Z,BEFORE_OPEN
MPC,1510295,2020-08-03,2020-08-03T10:41:49.000Z,BEFORE_OPEN
MPC,1510295,2020-11-02,2020-11-02T11:33:16.000Z,BEFORE_OPEN
MPC,1510295,2020-11-06,2020-11-06T12:45:47.000Z,BEFORE_OPEN
MPC,1510295,2021-01-25,2021-01-25T11:22:29.000Z,BEFORE_OPEN
MPC,1510295,2021-02-02,2021-02-02T11:42:00.000Z,BEFORE_OPEN
MPC,1510295,2021-02-26,2021-02-26T13:15:24.000Z,BEFORE_OPEN
MPC,1510295,2021-05-04,2021-05-04T10:46:18.000Z,BEFORE_OPEN
MPC,1510295,2021-08-04,2021-08-04T10:42:47.000Z,BEFORE_OPEN
MPC,1510295,2021-11-02,2021-11-02T10:05:27.000Z,BEFORE_OPEN
MPC,1510295,2022-02-02,2022-02-02T11:08:09.000Z,BEFORE_OPEN
MPC,1510295,2022-05-03,2022-05-03T10:45:43.000Z,BEFORE_OPEN
MPC,1510295,2022-08-02,2022-08-02T10:40:48.000Z,BEFORE_OPEN
MPC,1510295,2022-11-01,2022-11-01T10:25:23.000Z,BEFORE_OPEN
MPC,1510295,2023-01-31,2023-01-31T11:40:33.000Z,BEFORE_OPEN
MPC,1510295,2023-05-02,2023-05-02T10:41:40.000Z,BEFORE_OPEN
MPC,1510295,2023-08-01,2023-08-01T10:40:15.000Z,BEFORE_OPEN
MPC,1510295,2023-10-31,2023-10-31T10:40:21.000Z,BEFORE_OPEN
MPC,1510295,2024-01-30,2024-01-30T11:41:55.000Z,BEFORE_OPEN
MPC,1510295,2024-04-30,2024-04-30T10:41:45.000Z,BEFORE_OPEN
MPC,1510295,2024-08-06,2024-08-06T10:42:26.000Z,BEFORE_OPEN
MPC,1510295,2024-11-05,2024-11-05T11:42:57.000Z,BEFORE_OPEN
MPC,1510295,2025-02-04,2025-02-04T11:32:27.000Z,BEFORE_OPEN
MPC,1510295,2025-05-06,2025-05-06T10:31:30.000Z,BEFORE_OPEN
MPC,1510295,2025-08-05,2025-08-05T10:34:00.000Z,BEFORE_OPEN
MPC,1510295,2025-11-04,2025-11-04T11:34:54.000Z,BEFORE_OPEN
MPC,1510295,2026-02-03,2026-02-03T11:33:58.000Z,BEFORE_OPEN
MPC,1510295,2026-04-13,2026-04-13T20:46:04.000Z,AFTER_CLOSE
MPC,1510295,2026-05-05,2026-05-05T10:48:50.000Z,BEFORE_OPEN
MPC,1510295,2026-08-04,2026-08-04T10:49:20.000Z,BEFORE_OPEN
MPLX,1552000,2017-02-01,2017-02-01T11:56:47.000Z,BEFORE_OPEN
MPLX,1552000,2017-04-27,2017-04-27T10:52:40.000Z,BEFORE_OPEN
MPLX,1552000,2017-05-01,2017-05-01T20:44:00.000Z,AFTER_CLOSE
MPLX,1552000,2017-07-27,2017-07-27T10:52:59.000Z,BEFORE_OPEN
MPLX,1552000,2017-10-26,2017-10-26T10:53:50.000Z,BEFORE_OPEN
MPLX,1552000,2018-02-01,2018-02-01T12:12:49.000Z,BEFORE_OPEN
MPLX,1552000,2018-04-30,2018-04-30T10:38:30.000Z,BEFORE_OPEN
MPLX,1552000,2018-07-26,2018-07-26T11:37:49.000Z,BEFORE_OPEN
MPLX,1552000,2018-11-01,2018-11-01T10:49:53.000Z,BEFORE_OPEN
MPLX,1552000,2019-02-07,2019-02-07T11:41:50.000Z,BEFORE_OPEN
MPLX,1552000,2019-05-08,2019-05-08T10:59:37.000Z,BEFORE_OPEN
MPLX,1552000,2019-08-01,2019-08-01T10:47:04.000Z,BEFORE_OPEN
MPLX,1552000,2019-10-31,2019-10-31T10:33:10.000Z,BEFORE_OPEN
MPLX,1552000,2020-01-29,2020-01-29T12:04:26.000Z,BEFORE_OPEN
MPLX,1552000,2020-05-05,2020-05-05T10:49:54.000Z,BEFORE_OPEN
MPLX,1552000,2020-08-03,2020-08-03T10:52:02.000Z,BEFORE_OPEN
MPLX,1552000,2020-11-02,2020-11-02T11:46:58.000Z,BEFORE_OPEN
MPLX,1552000,2021-02-02,2021-02-02T11:51:34.000Z,BEFORE_OPEN
MPLX,1552000,2021-05-04,2021-05-04T10:48:30.000Z,BEFORE_OPEN
MPLX,1552000,2021-08-04,2021-08-04T10:47:55.000Z,BEFORE_OPEN
MPLX,1552000,2021-11-02,2021-11-02T10:10:24.000Z,BEFORE_OPEN
MPLX,1552000,2022-02-02,2022-02-02T11:11:43.000Z,BEFORE_OPEN
MPLX,1552000,2022-05-03,2022-05-03T10:51:14.000Z,BEFORE_OPEN
MPLX,1552000,2022-08-02,2022-08-02T10:45:40.000Z,BEFORE_OPEN
MPLX,1552000,2022-11-01,2022-11-01T10:30:24.000Z,BEFORE_OPEN
MPLX,1552000,2023-01-31,2023-01-31T11:45:24.000Z,BEFORE_OPEN
MPLX,1552000,2023-05-02,2023-05-02T10:45:24.000Z,BEFORE_OPEN
MPLX,1552000,2023-08-01,2023-08-01T10:45:14.000Z,BEFORE_OPEN
MPLX,1552000,2023-10-31,2023-10-31T10:45:25.000Z,BEFORE_OPEN
MPLX,1552000,2024-01-30,2024-01-30T11:46:49.000Z,BEFORE_OPEN
MPLX,1552000,2024-04-30,2024-04-30T10:46:47.000Z,BEFORE_OPEN
MPLX,1552000,2024-08-06,2024-08-06T10:46:58.000Z,BEFORE_OPEN
MPLX,1552000,2024-11-05,2024-11-05T11:47:42.000Z,BEFORE_OPEN
MPLX,1552000,2025-02-04,2025-02-04T11:39:04.000Z,BEFORE_OPEN
MPLX,1552000,2025-05-06,2025-05-06T10:36:20.000Z,BEFORE_OPEN
MPLX,1552000,2025-08-05,2025-08-05T10:38:22.000Z,BEFORE_OPEN
MPLX,1552000,2025-11-04,2025-11-04T11:35:47.000Z,BEFORE_OPEN
MPLX,1552000,2026-02-03,2026-02-03T11:35:55.000Z,BEFORE_OPEN
MPLX,1552000,2026-04-13,2026-04-13T20:52:34.000Z,AFTER_CLOSE
MPLX,1552000,2026-05-05,2026-05-05T10:49:13.000Z,BEFORE_OPEN
MPLX,1552000,2026-08-04,2026-08-04T10:49:39.000Z,BEFORE_OPEN
MPWR,1280452,2020-02-05,2020-02-05T21:26:55.000Z,AFTER_CLOSE
MPWR,1280452,2020-04-28,2020-04-28T20:11:29.000Z,AFTER_CLOSE
MPWR,1280452,2020-07-28,2020-07-28T20:28:48.000Z,AFTER_CLOSE
MPWR,1280452,2020-10-29,2020-10-29T20:15:40.000Z,AFTER_CLOSE
MPWR,1280452,2021-02-04,2021-02-04T21:18:01.000Z,AFTER_CLOSE
MPWR,1280452,2021-05-04,2021-05-04T20:15:37.000Z,AFTER_CLOSE
MPWR,1280452,2021-07-27,2021-07-27T20:34:29.000Z,AFTER_CLOSE
MPWR,1280452,2021-10-28,2021-10-28T20:20:01.000Z,AFTER_CLOSE
MPWR,1280452,2022-02-10,2022-02-10T21:08:46.000Z,AFTER_CLOSE
MPWR,1280452,2022-05-02,2022-05-02T20:01:30.000Z,AFTER_CLOSE
MPWR,1280452,2022-08-01,2022-08-01T20:01:33.000Z,AFTER_CLOSE
MPWR,1280452,2022-10-27,2022-10-27T20:01:24.000Z,AFTER_CLOSE
MPWR,1280452,2023-02-08,2023-02-08T21:01:25.000Z,AFTER_CLOSE
MPWR,1280452,2023-05-04,2023-05-04T20:01:21.000Z,AFTER_CLOSE
MPWR,1280452,2023-07-31,2023-07-31T20:01:28.000Z,AFTER_CLOSE
MPWR,1280452,2023-10-30,2023-10-30T20:01:17.000Z,AFTER_CLOSE
MPWR,1280452,2024-02-07,2024-02-07T21:01:23.000Z,AFTER_CLOSE
MPWR,1280452,2024-05-01,2024-05-01T20:01:38.000Z,AFTER_CLOSE
MPWR,1280452,2024-08-01,2024-08-01T20:01:30.000Z,AFTER_CLOSE
MPWR,1280452,2024-10-30,2024-10-30T20:01:14.000Z,AFTER_CLOSE
MPWR,1280452,2025-02-06,2025-02-06T21:01:11.000Z,AFTER_CLOSE
MPWR,1280452,2025-05-01,2025-05-01T20:01:12.000Z,AFTER_CLOSE
MPWR,1280452,2025-07-31,2025-07-31T20:01:09.000Z,AFTER_CLOSE
MPWR,1280452,2025-10-30,2025-10-30T20:01:12.000Z,AFTER_CLOSE
MPWR,1280452,2026-02-05,2026-02-05T21:01:17.000Z,AFTER_CLOSE
MPWR,1280452,2026-04-30,2026-04-30T20:01:11.000Z,AFTER_CLOSE
MPWR,1280452,2026-07-30,2026-07-30T20:01:11.000Z,AFTER_CLOSE
MRK,310158,2018-07-27,2018-07-27T10:50:35.000Z,BEFORE_OPEN
MRK,310158,2018-10-25,2018-10-25T10:48:40.000Z,BEFORE_OPEN
MRK,310158,2019-02-01,2019-02-01T11:52:01.000Z,BEFORE_OPEN
MRK,310158,2019-04-30,2019-04-30T10:49:33.000Z,BEFORE_OPEN
MRK,310158,2019-07-30,2019-07-30T10:50:37.000Z,BEFORE_OPEN
MRK,310158,2019-10-29,2019-10-29T10:50:13.000Z,BEFORE_OPEN
MRK,310158,2020-02-05,2020-02-05T11:50:24.000Z,BEFORE_OPEN
MRK,310158,2020-04-28,2020-04-28T10:53:01.000Z,BEFORE_OPEN
MRK,310158,2020-07-31,2020-07-31T12:37:57.000Z,BEFORE_OPEN
MRK,310158,2020-10-27,2020-10-27T10:50:25.000Z,BEFORE_OPEN
MRK,310158,2021-02-04,2021-02-04T11:50:38.000Z,BEFORE_OPEN
MRK,310158,2021-04-29,2021-04-29T10:38:30.000Z,BEFORE_OPEN
MRK,310158,2021-07-29,2021-07-29T11:01:02.000Z,BEFORE_OPEN
MRK,310158,2021-10-28,2021-10-28T10:40:29.000Z,BEFORE_OPEN
MRK,310158,2022-02-03,2022-02-03T11:39:53.000Z,BEFORE_OPEN
MRK,310158,2022-04-21,2022-04-20T22:45:29.000Z,AFTER_CLOSE
MRK,310158,2022-04-28,2022-04-28T10:35:40.000Z,BEFORE_OPEN
MRK,310158,2022-07-28,2022-07-28T10:36:26.000Z,BEFORE_OPEN
MRK,310158,2022-10-27,2022-10-27T10:38:10.000Z,BEFORE_OPEN
MRK,310158,2023-02-02,2023-02-02T11:42:34.000Z,BEFORE_OPEN
MRK,310158,2023-04-27,2023-04-27T10:43:09.000Z,BEFORE_OPEN
MRK,310158,2023-08-01,2023-08-01T10:46:06.000Z,BEFORE_OPEN
MRK,310158,2023-10-26,2023-10-26T10:38:04.000Z,BEFORE_OPEN
MRK,310158,2024-02-01,2024-02-01T11:39:01.000Z,BEFORE_OPEN
MRK,310158,2024-04-25,2024-04-25T10:41:15.000Z,BEFORE_OPEN
MRK,310158,2024-07-30,2024-07-30T10:41:50.000Z,BEFORE_OPEN
MRK,310158,2024-10-31,2024-10-31T10:44:02.000Z,BEFORE_OPEN
MRK,310158,2025-02-04,2025-02-04T11:45:47.000Z,BEFORE_OPEN
MRK,310158,2025-04-24,2025-04-24T10:45:16.000Z,BEFORE_OPEN
MRK,310158,2025-07-29,2025-07-29T10:42:43.000Z,BEFORE_OPEN
MRK,310158,2025-10-30,2025-10-30T10:40:38.000Z,BEFORE_OPEN
MRK,310158,2026-02-03,2026-02-03T11:38:40.000Z,BEFORE_OPEN
MRK,310158,2026-04-30,2026-04-30T10:53:18.000Z,BEFORE_OPEN
MRK,310158,2026-08-04,2026-08-04T10:47:58.000Z,BEFORE_OPEN
MRNA,1682852,2021-04-13,2021-04-13T21:28:57.000Z,AFTER_CLOSE
MRNA,1682852,2021-05-06,2021-05-06T11:29:31.000Z,BEFORE_OPEN
MRNA,1682852,2021-08-05,2021-08-05T10:42:02.000Z,BEFORE_OPEN
MRNA,1682852,2021-11-04,2021-11-04T11:04:59.000Z,BEFORE_OPEN
MRNA,1682852,2022-01-04,2022-01-04T13:00:44.000Z,BEFORE_OPEN
MRNA,1682852,2022-01-10,2022-01-10T12:22:36.000Z,BEFORE_OPEN
MRNA,1682852,2022-02-24,2022-02-24T12:16:02.000Z,BEFORE_OPEN
MRNA,1682852,2022-05-04,2022-05-04T10:58:23.000Z,BEFORE_OPEN
MRNA,1682852,2022-08-03,2022-08-03T11:04:18.000Z,BEFORE_OPEN
MRNA,1682852,2023-01-09,2023-01-09T12:03:40.000Z,BEFORE_OPEN
MRNA,1682852,2023-02-23,2023-02-23T12:03:13.000Z,BEFORE_OPEN
MRNA,1682852,2023-05-04,2023-05-04T10:33:06.000Z,BEFORE_OPEN
MRNA,1682852,2023-08-03,2023-08-03T10:33:34.000Z,BEFORE_OPEN
MRNA,1682852,2023-11-02,2023-11-02T10:33:52.000Z,BEFORE_OPEN
MRNA,1682852,2024-01-08,2024-01-08T12:03:43.000Z,BEFORE_OPEN
MRNA,1682852,2024-02-22,2024-02-22T11:32:03.000Z,BEFORE_OPEN
MRNA,1682852,2024-05-02,2024-05-02T10:31:17.000Z,BEFORE_OPEN
MRNA,1682852,2024-08-01,2024-08-01T10:31:37.000Z,BEFORE_OPEN
MRNA,1682852,2024-11-07,2024-11-07T11:33:51.000Z,BEFORE_OPEN
MRNA,1682852,2025-01-13,2025-01-13T12:03:24.000Z,BEFORE_OPEN
MRNA,1682852,2025-02-14,2025-02-14T11:30:34.000Z,BEFORE_OPEN
MRNA,1682852,2025-05-01,2025-05-01T10:31:33.000Z,BEFORE_OPEN
MRNA,1682852,2025-08-01,2025-08-01T11:02:12.000Z,BEFORE_OPEN
MRNA,1682852,2025-11-06,2025-11-06T12:03:01.000Z,BEFORE_OPEN
MRNA,1682852,2026-01-12,2026-01-12T12:01:10.000Z,BEFORE_OPEN
MRNA,1682852,2026-02-13,2026-02-13T12:02:14.000Z,BEFORE_OPEN
MRNA,1682852,2026-05-01,2026-05-01T10:32:54.000Z,BEFORE_OPEN
MRNA,1682852,2026-07-31,2026-07-31T11:03:47.000Z,BEFORE_OPEN
MRSH,62709,2018-04-26,2018-04-26T11:21:11.000Z,BEFORE_OPEN
MRSH,62709,2018-07-26,2018-07-26T11:25:14.000Z,BEFORE_OPEN
MRSH,62709,2018-10-25,2018-10-25T11:29:08.000Z,BEFORE_OPEN
MRSH,62709,2019-01-31,2019-01-31T12:46:19.000Z,BEFORE_OPEN
MRSH,62709,2019-04-25,2019-04-25T11:22:26.000Z,BEFORE_OPEN
MRSH,62709,2019-07-30,2019-07-30T11:18:39.000Z,BEFORE_OPEN
MRSH,62709,2019-10-29,2019-10-29T11:27:57.000Z,BEFORE_OPEN
MRSH,62709,2020-01-30,2020-01-30T12:33:52.000Z,BEFORE_OPEN
MRSH,62709,2020-04-30,2020-04-30T11:55:38.000Z,BEFORE_OPEN
MRSH,62709,2020-07-30,2020-07-30T11:24:11.000Z,BEFORE_OPEN
MRSH,62709,2020-10-29,2020-10-29T11:08:32.000Z,BEFORE_OPEN
MRSH,62709,2021-01-28,2021-01-28T12:11:57.000Z,BEFORE_OPEN
MRSH,62709,2021-04-27,2021-04-27T11:03:05.000Z,BEFORE_OPEN
MRSH,62709,2021-07-22,2021-07-22T11:06:59.000Z,BEFORE_OPEN
MRSH,62709,2021-10-21,2021-10-21T11:02:34.000Z,BEFORE_OPEN
MRSH,62709,2022-01-27,2022-01-27T12:08:51.000Z,BEFORE_OPEN
MRSH,62709,2022-04-21,2022-04-21T11:13:56.000Z,BEFORE_OPEN
MRSH,62709,2022-07-21,2022-07-21T11:04:54.000Z,BEFORE_OPEN
MRSH,62709,2022-10-20,2022-10-20T11:03:01.000Z,BEFORE_OPEN
MRSH,62709,2023-01-26,2023-01-26T12:13:27.000Z,BEFORE_OPEN
MRSH,62709,2023-04-20,2023-04-20T11:06:45.000Z,BEFORE_OPEN
MRSH,62709,2023-07-20,2023-07-20T11:06:14.000Z,BEFORE_OPEN
MRSH,62709,2023-10-19,2023-10-19T11:02:06.000Z,BEFORE_OPEN
MRSH,62709,2024-01-25,2024-01-25T12:06:25.000Z,BEFORE_OPEN
MRSH,62709,2024-04-18,2024-04-18T11:04:26.000Z,BEFORE_OPEN
MRSH,62709,2024-07-18,2024-07-18T11:03:34.000Z,BEFORE_OPEN
MRSH,62709,2024-10-17,2024-10-17T10:42:11.000Z,BEFORE_OPEN
MRSH,62709,2025-01-30,2025-01-30T12:03:33.000Z,BEFORE_OPEN
MRSH,62709,2025-04-17,2025-04-17T11:07:01.000Z,BEFORE_OPEN
MRSH,62709,2025-07-17,2025-07-17T10:34:57.000Z,BEFORE_OPEN
MRSH,62709,2025-10-16,2025-10-16T10:33:02.000Z,BEFORE_OPEN
MRSH,62709,2026-01-29,2026-01-29T12:03:31.000Z,BEFORE_OPEN
MRSH,62709,2026-04-16,2026-04-16T11:02:46.000Z,BEFORE_OPEN
MRSH,62709,2026-07-21,2026-07-21T11:02:42.000Z,BEFORE_OPEN
MRVL,1835632,2021-06-07,2021-06-07T20:07:04.000Z,AFTER_CLOSE
MRVL,1835632,2021-08-03,2021-08-03T11:16:04.000Z,BEFORE_OPEN
MRVL,1835632,2021-08-26,2021-08-26T20:06:34.000Z,AFTER_CLOSE
MRVL,1835632,2021-12-02,2021-12-02T21:09:22.000Z,AFTER_CLOSE
MRVL,1835632,2022-03-03,2022-03-03T21:06:19.000Z,AFTER_CLOSE
MRVL,1835632,2022-05-26,2022-05-26T20:06:08.000Z,AFTER_CLOSE
MRVL,1835632,2022-08-25,2022-08-25T20:06:22.000Z,AFTER_CLOSE
MRVL,1835632,2022-12-01,2022-12-01T21:06:40.000Z,AFTER_CLOSE
MRVL,1835632,2023-03-02,2023-03-02T21:07:39.000Z,AFTER_CLOSE
MRVL,1835632,2023-05-25,2023-05-25T20:06:07.000Z,AFTER_CLOSE
MRVL,1835632,2023-08-24,2023-08-24T20:06:34.000Z,AFTER_CLOSE
MRVL,1835632,2023-11-30,2023-11-30T21:06:56.000Z,AFTER_CLOSE
MRVL,1835632,2024-03-07,2024-03-07T21:07:37.000Z,AFTER_CLOSE
MRVL,1835632,2024-05-30,2024-05-30T20:06:48.000Z,AFTER_CLOSE
MRVL,1835632,2024-08-29,2024-08-29T20:06:26.000Z,AFTER_CLOSE
MRVL,1835632,2024-12-03,2024-12-03T21:06:41.000Z,AFTER_CLOSE
MRVL,1835632,2025-03-05,2025-03-05T21:09:48.000Z,AFTER_CLOSE
MRVL,1835632,2025-05-06,2025-05-06T21:02:28.000Z,AFTER_CLOSE
MRVL,1835632,2025-05-29,2025-05-29T20:06:20.000Z,AFTER_CLOSE
MRVL,1835632,2025-08-28,2025-08-28T20:06:34.000Z,AFTER_CLOSE
MRVL,1835632,2025-12-02,2025-12-02T21:11:39.000Z,AFTER_CLOSE
MRVL,1835632,2026-03-05,2026-03-05T21:06:03.000Z,AFTER_CLOSE
MRVL,1835632,2026-05-27,2026-05-27T20:06:07.000Z,AFTER_CLOSE
MRVL,1835632,2026-08-27,2026-08-27T20:05:59.000Z,AFTER_CLOSE
MS,895421,2025-10-15,2025-10-15T11:48:38.000Z,BEFORE_OPEN
MS,895421,2026-01-15,2026-01-15T13:33:09.000Z,BEFORE_OPEN
MS,895421,2026-04-15,2026-04-15T11:57:33.000Z,BEFORE_OPEN
MS,895421,2026-07-15,2026-07-15T11:50:58.000Z,BEFORE_OPEN
MSCI,1408198,2014-07-31,2014-07-31T11:49:37.000Z,BEFORE_OPEN
MSCI,1408198,2014-10-30,2014-10-30T11:40:57.000Z,BEFORE_OPEN
MSCI,1408198,2015-02-05,2015-02-05T13:00:39.000Z,BEFORE_OPEN
MSCI,1408198,2015-04-30,2015-04-30T11:38:51.000Z,BEFORE_OPEN
MSCI,1408198,2015-07-30,2015-07-30T11:36:30.000Z,BEFORE_OPEN
MSCI,1408198,2015-10-29,2015-10-29T11:14:58.000Z,BEFORE_OPEN
MSCI,1408198,2016-02-04,2016-02-04T12:11:57.000Z,BEFORE_OPEN
MSCI,1408198,2016-04-28,2016-04-28T11:09:39.000Z,BEFORE_OPEN
MSCI,1408198,2016-07-28,2016-07-28T11:22:40.000Z,BEFORE_OPEN
MSCI,1408198,2016-10-27,2016-10-27T11:15:00.000Z,BEFORE_OPEN
MSCI,1408198,2017-02-02,2017-02-02T12:08:34.000Z,BEFORE_OPEN
MSCI,1408198,2017-05-04,2017-05-04T11:19:38.000Z,BEFORE_OPEN
MSCI,1408198,2017-08-03,2017-08-03T11:11:37.000Z,BEFORE_OPEN
MSCI,1408198,2017-11-02,2017-11-02T11:24:51.000Z,BEFORE_OPEN
MSCI,1408198,2018-02-01,2018-02-01T12:14:46.000Z,BEFORE_OPEN
MSCI,1408198,2018-05-03,2018-05-03T11:14:37.000Z,BEFORE_OPEN
MSCI,1408198,2018-08-02,2018-08-02T11:15:39.000Z,BEFORE_OPEN
MSCI,1408198,2018-11-01,2018-11-01T11:10:28.000Z,BEFORE_OPEN
MSCI,1408198,2019-01-31,2019-01-31T12:16:36.000Z,BEFORE_OPEN
MSCI,1408198,2019-05-02,2019-05-02T11:13:05.000Z,BEFORE_OPEN
MSCI,1408198,2019-08-01,2019-08-01T11:18:54.000Z,BEFORE_OPEN
MSCI,1408198,2019-10-31,2019-10-31T11:12:18.000Z,BEFORE_OPEN
MSCI,1408198,2020-01-30,2020-01-30T12:19:44.000Z,BEFORE_OPEN
MSCI,1408198,2020-04-28,2020-04-28T11:16:26.000Z,BEFORE_OPEN
MSCI,1408198,2020-07-28,2020-07-28T11:00:23.000Z,BEFORE_OPEN
MSCI,1408198,2020-10-27,2020-10-27T11:07:04.000Z,BEFORE_OPEN
MSCI,1408198,2021-01-28,2021-01-28T11:55:02.000Z,BEFORE_OPEN
MSCI,1408198,2021-02-23,2021-02-23T13:11:28.000Z,BEFORE_OPEN
MSCI,1408198,2021-04-27,2021-04-27T10:58:45.000Z,BEFORE_OPEN
MSCI,1408198,2021-07-27,2021-07-27T11:01:56.000Z,BEFORE_OPEN
MSCI,1408198,2021-10-26,2021-10-26T10:56:49.000Z,BEFORE_OPEN
MSCI,1408198,2022-01-27,2022-01-27T12:18:11.000Z,BEFORE_OPEN
MSCI,1408198,2022-04-26,2022-04-26T11:00:58.000Z,BEFORE_OPEN
MSCI,1408198,2022-07-26,2022-07-26T10:45:30.000Z,BEFORE_OPEN
MSCI,1408198,2022-10-25,2022-10-25T10:56:51.000Z,BEFORE_OPEN
MSCI,1408198,2023-01-31,2023-01-31T11:56:27.000Z,BEFORE_OPEN
MSCI,1408198,2023-04-25,2023-04-25T10:59:23.000Z,BEFORE_OPEN
MSCI,1408198,2023-07-25,2023-07-25T10:55:21.000Z,BEFORE_OPEN
MSCI,1408198,2023-10-31,2023-10-31T11:00:04.000Z,BEFORE_OPEN
MSCI,1408198,2024-01-30,2024-01-30T11:56:27.000Z,BEFORE_OPEN
MSCI,1408198,2024-04-23,2024-04-23T10:51:39.000Z,BEFORE_OPEN
MSCI,1408198,2024-07-23,2024-07-23T10:47:38.000Z,BEFORE_OPEN
MSCI,1408198,2024-10-29,2024-10-29T10:55:53.000Z,BEFORE_OPEN
MSCI,1408198,2025-01-29,2025-01-29T11:46:47.000Z,BEFORE_OPEN
MSCI,1408198,2025-04-22,2025-04-22T10:45:56.000Z,BEFORE_OPEN
MSCI,1408198,2025-07-22,2025-07-22T10:46:08.000Z,BEFORE_OPEN
MSCI,1408198,2025-10-28,2025-10-28T10:46:17.000Z,BEFORE_OPEN
MSCI,1408198,2026-01-28,2026-01-28T11:46:31.000Z,BEFORE_OPEN
MSCI,1408198,2026-04-21,2026-04-21T10:49:03.000Z,BEFORE_OPEN
MSCI,1408198,2026-07-21,2026-07-21T10:46:52.000Z,BEFORE_OPEN
MSFT,789019,2020-07-22,2020-07-22T20:03:04.000Z,AFTER_CLOSE
MSFT,789019,2020-10-27,2020-10-27T20:12:57.000Z,AFTER_CLOSE
MSFT,789019,2021-01-26,2021-01-26T21:04:05.000Z,AFTER_CLOSE
MSFT,789019,2021-04-27,2021-04-27T20:04:57.000Z,AFTER_CLOSE
MSFT,789019,2021-07-27,2021-07-27T20:41:19.000Z,AFTER_CLOSE
MSFT,789019,2021-10-26,2021-10-26T20:04:14.000Z,AFTER_CLOSE
MSFT,789019,2022-01-25,2022-01-25T21:03:05.000Z,AFTER_CLOSE
MSFT,789019,2022-04-26,2022-04-26T20:03:59.000Z,AFTER_CLOSE
MSFT,789019,2022-07-26,2022-07-26T20:02:59.000Z,AFTER_CLOSE
MSFT,789019,2022-10-25,2022-10-25T20:02:59.000Z,AFTER_CLOSE
MSFT,789019,2023-01-24,2023-01-24T21:28:00.000Z,AFTER_CLOSE
MSFT,789019,2023-04-25,2023-04-25T20:03:03.000Z,AFTER_CLOSE
MSFT,789019,2023-07-25,2023-07-25T20:02:47.000Z,AFTER_CLOSE
MSFT,789019,2023-10-24,2023-10-24T20:03:29.000Z,AFTER_CLOSE
MSFT,789019,2024-01-30,2024-01-30T21:03:17.000Z,AFTER_CLOSE
MSFT,789019,2024-04-25,2024-04-25T20:03:19.000Z,AFTER_CLOSE
MSFT,789019,2024-07-30,2024-07-30T20:03:22.000Z,AFTER_CLOSE
MSFT,789019,2024-10-30,2024-10-30T20:04:07.000Z,AFTER_CLOSE
MSFT,789019,2025-01-29,2025-01-29T21:08:56.000Z,AFTER_CLOSE
MSFT,789019,2025-04-30,2025-04-30T20:06:03.000Z,AFTER_CLOSE
MSFT,789019,2025-07-30,2025-07-30T20:08:53.000Z,AFTER_CLOSE
MSFT,789019,2025-10-29,2025-10-29T20:07:42.000Z,AFTER_CLOSE
MSFT,789019,2026-01-28,2026-01-28T21:04:38.000Z,AFTER_CLOSE
MSFT,789019,2026-04-29,2026-04-29T20:03:31.000Z,AFTER_CLOSE
MSFT,789019,2026-07-29,2026-07-29T20:04:53.000Z,AFTER_CLOSE
MSI,68505,2017-05-04,2017-05-04T20:22:57.000Z,AFTER_CLOSE
MSI,68505,2017-08-03,2017-08-03T20:23:57.000Z,AFTER_CLOSE
MSI,68505,2017-11-02,2017-11-02T20:41:11.000Z,AFTER_CLOSE
MSI,68505,2018-02-01,2018-02-01T21:22:46.000Z,AFTER_CLOSE
MSI,68505,2018-05-03,2018-05-03T20:20:40.000Z,AFTER_CLOSE
MSI,68505,2018-08-02,2018-08-02T20:16:12.000Z,AFTER_CLOSE
MSI,68505,2018-11-01,2018-11-01T20:15:18.000Z,AFTER_CLOSE
MSI,68505,2019-02-07,2019-02-07T21:15:21.000Z,AFTER_CLOSE
MSI,68505,2019-05-02,2019-05-02T20:14:24.000Z,AFTER_CLOSE
MSI,68505,2019-08-01,2019-08-01T20:18:36.000Z,AFTER_CLOSE
MSI,68505,2019-10-30,2019-10-30T20:28:31.000Z,AFTER_CLOSE
MSI,68505,2020-02-06,2020-02-06T21:25:06.000Z,AFTER_CLOSE
MSI,68505,2020-05-07,2020-05-07T20:42:16.000Z,AFTER_CLOSE
MSI,68505,2020-06-30,2020-06-30T20:22:46.000Z,AFTER_CLOSE
MSI,68505,2020-08-06,2020-08-06T20:16:39.000Z,AFTER_CLOSE
MSI,68505,2020-10-29,2020-10-29T20:21:19.000Z,AFTER_CLOSE
MSI,68505,2021-02-04,2021-02-04T21:17:02.000Z,AFTER_CLOSE
MSI,68505,2021-05-06,2021-05-06T20:17:42.000Z,AFTER_CLOSE
MSI,68505,2021-08-05,2021-08-05T20:13:11.000Z,AFTER_CLOSE
MSI,68505,2021-11-04,2021-11-04T20:13:57.000Z,AFTER_CLOSE
MSI,68505,2022-02-09,2022-02-09T21:12:32.000Z,AFTER_CLOSE
MSI,68505,2022-05-12,2022-05-12T20:13:59.000Z,AFTER_CLOSE
MSI,68505,2022-08-04,2022-08-04T20:13:29.000Z,AFTER_CLOSE
MSI,68505,2022-11-03,2022-11-03T20:18:37.000Z,AFTER_CLOSE
MSI,68505,2023-02-09,2023-02-09T21:14:15.000Z,AFTER_CLOSE
MSI,68505,2023-05-04,2023-05-04T20:19:55.000Z,AFTER_CLOSE
MSI,68505,2023-08-03,2023-08-03T20:12:11.000Z,AFTER_CLOSE
MSI,68505,2023-11-02,2023-11-02T20:13:46.000Z,AFTER_CLOSE
MSI,68505,2024-02-08,2024-02-08T21:15:07.000Z,AFTER_CLOSE
MSI,68505,2024-05-02,2024-05-02T20:14:03.000Z,AFTER_CLOSE
MSI,68505,2024-08-01,2024-08-01T20:12:55.000Z,AFTER_CLOSE
MSI,68505,2024-11-07,2024-11-07T21:12:44.000Z,AFTER_CLOSE
MSI,68505,2025-02-13,2025-02-13T21:13:22.000Z,AFTER_CLOSE
MSI,68505,2025-05-01,2025-05-01T20:12:15.000Z,AFTER_CLOSE
MSI,68505,2025-08-07,2025-08-07T20:26:42.000Z,AFTER_CLOSE
MSI,68505,2025-10-30,2025-10-30T20:12:21.000Z,AFTER_CLOSE
MSI,68505,2026-02-11,2026-02-11T21:12:17.000Z,AFTER_CLOSE
MSI,68505,2026-05-07,2026-05-07T20:14:24.000Z,AFTER_CLOSE
MSI,68505,2026-08-05,2026-08-05T20:12:37.000Z,AFTER_CLOSE
MSTR,1050446,2022-02-01,2022-02-01T21:16:07.000Z,AFTER_CLOSE
MSTR,1050446,2023-02-02,2023-02-02T21:16:03.000Z,AFTER_CLOSE
MSTR,1050446,2024-02-06,2024-02-06T21:04:53.000Z,AFTER_CLOSE
MSTR,1050446,2024-04-29,2024-04-29T20:03:47.000Z,AFTER_CLOSE
MSTR,1050446,2024-08-01,2024-08-01T20:04:26.000Z,AFTER_CLOSE
MSTR,1050446,2024-10-30,2024-10-30T20:02:39.000Z,AFTER_CLOSE
MSTR,1050446,2025-01-06,2025-01-06T13:00:31.000Z,BEFORE_OPEN
MSTR,1050446,2025-02-05,2025-02-05T21:05:58.000Z,AFTER_CLOSE
MSTR,1050446,2025-04-07,2025-04-07T12:01:42.000Z,BEFORE_OPEN
MSTR,1050446,2025-05-01,2025-05-01T20:02:59.000Z,AFTER_CLOSE
MSTR,1050446,2025-07-07,2025-07-07T11:59:41.000Z,BEFORE_OPEN
MSTR,1050446,2025-07-31,2025-07-31T20:15:30.000Z,AFTER_CLOSE
MSTR,1050446,2025-10-06,2025-10-06T11:59:30.000Z,BEFORE_OPEN
MSTR,1050446,2025-10-30,2025-10-30T20:34:14.000Z,AFTER_CLOSE
MSTR,1050446,2026-02-05,2026-02-05T21:14:51.000Z,AFTER_CLOSE
MSTR,1050446,2026-05-05,2026-05-05T20:15:26.000Z,AFTER_CLOSE
MSTR,1050446,2026-07-30,2026-07-30T20:00:23.000Z,AFTER_CLOSE
MTB,36270,2020-04-20,2020-04-20T13:20:40.000Z,BEFORE_OPEN
MTB,36270,2020-07-23,2020-07-23T13:40:17.000Z,IN_SESSION
MTB,36270,2020-10-22,2020-10-22T13:28:07.000Z,BEFORE_OPEN
MTB,36270,2021-01-21,2021-01-21T13:52:03.000Z,BEFORE_OPEN
MTB,36270,2021-04-19,2021-04-19T15:05:09.000Z,IN_SESSION
MTB,36270,2021-07-21,2021-07-21T14:07:37.000Z,IN_SESSION
MTB,36270,2021-10-20,2021-10-20T13:45:43.000Z,IN_SESSION
MTB,36270,2022-01-20,2022-01-20T14:25:51.000Z,BEFORE_OPEN
MTB,36270,2022-04-20,2022-04-20T13:25:12.000Z,BEFORE_OPEN
MTB,36270,2022-07-20,2022-07-20T13:03:07.000Z,BEFORE_OPEN
MTB,36270,2022-10-19,2022-10-19T13:24:12.000Z,BEFORE_OPEN
MTB,36270,2023-01-19,2023-01-19T14:14:44.000Z,BEFORE_OPEN
MTB,36270,2023-04-17,2023-04-17T13:16:20.000Z,BEFORE_OPEN
MTB,36270,2023-07-19,2023-07-19T10:18:57.000Z,BEFORE_OPEN
MTB,36270,2023-10-18,2023-10-18T10:31:03.000Z,BEFORE_OPEN
MTB,36270,2024-01-18,2024-01-18T11:17:38.000Z,BEFORE_OPEN
MTB,36270,2024-04-15,2024-04-15T10:13:01.000Z,BEFORE_OPEN
MTB,36270,2024-07-18,2024-07-18T10:08:28.000Z,BEFORE_OPEN
MTB,36270,2024-10-17,2024-10-17T10:01:19.000Z,BEFORE_OPEN
MTB,36270,2025-01-16,2025-01-16T11:03:36.000Z,BEFORE_OPEN
MTB,36270,2025-04-14,2025-04-14T10:03:04.000Z,BEFORE_OPEN
MTB,36270,2025-07-16,2025-07-16T10:04:45.000Z,BEFORE_OPEN
MTB,36270,2025-10-16,2025-10-16T10:02:01.000Z,BEFORE_OPEN
MTB,36270,2026-01-16,2026-01-16T11:05:57.000Z,BEFORE_OPEN
MTB,36270,2026-04-15,2026-04-15T10:07:36.000Z,BEFORE_OPEN
MTB,36270,2026-07-15,2026-07-15T10:02:30.000Z,BEFORE_OPEN
MTD,1037646,2014-02-05,2014-02-05T21:04:10.000Z,AFTER_CLOSE
MTD,1037646,2014-05-08,2014-05-08T20:08:40.000Z,AFTER_CLOSE
MTD,1037646,2014-07-24,2014-07-24T20:06:01.000Z,AFTER_CLOSE
MTD,1037646,2014-11-06,2014-11-06T21:03:12.000Z,AFTER_CLOSE
MTD,1037646,2015-02-05,2015-02-05T21:02:17.000Z,AFTER_CLOSE
MTD,1037646,2015-05-07,2015-05-07T20:02:53.000Z,AFTER_CLOSE
MTD,1037646,2015-07-30,2015-07-30T20:03:43.000Z,AFTER_CLOSE
MTD,1037646,2015-11-05,2015-11-05T21:08:48.000Z,AFTER_CLOSE
MTD,1037646,2016-02-04,2016-02-04T21:10:25.000Z,AFTER_CLOSE
MTD,1037646,2016-05-05,2016-05-05T20:13:49.000Z,AFTER_CLOSE
MTD,1037646,2016-07-28,2016-07-28T20:16:54.000Z,AFTER_CLOSE
MTD,1037646,2016-11-03,2016-11-03T20:15:09.000Z,AFTER_CLOSE
MTD,1037646,2017-02-02,2017-02-02T21:21:56.000Z,AFTER_CLOSE
MTD,1037646,2017-05-04,2017-05-04T20:16:07.000Z,AFTER_CLOSE
MTD,1037646,2017-07-27,2017-07-27T20:23:02.000Z,AFTER_CLOSE
MTD,1037646,2017-11-02,2017-11-02T20:17:57.000Z,AFTER_CLOSE
MTD,1037646,2018-02-08,2018-02-08T21:20:25.000Z,AFTER_CLOSE
MTD,1037646,2018-05-03,2018-05-03T20:32:53.000Z,AFTER_CLOSE
MTD,1037646,2018-07-26,2018-07-26T20:19:25.000Z,AFTER_CLOSE
MTD,1037646,2018-11-08,2018-11-08T21:13:32.000Z,AFTER_CLOSE
MTD,1037646,2019-02-07,2019-02-07T21:13:43.000Z,AFTER_CLOSE
MTD,1037646,2019-05-09,2019-05-09T20:24:57.000Z,AFTER_CLOSE
MTD,1037646,2019-08-01,2019-08-01T20:16:02.000Z,AFTER_CLOSE
MTD,1037646,2019-11-07,2019-11-07T21:19:20.000Z,AFTER_CLOSE
MTD,1037646,2020-02-06,2020-02-06T21:14:59.000Z,AFTER_CLOSE
MTD,1037646,2020-04-13,2020-04-13T12:35:29.000Z,BEFORE_OPEN
MTD,1037646,2020-05-07,2020-05-07T20:14:36.000Z,AFTER_CLOSE
MTD,1037646,2020-07-30,2020-07-30T22:48:38.000Z,AFTER_CLOSE
MTD,1037646,2020-11-05,2020-11-05T21:20:57.000Z,AFTER_CLOSE
MTD,1037646,2021-02-04,2021-02-04T21:18:25.000Z,AFTER_CLOSE
MTD,1037646,2021-05-06,2021-05-06T20:21:55.000Z,AFTER_CLOSE
MTD,1037646,2021-07-29,2021-07-29T20:33:35.000Z,AFTER_CLOSE
MTD,1037646,2021-11-04,2021-11-04T20:19:17.000Z,AFTER_CLOSE
MTD,1037646,2022-02-10,2022-02-10T21:16:09.000Z,AFTER_CLOSE
MTD,1037646,2022-05-05,2022-05-05T20:53:31.000Z,AFTER_CLOSE
MTD,1037646,2022-07-28,2022-07-28T21:21:31.000Z,AFTER_CLOSE
MTD,1037646,2022-11-03,2022-11-03T20:35:10.000Z,AFTER_CLOSE
MTD,1037646,2023-02-09,2023-02-09T22:20:10.000Z,AFTER_CLOSE
MTD,1037646,2023-05-04,2023-05-04T21:18:08.000Z,AFTER_CLOSE
MTD,1037646,2023-07-27,2023-07-27T20:52:32.000Z,AFTER_CLOSE
MTD,1037646,2023-11-09,2023-11-09T21:37:43.000Z,AFTER_CLOSE
MTD,1037646,2024-01-04,2024-01-04T22:04:36.000Z,AFTER_CLOSE
MTD,1037646,2024-01-10,2024-01-10T13:01:25.000Z,BEFORE_OPEN
MTD,1037646,2024-02-08,2024-02-08T22:10:06.000Z,AFTER_CLOSE
MTD,1037646,2024-05-09,2024-05-09T20:50:36.000Z,AFTER_CLOSE
MTD,1037646,2024-08-01,2024-08-01T20:40:06.000Z,AFTER_CLOSE
MTD,1037646,2024-11-07,2024-11-07T21:39:20.000Z,AFTER_CLOSE
MTD,1037646,2025-05-01,2025-05-01T21:02:22.000Z,AFTER_CLOSE
MTD,1037646,2025-08-01,2025-07-31T21:53:10.000Z,AFTER_CLOSE
MTD,1037646,2025-11-06,2025-11-06T21:42:21.000Z,AFTER_CLOSE
MTD,1037646,2026-02-05,2026-02-05T21:39:49.000Z,AFTER_CLOSE
MTD,1037646,2026-05-07,2026-05-07T20:33:00.000Z,AFTER_CLOSE
MTD,1037646,2026-07-30,2026-07-30T20:32:38.000Z,AFTER_CLOSE
MU,723125,2017-09-26,2017-09-26T20:00:30.000Z,AFTER_CLOSE
MU,723125,2017-12-19,2017-12-19T21:01:11.000Z,AFTER_CLOSE
MU,723125,2018-03-22,2018-03-22T20:01:31.000Z,AFTER_CLOSE
MU,723125,2018-06-20,2018-06-20T20:06:34.000Z,AFTER_CLOSE
MU,723125,2018-09-20,2018-09-20T20:00:24.000Z,AFTER_CLOSE
MU,723125,2018-12-18,2018-12-18T21:00:39.000Z,AFTER_CLOSE
MU,723125,2019-03-20,2019-03-20T20:00:37.000Z,AFTER_CLOSE
MU,723125,2019-06-25,2019-06-25T20:01:09.000Z,AFTER_CLOSE
MU,723125,2019-09-26,2019-09-26T20:00:32.000Z,AFTER_CLOSE
MU,723125,2019-12-18,2019-12-18T21:00:40.000Z,AFTER_CLOSE
MU,723125,2020-03-25,2020-03-25T20:00:49.000Z,AFTER_CLOSE
MU,723125,2020-06-29,2020-06-29T20:02:05.000Z,AFTER_CLOSE
MU,723125,2020-09-29,2020-09-29T20:00:38.000Z,AFTER_CLOSE
MU,723125,2021-01-07,2021-01-07T21:00:45.000Z,AFTER_CLOSE
MU,723125,2021-03-31,2021-03-31T20:00:40.000Z,AFTER_CLOSE
MU,723125,2021-06-30,2021-06-30T20:00:41.000Z,AFTER_CLOSE
MU,723125,2021-09-28,2021-09-28T20:01:35.000Z,AFTER_CLOSE
MU,723125,2021-12-20,2021-12-20T21:00:41.000Z,AFTER_CLOSE
MU,723125,2022-03-29,2022-03-29T20:00:37.000Z,AFTER_CLOSE
MU,723125,2022-06-30,2022-06-30T20:00:27.000Z,AFTER_CLOSE
MU,723125,2022-09-29,2022-09-29T20:00:31.000Z,AFTER_CLOSE
MU,723125,2022-12-21,2022-12-21T21:00:43.000Z,AFTER_CLOSE
MU,723125,2023-03-28,2023-03-28T20:01:45.000Z,AFTER_CLOSE
MU,723125,2023-06-28,2023-06-28T20:00:29.000Z,AFTER_CLOSE
MU,723125,2023-09-27,2023-09-27T20:00:28.000Z,AFTER_CLOSE
MU,723125,2023-12-20,2023-12-20T21:00:33.000Z,AFTER_CLOSE
MU,723125,2024-03-20,2024-03-20T20:00:45.000Z,AFTER_CLOSE
MU,723125,2024-06-26,2024-06-26T20:00:36.000Z,AFTER_CLOSE
MU,723125,2024-09-25,2024-09-25T20:00:27.000Z,AFTER_CLOSE
MU,723125,2024-12-18,2024-12-18T21:00:20.000Z,AFTER_CLOSE
MU,723125,2025-03-20,2025-03-20T20:00:55.000Z,AFTER_CLOSE
MU,723125,2025-06-25,2025-06-25T20:03:10.000Z,AFTER_CLOSE
MU,723125,2025-09-23,2025-09-23T20:02:28.000Z,AFTER_CLOSE
MU,723125,2025-12-17,2025-12-17T21:03:26.000Z,AFTER_CLOSE
MU,723125,2026-03-18,2026-03-18T20:02:14.000Z,AFTER_CLOSE
MU,723125,2026-06-24,2026-06-24T20:02:01.000Z,AFTER_CLOSE
NDAQ,1120193,2016-04-27,2016-04-27T11:10:07.000Z,BEFORE_OPEN
NDAQ,1120193,2016-07-27,2016-07-27T11:10:55.000Z,BEFORE_OPEN
NDAQ,1120193,2016-10-26,2016-10-26T11:07:56.000Z,BEFORE_OPEN
NDAQ,1120193,2017-01-31,2017-01-31T12:10:32.000Z,BEFORE_OPEN
NDAQ,1120193,2017-04-26,2017-04-26T10:43:57.000Z,BEFORE_OPEN
NDAQ,1120193,2017-07-26,2017-07-26T11:26:03.000Z,BEFORE_OPEN
NDAQ,1120193,2017-10-25,2017-10-25T11:03:24.000Z,BEFORE_OPEN
NDAQ,1120193,2018-01-31,2018-01-31T12:18:03.000Z,BEFORE_OPEN
NDAQ,1120193,2018-04-25,2018-04-25T10:56:02.000Z,BEFORE_OPEN
NDAQ,1120193,2018-07-25,2018-07-25T11:04:08.000Z,BEFORE_OPEN
NDAQ,1120193,2018-10-24,2018-10-24T11:08:05.000Z,BEFORE_OPEN
NDAQ,1120193,2019-01-30,2019-01-30T12:05:35.000Z,BEFORE_OPEN
NDAQ,1120193,2019-04-24,2019-04-24T11:07:33.000Z,BEFORE_OPEN
NDAQ,1120193,2019-07-24,2019-07-24T11:18:56.000Z,BEFORE_OPEN
NDAQ,1120193,2019-10-23,2019-10-23T11:52:26.000Z,BEFORE_OPEN
NDAQ,1120193,2020-01-29,2020-01-29T12:14:20.000Z,BEFORE_OPEN
NDAQ,1120193,2020-04-22,2020-04-22T11:18:20.000Z,BEFORE_OPEN
NDAQ,1120193,2020-07-22,2020-07-22T11:25:56.000Z,BEFORE_OPEN
NDAQ,1120193,2020-10-21,2020-10-21T11:21:03.000Z,BEFORE_OPEN
NDAQ,1120193,2021-01-12,2021-01-12T22:13:03.000Z,AFTER_CLOSE
NDAQ,1120193,2021-01-27,2021-01-27T12:14:04.000Z,BEFORE_OPEN
NDAQ,1120193,2021-04-21,2021-04-21T11:15:04.000Z,BEFORE_OPEN
NDAQ,1120193,2021-07-21,2021-07-21T11:32:05.000Z,BEFORE_OPEN
NDAQ,1120193,2021-10-20,2021-10-20T11:22:05.000Z,BEFORE_OPEN
NDAQ,1120193,2022-01-26,2022-01-26T12:22:00.000Z,BEFORE_OPEN
NDAQ,1120193,2022-04-20,2022-04-20T11:44:10.000Z,BEFORE_OPEN
NDAQ,1120193,2022-07-20,2022-07-20T11:31:08.000Z,BEFORE_OPEN
NDAQ,1120193,2022-10-19,2022-10-19T11:16:10.000Z,BEFORE_OPEN
NDAQ,1120193,2023-01-25,2023-01-25T12:16:43.000Z,BEFORE_OPEN
NDAQ,1120193,2023-04-19,2023-04-19T11:31:59.000Z,BEFORE_OPEN
NDAQ,1120193,2023-07-19,2023-07-19T11:18:02.000Z,BEFORE_OPEN
NDAQ,1120193,2023-10-18,2023-10-18T11:18:02.000Z,BEFORE_OPEN
NDAQ,1120193,2024-01-31,2024-01-31T12:14:03.000Z,BEFORE_OPEN
NDAQ,1120193,2024-04-25,2024-04-25T11:18:38.000Z,BEFORE_OPEN
NDAQ,1120193,2024-07-25,2024-07-25T11:18:03.000Z,BEFORE_OPEN
NDAQ,1120193,2024-10-24,2024-10-24T11:13:30.000Z,BEFORE_OPEN
NDAQ,1120193,2025-01-29,2025-01-29T12:12:10.000Z,BEFORE_OPEN
NDAQ,1120193,2025-04-24,2025-04-24T11:13:07.000Z,BEFORE_OPEN
NDAQ,1120193,2025-07-24,2025-07-24T11:19:55.000Z,BEFORE_OPEN
NDAQ,1120193,2025-10-21,2025-10-21T11:18:38.000Z,BEFORE_OPEN
NDAQ,1120193,2026-01-29,2026-01-29T12:29:49.000Z,BEFORE_OPEN
NDAQ,1120193,2026-04-23,2026-04-23T11:22:07.000Z,BEFORE_OPEN
NDAQ,1120193,2026-07-23,2026-07-23T11:24:25.000Z,BEFORE_OPEN
NEE,753308,2019-04-23,2019-04-23T11:46:11.000Z,BEFORE_OPEN
NEE,753308,2019-07-24,2019-07-24T11:50:58.000Z,BEFORE_OPEN
NEE,753308,2019-10-22,2019-10-22T12:10:56.000Z,BEFORE_OPEN
NEE,753308,2020-01-24,2020-01-24T12:37:07.000Z,BEFORE_OPEN
NEE,753308,2020-04-22,2020-04-22T11:43:10.000Z,BEFORE_OPEN
NEE,753308,2020-07-24,2020-07-24T11:38:16.000Z,BEFORE_OPEN
NEE,753308,2020-10-21,2020-10-21T11:42:16.000Z,BEFORE_OPEN
NEE,753308,2021-01-26,2021-01-26T12:49:35.000Z,BEFORE_OPEN
NEE,753308,2021-04-21,2021-04-21T11:35:15.000Z,BEFORE_OPEN
NEE,753308,2021-07-23,2021-07-23T11:42:12.000Z,BEFORE_OPEN
NEE,753308,2021-10-20,2021-10-20T11:36:13.000Z,BEFORE_OPEN
NEE,753308,2022-01-25,2022-01-25T12:38:33.000Z,BEFORE_OPEN
NEE,753308,2022-04-21,2022-04-21T11:38:27.000Z,BEFORE_OPEN
NEE,753308,2022-07-22,2022-07-22T11:49:55.000Z,BEFORE_OPEN
NEE,753308,2022-10-28,2022-10-28T11:35:27.000Z,BEFORE_OPEN
NEE,753308,2023-01-25,2023-01-25T12:44:26.000Z,BEFORE_OPEN
NEE,753308,2023-04-25,2023-04-25T11:40:07.000Z,BEFORE_OPEN
NEE,753308,2023-07-25,2023-07-25T11:35:41.000Z,BEFORE_OPEN
NEE,753308,2023-10-24,2023-10-24T11:37:37.000Z,BEFORE_OPEN
NEE,753308,2024-01-25,2024-01-25T12:40:31.000Z,BEFORE_OPEN
NEE,753308,2024-04-23,2024-04-23T11:34:08.000Z,BEFORE_OPEN
NEE,753308,2024-07-24,2024-07-24T11:36:44.000Z,BEFORE_OPEN
NEE,753308,2024-10-23,2024-10-23T11:34:51.000Z,BEFORE_OPEN
NEE,753308,2025-01-24,2025-01-24T12:34:21.000Z,BEFORE_OPEN
NEE,753308,2025-04-23,2025-04-23T11:35:57.000Z,BEFORE_OPEN
NEE,753308,2025-07-23,2025-07-23T11:36:59.000Z,BEFORE_OPEN
NEE,753308,2025-10-28,2025-10-28T11:35:11.000Z,BEFORE_OPEN
NEE,753308,2026-01-02,2026-01-02T21:31:56.000Z,AFTER_CLOSE
NEE,753308,2026-01-27,2026-01-27T12:39:36.000Z,BEFORE_OPEN
NEE,753308,2026-04-23,2026-04-23T11:36:29.000Z,BEFORE_OPEN
NEE,753308,2026-07-24,2026-07-24T11:31:57.000Z,BEFORE_OPEN
NEM,1164727,2019-04-25,2019-04-25T10:56:02.000Z,BEFORE_OPEN
NEM,1164727,2019-07-25,2019-07-25T10:55:33.000Z,BEFORE_OPEN
NEM,1164727,2019-11-05,2019-11-05T12:55:47.000Z,BEFORE_OPEN
NEM,1164727,2020-02-20,2020-02-20T11:56:54.000Z,BEFORE_OPEN
NEM,1164727,2020-05-05,2020-05-05T10:30:46.000Z,BEFORE_OPEN
NEM,1164727,2020-07-30,2020-07-30T10:30:43.000Z,BEFORE_OPEN
NEM,1164727,2020-10-29,2020-10-29T11:36:54.000Z,BEFORE_OPEN
NEM,1164727,2021-02-18,2021-02-18T12:00:27.000Z,BEFORE_OPEN
NEM,1164727,2021-04-29,2021-04-29T11:00:26.000Z,BEFORE_OPEN
NEM,1164727,2021-07-22,2021-07-22T11:00:33.000Z,BEFORE_OPEN
NEM,1164727,2021-10-28,2021-10-28T11:01:56.000Z,BEFORE_OPEN
NEM,1164727,2022-02-24,2022-02-24T12:00:39.000Z,BEFORE_OPEN
NEM,1164727,2022-04-22,2022-04-22T11:00:49.000Z,BEFORE_OPEN
NEM,1164727,2022-07-25,2022-07-25T11:00:40.000Z,BEFORE_OPEN
NEM,1164727,2022-11-01,2022-11-01T11:03:34.000Z,BEFORE_OPEN
NEM,1164727,2023-02-23,2023-02-23T12:01:28.000Z,BEFORE_OPEN
NEM,1164727,2023-04-27,2023-04-27T11:00:35.000Z,BEFORE_OPEN
NEM,1164727,2023-07-20,2023-07-20T11:00:29.000Z,BEFORE_OPEN
NEM,1164727,2023-10-26,2023-10-26T11:00:37.000Z,BEFORE_OPEN
NEM,1164727,2024-02-22,2024-02-22T12:00:35.000Z,BEFORE_OPEN
NEM,1164727,2024-04-25,2024-04-25T11:00:33.000Z,BEFORE_OPEN
NEM,1164727,2024-07-24,2024-07-24T20:05:28.000Z,AFTER_CLOSE
NEM,1164727,2024-10-23,2024-10-23T20:05:56.000Z,AFTER_CLOSE
NEM,1164727,2025-02-20,2025-02-20T21:01:49.000Z,AFTER_CLOSE
NEM,1164727,2025-04-23,2025-04-23T20:06:00.000Z,AFTER_CLOSE
NEM,1164727,2025-07-24,2025-07-24T20:03:16.000Z,AFTER_CLOSE
NEM,1164727,2025-10-23,2025-10-23T20:05:29.000Z,AFTER_CLOSE
NEM,1164727,2026-02-19,2026-02-19T21:06:10.000Z,AFTER_CLOSE
NEM,1164727,2026-04-23,2026-04-23T20:06:02.000Z,AFTER_CLOSE
NEM,1164727,2026-07-23,2026-07-23T20:05:29.000Z,AFTER_CLOSE
NET,1477333,2021-05-06,2021-05-06T20:31:53.000Z,AFTER_CLOSE
NET,1477333,2021-08-05,2021-08-05T20:15:22.000Z,AFTER_CLOSE
NET,1477333,2021-11-04,2021-11-04T20:16:00.000Z,AFTER_CLOSE
NET,1477333,2022-02-10,2022-02-10T21:35:06.000Z,AFTER_CLOSE
NET,1477333,2022-05-05,2022-05-05T20:17:02.000Z,AFTER_CLOSE
NET,1477333,2022-08-04,2022-08-04T20:18:37.000Z,AFTER_CLOSE
NET,1477333,2022-11-03,2022-11-03T20:18:33.000Z,AFTER_CLOSE
NET,1477333,2023-02-09,2023-02-09T21:19:15.000Z,AFTER_CLOSE
NET,1477333,2023-04-27,2023-04-27T20:17:21.000Z,AFTER_CLOSE
NET,1477333,2023-08-03,2023-08-03T20:17:17.000Z,AFTER_CLOSE
NET,1477333,2023-11-02,2023-11-02T20:16:54.000Z,AFTER_CLOSE
NET,1477333,2024-02-08,2024-02-08T21:16:10.000Z,AFTER_CLOSE
NET,1477333,2024-05-02,2024-05-02T20:17:04.000Z,AFTER_CLOSE
NET,1477333,2024-08-01,2024-08-01T20:17:45.000Z,AFTER_CLOSE
NET,1477333,2024-11-07,2024-11-07T21:17:57.000Z,AFTER_CLOSE
NET,1477333,2025-02-06,2025-02-06T21:18:46.000Z,AFTER_CLOSE
NET,1477333,2025-05-08,2025-05-08T20:18:39.000Z,AFTER_CLOSE
NET,1477333,2025-07-31,2025-07-31T20:18:41.000Z,AFTER_CLOSE
NET,1477333,2025-10-30,2025-10-30T20:16:10.000Z,AFTER_CLOSE
NET,1477333,2026-02-10,2026-02-10T21:15:47.000Z,AFTER_CLOSE
NET,1477333,2026-05-07,2026-05-07T20:21:23.000Z,AFTER_CLOSE
NET,1477333,2026-08-06,2026-08-06T20:20:52.000Z,AFTER_CLOSE
NFLX,1065280,2023-07-19,2023-07-19T20:04:02.000Z,AFTER_CLOSE
NFLX,1065280,2023-10-18,2023-10-18T20:01:28.000Z,AFTER_CLOSE
NFLX,1065280,2024-01-23,2024-01-23T21:02:17.000Z,AFTER_CLOSE
NFLX,1065280,2024-04-18,2024-04-18T20:02:24.000Z,AFTER_CLOSE
NFLX,1065280,2024-07-18,2024-07-18T20:01:22.000Z,AFTER_CLOSE
NFLX,1065280,2024-10-17,2024-10-17T20:01:18.000Z,AFTER_CLOSE
NFLX,1065280,2025-01-21,2025-01-21T21:02:20.000Z,AFTER_CLOSE
NFLX,1065280,2025-04-17,2025-04-17T20:04:05.000Z,AFTER_CLOSE
NFLX,1065280,2025-07-17,2025-07-17T20:04:28.000Z,AFTER_CLOSE
NFLX,1065280,2025-10-21,2025-10-21T20:02:25.000Z,AFTER_CLOSE
NFLX,1065280,2026-01-20,2026-01-20T21:07:54.000Z,AFTER_CLOSE
NFLX,1065280,2026-04-16,2026-04-16T20:01:58.000Z,AFTER_CLOSE
NFLX,1065280,2026-07-16,2026-07-16T20:03:19.000Z,AFTER_CLOSE
NKE,320187,2015-09-24,2015-09-24T20:20:10.000Z,AFTER_CLOSE
NKE,320187,2015-09-29,2015-09-29T19:28:39.000Z,IN_SESSION
NKE,320187,2015-12-22,2015-12-22T21:18:25.000Z,AFTER_CLOSE
NKE,320187,2015-12-29,2015-12-29T20:11:33.000Z,IN_SESSION
NKE,320187,2016-03-22,2016-03-22T20:26:12.000Z,AFTER_CLOSE
NKE,320187,2016-03-25,2016-03-25T19:34:12.000Z,IN_SESSION
NKE,320187,2016-06-28,2016-06-28T20:17:18.000Z,AFTER_CLOSE
NKE,320187,2016-07-05,2016-07-05T18:44:17.000Z,IN_SESSION
NKE,320187,2016-09-27,2016-09-27T20:21:21.000Z,AFTER_CLOSE
NKE,320187,2016-09-30,2016-09-30T20:45:57.000Z,AFTER_CLOSE
NKE,320187,2016-12-20,2016-12-20T21:20:13.000Z,AFTER_CLOSE
NKE,320187,2016-12-23,2016-12-22T23:26:13.000Z,AFTER_CLOSE
NKE,320187,2017-03-21,2017-03-21T20:20:01.000Z,AFTER_CLOSE
NKE,320187,2017-03-23,2017-03-23T20:56:46.000Z,AFTER_CLOSE
NKE,320187,2017-06-29,2017-06-29T20:22:02.000Z,AFTER_CLOSE
NKE,320187,2017-07-05,2017-07-05T20:00:17.000Z,AFTER_CLOSE
NKE,320187,2017-09-26,2017-09-26T20:21:31.000Z,AFTER_CLOSE
NKE,320187,2017-09-29,2017-09-29T20:59:45.000Z,AFTER_CLOSE
NKE,320187,2017-12-21,2017-12-21T21:16:43.000Z,AFTER_CLOSE
NKE,320187,2017-12-27,2017-12-27T21:17:23.000Z,AFTER_CLOSE
NKE,320187,2018-03-22,2018-03-22T20:19:12.000Z,AFTER_CLOSE
NKE,320187,2018-03-27,2018-03-27T20:29:22.000Z,AFTER_CLOSE
NKE,320187,2018-06-28,2018-06-28T20:17:36.000Z,AFTER_CLOSE
NKE,320187,2018-07-03,2018-07-03T18:31:40.000Z,IN_SESSION
NKE,320187,2018-09-25,2018-09-25T20:17:26.000Z,AFTER_CLOSE
NKE,320187,2018-12-20,2018-12-20T21:17:59.000Z,AFTER_CLOSE
NKE,320187,2019-03-21,2019-03-21T20:18:42.000Z,AFTER_CLOSE
NKE,320187,2019-06-27,2019-06-27T20:16:18.000Z,AFTER_CLOSE
NKE,320187,2019-09-24,2019-09-24T20:18:29.000Z,AFTER_CLOSE
NKE,320187,2019-12-19,2019-12-19T21:23:06.000Z,AFTER_CLOSE
NKE,320187,2020-03-24,2020-03-24T21:09:57.000Z,AFTER_CLOSE
NKE,320187,2020-06-25,2020-06-25T20:18:22.000Z,AFTER_CLOSE
NKE,320187,2020-09-22,2020-09-22T20:17:37.000Z,AFTER_CLOSE
NKE,320187,2020-12-18,2020-12-18T21:16:50.000Z,AFTER_CLOSE
NKE,320187,2021-03-18,2021-03-18T20:18:54.000Z,AFTER_CLOSE
NKE,320187,2021-06-24,2021-06-24T20:17:37.000Z,AFTER_CLOSE
NKE,320187,2021-09-23,2021-09-23T20:17:04.000Z,AFTER_CLOSE
NKE,320187,2021-12-20,2021-12-20T21:16:46.000Z,AFTER_CLOSE
NKE,320187,2022-03-21,2022-03-21T20:18:29.000Z,AFTER_CLOSE
NKE,320187,2022-06-27,2022-06-27T20:16:45.000Z,AFTER_CLOSE
NKE,320187,2022-09-29,2022-09-29T20:12:54.000Z,AFTER_CLOSE
NKE,320187,2022-12-20,2022-12-20T21:16:32.000Z,AFTER_CLOSE
NKE,320187,2023-03-21,2023-03-21T20:16:21.000Z,AFTER_CLOSE
NKE,320187,2023-06-29,2023-06-29T20:17:38.000Z,AFTER_CLOSE
NKE,320187,2023-09-28,2023-09-28T20:16:43.000Z,AFTER_CLOSE
NKE,320187,2023-12-21,2023-12-21T21:15:23.000Z,AFTER_CLOSE
NKE,320187,2024-03-21,2024-03-21T20:16:07.000Z,AFTER_CLOSE
NKE,320187,2024-06-27,2024-06-27T20:16:39.000Z,AFTER_CLOSE
NKE,320187,2024-10-01,2024-10-01T20:15:25.000Z,AFTER_CLOSE
NKE,320187,2024-12-19,2024-12-19T21:15:58.000Z,AFTER_CLOSE
NKE,320187,2025-03-20,2025-03-20T20:16:53.000Z,AFTER_CLOSE
NKE,320187,2025-06-26,2025-06-26T20:18:10.000Z,AFTER_CLOSE
NKE,320187,2025-09-30,2025-09-30T20:15:31.000Z,AFTER_CLOSE
NKE,320187,2025-12-18,2025-12-18T21:15:38.000Z,AFTER_CLOSE
NKE,320187,2026-03-31,2026-03-31T20:15:22.000Z,AFTER_CLOSE
NKE,320187,2026-06-23,2026-06-23T20:24:58.000Z,AFTER_CLOSE
NKE,320187,2026-06-30,2026-06-30T20:15:28.000Z,AFTER_CLOSE
NOC,1133421,2017-04-26,2017-04-26T10:30:20.000Z,BEFORE_OPEN
NOC,1133421,2017-07-26,2017-07-26T10:35:48.000Z,BEFORE_OPEN
NOC,1133421,2017-10-25,2017-10-25T10:33:32.000Z,BEFORE_OPEN
NOC,1133421,2018-01-25,2018-01-25T11:22:37.000Z,BEFORE_OPEN
NOC,1133421,2018-04-25,2018-04-25T10:31:35.000Z,BEFORE_OPEN
NOC,1133421,2018-07-25,2018-07-25T10:33:56.000Z,BEFORE_OPEN
NOC,1133421,2018-10-24,2018-10-24T10:31:05.000Z,BEFORE_OPEN
NOC,1133421,2019-01-31,2019-01-31T11:32:19.000Z,BEFORE_OPEN
NOC,1133421,2019-04-24,2019-04-24T10:30:40.000Z,BEFORE_OPEN
NOC,1133421,2019-07-24,2019-07-24T10:32:43.000Z,BEFORE_OPEN
NOC,1133421,2019-10-24,2019-10-24T10:31:23.000Z,BEFORE_OPEN
NOC,1133421,2020-01-30,2020-01-30T11:31:43.000Z,BEFORE_OPEN
NOC,1133421,2020-04-29,2020-04-29T10:31:05.000Z,BEFORE_OPEN
NOC,1133421,2020-07-30,2020-07-30T10:30:33.000Z,BEFORE_OPEN
NOC,1133421,2020-10-22,2020-10-22T10:32:52.000Z,BEFORE_OPEN
NOC,1133421,2021-01-28,2021-01-28T11:30:47.000Z,BEFORE_OPEN
NOC,1133421,2021-04-29,2021-04-29T10:29:45.000Z,BEFORE_OPEN
NOC,1133421,2021-07-29,2021-07-29T10:29:32.000Z,BEFORE_OPEN
NOC,1133421,2021-10-28,2021-10-28T10:30:10.000Z,BEFORE_OPEN
NOC,1133421,2022-01-27,2022-01-27T11:30:14.000Z,BEFORE_OPEN
NOC,1133421,2022-04-28,2022-04-28T10:30:11.000Z,BEFORE_OPEN
NOC,1133421,2022-07-28,2022-07-28T10:29:45.000Z,BEFORE_OPEN
NOC,1133421,2022-10-27,2022-10-27T10:30:14.000Z,BEFORE_OPEN
NOC,1133421,2023-01-26,2023-01-26T11:31:41.000Z,BEFORE_OPEN
NOC,1133421,2023-04-27,2023-04-27T10:30:35.000Z,BEFORE_OPEN
NOC,1133421,2023-07-27,2023-07-27T10:31:33.000Z,BEFORE_OPEN
NOC,1133421,2023-10-26,2023-10-26T10:30:48.000Z,BEFORE_OPEN
NOC,1133421,2024-01-25,2024-01-25T11:49:01.000Z,BEFORE_OPEN
NOC,1133421,2024-04-25,2024-04-25T10:46:33.000Z,BEFORE_OPEN
NOC,1133421,2024-07-25,2024-07-25T10:44:45.000Z,BEFORE_OPEN
NOC,1133421,2024-10-24,2024-10-24T10:45:11.000Z,BEFORE_OPEN
NOC,1133421,2025-01-30,2025-01-30T11:45:14.000Z,BEFORE_OPEN
NOC,1133421,2025-04-22,2025-04-22T10:45:19.000Z,BEFORE_OPEN
NOC,1133421,2025-07-22,2025-07-22T10:45:40.000Z,BEFORE_OPEN
NOC,1133421,2025-10-21,2025-10-21T10:29:41.000Z,BEFORE_OPEN
NOC,1133421,2026-01-27,2026-01-27T11:44:58.000Z,BEFORE_OPEN
NOC,1133421,2026-04-21,2026-04-21T10:44:56.000Z,BEFORE_OPEN
NOC,1133421,2026-07-21,2026-07-21T10:45:45.000Z,BEFORE_OPEN
NOW,1373715,2023-01-25,2023-01-25T21:13:10.000Z,AFTER_CLOSE
NOW,1373715,2023-04-26,2023-04-26T20:11:35.000Z,AFTER_CLOSE
NOW,1373715,2023-07-26,2023-07-26T20:11:12.000Z,AFTER_CLOSE
NOW,1373715,2023-10-25,2023-10-25T20:11:28.000Z,AFTER_CLOSE
NOW,1373715,2024-01-24,2024-01-24T21:11:38.000Z,AFTER_CLOSE
NOW,1373715,2024-04-24,2024-04-24T20:11:12.000Z,AFTER_CLOSE
NOW,1373715,2024-07-24,2024-07-24T20:15:05.000Z,AFTER_CLOSE
NOW,1373715,2024-10-23,2024-10-23T20:11:14.000Z,AFTER_CLOSE
NOW,1373715,2025-01-29,2025-01-29T21:13:29.000Z,AFTER_CLOSE
NOW,1373715,2025-04-23,2025-04-23T20:11:30.000Z,AFTER_CLOSE
NOW,1373715,2025-07-23,2025-07-23T20:11:17.000Z,AFTER_CLOSE
NOW,1373715,2025-10-29,2025-10-29T20:11:33.000Z,AFTER_CLOSE
NOW,1373715,2026-01-28,2026-01-28T21:11:25.000Z,AFTER_CLOSE
NOW,1373715,2026-04-22,2026-04-22T20:49:29.000Z,AFTER_CLOSE
NOW,1373715,2026-07-22,2026-07-22T20:11:27.000Z,AFTER_CLOSE
NRG,1013871,2018-11-08,2018-11-08T11:59:13.000Z,BEFORE_OPEN
NRG,1013871,2019-02-28,2019-02-28T11:48:56.000Z,BEFORE_OPEN
NRG,1013871,2019-05-02,2019-05-02T10:50:00.000Z,BEFORE_OPEN
NRG,1013871,2019-08-07,2019-08-07T10:45:20.000Z,BEFORE_OPEN
NRG,1013871,2019-11-07,2019-11-07T11:51:39.000Z,BEFORE_OPEN
NRG,1013871,2020-02-27,2020-02-27T11:52:09.000Z,BEFORE_OPEN
NRG,1013871,2020-05-07,2020-05-07T10:46:18.000Z,BEFORE_OPEN
NRG,1013871,2020-07-30,2020-07-30T22:41:54.000Z,AFTER_CLOSE
NRG,1013871,2020-08-06,2020-08-06T11:13:58.000Z,BEFORE_OPEN
NRG,1013871,2020-11-05,2020-11-05T11:57:14.000Z,BEFORE_OPEN
NRG,1013871,2021-03-01,2021-03-01T12:02:18.000Z,BEFORE_OPEN
NRG,1013871,2021-05-06,2021-05-06T10:52:12.000Z,BEFORE_OPEN
NRG,1013871,2021-08-05,2021-08-05T10:51:37.000Z,BEFORE_OPEN
NRG,1013871,2021-11-04,2021-11-04T10:52:42.000Z,BEFORE_OPEN
NRG,1013871,2022-02-24,2022-02-24T11:48:33.000Z,BEFORE_OPEN
NRG,1013871,2022-05-06,2022-05-06T10:52:40.000Z,BEFORE_OPEN
NRG,1013871,2022-08-04,2022-08-04T10:18:11.000Z,BEFORE_OPEN
NRG,1013871,2022-11-07,2022-11-07T11:27:37.000Z,BEFORE_OPEN
NRG,1013871,2023-02-16,2023-02-16T11:40:17.000Z,BEFORE_OPEN
NRG,1013871,2023-05-04,2023-05-04T11:06:59.000Z,BEFORE_OPEN
NRG,1013871,2023-08-08,2023-08-08T11:00:58.000Z,BEFORE_OPEN
NRG,1013871,2023-11-02,2023-11-02T10:55:35.000Z,BEFORE_OPEN
NRG,1013871,2024-02-28,2024-02-28T11:58:29.000Z,BEFORE_OPEN
NRG,1013871,2024-05-07,2024-05-07T11:06:38.000Z,BEFORE_OPEN
NRG,1013871,2024-08-08,2024-08-08T10:55:25.000Z,BEFORE_OPEN
NRG,1013871,2024-11-08,2024-11-08T12:06:54.000Z,BEFORE_OPEN
NRG,1013871,2025-02-26,2025-02-26T11:57:49.000Z,BEFORE_OPEN
NRG,1013871,2025-05-12,2025-05-12T11:12:30.000Z,BEFORE_OPEN
NRG,1013871,2025-08-06,2025-08-06T10:52:41.000Z,BEFORE_OPEN
NRG,1013871,2025-11-06,2025-11-06T12:00:04.000Z,BEFORE_OPEN
NRG,1013871,2026-02-24,2026-02-24T12:37:32.000Z,BEFORE_OPEN
NRG,1013871,2026-05-06,2026-05-06T11:00:25.000Z,BEFORE_OPEN
NRG,1013871,2026-08-04,2026-08-04T11:28:50.000Z,BEFORE_OPEN
NSC,702165,2021-04-28,2021-04-28T12:03:18.000Z,BEFORE_OPEN
NSC,702165,2021-07-28,2021-07-28T12:06:49.000Z,BEFORE_OPEN
NSC,702165,2021-10-27,2021-10-27T12:03:14.000Z,BEFORE_OPEN
NSC,702165,2022-01-26,2022-01-26T13:04:14.000Z,BEFORE_OPEN
NSC,702165,2022-04-27,2022-04-27T12:05:16.000Z,BEFORE_OPEN
NSC,702165,2022-07-27,2022-07-27T12:02:35.000Z,BEFORE_OPEN
NSC,702165,2022-10-26,2022-10-26T12:08:03.000Z,BEFORE_OPEN
NSC,702165,2023-01-25,2023-01-25T13:02:17.000Z,BEFORE_OPEN
NSC,702165,2023-04-26,2023-04-26T12:04:21.000Z,BEFORE_OPEN
NSC,702165,2023-07-27,2023-07-27T12:04:31.000Z,BEFORE_OPEN
NSC,702165,2023-10-25,2023-10-25T12:06:07.000Z,BEFORE_OPEN
NSC,702165,2024-01-26,2024-01-26T13:04:38.000Z,BEFORE_OPEN
NSC,702165,2024-04-09,2024-04-09T12:15:30.000Z,BEFORE_OPEN
NSC,702165,2024-04-24,2024-04-24T12:04:19.000Z,BEFORE_OPEN
NSC,702165,2024-07-25,2024-07-25T20:05:09.000Z,AFTER_CLOSE
NSC,702165,2024-10-22,2024-10-22T12:03:43.000Z,BEFORE_OPEN
NSC,702165,2025-01-29,2025-01-29T13:05:43.000Z,BEFORE_OPEN
NSC,702165,2025-04-23,2025-04-23T12:06:28.000Z,BEFORE_OPEN
NSC,702165,2025-07-29,2025-07-29T12:10:55.000Z,BEFORE_OPEN
NSC,702165,2025-10-23,2025-10-23T20:15:26.000Z,AFTER_CLOSE
NSC,702165,2026-01-29,2026-01-29T13:05:24.000Z,BEFORE_OPEN
NSC,702165,2026-04-24,2026-04-24T12:05:15.000Z,BEFORE_OPEN
NSC,702165,2026-07-23,2026-07-23T12:20:13.000Z,BEFORE_OPEN
NTAP,1002047,2016-02-17,2016-02-17T21:01:26.000Z,AFTER_CLOSE
NTAP,1002047,2016-05-25,2016-05-25T20:08:11.000Z,AFTER_CLOSE
NTAP,1002047,2016-08-17,2016-08-17T20:09:38.000Z,AFTER_CLOSE
NTAP,1002047,2016-11-16,2016-11-16T21:05:32.000Z,AFTER_CLOSE
NTAP,1002047,2017-02-15,2017-02-15T21:05:30.000Z,AFTER_CLOSE
NTAP,1002047,2017-05-24,2017-05-24T20:05:43.000Z,AFTER_CLOSE
NTAP,1002047,2017-08-16,2017-08-16T20:05:23.000Z,AFTER_CLOSE
NTAP,1002047,2017-11-15,2017-11-15T21:06:53.000Z,AFTER_CLOSE
NTAP,1002047,2018-02-14,2018-02-14T21:12:00.000Z,AFTER_CLOSE
NTAP,1002047,2018-05-23,2018-05-23T20:05:57.000Z,AFTER_CLOSE
NTAP,1002047,2018-08-15,2018-08-15T20:05:37.000Z,AFTER_CLOSE
NTAP,1002047,2018-11-14,2018-11-14T21:06:06.000Z,AFTER_CLOSE
NTAP,1002047,2019-02-13,2019-02-13T21:05:46.000Z,AFTER_CLOSE
NTAP,1002047,2019-05-22,2019-05-22T20:05:38.000Z,AFTER_CLOSE
NTAP,1002047,2019-08-01,2019-08-01T20:05:29.000Z,AFTER_CLOSE
NTAP,1002047,2019-08-14,2019-08-14T20:05:51.000Z,AFTER_CLOSE
NTAP,1002047,2019-11-13,2019-11-13T21:05:38.000Z,AFTER_CLOSE
NTAP,1002047,2020-02-12,2020-02-12T21:05:51.000Z,AFTER_CLOSE
NTAP,1002047,2020-05-27,2020-05-27T20:06:10.000Z,AFTER_CLOSE
NTAP,1002047,2020-08-26,2020-08-26T20:05:23.000Z,AFTER_CLOSE
NTAP,1002047,2020-12-01,2020-12-01T21:05:24.000Z,AFTER_CLOSE
NTAP,1002047,2021-02-24,2021-02-24T21:12:43.000Z,AFTER_CLOSE
NTAP,1002047,2021-06-02,2021-06-02T20:11:21.000Z,AFTER_CLOSE
NTAP,1002047,2021-08-25,2021-08-25T20:08:14.000Z,AFTER_CLOSE
NTAP,1002047,2021-11-30,2021-11-30T21:06:31.000Z,AFTER_CLOSE
NTAP,1002047,2022-02-23,2022-02-23T21:06:02.000Z,AFTER_CLOSE
NTAP,1002047,2022-06-01,2022-06-01T20:05:46.000Z,AFTER_CLOSE
NTAP,1002047,2022-08-24,2022-08-24T20:05:54.000Z,AFTER_CLOSE
NTAP,1002047,2022-11-29,2022-11-29T21:05:47.000Z,AFTER_CLOSE
NTAP,1002047,2023-02-22,2023-02-22T21:05:43.000Z,AFTER_CLOSE
NTAP,1002047,2023-05-31,2023-05-31T20:05:55.000Z,AFTER_CLOSE
NTAP,1002047,2023-08-23,2023-08-23T20:05:47.000Z,AFTER_CLOSE
NTAP,1002047,2023-11-28,2023-11-28T21:05:15.000Z,AFTER_CLOSE
NTAP,1002047,2024-02-29,2024-02-29T21:05:26.000Z,AFTER_CLOSE
NTAP,1002047,2024-05-30,2024-05-30T20:06:02.000Z,AFTER_CLOSE
NTAP,1002047,2024-08-28,2024-08-28T20:05:13.000Z,AFTER_CLOSE
NTAP,1002047,2024-11-21,2024-11-21T21:05:09.000Z,AFTER_CLOSE
NTAP,1002047,2025-02-27,2025-02-27T21:05:11.000Z,AFTER_CLOSE
NTAP,1002047,2025-05-29,2025-05-29T20:05:25.000Z,AFTER_CLOSE
NTAP,1002047,2025-08-27,2025-08-27T20:05:30.000Z,AFTER_CLOSE
NTAP,1002047,2025-11-25,2025-11-25T21:05:26.000Z,AFTER_CLOSE
NTAP,1002047,2026-02-26,2026-02-26T21:05:28.000Z,AFTER_CLOSE
NTAP,1002047,2026-05-28,2026-05-28T20:05:22.000Z,AFTER_CLOSE
NTAP,1002047,2026-09-02,2026-09-02T20:05:16.000Z,AFTER_CLOSE
NTRA,1604821,2022-05-05,2022-05-05T20:13:38.000Z,AFTER_CLOSE
NTRA,1604821,2022-08-04,2022-08-04T20:13:57.000Z,AFTER_CLOSE
NTRA,1604821,2022-11-08,2022-11-08T21:11:53.000Z,AFTER_CLOSE
NTRA,1604821,2023-02-28,2023-02-28T21:12:21.000Z,AFTER_CLOSE
NTRA,1604821,2023-05-09,2023-05-09T20:01:05.000Z,AFTER_CLOSE
NTRA,1604821,2023-08-03,2023-08-03T20:10:35.000Z,AFTER_CLOSE
NTRA,1604821,2023-11-08,2023-11-08T21:12:59.000Z,AFTER_CLOSE
NTRA,1604821,2024-01-09,2024-01-09T12:07:14.000Z,BEFORE_OPEN
NTRA,1604821,2024-02-28,2024-02-28T21:11:52.000Z,AFTER_CLOSE
NTRA,1604821,2024-05-09,2024-05-09T20:13:28.000Z,AFTER_CLOSE
NTRA,1604821,2024-08-08,2024-08-08T20:11:15.000Z,AFTER_CLOSE
NTRA,1604821,2024-11-12,2024-11-12T21:10:25.000Z,AFTER_CLOSE
NTRA,1604821,2025-01-13,2025-01-13T12:05:11.000Z,BEFORE_OPEN
NTRA,1604821,2025-02-27,2025-02-27T21:10:53.000Z,AFTER_CLOSE
NTRA,1604821,2025-05-08,2025-05-08T20:15:22.000Z,AFTER_CLOSE
NTRA,1604821,2025-08-07,2025-08-07T20:12:10.000Z,AFTER_CLOSE
NTRA,1604821,2025-11-06,2025-11-06T21:08:25.000Z,AFTER_CLOSE
NTRA,1604821,2026-01-12,2026-01-12T21:03:49.000Z,AFTER_CLOSE
NTRA,1604821,2026-02-26,2026-02-26T21:06:28.000Z,AFTER_CLOSE
NTRA,1604821,2026-05-07,2026-05-07T20:10:41.000Z,AFTER_CLOSE
NTRA,1604821,2026-08-06,2026-08-06T20:05:21.000Z,AFTER_CLOSE
NTRS,73124,2020-04-21,2020-04-21T12:06:33.000Z,BEFORE_OPEN
NTRS,73124,2020-07-22,2020-07-22T12:01:32.000Z,BEFORE_OPEN
NTRS,73124,2020-10-21,2020-10-21T12:11:18.000Z,BEFORE_OPEN
NTRS,73124,2021-01-21,2021-01-21T12:54:00.000Z,BEFORE_OPEN
NTRS,73124,2021-04-20,2021-04-20T11:57:10.000Z,BEFORE_OPEN
NTRS,73124,2021-07-21,2021-07-21T12:09:47.000Z,BEFORE_OPEN
NTRS,73124,2021-10-20,2021-10-20T11:50:08.000Z,BEFORE_OPEN
NTRS,73124,2022-01-20,2022-01-20T12:47:11.000Z,BEFORE_OPEN
NTRS,73124,2022-04-26,2022-04-26T11:43:49.000Z,BEFORE_OPEN
NTRS,73124,2022-07-20,2022-07-20T11:30:22.000Z,BEFORE_OPEN
NTRS,73124,2022-10-19,2022-10-19T11:21:30.000Z,BEFORE_OPEN
NTRS,73124,2023-01-19,2023-01-19T12:12:11.000Z,BEFORE_OPEN
NTRS,73124,2023-04-25,2023-04-25T11:11:20.000Z,BEFORE_OPEN
NTRS,73124,2023-07-19,2023-07-19T11:10:31.000Z,BEFORE_OPEN
NTRS,73124,2023-10-18,2023-10-18T11:03:15.000Z,BEFORE_OPEN
NTRS,73124,2024-01-18,2024-01-18T11:58:36.000Z,BEFORE_OPEN
NTRS,73124,2024-04-16,2024-04-16T11:12:27.000Z,BEFORE_OPEN
NTRS,73124,2024-07-17,2024-07-17T11:14:43.000Z,BEFORE_OPEN
NTRS,73124,2024-10-23,2024-10-23T11:06:56.000Z,BEFORE_OPEN
NTRS,73124,2025-01-23,2025-01-23T12:10:46.000Z,BEFORE_OPEN
NTRS,73124,2025-04-22,2025-04-22T11:13:35.000Z,BEFORE_OPEN
NTRS,73124,2025-07-23,2025-07-23T11:11:43.000Z,BEFORE_OPEN
NTRS,73124,2025-10-22,2025-10-22T11:05:22.000Z,BEFORE_OPEN
NTRS,73124,2026-01-22,2026-01-22T12:03:37.000Z,BEFORE_OPEN
NTRS,73124,2026-04-21,2026-04-21T10:56:53.000Z,BEFORE_OPEN
NTRS,73124,2026-07-22,2026-07-22T10:52:37.000Z,BEFORE_OPEN
NUE,73309,2015-01-27,2015-01-27T15:30:03.000Z,IN_SESSION
NUE,73309,2015-04-23,2015-04-23T15:24:23.000Z,IN_SESSION
NUE,73309,2015-07-23,2015-07-23T14:14:38.000Z,IN_SESSION
NUE,73309,2015-10-22,2015-10-22T14:46:48.000Z,IN_SESSION
NUE,73309,2016-01-28,2016-01-28T15:48:40.000Z,IN_SESSION
NUE,73309,2016-04-21,2016-04-21T15:09:03.000Z,IN_SESSION
NUE,73309,2016-07-21,2016-07-21T15:24:36.000Z,IN_SESSION
NUE,73309,2016-10-20,2016-10-20T15:01:49.000Z,IN_SESSION
NUE,73309,2017-01-31,2017-01-31T16:00:09.000Z,IN_SESSION
NUE,73309,2017-04-20,2017-04-20T13:12:35.000Z,BEFORE_OPEN
NUE,73309,2017-07-20,2017-07-20T15:16:50.000Z,IN_SESSION
NUE,73309,2017-10-19,2017-10-19T15:16:24.000Z,IN_SESSION
NUE,73309,2018-01-30,2018-01-30T15:59:21.000Z,IN_SESSION
NUE,73309,2018-04-19,2018-04-19T14:28:06.000Z,IN_SESSION
NUE,73309,2018-07-19,2018-07-19T14:55:20.000Z,IN_SESSION
NUE,73309,2018-10-18,2018-10-18T15:02:26.000Z,IN_SESSION
NUE,73309,2019-01-29,2019-01-29T16:54:41.000Z,IN_SESSION
NUE,73309,2019-04-23,2019-04-23T15:18:00.000Z,IN_SESSION
NUE,73309,2019-10-22,2019-10-22T14:29:03.000Z,IN_SESSION
NUE,73309,2020-01-28,2020-01-28T16:00:37.000Z,IN_SESSION
NUE,73309,2020-04-28,2020-04-28T14:20:41.000Z,IN_SESSION
NUE,73309,2020-07-23,2020-07-23T14:21:14.000Z,IN_SESSION
NUE,73309,2020-10-22,2020-10-22T14:57:00.000Z,IN_SESSION
NUE,73309,2021-01-28,2021-01-28T16:28:01.000Z,IN_SESSION
NUE,73309,2021-04-22,2021-04-22T15:03:49.000Z,IN_SESSION
NUE,73309,2021-07-22,2021-07-22T16:48:55.000Z,IN_SESSION
NUE,73309,2021-10-21,2021-10-21T15:44:07.000Z,IN_SESSION
NUE,73309,2022-01-27,2022-01-27T17:12:02.000Z,IN_SESSION
NUE,73309,2022-04-21,2022-04-21T16:50:59.000Z,IN_SESSION
NUE,73309,2022-07-21,2022-07-21T14:52:38.000Z,IN_SESSION
NUE,73309,2022-10-20,2022-10-20T16:06:32.000Z,IN_SESSION
NUE,73309,2023-01-26,2023-01-26T16:42:44.000Z,IN_SESSION
NUE,73309,2023-04-20,2023-04-20T16:37:06.000Z,IN_SESSION
NUE,73309,2023-07-24,2023-07-24T21:19:57.000Z,AFTER_CLOSE
NUE,73309,2023-10-23,2023-10-23T21:11:02.000Z,AFTER_CLOSE
NUE,73309,2024-01-29,2024-01-29T22:31:10.000Z,AFTER_CLOSE
NUE,73309,2024-04-22,2024-04-22T21:23:05.000Z,AFTER_CLOSE
NUE,73309,2024-07-22,2024-07-22T21:13:03.000Z,AFTER_CLOSE
NUE,73309,2024-10-21,2024-10-21T21:24:04.000Z,AFTER_CLOSE
NUE,73309,2025-01-27,2025-01-27T22:18:00.000Z,AFTER_CLOSE
NUE,73309,2025-04-28,2025-04-28T21:00:40.000Z,AFTER_CLOSE
NUE,73309,2025-07-28,2025-07-28T21:08:40.000Z,AFTER_CLOSE
NUE,73309,2025-10-27,2025-10-27T20:53:38.000Z,AFTER_CLOSE
NUE,73309,2026-01-26,2026-01-26T21:51:23.000Z,AFTER_CLOSE
NUE,73309,2026-04-27,2026-04-27T20:56:42.000Z,AFTER_CLOSE
NUE,73309,2026-07-27,2026-07-27T20:43:41.000Z,AFTER_CLOSE
NVDA,1045810,2020-08-19,2020-08-19T20:21:46.000Z,AFTER_CLOSE
NVDA,1045810,2020-11-18,2020-11-18T21:21:51.000Z,AFTER_CLOSE
NVDA,1045810,2021-02-24,2021-02-24T21:22:27.000Z,AFTER_CLOSE
NVDA,1045810,2021-05-26,2021-05-26T20:20:35.000Z,AFTER_CLOSE
NVDA,1045810,2021-08-18,2021-08-18T20:21:07.000Z,AFTER_CLOSE
NVDA,1045810,2021-11-17,2021-11-17T21:20:59.000Z,AFTER_CLOSE
NVDA,1045810,2022-02-16,2022-02-16T21:21:16.000Z,AFTER_CLOSE
NVDA,1045810,2022-05-25,2022-05-25T20:22:25.000Z,AFTER_CLOSE
NVDA,1045810,2022-08-08,2022-08-08T13:16:50.000Z,BEFORE_OPEN
NVDA,1045810,2022-08-24,2022-08-24T20:24:34.000Z,AFTER_CLOSE
NVDA,1045810,2022-11-16,2022-11-16T21:21:18.000Z,AFTER_CLOSE
NVDA,1045810,2023-02-22,2023-02-22T21:52:26.000Z,AFTER_CLOSE
NVDA,1045810,2023-05-24,2023-05-24T20:22:18.000Z,AFTER_CLOSE
NVDA,1045810,2023-08-23,2023-08-23T20:21:42.000Z,AFTER_CLOSE
NVDA,1045810,2023-11-21,2023-11-21T21:22:00.000Z,AFTER_CLOSE
NVDA,1045810,2024-02-21,2024-02-21T21:22:09.000Z,AFTER_CLOSE
NVDA,1045810,2024-05-22,2024-05-22T20:21:29.000Z,AFTER_CLOSE
NVDA,1045810,2024-08-28,2024-08-28T20:21:16.000Z,AFTER_CLOSE
NVDA,1045810,2024-11-20,2024-11-20T21:21:20.000Z,AFTER_CLOSE
NVDA,1045810,2025-02-26,2025-02-26T21:21:32.000Z,AFTER_CLOSE
NVDA,1045810,2025-05-28,2025-05-28T20:21:30.000Z,AFTER_CLOSE
NVDA,1045810,2025-08-27,2025-08-27T20:22:14.000Z,AFTER_CLOSE
NVDA,1045810,2025-11-19,2025-11-19T21:20:44.000Z,AFTER_CLOSE
NVDA,1045810,2026-02-25,2026-02-25T21:31:25.000Z,AFTER_CLOSE
NVDA,1045810,2026-05-20,2026-05-20T20:21:19.000Z,AFTER_CLOSE
NVDA,1045810,2026-08-26,2026-08-26T20:21:19.000Z,AFTER_CLOSE
NVT,1720635,2018-04-19,2018-04-19T10:50:08.000Z,BEFORE_OPEN
NVT,1720635,2018-07-26,2018-07-26T10:58:02.000Z,BEFORE_OPEN
NVT,1720635,2018-10-25,2018-10-25T10:50:45.000Z,BEFORE_OPEN
NVT,1720635,2019-01-31,2019-01-31T11:53:14.000Z,BEFORE_OPEN
NVT,1720635,2019-04-25,2019-04-25T10:50:04.000Z,BEFORE_OPEN
NVT,1720635,2019-08-01,2019-08-01T10:48:37.000Z,BEFORE_OPEN
NVT,1720635,2019-10-30,2019-10-30T10:54:47.000Z,BEFORE_OPEN
NVT,1720635,2020-02-05,2020-02-05T11:48:59.000Z,BEFORE_OPEN
NVT,1720635,2020-04-29,2020-04-29T10:47:42.000Z,BEFORE_OPEN
NVT,1720635,2020-07-31,2020-07-31T12:37:26.000Z,BEFORE_OPEN
NVT,1720635,2020-10-30,2020-10-30T10:46:58.000Z,BEFORE_OPEN
NVT,1720635,2021-02-09,2021-02-09T11:35:12.000Z,BEFORE_OPEN
NVT,1720635,2021-04-29,2021-04-29T10:50:21.000Z,BEFORE_OPEN
NVT,1720635,2021-08-03,2021-08-03T10:55:20.000Z,BEFORE_OPEN
NVT,1720635,2021-10-28,2021-10-28T10:45:51.000Z,BEFORE_OPEN
NVT,1720635,2022-02-08,2022-02-08T11:56:47.000Z,BEFORE_OPEN
NVT,1720635,2022-04-29,2022-04-29T10:43:30.000Z,BEFORE_OPEN
NVT,1720635,2022-07-29,2022-07-29T10:34:51.000Z,BEFORE_OPEN
NVT,1720635,2022-10-28,2022-10-28T10:35:29.000Z,BEFORE_OPEN
NVT,1720635,2023-02-07,2023-02-07T11:32:10.000Z,BEFORE_OPEN
NVT,1720635,2023-04-19,2023-04-19T10:45:19.000Z,BEFORE_OPEN
NVT,1720635,2023-04-28,2023-04-28T10:46:47.000Z,BEFORE_OPEN
NVT,1720635,2023-07-28,2023-07-28T10:42:08.000Z,BEFORE_OPEN
NVT,1720635,2023-10-27,2023-10-27T10:41:43.000Z,BEFORE_OPEN
NVT,1720635,2024-02-06,2024-02-06T11:38:06.000Z,BEFORE_OPEN
NVT,1720635,2024-05-03,2024-05-03T10:52:58.000Z,BEFORE_OPEN
NVT,1720635,2024-08-06,2024-08-06T10:39:32.000Z,BEFORE_OPEN
NVT,1720635,2024-11-01,2024-11-01T10:53:18.000Z,BEFORE_OPEN
NVT,1720635,2025-02-06,2025-02-06T11:38:02.000Z,BEFORE_OPEN
NVT,1720635,2025-05-02,2025-05-02T10:47:42.000Z,BEFORE_OPEN
NVT,1720635,2025-08-01,2025-08-01T10:46:31.000Z,BEFORE_OPEN
NVT,1720635,2025-10-31,2025-10-31T10:44:30.000Z,BEFORE_OPEN
NVT,1720635,2026-02-06,2026-02-06T11:45:33.000Z,BEFORE_OPEN
NVT,1720635,2026-05-01,2026-05-01T10:45:20.000Z,BEFORE_OPEN
NVT,1720635,2026-07-31,2026-07-31T10:40:45.000Z,BEFORE_OPEN
NXPI,1413447,2019-10-29,2019-10-29T11:17:37.000Z,BEFORE_OPEN
NXPI,1413447,2020-02-04,2020-02-04T11:16:21.000Z,BEFORE_OPEN
NXPI,1413447,2020-04-07,2020-04-07T12:20:44.000Z,BEFORE_OPEN
NXPI,1413447,2020-04-28,2020-04-28T10:26:52.000Z,BEFORE_OPEN
NXPI,1413447,2020-07-28,2020-07-28T10:16:03.000Z,BEFORE_OPEN
NXPI,1413447,2020-10-08,2020-10-08T20:34:19.000Z,AFTER_CLOSE
NXPI,1413447,2020-10-27,2020-10-27T11:20:42.000Z,BEFORE_OPEN
NXPI,1413447,2021-02-02,2021-02-02T11:09:27.000Z,BEFORE_OPEN
NXPI,1413447,2021-04-27,2021-04-27T10:13:24.000Z,BEFORE_OPEN
NXPI,1413447,2021-08-03,2021-08-03T10:09:31.000Z,BEFORE_OPEN
NXPI,1413447,2021-11-02,2021-11-02T11:42:10.000Z,BEFORE_OPEN
NXPI,1413447,2022-02-01,2022-02-01T11:10:58.000Z,BEFORE_OPEN
NXPI,1413447,2022-05-03,2022-05-03T10:05:20.000Z,BEFORE_OPEN
NXPI,1413447,2022-07-26,2022-07-26T10:00:57.000Z,BEFORE_OPEN
NXPI,1413447,2022-11-01,2022-11-01T10:05:32.000Z,BEFORE_OPEN
NXPI,1413447,2023-01-31,2023-01-31T11:06:25.000Z,BEFORE_OPEN
NXPI,1413447,2023-05-02,2023-05-02T10:12:22.000Z,BEFORE_OPEN
NXPI,1413447,2023-07-25,2023-07-25T10:05:31.000Z,BEFORE_OPEN
NXPI,1413447,2023-11-07,2023-11-07T11:09:01.000Z,BEFORE_OPEN
NXPI,1413447,2024-02-06,2024-02-06T11:08:08.000Z,BEFORE_OPEN
NXPI,1413447,2024-04-30,2024-04-30T10:04:00.000Z,BEFORE_OPEN
NXPI,1413447,2024-07-23,2024-07-23T10:08:13.000Z,BEFORE_OPEN
NXPI,1413447,2024-11-05,2024-11-05T11:04:34.000Z,BEFORE_OPEN
NXPI,1413447,2025-02-04,2025-02-04T11:02:48.000Z,BEFORE_OPEN
NXPI,1413447,2025-04-28,2025-04-28T20:16:55.000Z,AFTER_CLOSE
NXPI,1413447,2025-07-22,2025-07-22T10:33:07.000Z,BEFORE_OPEN
NXPI,1413447,2025-10-28,2025-10-28T10:41:31.000Z,BEFORE_OPEN
NXPI,1413447,2026-02-03,2026-02-03T11:05:33.000Z,BEFORE_OPEN
NXPI,1413447,2026-04-28,2026-04-28T20:19:01.000Z,AFTER_CLOSE
NXPI,1413447,2026-07-28,2026-07-28T20:14:04.000Z,AFTER_CLOSE
O,726728,2015-07-29,2015-07-29T20:17:18.000Z,AFTER_CLOSE
O,726728,2015-10-28,2015-10-28T20:31:48.000Z,AFTER_CLOSE
O,726728,2016-02-10,2016-02-10T21:25:30.000Z,AFTER_CLOSE
O,726728,2016-04-26,2016-04-26T20:22:48.000Z,AFTER_CLOSE
O,726728,2016-07-27,2016-07-27T20:27:01.000Z,AFTER_CLOSE
O,726728,2016-10-26,2016-10-26T20:35:05.000Z,AFTER_CLOSE
O,726728,2017-02-22,2017-02-22T22:18:12.000Z,AFTER_CLOSE
O,726728,2017-04-25,2017-04-25T20:30:51.000Z,AFTER_CLOSE
O,726728,2017-07-26,2017-07-26T20:29:50.000Z,AFTER_CLOSE
O,726728,2017-10-25,2017-10-25T20:40:27.000Z,AFTER_CLOSE
O,726728,2018-02-21,2018-02-21T21:30:02.000Z,AFTER_CLOSE
O,726728,2018-05-08,2018-05-08T21:03:57.000Z,AFTER_CLOSE
O,726728,2018-08-01,2018-08-01T21:00:19.000Z,AFTER_CLOSE
O,726728,2018-10-31,2018-10-31T20:32:10.000Z,AFTER_CLOSE
O,726728,2019-02-20,2019-02-20T21:46:47.000Z,AFTER_CLOSE
O,726728,2019-05-01,2019-05-01T20:30:11.000Z,AFTER_CLOSE
O,726728,2019-08-05,2019-08-05T20:06:58.000Z,AFTER_CLOSE
O,726728,2019-11-04,2019-11-04T21:11:43.000Z,AFTER_CLOSE
O,726728,2020-02-19,2020-02-19T21:09:47.000Z,AFTER_CLOSE
O,726728,2020-05-04,2020-05-04T20:19:45.000Z,AFTER_CLOSE
O,726728,2020-07-02,2020-07-02T19:27:04.000Z,IN_SESSION
O,726728,2020-08-03,2020-08-03T20:08:14.000Z,AFTER_CLOSE
O,726728,2020-11-02,2020-11-02T21:09:55.000Z,AFTER_CLOSE
O,726728,2021-01-11,2021-01-11T21:13:22.000Z,AFTER_CLOSE
O,726728,2021-02-22,2021-02-22T21:09:35.000Z,AFTER_CLOSE
O,726728,2021-05-03,2021-05-03T20:06:57.000Z,AFTER_CLOSE
O,726728,2021-08-02,2021-08-02T20:23:38.000Z,AFTER_CLOSE
O,726728,2021-11-01,2021-11-01T20:06:51.000Z,AFTER_CLOSE
O,726728,2022-02-22,2022-02-22T21:12:34.000Z,AFTER_CLOSE
O,726728,2022-05-04,2022-05-04T21:01:58.000Z,AFTER_CLOSE
O,726728,2022-08-03,2022-08-03T20:09:31.000Z,AFTER_CLOSE
O,726728,2022-11-02,2022-11-02T20:13:05.000Z,AFTER_CLOSE
O,726728,2023-02-21,2023-02-21T21:11:35.000Z,AFTER_CLOSE
O,726728,2023-05-03,2023-05-03T20:09:20.000Z,AFTER_CLOSE
O,726728,2023-08-02,2023-08-02T20:06:33.000Z,AFTER_CLOSE
O,726728,2023-11-06,2023-11-06T21:08:25.000Z,AFTER_CLOSE
O,726728,2024-02-20,2024-02-20T21:18:17.000Z,AFTER_CLOSE
O,726728,2024-05-06,2024-05-06T20:09:11.000Z,AFTER_CLOSE
O,726728,2024-08-05,2024-08-05T20:07:48.000Z,AFTER_CLOSE
O,726728,2024-11-04,2024-11-04T21:07:40.000Z,AFTER_CLOSE
O,726728,2025-02-24,2025-02-24T21:07:25.000Z,AFTER_CLOSE
O,726728,2025-05-05,2025-05-05T20:07:03.000Z,AFTER_CLOSE
O,726728,2025-08-06,2025-08-06T20:09:58.000Z,AFTER_CLOSE
O,726728,2025-11-03,2025-11-03T21:11:08.000Z,AFTER_CLOSE
O,726728,2026-02-24,2026-02-24T21:08:00.000Z,AFTER_CLOSE
O,726728,2026-05-06,2026-05-06T20:08:39.000Z,AFTER_CLOSE
O,726728,2026-08-05,2026-08-05T20:07:57.000Z,AFTER_CLOSE
ODFL,878927,2012-02-02,2012-02-02T14:29:01.000Z,BEFORE_OPEN
ODFL,878927,2012-04-26,2012-04-26T12:52:57.000Z,BEFORE_OPEN
ODFL,878927,2012-08-02,2012-08-02T12:49:18.000Z,BEFORE_OPEN
ODFL,878927,2012-10-25,2012-10-25T13:12:30.000Z,BEFORE_OPEN
ODFL,878927,2013-02-07,2013-02-07T13:51:58.000Z,BEFORE_OPEN
ODFL,878927,2013-04-25,2013-04-25T12:47:15.000Z,BEFORE_OPEN
ODFL,878927,2013-07-25,2013-07-25T12:59:57.000Z,BEFORE_OPEN
ODFL,878927,2013-10-24,2013-10-24T12:46:42.000Z,BEFORE_OPEN
ODFL,878927,2014-02-06,2014-02-06T14:12:08.000Z,BEFORE_OPEN
ODFL,878927,2014-04-24,2014-04-24T13:05:39.000Z,BEFORE_OPEN
ODFL,878927,2014-07-31,2014-07-31T12:48:30.000Z,BEFORE_OPEN
ODFL,878927,2014-10-30,2014-10-30T12:44:48.000Z,BEFORE_OPEN
ODFL,878927,2015-02-05,2015-02-05T14:07:38.000Z,BEFORE_OPEN
ODFL,878927,2015-04-30,2015-04-30T12:56:37.000Z,BEFORE_OPEN
ODFL,878927,2015-07-30,2015-07-30T12:45:29.000Z,BEFORE_OPEN
ODFL,878927,2015-10-29,2015-10-29T13:08:04.000Z,BEFORE_OPEN
ODFL,878927,2016-02-04,2016-02-04T14:10:21.000Z,BEFORE_OPEN
ODFL,878927,2016-04-28,2016-04-28T13:20:48.000Z,BEFORE_OPEN
ODFL,878927,2016-07-28,2016-07-28T13:21:25.000Z,BEFORE_OPEN
ODFL,878927,2016-10-27,2016-10-27T13:19:27.000Z,BEFORE_OPEN
ODFL,878927,2017-02-02,2017-02-02T14:25:31.000Z,BEFORE_OPEN
ODFL,878927,2017-04-27,2017-04-27T12:55:52.000Z,BEFORE_OPEN
ODFL,878927,2017-07-27,2017-07-27T12:51:12.000Z,BEFORE_OPEN
ODFL,878927,2017-10-26,2017-10-26T13:01:13.000Z,BEFORE_OPEN
ODFL,878927,2018-02-08,2018-02-08T13:04:00.000Z,BEFORE_OPEN
ODFL,878927,2018-04-26,2018-04-26T12:19:04.000Z,BEFORE_OPEN
ODFL,878927,2018-07-26,2018-07-26T12:16:27.000Z,BEFORE_OPEN
ODFL,878927,2018-10-25,2018-10-25T12:03:26.000Z,BEFORE_OPEN
ODFL,878927,2019-02-07,2019-02-07T13:28:06.000Z,BEFORE_OPEN
ODFL,878927,2019-04-25,2019-04-25T12:00:43.000Z,BEFORE_OPEN
ODFL,878927,2019-07-25,2019-07-25T12:15:31.000Z,BEFORE_OPEN
ODFL,878927,2019-10-24,2019-10-24T12:11:53.000Z,BEFORE_OPEN
ODFL,878927,2020-02-06,2020-02-06T13:04:06.000Z,BEFORE_OPEN
ODFL,878927,2020-04-23,2020-04-23T12:52:10.000Z,BEFORE_OPEN
ODFL,878927,2020-07-30,2020-07-31T00:23:14.000Z,AFTER_CLOSE
ODFL,878927,2020-10-27,2020-10-27T12:08:01.000Z,BEFORE_OPEN
ODFL,878927,2021-02-04,2021-02-04T13:26:02.000Z,BEFORE_OPEN
ODFL,878927,2021-04-22,2021-04-22T12:11:42.000Z,BEFORE_OPEN
ODFL,878927,2021-07-28,2021-07-28T12:44:35.000Z,BEFORE_OPEN
ODFL,878927,2021-10-27,2021-10-27T12:21:01.000Z,BEFORE_OPEN
ODFL,878927,2022-02-02,2022-02-02T15:02:17.000Z,IN_SESSION
ODFL,878927,2022-04-27,2022-04-27T12:49:09.000Z,BEFORE_OPEN
ODFL,878927,2022-07-27,2022-07-27T12:22:51.000Z,BEFORE_OPEN
ODFL,878927,2022-10-26,2022-10-26T13:11:37.000Z,BEFORE_OPEN
ODFL,878927,2023-02-01,2023-02-01T13:58:17.000Z,BEFORE_OPEN
ODFL,878927,2023-04-26,2023-04-26T13:08:50.000Z,BEFORE_OPEN
ODFL,878927,2023-07-26,2023-07-26T13:08:13.000Z,BEFORE_OPEN
ODFL,878927,2023-10-25,2023-10-25T12:57:50.000Z,BEFORE_OPEN
ODFL,878927,2024-01-31,2024-01-31T14:53:36.000Z,IN_SESSION
ODFL,878927,2024-04-24,2024-04-24T13:46:58.000Z,IN_SESSION
ODFL,878927,2024-07-24,2024-07-24T13:02:49.000Z,BEFORE_OPEN
ODFL,878927,2024-10-23,2024-10-23T12:11:12.000Z,BEFORE_OPEN
ODFL,878927,2025-02-05,2025-02-05T13:42:42.000Z,BEFORE_OPEN
ODFL,878927,2025-04-23,2025-04-23T12:48:20.000Z,BEFORE_OPEN
ODFL,878927,2025-07-30,2025-07-30T13:15:51.000Z,BEFORE_OPEN
ODFL,878927,2025-10-29,2025-10-29T13:12:03.000Z,BEFORE_OPEN
ODFL,878927,2026-02-04,2026-02-04T13:35:12.000Z,BEFORE_OPEN
ODFL,878927,2026-04-29,2026-04-29T13:03:15.000Z,BEFORE_OPEN
ODFL,878927,2026-07-29,2026-07-29T13:14:03.000Z,BEFORE_OPEN
OKE,1039684,2019-02-25,2019-02-25T21:28:27.000Z,AFTER_CLOSE
OKE,1039684,2019-04-30,2019-04-30T20:24:15.000Z,AFTER_CLOSE
OKE,1039684,2019-07-30,2019-07-30T20:39:06.000Z,AFTER_CLOSE
OKE,1039684,2019-10-30,2019-10-30T13:14:19.000Z,BEFORE_OPEN
OKE,1039684,2020-02-24,2020-02-24T21:58:31.000Z,AFTER_CLOSE
OKE,1039684,2020-04-28,2020-04-28T21:16:39.000Z,AFTER_CLOSE
OKE,1039684,2020-07-28,2020-07-28T21:10:10.000Z,AFTER_CLOSE
OKE,1039684,2020-10-27,2020-10-27T20:30:13.000Z,AFTER_CLOSE
OKE,1039684,2021-02-22,2021-02-22T22:02:34.000Z,AFTER_CLOSE
OKE,1039684,2021-04-27,2021-04-27T20:37:09.000Z,AFTER_CLOSE
OKE,1039684,2021-08-03,2021-08-03T20:55:19.000Z,AFTER_CLOSE
OKE,1039684,2021-11-02,2021-11-02T20:59:23.000Z,AFTER_CLOSE
OKE,1039684,2022-02-28,2022-02-28T21:39:05.000Z,AFTER_CLOSE
OKE,1039684,2022-05-03,2022-05-03T20:42:15.000Z,AFTER_CLOSE
OKE,1039684,2022-08-08,2022-08-08T20:34:44.000Z,AFTER_CLOSE
OKE,1039684,2022-11-01,2022-11-01T20:45:26.000Z,AFTER_CLOSE
OKE,1039684,2023-02-27,2023-02-27T22:30:07.000Z,AFTER_CLOSE
OKE,1039684,2023-05-02,2023-05-02T20:49:34.000Z,AFTER_CLOSE
OKE,1039684,2023-08-07,2023-08-07T21:18:33.000Z,AFTER_CLOSE
OKE,1039684,2023-10-31,2023-10-31T21:08:51.000Z,AFTER_CLOSE
OKE,1039684,2024-02-26,2024-02-26T21:50:31.000Z,AFTER_CLOSE
OKE,1039684,2024-04-30,2024-04-30T20:25:27.000Z,AFTER_CLOSE
OKE,1039684,2024-08-05,2024-08-05T20:38:49.000Z,AFTER_CLOSE
OKE,1039684,2024-10-29,2024-10-29T20:28:52.000Z,AFTER_CLOSE
OKE,1039684,2025-02-24,2025-02-24T21:53:09.000Z,AFTER_CLOSE
OKE,1039684,2025-04-29,2025-04-29T20:22:37.000Z,AFTER_CLOSE
OKE,1039684,2025-08-04,2025-08-04T20:25:44.000Z,AFTER_CLOSE
OKE,1039684,2025-10-28,2025-10-28T20:43:16.000Z,AFTER_CLOSE
OKE,1039684,2026-02-23,2026-02-23T21:21:49.000Z,AFTER_CLOSE
OKE,1039684,2026-04-28,2026-04-28T20:22:52.000Z,AFTER_CLOSE
OKTA,1660134,2017-09-07,2017-09-07T20:08:47.000Z,AFTER_CLOSE
OKTA,1660134,2017-12-06,2017-12-06T21:09:02.000Z,AFTER_CLOSE
OKTA,1660134,2018-02-21,2018-02-21T21:15:57.000Z,AFTER_CLOSE
OKTA,1660134,2018-03-07,2018-03-07T21:08:21.000Z,AFTER_CLOSE
OKTA,1660134,2018-06-06,2018-06-06T20:09:47.000Z,AFTER_CLOSE
OKTA,1660134,2018-09-06,2018-09-06T20:15:46.000Z,AFTER_CLOSE
OKTA,1660134,2018-12-06,2018-12-06T11:08:13.000Z,BEFORE_OPEN
OKTA,1660134,2019-03-07,2019-03-07T21:11:51.000Z,AFTER_CLOSE
OKTA,1660134,2019-05-30,2019-05-30T20:08:39.000Z,AFTER_CLOSE
OKTA,1660134,2019-08-28,2019-08-28T20:09:40.000Z,AFTER_CLOSE
OKTA,1660134,2019-12-05,2019-12-05T21:08:09.000Z,AFTER_CLOSE
OKTA,1660134,2020-03-05,2020-03-05T21:09:50.000Z,AFTER_CLOSE
OKTA,1660134,2020-05-28,2020-05-28T20:07:48.000Z,AFTER_CLOSE
OKTA,1660134,2020-08-27,2020-08-27T20:08:58.000Z,AFTER_CLOSE
OKTA,1660134,2020-12-02,2020-12-02T21:02:53.000Z,AFTER_CLOSE
OKTA,1660134,2021-03-03,2021-03-03T21:11:57.000Z,AFTER_CLOSE
OKTA,1660134,2021-05-26,2021-05-26T20:04:20.000Z,AFTER_CLOSE
OKTA,1660134,2021-09-01,2021-09-01T20:05:29.000Z,AFTER_CLOSE
OKTA,1660134,2021-12-01,2021-12-01T21:03:26.000Z,AFTER_CLOSE
OKTA,1660134,2022-03-02,2022-03-02T21:03:08.000Z,AFTER_CLOSE
OKTA,1660134,2022-06-02,2022-06-02T20:02:32.000Z,AFTER_CLOSE
OKTA,1660134,2022-08-31,2022-08-31T20:03:16.000Z,AFTER_CLOSE
OKTA,1660134,2022-11-30,2022-11-30T21:02:45.000Z,AFTER_CLOSE
OKTA,1660134,2023-03-01,2023-03-01T21:03:32.000Z,AFTER_CLOSE
OKTA,1660134,2023-05-31,2023-05-31T20:02:59.000Z,AFTER_CLOSE
OKTA,1660134,2023-08-30,2023-08-30T20:01:54.000Z,AFTER_CLOSE
OKTA,1660134,2023-11-29,2023-11-29T12:15:50.000Z,BEFORE_OPEN
OKTA,1660134,2024-02-01,2024-02-01T13:39:00.000Z,BEFORE_OPEN
OKTA,1660134,2024-02-28,2024-02-28T21:02:31.000Z,AFTER_CLOSE
OKTA,1660134,2024-05-29,2024-05-29T20:02:57.000Z,AFTER_CLOSE
OKTA,1660134,2024-08-28,2024-08-28T20:02:24.000Z,AFTER_CLOSE
OKTA,1660134,2024-12-03,2024-12-03T21:02:30.000Z,AFTER_CLOSE
OKTA,1660134,2025-02-04,2025-02-04T13:38:44.000Z,BEFORE_OPEN
OKTA,1660134,2025-03-03,2025-03-03T21:02:06.000Z,AFTER_CLOSE
OKTA,1660134,2025-05-27,2025-05-27T20:06:33.000Z,AFTER_CLOSE
OKTA,1660134,2025-08-26,2025-08-26T20:03:10.000Z,AFTER_CLOSE
OKTA,1660134,2025-12-02,2025-12-02T21:03:49.000Z,AFTER_CLOSE
OKTA,1660134,2026-03-04,2026-03-04T21:04:44.000Z,AFTER_CLOSE
OKTA,1660134,2026-05-28,2026-05-28T20:03:34.000Z,AFTER_CLOSE
OKTA,1660134,2026-08-26,2026-08-26T20:03:06.000Z,AFTER_CLOSE
OMC,29989,2016-02-09,2016-02-09T12:51:55.000Z,BEFORE_OPEN
OMC,29989,2016-04-19,2016-04-19T11:19:54.000Z,BEFORE_OPEN
OMC,29989,2016-07-14,2016-07-14T11:56:23.000Z,BEFORE_OPEN
OMC,29989,2016-10-18,2016-10-18T11:31:39.000Z,BEFORE_OPEN
OMC,29989,2017-02-07,2017-02-07T12:25:35.000Z,BEFORE_OPEN
OMC,29989,2017-04-18,2017-04-18T11:43:23.000Z,BEFORE_OPEN
OMC,29989,2017-07-20,2017-07-20T11:51:56.000Z,BEFORE_OPEN
OMC,29989,2017-10-17,2017-10-17T11:44:28.000Z,BEFORE_OPEN
OMC,29989,2018-02-15,2018-02-15T13:02:11.000Z,BEFORE_OPEN
OMC,29989,2018-04-17,2018-04-17T11:04:55.000Z,BEFORE_OPEN
OMC,29989,2018-07-17,2018-07-17T11:06:17.000Z,BEFORE_OPEN
OMC,29989,2018-10-16,2018-10-16T11:44:04.000Z,BEFORE_OPEN
OMC,29989,2019-02-12,2019-02-12T13:24:45.000Z,BEFORE_OPEN
OMC,29989,2019-04-16,2019-04-16T12:01:39.000Z,BEFORE_OPEN
OMC,29989,2019-07-17,2019-07-17T11:22:23.000Z,BEFORE_OPEN
OMC,29989,2019-10-15,2019-10-15T11:35:13.000Z,BEFORE_OPEN
OMC,29989,2020-02-11,2020-02-11T12:13:25.000Z,BEFORE_OPEN
OMC,29989,2020-04-28,2020-04-28T12:18:06.000Z,BEFORE_OPEN
OMC,29989,2020-07-28,2020-07-28T11:25:07.000Z,BEFORE_OPEN
OMC,29989,2020-10-27,2020-10-27T11:08:12.000Z,BEFORE_OPEN
OMC,29989,2021-02-18,2021-02-18T12:30:01.000Z,BEFORE_OPEN
OMC,29989,2021-04-20,2021-04-20T12:28:14.000Z,BEFORE_OPEN
OMC,29989,2021-07-20,2021-07-20T11:42:31.000Z,BEFORE_OPEN
OMC,29989,2021-10-19,2021-10-19T20:21:34.000Z,AFTER_CLOSE
OMC,29989,2022-02-08,2022-02-08T21:11:31.000Z,AFTER_CLOSE
OMC,29989,2022-04-19,2022-04-19T20:06:11.000Z,AFTER_CLOSE
OMC,29989,2022-07-19,2022-07-19T20:08:22.000Z,AFTER_CLOSE
OMC,29989,2022-10-18,2022-10-18T20:12:33.000Z,AFTER_CLOSE
OMC,29989,2023-02-07,2023-02-07T21:16:04.000Z,AFTER_CLOSE
OMC,29989,2023-04-18,2023-04-18T20:08:40.000Z,AFTER_CLOSE
OMC,29989,2023-07-18,2023-07-18T20:08:52.000Z,AFTER_CLOSE
OMC,29989,2023-10-17,2023-10-17T20:16:14.000Z,AFTER_CLOSE
OMC,29989,2024-02-06,2024-02-06T21:05:10.000Z,AFTER_CLOSE
OMC,29989,2024-04-16,2024-04-16T20:08:11.000Z,AFTER_CLOSE
OMC,29989,2024-07-16,2024-07-16T20:10:28.000Z,AFTER_CLOSE
OMC,29989,2024-10-15,2024-10-15T20:09:31.000Z,AFTER_CLOSE
OMC,29989,2025-02-04,2025-02-04T21:14:11.000Z,AFTER_CLOSE
OMC,29989,2025-04-15,2025-04-15T20:07:05.000Z,AFTER_CLOSE
OMC,29989,2025-07-15,2025-07-15T20:11:11.000Z,AFTER_CLOSE
OMC,29989,2025-10-21,2025-10-21T20:09:43.000Z,AFTER_CLOSE
OMC,29989,2026-02-18,2026-02-18T21:09:05.000Z,AFTER_CLOSE
OMC,29989,2026-04-28,2026-04-28T20:08:25.000Z,AFTER_CLOSE
OMC,29989,2026-07-28,2026-07-28T20:07:49.000Z,AFTER_CLOSE
ON,1097864,2016-11-07,2016-11-07T11:11:03.000Z,BEFORE_OPEN
ON,1097864,2017-02-13,2017-02-13T11:11:34.000Z,BEFORE_OPEN
ON,1097864,2017-05-08,2017-05-08T10:05:35.000Z,BEFORE_OPEN
ON,1097864,2017-08-07,2017-08-07T10:08:34.000Z,BEFORE_OPEN
ON,1097864,2017-11-06,2017-11-06T11:07:03.000Z,BEFORE_OPEN
ON,1097864,2018-02-05,2018-02-05T11:08:33.000Z,BEFORE_OPEN
ON,1097864,2018-04-30,2018-04-30T10:09:04.000Z,BEFORE_OPEN
ON,1097864,2018-07-30,2018-07-30T10:09:05.000Z,BEFORE_OPEN
ON,1097864,2018-10-29,2018-10-29T10:12:06.000Z,BEFORE_OPEN
ON,1097864,2019-02-01,2019-02-01T22:06:38.000Z,AFTER_CLOSE
ON,1097864,2019-04-29,2019-04-29T10:08:56.000Z,BEFORE_OPEN
ON,1097864,2019-08-05,2019-08-05T10:04:43.000Z,BEFORE_OPEN
ON,1097864,2019-10-28,2019-10-28T10:10:13.000Z,BEFORE_OPEN
ON,1097864,2020-02-03,2020-02-03T11:12:23.000Z,BEFORE_OPEN
ON,1097864,2020-05-11,2020-05-11T10:17:42.000Z,BEFORE_OPEN
ON,1097864,2020-08-10,2020-08-10T10:11:03.000Z,BEFORE_OPEN
ON,1097864,2020-11-02,2020-11-02T11:15:46.000Z,BEFORE_OPEN
ON,1097864,2021-02-01,2021-02-01T13:05:55.000Z,BEFORE_OPEN
ON,1097864,2021-05-03,2021-05-03T12:00:58.000Z,BEFORE_OPEN
ON,1097864,2021-08-02,2021-08-02T12:06:56.000Z,BEFORE_OPEN
ON,1097864,2021-11-01,2021-11-01T12:06:12.000Z,BEFORE_OPEN
ON,1097864,2022-02-07,2022-02-07T13:06:03.000Z,BEFORE_OPEN
ON,1097864,2022-05-02,2022-05-02T12:05:57.000Z,BEFORE_OPEN
ON,1097864,2022-08-01,2022-08-01T12:05:35.000Z,BEFORE_OPEN
ON,1097864,2022-10-31,2022-10-31T12:05:40.000Z,BEFORE_OPEN
ON,1097864,2023-02-06,2023-02-06T13:05:55.000Z,BEFORE_OPEN
ON,1097864,2023-05-01,2023-05-01T12:05:53.000Z,BEFORE_OPEN
ON,1097864,2023-07-31,2023-07-31T12:06:28.000Z,BEFORE_OPEN
ON,1097864,2023-10-30,2023-10-30T12:05:53.000Z,BEFORE_OPEN
ON,1097864,2024-02-05,2024-02-05T13:06:02.000Z,BEFORE_OPEN
ON,1097864,2024-04-29,2024-04-29T12:07:54.000Z,BEFORE_OPEN
ON,1097864,2024-07-29,2024-07-29T12:08:02.000Z,BEFORE_OPEN
ON,1097864,2024-10-28,2024-10-28T12:05:52.000Z,BEFORE_OPEN
ON,1097864,2025-02-10,2025-02-10T13:05:26.000Z,BEFORE_OPEN
ON,1097864,2025-05-05,2025-05-05T12:05:16.000Z,BEFORE_OPEN
ON,1097864,2025-08-04,2025-08-04T12:05:57.000Z,BEFORE_OPEN
ON,1097864,2025-11-03,2025-11-03T13:05:39.000Z,BEFORE_OPEN
ON,1097864,2026-02-09,2026-02-09T21:21:26.000Z,AFTER_CLOSE
ON,1097864,2026-05-04,2026-05-04T20:10:34.000Z,AFTER_CLOSE
ON,1097864,2026-08-03,2026-08-03T20:54:23.000Z,AFTER_CLOSE
ONC,1651308,2018-11-07,2018-11-07T13:01:07.000Z,BEFORE_OPEN
ONC,1651308,2019-02-27,2019-02-27T21:23:53.000Z,AFTER_CLOSE
ONC,1651308,2019-05-09,2019-05-09T20:16:23.000Z,AFTER_CLOSE
ONC,1651308,2019-08-08,2019-08-08T20:19:23.000Z,AFTER_CLOSE
ONC,1651308,2019-11-12,2019-11-12T21:20:41.000Z,AFTER_CLOSE
ONC,1651308,2020-03-02,2020-03-02T21:08:45.000Z,AFTER_CLOSE
ONC,1651308,2020-05-11,2020-05-11T20:20:20.000Z,AFTER_CLOSE
ONC,1651308,2020-08-06,2020-08-06T20:13:48.000Z,AFTER_CLOSE
ONC,1651308,2020-11-05,2020-11-05T21:58:34.000Z,AFTER_CLOSE
ONC,1651308,2021-01-29,2021-01-29T22:26:31.000Z,AFTER_CLOSE
ONC,1651308,2021-02-25,2021-02-25T21:14:00.000Z,AFTER_CLOSE
ONC,1651308,2021-05-06,2021-05-06T20:26:17.000Z,AFTER_CLOSE
ONC,1651308,2021-05-14,2021-05-14T20:13:22.000Z,AFTER_CLOSE
ONC,1651308,2021-06-30,2021-06-30T20:15:03.000Z,AFTER_CLOSE
ONC,1651308,2021-07-28,2021-07-28T14:52:40.000Z,IN_SESSION
ONC,1651308,2021-08-05,2021-08-05T20:48:24.000Z,AFTER_CLOSE
ONC,1651308,2021-11-04,2021-11-04T20:21:57.000Z,AFTER_CLOSE
ONC,1651308,2021-11-16,2021-11-16T14:07:49.000Z,BEFORE_OPEN
ONC,1651308,2022-02-25,2022-02-25T12:03:44.000Z,BEFORE_OPEN
ONC,1651308,2022-04-28,2022-04-28T20:06:30.000Z,AFTER_CLOSE
ONC,1651308,2022-05-05,2022-05-05T11:06:00.000Z,BEFORE_OPEN
ONC,1651308,2022-08-04,2022-08-04T11:08:06.000Z,BEFORE_OPEN
ONC,1651308,2022-08-30,2022-08-30T20:09:21.000Z,AFTER_CLOSE
ONC,1651308,2022-11-09,2022-11-09T12:06:40.000Z,BEFORE_OPEN
ONC,1651308,2023-02-27,2023-02-27T12:07:03.000Z,BEFORE_OPEN
ONC,1651308,2023-04-25,2023-04-25T20:15:44.000Z,AFTER_CLOSE
ONC,1651308,2023-05-04,2023-05-04T11:07:48.000Z,BEFORE_OPEN
ONC,1651308,2023-08-02,2023-08-02T10:13:12.000Z,BEFORE_OPEN
ONC,1651308,2023-08-29,2023-08-29T20:05:41.000Z,AFTER_CLOSE
ONC,1651308,2023-11-09,2023-11-09T21:08:02.000Z,AFTER_CLOSE
ONC,1651308,2024-02-26,2024-02-26T11:02:45.000Z,BEFORE_OPEN
ONC,1651308,2024-04-26,2024-04-26T11:15:36.000Z,BEFORE_OPEN
ONC,1651308,2024-05-08,2024-05-08T10:06:28.000Z,BEFORE_OPEN
ONC,1651308,2024-08-07,2024-08-07T10:04:19.000Z,BEFORE_OPEN
ONC,1651308,2024-08-29,2024-08-29T11:29:23.000Z,BEFORE_OPEN
ONC,1651308,2024-11-12,2024-11-12T11:03:14.000Z,BEFORE_OPEN
ONC,1651308,2025-02-27,2025-02-27T11:04:40.000Z,BEFORE_OPEN
ONC,1651308,2025-04-28,2025-04-28T12:26:22.000Z,BEFORE_OPEN
ONC,1651308,2025-05-07,2025-05-07T10:04:56.000Z,BEFORE_OPEN
ONC,1651308,2025-08-06,2025-08-06T10:02:43.000Z,BEFORE_OPEN
ONC,1651308,2025-08-29,2025-08-29T10:52:29.000Z,BEFORE_OPEN
ONC,1651308,2025-11-06,2025-11-06T11:03:35.000Z,BEFORE_OPEN
ONC,1651308,2026-02-26,2026-02-26T11:04:15.000Z,BEFORE_OPEN
ONC,1651308,2026-04-14,2026-04-14T13:49:37.000Z,IN_SESSION
ONC,1651308,2026-05-06,2026-05-06T10:03:36.000Z,BEFORE_OPEN
ONC,1651308,2026-08-05,2026-08-05T10:02:36.000Z,BEFORE_OPEN
ONC,1651308,2026-08-26,2026-08-26T10:14:58.000Z,BEFORE_OPEN
ORCL,1341439,2016-03-15,2016-03-15T20:07:07.000Z,AFTER_CLOSE
ORCL,1341439,2016-06-16,2016-06-16T20:07:11.000Z,AFTER_CLOSE
ORCL,1341439,2016-09-15,2016-09-15T20:06:33.000Z,AFTER_CLOSE
ORCL,1341439,2016-12-15,2016-12-15T21:14:57.000Z,AFTER_CLOSE
ORCL,1341439,2017-03-15,2017-03-15T20:11:06.000Z,AFTER_CLOSE
ORCL,1341439,2017-06-21,2017-06-21T20:25:34.000Z,AFTER_CLOSE
ORCL,1341439,2017-09-14,2017-09-14T20:14:07.000Z,AFTER_CLOSE
ORCL,1341439,2017-12-14,2017-12-14T21:15:03.000Z,AFTER_CLOSE
ORCL,1341439,2018-03-19,2018-03-19T20:43:01.000Z,AFTER_CLOSE
ORCL,1341439,2018-06-19,2018-06-19T20:22:17.000Z,AFTER_CLOSE
ORCL,1341439,2018-09-17,2018-09-17T20:32:09.000Z,AFTER_CLOSE
ORCL,1341439,2018-12-17,2018-12-17T21:15:00.000Z,AFTER_CLOSE
ORCL,1341439,2019-03-14,2019-03-14T20:08:23.000Z,AFTER_CLOSE
ORCL,1341439,2019-06-19,2019-06-19T20:23:47.000Z,AFTER_CLOSE
ORCL,1341439,2019-09-11,2019-09-11T20:51:51.000Z,AFTER_CLOSE
ORCL,1341439,2019-12-12,2019-12-12T21:10:28.000Z,AFTER_CLOSE
ORCL,1341439,2020-03-12,2020-03-12T20:10:41.000Z,AFTER_CLOSE
ORCL,1341439,2020-06-16,2020-06-16T20:17:05.000Z,AFTER_CLOSE
ORCL,1341439,2020-09-10,2020-09-10T20:16:34.000Z,AFTER_CLOSE
ORCL,1341439,2020-12-10,2020-12-10T21:11:22.000Z,AFTER_CLOSE
ORCL,1341439,2021-03-10,2021-03-10T21:11:36.000Z,AFTER_CLOSE
ORCL,1341439,2021-06-15,2021-06-15T20:16:07.000Z,AFTER_CLOSE
ORCL,1341439,2021-09-13,2021-09-13T20:15:47.000Z,AFTER_CLOSE
ORCL,1341439,2021-12-09,2021-12-09T21:22:05.000Z,AFTER_CLOSE
ORCL,1341439,2022-03-10,2022-03-10T21:10:37.000Z,AFTER_CLOSE
ORCL,1341439,2022-06-13,2022-06-13T20:31:53.000Z,AFTER_CLOSE
ORCL,1341439,2022-07-11,2022-07-11T20:36:09.000Z,AFTER_CLOSE
ORCL,1341439,2022-09-12,2022-09-12T20:11:13.000Z,AFTER_CLOSE
ORCL,1341439,2022-12-12,2022-12-12T21:11:56.000Z,AFTER_CLOSE
ORCL,1341439,2023-03-09,2023-03-09T21:09:36.000Z,AFTER_CLOSE
ORCL,1341439,2023-06-12,2023-06-12T20:16:37.000Z,AFTER_CLOSE
ORCL,1341439,2023-09-11,2023-09-11T20:11:44.000Z,AFTER_CLOSE
ORCL,1341439,2023-12-11,2023-12-11T21:12:30.000Z,AFTER_CLOSE
ORCL,1341439,2024-03-11,2024-03-11T20:11:59.000Z,AFTER_CLOSE
ORCL,1341439,2024-06-11,2024-06-11T20:15:50.000Z,AFTER_CLOSE
ORCL,1341439,2024-09-09,2024-09-09T20:17:34.000Z,AFTER_CLOSE
ORCL,1341439,2024-12-09,2024-12-09T21:13:45.000Z,AFTER_CLOSE
ORCL,1341439,2025-03-10,2025-03-10T20:13:09.000Z,AFTER_CLOSE
ORCL,1341439,2025-06-11,2025-06-11T20:12:02.000Z,AFTER_CLOSE
ORCL,1341439,2025-09-09,2025-09-09T20:13:19.000Z,AFTER_CLOSE
ORCL,1341439,2025-12-10,2025-12-10T21:14:38.000Z,AFTER_CLOSE
ORCL,1341439,2026-03-10,2026-03-10T20:12:51.000Z,AFTER_CLOSE
ORCL,1341439,2026-06-10,2026-06-10T20:13:46.000Z,AFTER_CLOSE
ORLY,898173,2018-02-07,2018-02-07T21:32:56.000Z,AFTER_CLOSE
ORLY,898173,2018-04-25,2018-04-25T20:31:51.000Z,AFTER_CLOSE
ORLY,898173,2018-07-25,2018-07-25T20:30:54.000Z,AFTER_CLOSE
ORLY,898173,2018-10-24,2018-10-24T20:31:08.000Z,AFTER_CLOSE
ORLY,898173,2019-02-06,2019-02-06T21:30:47.000Z,AFTER_CLOSE
ORLY,898173,2019-04-24,2019-04-24T20:31:17.000Z,AFTER_CLOSE
ORLY,898173,2019-07-24,2019-07-24T20:31:06.000Z,AFTER_CLOSE
ORLY,898173,2020-02-05,2020-02-05T21:31:18.000Z,AFTER_CLOSE
ORLY,898173,2020-04-22,2020-04-22T20:31:27.000Z,AFTER_CLOSE
ORLY,898173,2020-07-29,2020-07-29T20:35:48.000Z,AFTER_CLOSE
ORLY,898173,2020-10-28,2020-10-28T20:31:07.000Z,AFTER_CLOSE
ORLY,898173,2021-02-10,2021-02-10T21:31:14.000Z,AFTER_CLOSE
ORLY,898173,2021-04-28,2021-04-28T20:32:13.000Z,AFTER_CLOSE
ORLY,898173,2021-07-28,2021-07-28T20:32:43.000Z,AFTER_CLOSE
ORLY,898173,2021-10-27,2021-10-27T20:31:24.000Z,AFTER_CLOSE
ORLY,898173,2022-02-09,2022-02-09T21:31:15.000Z,AFTER_CLOSE
ORLY,898173,2022-04-27,2022-04-27T20:31:22.000Z,AFTER_CLOSE
ORLY,898173,2022-07-27,2022-07-27T20:32:01.000Z,AFTER_CLOSE
ORLY,898173,2022-10-26,2022-10-26T20:32:43.000Z,AFTER_CLOSE
ORLY,898173,2023-02-08,2023-02-08T21:30:25.000Z,AFTER_CLOSE
ORLY,898173,2023-04-26,2023-04-26T20:30:30.000Z,AFTER_CLOSE
ORLY,898173,2023-07-26,2023-07-26T20:33:00.000Z,AFTER_CLOSE
ORLY,898173,2023-10-25,2023-10-25T20:32:27.000Z,AFTER_CLOSE
ORLY,898173,2024-02-07,2024-02-07T21:30:52.000Z,AFTER_CLOSE
ORLY,898173,2024-04-24,2024-04-24T20:32:01.000Z,AFTER_CLOSE
ORLY,898173,2024-07-24,2024-07-24T20:30:48.000Z,AFTER_CLOSE
ORLY,898173,2024-10-23,2024-10-23T20:32:01.000Z,AFTER_CLOSE
ORLY,898173,2025-02-05,2025-02-05T21:31:22.000Z,AFTER_CLOSE
ORLY,898173,2025-04-23,2025-04-23T20:34:01.000Z,AFTER_CLOSE
ORLY,898173,2025-07-23,2025-07-23T20:34:11.000Z,AFTER_CLOSE
ORLY,898173,2025-10-22,2025-10-22T20:32:27.000Z,AFTER_CLOSE
ORLY,898173,2026-02-04,2026-02-04T21:34:03.000Z,AFTER_CLOSE
ORLY,898173,2026-04-29,2026-04-29T20:35:09.000Z,AFTER_CLOSE
ORLY,898173,2026-07-29,2026-07-29T20:38:23.000Z,AFTER_CLOSE
OTIS,1781335,2020-05-07,2020-05-07T00:19:54.000Z,AFTER_CLOSE
OTIS,1781335,2020-07-28,2020-07-28T10:09:53.000Z,BEFORE_OPEN
OTIS,1781335,2020-10-26,2020-10-26T10:05:03.000Z,BEFORE_OPEN
OTIS,1781335,2021-02-01,2021-02-01T11:05:15.000Z,BEFORE_OPEN
OTIS,1781335,2021-04-26,2021-04-26T10:10:08.000Z,BEFORE_OPEN
OTIS,1781335,2021-07-26,2021-07-26T10:04:47.000Z,BEFORE_OPEN
OTIS,1781335,2021-10-25,2021-10-25T10:03:27.000Z,BEFORE_OPEN
OTIS,1781335,2022-01-31,2022-01-31T11:04:10.000Z,BEFORE_OPEN
OTIS,1781335,2022-04-25,2022-04-25T10:04:38.000Z,BEFORE_OPEN
OTIS,1781335,2022-07-27,2022-07-27T10:04:35.000Z,BEFORE_OPEN
OTIS,1781335,2022-10-26,2022-10-26T10:01:08.000Z,BEFORE_OPEN
OTIS,1781335,2023-02-01,2023-02-01T11:01:03.000Z,BEFORE_OPEN
OTIS,1781335,2023-04-26,2023-04-26T10:01:30.000Z,BEFORE_OPEN
OTIS,1781335,2023-07-26,2023-07-26T10:01:32.000Z,BEFORE_OPEN
OTIS,1781335,2023-10-25,2023-10-25T10:04:45.000Z,BEFORE_OPEN
OTIS,1781335,2024-01-31,2024-01-31T11:02:00.000Z,BEFORE_OPEN
OTIS,1781335,2024-04-24,2024-04-24T10:01:29.000Z,BEFORE_OPEN
OTIS,1781335,2024-07-24,2024-07-24T10:03:04.000Z,BEFORE_OPEN
OTIS,1781335,2024-10-30,2024-10-30T10:06:39.000Z,BEFORE_OPEN
OTIS,1781335,2025-01-29,2025-01-29T11:02:08.000Z,BEFORE_OPEN
OTIS,1781335,2025-04-23,2025-04-23T10:06:30.000Z,BEFORE_OPEN
OTIS,1781335,2025-07-23,2025-07-23T10:12:50.000Z,BEFORE_OPEN
OTIS,1781335,2025-10-29,2025-10-29T10:05:18.000Z,BEFORE_OPEN
OTIS,1781335,2026-01-28,2026-01-28T11:09:31.000Z,BEFORE_OPEN
OTIS,1781335,2026-04-22,2026-04-22T10:09:06.000Z,BEFORE_OPEN
OTIS,1781335,2026-07-22,2026-07-22T10:05:47.000Z,BEFORE_OPEN
OXY,797468,2016-05-05,2016-05-05T10:57:43.000Z,BEFORE_OPEN
OXY,797468,2016-08-03,2016-08-03T11:01:42.000Z,BEFORE_OPEN
OXY,797468,2016-11-01,2016-11-01T10:59:36.000Z,BEFORE_OPEN
OXY,797468,2017-02-06,2017-02-06T21:10:35.000Z,AFTER_CLOSE
OXY,797468,2017-02-09,2017-02-09T11:55:43.000Z,BEFORE_OPEN
OXY,797468,2017-05-04,2017-05-04T10:57:30.000Z,BEFORE_OPEN
OXY,797468,2017-08-02,2017-08-02T20:16:38.000Z,AFTER_CLOSE
OXY,797468,2017-10-03,2017-10-03T13:06:33.000Z,BEFORE_OPEN
OXY,797468,2017-11-01,2017-11-01T20:13:44.000Z,AFTER_CLOSE
OXY,797468,2018-02-13,2018-02-13T21:16:00.000Z,AFTER_CLOSE
OXY,797468,2018-05-08,2018-05-08T20:16:30.000Z,AFTER_CLOSE
OXY,797468,2018-08-08,2018-08-08T20:15:34.000Z,AFTER_CLOSE
OXY,797468,2018-11-05,2018-11-05T21:16:13.000Z,AFTER_CLOSE
OXY,797468,2019-02-12,2019-02-12T21:16:18.000Z,AFTER_CLOSE
OXY,797468,2019-05-06,2019-05-06T10:08:58.000Z,BEFORE_OPEN
OXY,797468,2019-07-31,2019-07-31T20:59:46.000Z,AFTER_CLOSE
OXY,797468,2019-10-15,2019-10-15T10:52:14.000Z,BEFORE_OPEN
OXY,797468,2019-11-04,2019-11-04T22:02:59.000Z,AFTER_CLOSE
OXY,797468,2020-02-11,2020-02-11T13:15:42.000Z,BEFORE_OPEN
OXY,797468,2020-02-27,2020-02-27T21:13:02.000Z,AFTER_CLOSE
OXY,797468,2020-05-05,2020-05-05T20:29:40.000Z,AFTER_CLOSE
OXY,797468,2020-08-10,2020-08-10T20:05:52.000Z,AFTER_CLOSE
OXY,797468,2020-11-09,2020-11-09T21:15:54.000Z,AFTER_CLOSE
OXY,797468,2021-02-22,2021-02-22T21:19:41.000Z,AFTER_CLOSE
OXY,797468,2021-05-10,2021-05-10T20:17:06.000Z,AFTER_CLOSE
OXY,797468,2021-08-03,2021-08-03T20:16:37.000Z,AFTER_CLOSE
OXY,797468,2021-11-04,2021-11-04T20:16:48.000Z,AFTER_CLOSE
OXY,797468,2022-02-24,2022-02-24T21:18:38.000Z,AFTER_CLOSE
OXY,797468,2022-05-10,2022-05-10T20:18:07.000Z,AFTER_CLOSE
OXY,797468,2022-08-02,2022-08-02T20:26:16.000Z,AFTER_CLOSE
OXY,797468,2022-11-08,2022-11-08T21:17:15.000Z,AFTER_CLOSE
OXY,797468,2023-01-04,2023-01-04T22:00:27.000Z,AFTER_CLOSE
OXY,797468,2023-05-09,2023-05-09T20:17:58.000Z,AFTER_CLOSE
OXY,797468,2023-08-02,2023-08-02T20:16:18.000Z,AFTER_CLOSE
OXY,797468,2023-10-10,2023-10-10T12:00:24.000Z,BEFORE_OPEN
OXY,797468,2023-11-07,2023-11-07T21:14:13.000Z,AFTER_CLOSE
OXY,797468,2024-01-10,2024-01-10T21:50:29.000Z,AFTER_CLOSE
OXY,797468,2024-02-14,2024-02-14T21:17:46.000Z,AFTER_CLOSE
OXY,797468,2024-04-10,2024-04-10T11:30:29.000Z,BEFORE_OPEN
OXY,797468,2024-05-07,2024-05-07T20:17:25.000Z,AFTER_CLOSE
OXY,797468,2024-07-10,2024-07-10T20:15:22.000Z,AFTER_CLOSE
OXY,797468,2024-08-07,2024-08-07T20:18:46.000Z,AFTER_CLOSE
OXY,797468,2024-10-09,2024-10-09T20:30:21.000Z,AFTER_CLOSE
OXY,797468,2024-11-12,2024-11-12T21:13:21.000Z,AFTER_CLOSE
OXY,797468,2025-01-10,2025-01-10T21:05:20.000Z,AFTER_CLOSE
OXY,797468,2025-02-18,2025-02-18T21:19:33.000Z,AFTER_CLOSE
OXY,797468,2025-04-09,2025-04-09T20:15:37.000Z,AFTER_CLOSE
OXY,797468,2025-05-07,2025-05-07T20:15:03.000Z,AFTER_CLOSE
OXY,797468,2025-07-14,2025-07-14T11:00:38.000Z,BEFORE_OPEN
OXY,797468,2025-08-06,2025-08-06T20:17:25.000Z,AFTER_CLOSE
OXY,797468,2025-10-10,2025-10-10T11:15:55.000Z,BEFORE_OPEN
OXY,797468,2025-11-10,2025-11-10T21:15:35.000Z,AFTER_CLOSE
OXY,797468,2026-01-20,2026-01-20T12:00:20.000Z,BEFORE_OPEN
OXY,797468,2026-02-18,2026-02-18T21:15:11.000Z,AFTER_CLOSE
OXY,797468,2026-04-10,2026-04-10T11:15:27.000Z,BEFORE_OPEN
OXY,797468,2026-05-05,2026-05-05T20:16:53.000Z,AFTER_CLOSE
OXY,797468,2026-07-10,2026-07-10T20:15:43.000Z,AFTER_CLOSE
OXY,797468,2026-08-05,2026-08-05T20:16:18.000Z,AFTER_CLOSE
P,1474432,2016-03-02,2016-03-02T21:04:52.000Z,AFTER_CLOSE
P,1474432,2016-05-25,2016-05-25T20:16:41.000Z,AFTER_CLOSE
P,1474432,2016-08-25,2016-08-25T20:02:48.000Z,AFTER_CLOSE
P,1474432,2016-11-30,2016-11-30T21:01:51.000Z,AFTER_CLOSE
P,1474432,2017-03-01,2017-03-01T21:08:39.000Z,AFTER_CLOSE
P,1474432,2017-05-24,2017-05-24T20:04:45.000Z,AFTER_CLOSE
P,1474432,2017-08-24,2017-08-24T20:04:18.000Z,AFTER_CLOSE
P,1474432,2017-11-28,2017-11-28T21:08:25.000Z,AFTER_CLOSE
P,1474432,2018-03-01,2018-03-01T21:09:34.000Z,AFTER_CLOSE
P,1474432,2018-05-21,2018-05-21T20:13:39.000Z,AFTER_CLOSE
P,1474432,2018-08-21,2018-08-21T20:10:42.000Z,AFTER_CLOSE
P,1474432,2018-11-19,2018-11-19T21:07:52.000Z,AFTER_CLOSE
P,1474432,2019-02-28,2019-02-28T21:09:55.000Z,AFTER_CLOSE
P,1474432,2019-05-21,2019-05-21T20:06:08.000Z,AFTER_CLOSE
P,1474432,2019-08-21,2019-08-21T20:06:14.000Z,AFTER_CLOSE
P,1474432,2019-11-21,2019-11-21T21:05:44.000Z,AFTER_CLOSE
P,1474432,2020-02-27,2020-02-27T21:37:27.000Z,AFTER_CLOSE
P,1474432,2020-05-28,2020-05-28T20:08:53.000Z,AFTER_CLOSE
P,1474432,2020-08-25,2020-08-25T20:07:38.000Z,AFTER_CLOSE
P,1474432,2020-11-05,2020-11-04T23:31:50.000Z,AFTER_CLOSE
P,1474432,2020-11-24,2020-11-24T21:05:25.000Z,AFTER_CLOSE
P,1474432,2021-02-24,2021-02-24T21:07:51.000Z,AFTER_CLOSE
P,1474432,2021-05-26,2021-05-26T20:10:01.000Z,AFTER_CLOSE
P,1474432,2021-08-25,2021-08-25T20:22:16.000Z,AFTER_CLOSE
P,1474432,2021-11-03,2021-11-03T12:47:11.000Z,BEFORE_OPEN
P,1474432,2021-11-23,2021-11-23T21:04:11.000Z,AFTER_CLOSE
P,1474432,2022-03-02,2022-03-02T21:04:54.000Z,AFTER_CLOSE
P,1474432,2022-06-01,2022-06-01T20:03:31.000Z,AFTER_CLOSE
P,1474432,2022-08-31,2022-08-31T20:04:04.000Z,AFTER_CLOSE
P,1474432,2022-11-30,2022-11-30T21:06:21.000Z,AFTER_CLOSE
P,1474432,2023-03-01,2023-03-01T21:09:36.000Z,AFTER_CLOSE
P,1474432,2023-05-31,2023-05-31T20:06:07.000Z,AFTER_CLOSE
P,1474432,2023-08-30,2023-08-30T20:07:29.000Z,AFTER_CLOSE
P,1474432,2023-11-29,2023-11-29T21:06:16.000Z,AFTER_CLOSE
P,1474432,2024-02-28,2024-02-28T21:06:21.000Z,AFTER_CLOSE
P,1474432,2024-05-29,2024-05-29T20:06:19.000Z,AFTER_CLOSE
P,1474432,2024-08-28,2024-08-28T20:06:14.000Z,AFTER_CLOSE
P,1474432,2024-12-03,2024-12-03T21:07:51.000Z,AFTER_CLOSE
P,1474432,2025-02-26,2025-02-26T21:07:52.000Z,AFTER_CLOSE
P,1474432,2025-05-28,2025-05-28T20:04:46.000Z,AFTER_CLOSE
P,1474432,2025-08-27,2025-08-27T20:06:35.000Z,AFTER_CLOSE
P,1474432,2025-11-05,2025-11-05T00:58:18.000Z,AFTER_CLOSE
P,1474432,2025-12-02,2025-12-02T21:06:31.000Z,AFTER_CLOSE
P,1474432,2026-02-25,2026-02-25T21:06:53.000Z,AFTER_CLOSE
P,1474432,2026-05-27,2026-05-27T20:06:45.000Z,AFTER_CLOSE
P,1474432,2026-08-26,2026-08-26T20:06:26.000Z,AFTER_CLOSE
PANW,1327567,2019-09-04,2019-09-04T20:26:12.000Z,AFTER_CLOSE
PANW,1327567,2019-11-25,2019-11-25T21:20:10.000Z,AFTER_CLOSE
PANW,1327567,2020-02-24,2020-02-24T21:20:48.000Z,AFTER_CLOSE
PANW,1327567,2020-05-21,2020-05-21T20:24:05.000Z,AFTER_CLOSE
PANW,1327567,2020-08-24,2020-08-24T20:15:17.000Z,AFTER_CLOSE
PANW,1327567,2020-11-16,2020-11-16T12:02:59.000Z,BEFORE_OPEN
PANW,1327567,2021-02-22,2021-02-22T21:16:44.000Z,AFTER_CLOSE
PANW,1327567,2021-05-20,2021-05-20T20:08:32.000Z,AFTER_CLOSE
PANW,1327567,2021-08-23,2021-08-23T20:08:44.000Z,AFTER_CLOSE
PANW,1327567,2021-11-18,2021-11-18T21:22:09.000Z,AFTER_CLOSE
PANW,1327567,2022-02-22,2022-02-22T21:11:10.000Z,AFTER_CLOSE
PANW,1327567,2022-05-19,2022-05-19T20:10:30.000Z,AFTER_CLOSE
PANW,1327567,2022-08-22,2022-08-22T20:14:37.000Z,AFTER_CLOSE
PANW,1327567,2022-11-17,2022-11-17T21:16:58.000Z,AFTER_CLOSE
PANW,1327567,2023-02-21,2023-02-21T21:11:11.000Z,AFTER_CLOSE
PANW,1327567,2023-05-23,2023-05-23T20:11:42.000Z,AFTER_CLOSE
PANW,1327567,2023-08-18,2023-08-18T20:22:35.000Z,AFTER_CLOSE
PANW,1327567,2023-11-15,2023-11-15T21:08:34.000Z,AFTER_CLOSE
PANW,1327567,2024-02-20,2024-02-20T21:12:41.000Z,AFTER_CLOSE
PANW,1327567,2024-05-20,2024-05-20T20:15:59.000Z,AFTER_CLOSE
PANW,1327567,2024-08-19,2024-08-19T20:08:17.000Z,AFTER_CLOSE
PANW,1327567,2024-11-20,2024-11-20T21:13:18.000Z,AFTER_CLOSE
PANW,1327567,2025-02-13,2025-02-13T21:09:11.000Z,AFTER_CLOSE
PANW,1327567,2025-05-20,2025-05-20T20:06:48.000Z,AFTER_CLOSE
PANW,1327567,2025-08-18,2025-08-18T20:13:24.000Z,AFTER_CLOSE
PANW,1327567,2025-11-19,2025-11-19T21:16:32.000Z,AFTER_CLOSE
PANW,1327567,2026-02-17,2026-02-17T21:14:09.000Z,AFTER_CLOSE
PANW,1327567,2026-06-02,2026-06-02T20:08:29.000Z,AFTER_CLOSE
PANW,1327567,2026-09-01,2026-09-01T20:32:15.000Z,AFTER_CLOSE
PAYX,723531,2012-09-24,2012-09-24T20:35:51.000Z,AFTER_CLOSE
PAYX,723531,2012-12-19,2012-12-19T22:29:13.000Z,AFTER_CLOSE
PAYX,723531,2013-03-27,2013-03-27T20:23:53.000Z,AFTER_CLOSE
PAYX,723531,2013-06-26,2013-06-26T20:33:42.000Z,AFTER_CLOSE
PAYX,723531,2013-09-30,2013-09-30T20:51:48.000Z,AFTER_CLOSE
PAYX,723531,2013-12-18,2013-12-18T22:20:47.000Z,AFTER_CLOSE
PAYX,723531,2014-03-26,2014-03-26T20:14:56.000Z,AFTER_CLOSE
PAYX,723531,2014-07-01,2014-07-01T21:17:10.000Z,AFTER_CLOSE
PAYX,723531,2014-09-24,2014-09-24T18:29:34.000Z,IN_SESSION
PAYX,723531,2014-12-19,2014-12-19T18:54:06.000Z,IN_SESSION
PAYX,723531,2015-03-25,2015-03-25T20:00:21.000Z,AFTER_CLOSE
PAYX,723531,2015-07-01,2015-07-01T14:53:52.000Z,IN_SESSION
PAYX,723531,2015-09-30,2015-09-30T19:52:25.000Z,IN_SESSION
PAYX,723531,2015-12-22,2015-12-22T17:44:57.000Z,IN_SESSION
PAYX,723531,2016-03-30,2016-03-30T14:18:16.000Z,IN_SESSION
PAYX,723531,2016-06-30,2016-06-30T17:54:29.000Z,IN_SESSION
PAYX,723531,2016-09-28,2016-09-28T17:22:04.000Z,IN_SESSION
PAYX,723531,2016-12-21,2016-12-21T18:42:13.000Z,IN_SESSION
PAYX,723531,2017-03-29,2017-03-29T18:46:27.000Z,IN_SESSION
PAYX,723531,2017-06-28,2017-06-28T20:33:55.000Z,AFTER_CLOSE
PAYX,723531,2017-10-03,2017-10-03T15:53:09.000Z,IN_SESSION
PAYX,723531,2017-12-21,2017-12-21T19:49:40.000Z,IN_SESSION
PAYX,723531,2018-03-26,2018-03-26T20:13:42.000Z,AFTER_CLOSE
PAYX,723531,2018-06-27,2018-06-27T21:01:10.000Z,AFTER_CLOSE
PAYX,723531,2018-10-02,2018-10-02T20:40:27.000Z,AFTER_CLOSE
PAYX,723531,2018-12-19,2018-12-19T21:45:10.000Z,AFTER_CLOSE
PAYX,723531,2019-03-27,2019-03-27T20:45:03.000Z,AFTER_CLOSE
PAYX,723531,2019-06-26,2019-06-26T20:21:43.000Z,AFTER_CLOSE
PAYX,723531,2019-10-03,2019-10-02T22:41:19.000Z,AFTER_CLOSE
PAYX,723531,2019-12-18,2019-12-18T14:02:15.000Z,BEFORE_OPEN
PAYX,723531,2020-03-25,2020-03-25T12:59:05.000Z,BEFORE_OPEN
PAYX,723531,2020-07-07,2020-07-07T14:02:16.000Z,IN_SESSION
PAYX,723531,2020-10-06,2020-10-06T12:56:12.000Z,BEFORE_OPEN
PAYX,723531,2020-12-23,2020-12-23T13:47:33.000Z,BEFORE_OPEN
PAYX,723531,2021-04-06,2021-04-06T12:53:17.000Z,BEFORE_OPEN
PAYX,723531,2021-06-25,2021-06-25T13:31:59.000Z,IN_SESSION
PAYX,723531,2021-09-30,2021-09-30T12:45:10.000Z,BEFORE_OPEN
PAYX,723531,2021-12-22,2021-12-22T13:37:28.000Z,BEFORE_OPEN
PAYX,723531,2022-03-30,2022-03-30T12:38:05.000Z,BEFORE_OPEN
PAYX,723531,2022-06-29,2022-06-29T12:34:51.000Z,BEFORE_OPEN
PAYX,723531,2022-09-28,2022-09-28T12:35:42.000Z,BEFORE_OPEN
PAYX,723531,2022-12-22,2022-12-22T13:32:31.000Z,BEFORE_OPEN
PAYX,723531,2023-03-29,2023-03-29T12:47:05.000Z,BEFORE_OPEN
PAYX,723531,2023-06-29,2023-06-29T12:38:29.000Z,BEFORE_OPEN
PAYX,723531,2023-09-27,2023-09-27T12:38:30.000Z,BEFORE_OPEN
PAYX,723531,2023-12-21,2023-12-21T13:48:08.000Z,BEFORE_OPEN
PAYX,723531,2024-04-02,2024-04-02T12:49:23.000Z,BEFORE_OPEN
PAYX,723531,2024-06-26,2024-06-26T12:35:34.000Z,BEFORE_OPEN
PAYX,723531,2024-10-01,2024-10-01T12:42:13.000Z,BEFORE_OPEN
PAYX,723531,2024-12-19,2024-12-19T13:40:48.000Z,BEFORE_OPEN
PAYX,723531,2025-03-26,2025-03-26T12:43:11.000Z,BEFORE_OPEN
PAYX,723531,2025-06-25,2025-06-25T12:35:10.000Z,BEFORE_OPEN
PAYX,723531,2025-09-30,2025-09-30T12:41:46.000Z,BEFORE_OPEN
PAYX,723531,2025-12-19,2025-12-19T13:36:17.000Z,BEFORE_OPEN
PAYX,723531,2026-03-25,2026-03-25T12:34:56.000Z,BEFORE_OPEN
PAYX,723531,2026-06-24,2026-06-24T12:38:56.000Z,BEFORE_OPEN
PCAR,75362,2021-07-27,2021-07-27T12:06:31.000Z,BEFORE_OPEN
PCAR,75362,2021-10-26,2021-10-26T12:06:46.000Z,BEFORE_OPEN
PCAR,75362,2022-01-25,2022-01-25T13:06:50.000Z,BEFORE_OPEN
PCAR,75362,2022-04-26,2022-04-26T12:05:22.000Z,BEFORE_OPEN
PCAR,75362,2022-07-26,2022-07-26T12:06:35.000Z,BEFORE_OPEN
PCAR,75362,2022-10-25,2022-10-25T12:05:41.000Z,BEFORE_OPEN
PCAR,75362,2023-01-24,2023-01-24T13:05:32.000Z,BEFORE_OPEN
PCAR,75362,2023-04-25,2023-04-25T12:19:59.000Z,BEFORE_OPEN
PCAR,75362,2023-07-25,2023-07-25T12:06:08.000Z,BEFORE_OPEN
PCAR,75362,2023-10-24,2023-10-24T12:10:13.000Z,BEFORE_OPEN
PCAR,75362,2024-01-23,2024-01-23T13:10:10.000Z,BEFORE_OPEN
PCAR,75362,2024-04-30,2024-04-30T12:10:14.000Z,BEFORE_OPEN
PCAR,75362,2024-07-23,2024-07-23T12:05:16.000Z,BEFORE_OPEN
PCAR,75362,2024-10-22,2024-10-22T12:05:08.000Z,BEFORE_OPEN
PCAR,75362,2025-01-28,2025-01-28T13:05:10.000Z,BEFORE_OPEN
PCAR,75362,2025-04-29,2025-04-29T12:05:13.000Z,BEFORE_OPEN
PCAR,75362,2025-07-22,2025-07-22T12:05:31.000Z,BEFORE_OPEN
PCAR,75362,2025-10-21,2025-10-21T12:05:28.000Z,BEFORE_OPEN
PCAR,75362,2026-01-27,2026-01-27T13:05:28.000Z,BEFORE_OPEN
PCAR,75362,2026-04-28,2026-04-28T12:05:17.000Z,BEFORE_OPEN
PCAR,75362,2026-07-28,2026-07-28T12:05:17.000Z,BEFORE_OPEN
PCG,1004980,2017-11-02,2017-11-02T12:31:06.000Z,BEFORE_OPEN
PCG,1004980,2018-02-09,2018-02-09T13:30:44.000Z,BEFORE_OPEN
PCG,1004980,2018-05-03,2018-05-03T12:31:01.000Z,BEFORE_OPEN
PCG,1004980,2018-07-26,2018-07-26T12:31:02.000Z,BEFORE_OPEN
PCG,1004980,2018-11-05,2018-11-05T13:30:42.000Z,BEFORE_OPEN
PCG,1004980,2019-02-28,2019-02-28T13:32:10.000Z,BEFORE_OPEN
PCG,1004980,2019-05-02,2019-05-02T12:31:02.000Z,BEFORE_OPEN
PCG,1004980,2019-08-09,2019-08-09T12:31:12.000Z,BEFORE_OPEN
PCG,1004980,2019-11-07,2019-11-07T13:38:26.000Z,BEFORE_OPEN
PCG,1004980,2020-02-18,2020-02-18T13:38:43.000Z,BEFORE_OPEN
PCG,1004980,2020-05-01,2020-05-01T12:42:00.000Z,BEFORE_OPEN
PCG,1004980,2020-07-30,2020-07-30T12:37:09.000Z,BEFORE_OPEN
PCG,1004980,2020-10-29,2020-10-29T12:30:38.000Z,BEFORE_OPEN
PCG,1004980,2021-02-25,2021-02-25T13:16:55.000Z,BEFORE_OPEN
PCG,1004980,2021-04-29,2021-04-29T12:11:10.000Z,BEFORE_OPEN
PCG,1004980,2021-07-29,2021-07-29T13:10:12.000Z,BEFORE_OPEN
PCG,1004980,2021-11-01,2021-11-01T12:01:36.000Z,BEFORE_OPEN
PCG,1004980,2022-02-10,2022-02-10T12:54:12.000Z,BEFORE_OPEN
PCG,1004980,2022-04-28,2022-04-28T12:01:53.000Z,BEFORE_OPEN
PCG,1004980,2022-07-28,2022-07-28T11:57:08.000Z,BEFORE_OPEN
PCG,1004980,2022-10-27,2022-10-27T11:54:54.000Z,BEFORE_OPEN
PCG,1004980,2023-02-23,2023-02-23T02:34:55.000Z,AFTER_CLOSE
PCG,1004980,2023-05-04,2023-05-04T00:08:07.000Z,AFTER_CLOSE
PCG,1004980,2023-07-27,2023-07-27T00:33:10.000Z,AFTER_CLOSE
PCG,1004980,2023-10-26,2023-10-26T00:15:45.000Z,AFTER_CLOSE
PCG,1004980,2024-02-22,2024-02-22T02:23:56.000Z,AFTER_CLOSE
PCG,1004980,2024-04-25,2024-04-25T00:39:14.000Z,AFTER_CLOSE
PCG,1004980,2024-07-25,2024-07-24T23:28:45.000Z,AFTER_CLOSE
PCG,1004980,2024-11-07,2024-11-07T00:22:26.000Z,AFTER_CLOSE
PCG,1004980,2025-02-13,2025-02-13T01:40:56.000Z,AFTER_CLOSE
PCG,1004980,2025-04-24,2025-04-24T00:13:52.000Z,AFTER_CLOSE
PCG,1004980,2025-07-31,2025-07-31T00:16:04.000Z,AFTER_CLOSE
PCG,1004980,2025-10-23,2025-10-23T00:30:58.000Z,AFTER_CLOSE
PCG,1004980,2026-02-12,2026-02-12T01:57:06.000Z,AFTER_CLOSE
PCG,1004980,2026-04-23,2026-04-23T00:16:57.000Z,AFTER_CLOSE
PCG,1004980,2026-07-23,2026-07-23T00:21:25.000Z,AFTER_CLOSE
PEG,788784,2016-02-19,2016-02-19T16:12:08.000Z,IN_SESSION
PEG,788784,2016-04-29,2016-04-29T12:26:40.000Z,BEFORE_OPEN
PEG,788784,2016-07-29,2016-07-29T13:00:06.000Z,BEFORE_OPEN
PEG,788784,2016-10-31,2016-10-31T12:31:04.000Z,BEFORE_OPEN
PEG,788784,2017-02-24,2017-02-24T13:40:57.000Z,BEFORE_OPEN
PEG,788784,2017-04-28,2017-04-28T12:34:05.000Z,BEFORE_OPEN
PEG,788784,2017-07-28,2017-07-28T12:21:36.000Z,BEFORE_OPEN
PEG,788784,2017-10-31,2017-10-31T12:20:34.000Z,BEFORE_OPEN
PEG,788784,2018-02-23,2018-02-23T13:31:05.000Z,BEFORE_OPEN
PEG,788784,2018-04-30,2018-04-30T13:02:01.000Z,BEFORE_OPEN
PEG,788784,2018-08-01,2018-08-01T12:33:10.000Z,BEFORE_OPEN
PEG,788784,2018-10-30,2018-10-30T12:39:44.000Z,BEFORE_OPEN
PEG,788784,2019-02-27,2019-02-27T13:31:14.000Z,BEFORE_OPEN
PEG,788784,2019-05-02,2019-05-02T12:51:04.000Z,BEFORE_OPEN
PEG,788784,2019-07-30,2019-07-30T13:00:59.000Z,BEFORE_OPEN
PEG,788784,2019-10-31,2019-10-31T13:00:54.000Z,BEFORE_OPEN
PEG,788784,2020-02-26,2020-02-26T14:04:28.000Z,BEFORE_OPEN
PEG,788784,2020-05-04,2020-05-04T13:01:59.000Z,BEFORE_OPEN
PEG,788784,2020-07-31,2020-07-31T12:42:50.000Z,BEFORE_OPEN
PEG,788784,2020-10-30,2020-10-30T13:01:15.000Z,BEFORE_OPEN
PEG,788784,2021-02-26,2021-02-26T14:01:14.000Z,BEFORE_OPEN
PEG,788784,2021-05-05,2021-05-05T12:47:23.000Z,BEFORE_OPEN
PEG,788784,2021-08-03,2021-08-03T13:02:09.000Z,BEFORE_OPEN
PEG,788784,2021-11-02,2021-11-02T14:02:22.000Z,IN_SESSION
PEG,788784,2022-02-24,2022-02-24T14:01:17.000Z,BEFORE_OPEN
PEG,788784,2022-05-03,2022-05-03T12:50:53.000Z,BEFORE_OPEN
PEG,788784,2022-08-02,2022-08-02T13:03:05.000Z,BEFORE_OPEN
PEG,788784,2022-10-31,2022-10-31T13:01:17.000Z,BEFORE_OPEN
PEG,788784,2023-02-21,2023-02-21T14:00:49.000Z,BEFORE_OPEN
PEG,788784,2023-05-02,2023-05-02T13:03:03.000Z,BEFORE_OPEN
PEG,788784,2023-08-01,2023-08-01T13:00:59.000Z,BEFORE_OPEN
PEG,788784,2023-10-31,2023-10-31T13:00:41.000Z,BEFORE_OPEN
PEG,788784,2024-02-26,2024-02-26T14:02:04.000Z,BEFORE_OPEN
PEG,788784,2024-04-30,2024-04-30T13:01:04.000Z,BEFORE_OPEN
PEG,788784,2024-07-30,2024-07-30T13:01:09.000Z,BEFORE_OPEN
PEG,788784,2024-11-04,2024-11-04T14:00:39.000Z,BEFORE_OPEN
PEG,788784,2025-02-25,2025-02-25T14:00:28.000Z,BEFORE_OPEN
PEG,788784,2025-04-30,2025-04-30T12:30:58.000Z,BEFORE_OPEN
PEG,788784,2025-08-05,2025-08-05T13:01:34.000Z,BEFORE_OPEN
PEG,788784,2025-11-03,2025-11-03T14:03:14.000Z,BEFORE_OPEN
PEG,788784,2026-02-26,2026-02-26T14:01:07.000Z,BEFORE_OPEN
PEG,788784,2026-05-05,2026-05-05T13:00:21.000Z,BEFORE_OPEN
PEG,788784,2026-08-04,2026-08-04T13:00:33.000Z,BEFORE_OPEN
PEP,77476,2015-04-23,2015-04-23T11:04:07.000Z,BEFORE_OPEN
PEP,77476,2015-07-09,2015-07-09T10:35:27.000Z,BEFORE_OPEN
PEP,77476,2015-10-06,2015-10-06T10:38:02.000Z,BEFORE_OPEN
PEP,77476,2016-02-11,2016-02-11T11:53:20.000Z,BEFORE_OPEN
PEP,77476,2016-04-18,2016-04-18T10:44:16.000Z,BEFORE_OPEN
PEP,77476,2016-07-07,2016-07-07T10:38:35.000Z,BEFORE_OPEN
PEP,77476,2016-09-29,2016-09-29T10:35:10.000Z,BEFORE_OPEN
PEP,77476,2017-02-15,2017-02-15T11:33:38.000Z,BEFORE_OPEN
PEP,77476,2017-04-26,2017-04-26T10:09:00.000Z,BEFORE_OPEN
PEP,77476,2017-07-11,2017-07-11T10:00:38.000Z,BEFORE_OPEN
PEP,77476,2017-10-04,2017-10-04T10:02:32.000Z,BEFORE_OPEN
PEP,77476,2018-02-13,2018-02-13T11:04:38.000Z,BEFORE_OPEN
PEP,77476,2018-04-26,2018-04-26T10:06:39.000Z,BEFORE_OPEN
PEP,77476,2018-07-10,2018-07-10T10:05:57.000Z,BEFORE_OPEN
PEP,77476,2018-10-02,2018-10-02T10:07:06.000Z,BEFORE_OPEN
PEP,77476,2019-02-15,2019-02-15T11:03:41.000Z,BEFORE_OPEN
PEP,77476,2019-04-17,2019-04-17T10:05:30.000Z,BEFORE_OPEN
PEP,77476,2019-07-09,2019-07-09T10:12:00.000Z,BEFORE_OPEN
PEP,77476,2019-10-03,2019-10-03T10:08:09.000Z,BEFORE_OPEN
PEP,77476,2020-02-13,2020-02-13T11:11:27.000Z,BEFORE_OPEN
PEP,77476,2020-04-28,2020-04-28T10:06:10.000Z,BEFORE_OPEN
PEP,77476,2020-07-13,2020-07-13T10:05:32.000Z,BEFORE_OPEN
PEP,77476,2020-10-01,2020-09-30T21:56:12.000Z,AFTER_CLOSE
PEP,77476,2021-02-11,2021-02-10T22:47:08.000Z,AFTER_CLOSE
PEP,77476,2021-04-15,2021-04-14T21:45:59.000Z,AFTER_CLOSE
PEP,77476,2021-07-13,2021-07-12T21:41:41.000Z,AFTER_CLOSE
PEP,77476,2021-10-05,2021-10-04T21:42:45.000Z,AFTER_CLOSE
PEP,77476,2022-02-10,2022-02-09T23:06:30.000Z,AFTER_CLOSE
PEP,77476,2022-04-26,2022-04-25T21:54:31.000Z,AFTER_CLOSE
PEP,77476,2022-07-12,2022-07-11T22:02:10.000Z,AFTER_CLOSE
PEP,77476,2022-10-12,2022-10-11T22:01:19.000Z,AFTER_CLOSE
PEP,77476,2023-02-09,2023-02-08T23:10:52.000Z,AFTER_CLOSE
PEP,77476,2023-04-25,2023-04-24T22:00:56.000Z,AFTER_CLOSE
PEP,77476,2023-07-13,2023-07-12T22:12:15.000Z,AFTER_CLOSE
PEP,77476,2023-10-10,2023-10-10T10:05:29.000Z,BEFORE_OPEN
PEP,77476,2024-02-09,2024-02-08T23:01:49.000Z,AFTER_CLOSE
PEP,77476,2024-04-23,2024-04-22T21:59:24.000Z,AFTER_CLOSE
PEP,77476,2024-07-11,2024-07-10T21:53:51.000Z,AFTER_CLOSE
PEP,77476,2024-10-08,2024-10-07T21:49:45.000Z,AFTER_CLOSE
PEP,77476,2025-02-04,2025-02-03T23:23:44.000Z,AFTER_CLOSE
PEP,77476,2025-04-24,2025-04-23T22:13:29.000Z,AFTER_CLOSE
PEP,77476,2025-07-17,2025-07-16T22:11:14.000Z,AFTER_CLOSE
PEP,77476,2025-10-09,2025-10-08T23:16:09.000Z,AFTER_CLOSE
PEP,77476,2026-02-03,2026-02-02T23:12:16.000Z,AFTER_CLOSE
PEP,77476,2026-04-16,2026-04-15T22:01:12.000Z,AFTER_CLOSE
PEP,77476,2026-07-09,2026-07-08T21:55:54.000Z,AFTER_CLOSE
PFE,78003,2021-05-04,2021-05-04T12:15:30.000Z,BEFORE_OPEN
PFE,78003,2021-07-28,2021-07-28T12:04:28.000Z,BEFORE_OPEN
PFE,78003,2021-11-02,2021-11-02T12:25:52.000Z,BEFORE_OPEN
PFE,78003,2022-02-08,2022-02-08T13:53:53.000Z,BEFORE_OPEN
PFE,78003,2022-04-20,2022-04-20T20:41:43.000Z,AFTER_CLOSE
PFE,78003,2022-05-03,2022-05-03T12:08:57.000Z,BEFORE_OPEN
PFE,78003,2022-07-28,2022-07-28T12:09:00.000Z,BEFORE_OPEN
PFE,78003,2022-11-01,2022-11-01T12:11:28.000Z,BEFORE_OPEN
PFE,78003,2023-01-31,2023-01-31T13:11:36.000Z,BEFORE_OPEN
PFE,78003,2023-05-02,2023-05-02T12:05:53.000Z,BEFORE_OPEN
PFE,78003,2023-08-01,2023-08-01T12:09:25.000Z,BEFORE_OPEN
PFE,78003,2023-10-13,2023-10-13T21:30:20.000Z,AFTER_CLOSE
PFE,78003,2023-10-31,2023-10-31T12:04:50.000Z,BEFORE_OPEN
PFE,78003,2023-12-14,2023-12-14T12:51:03.000Z,BEFORE_OPEN
PFE,78003,2024-01-30,2024-01-30T13:04:28.000Z,BEFORE_OPEN
PFE,78003,2024-05-01,2024-05-01T12:11:26.000Z,BEFORE_OPEN
PFE,78003,2024-07-30,2024-07-30T12:04:27.000Z,BEFORE_OPEN
PFE,78003,2024-10-29,2024-10-29T12:06:28.000Z,BEFORE_OPEN
PFE,78003,2025-02-04,2025-02-04T13:11:20.000Z,BEFORE_OPEN
PFE,78003,2025-04-29,2025-04-29T12:02:49.000Z,BEFORE_OPEN
PFE,78003,2025-08-05,2025-08-05T11:08:22.000Z,BEFORE_OPEN
PFE,78003,2025-11-04,2025-11-04T12:00:28.000Z,BEFORE_OPEN
PFE,78003,2026-02-03,2026-02-03T12:01:37.000Z,BEFORE_OPEN
PFE,78003,2026-05-05,2026-05-05T11:01:20.000Z,BEFORE_OPEN
PFE,78003,2026-08-04,2026-08-04T11:02:43.000Z,BEFORE_OPEN
PFG,1126328,2021-04-27,2021-04-27T20:16:01.000Z,AFTER_CLOSE
PFG,1126328,2021-07-27,2021-07-27T20:47:41.000Z,AFTER_CLOSE
PFG,1126328,2021-10-26,2021-10-26T20:15:53.000Z,AFTER_CLOSE
PFG,1126328,2022-02-07,2022-02-07T21:19:03.000Z,AFTER_CLOSE
PFG,1126328,2022-04-28,2022-04-28T20:18:42.000Z,AFTER_CLOSE
PFG,1126328,2022-08-08,2022-08-08T20:16:25.000Z,AFTER_CLOSE
PFG,1126328,2022-10-27,2022-10-27T20:16:25.000Z,AFTER_CLOSE
PFG,1126328,2023-01-30,2023-01-30T21:30:46.000Z,AFTER_CLOSE
PFG,1126328,2023-04-27,2023-04-27T20:18:56.000Z,AFTER_CLOSE
PFG,1126328,2023-07-27,2023-07-27T20:15:27.000Z,AFTER_CLOSE
PFG,1126328,2023-10-26,2023-10-26T20:16:11.000Z,AFTER_CLOSE
PFG,1126328,2024-02-12,2024-02-12T21:16:55.000Z,AFTER_CLOSE
PFG,1126328,2024-04-25,2024-04-25T21:19:43.000Z,AFTER_CLOSE
PFG,1126328,2024-07-25,2024-07-25T20:20:20.000Z,AFTER_CLOSE
PFG,1126328,2024-10-24,2024-10-24T20:17:32.000Z,AFTER_CLOSE
PFG,1126328,2025-02-06,2025-02-06T21:46:44.000Z,AFTER_CLOSE
PFG,1126328,2025-04-24,2025-04-24T20:35:15.000Z,AFTER_CLOSE
PFG,1126328,2025-07-28,2025-07-28T21:05:41.000Z,AFTER_CLOSE
PFG,1126328,2025-10-27,2025-10-27T20:31:59.000Z,AFTER_CLOSE
PFG,1126328,2026-02-09,2026-02-09T21:20:05.000Z,AFTER_CLOSE
PFG,1126328,2026-04-23,2026-04-23T20:05:29.000Z,AFTER_CLOSE
PFG,1126328,2026-07-27,2026-07-27T20:10:05.000Z,AFTER_CLOSE
PG,80424,2022-04-20,2022-04-20T11:02:28.000Z,BEFORE_OPEN
PG,80424,2022-07-29,2022-07-29T11:05:59.000Z,BEFORE_OPEN
PG,80424,2022-10-19,2022-10-19T11:01:52.000Z,BEFORE_OPEN
PG,80424,2023-01-19,2023-01-19T12:01:48.000Z,BEFORE_OPEN
PG,80424,2023-04-21,2023-04-21T11:00:39.000Z,BEFORE_OPEN
PG,80424,2023-07-28,2023-07-28T11:02:06.000Z,BEFORE_OPEN
PG,80424,2023-10-18,2023-10-18T10:58:25.000Z,BEFORE_OPEN
PG,80424,2024-01-23,2024-01-23T12:02:16.000Z,BEFORE_OPEN
PG,80424,2024-04-19,2024-04-19T10:59:33.000Z,BEFORE_OPEN
PG,80424,2024-07-30,2024-07-30T11:01:57.000Z,BEFORE_OPEN
PG,80424,2024-10-18,2024-10-18T11:02:32.000Z,BEFORE_OPEN
PG,80424,2025-01-22,2025-01-22T12:06:32.000Z,BEFORE_OPEN
PG,80424,2025-04-24,2025-04-24T11:02:49.000Z,BEFORE_OPEN
PG,80424,2025-07-29,2025-07-29T11:03:15.000Z,BEFORE_OPEN
PG,80424,2025-10-24,2025-10-24T11:04:27.000Z,BEFORE_OPEN
PG,80424,2026-01-22,2026-01-22T12:02:05.000Z,BEFORE_OPEN
PG,80424,2026-04-24,2026-04-24T11:01:47.000Z,BEFORE_OPEN
PG,80424,2026-07-29,2026-07-29T11:03:12.000Z,BEFORE_OPEN
PGR,80661,2022-07-15,2022-07-15T12:34:51.000Z,BEFORE_OPEN
PGR,80661,2022-10-13,2022-10-13T12:54:46.000Z,BEFORE_OPEN
PGR,80661,2023-01-25,2023-01-25T14:04:10.000Z,BEFORE_OPEN
PGR,80661,2023-04-13,2023-04-13T13:26:35.000Z,BEFORE_OPEN
PGR,80661,2023-07-13,2023-07-13T14:44:12.000Z,IN_SESSION
PGR,80661,2023-10-13,2023-10-13T16:01:59.000Z,IN_SESSION
PGR,80661,2024-01-24,2024-01-24T13:41:13.000Z,BEFORE_OPEN
PGR,80661,2024-04-12,2024-04-12T13:01:17.000Z,BEFORE_OPEN
PGR,80661,2024-07-16,2024-07-16T12:34:21.000Z,BEFORE_OPEN
PGR,80661,2024-10-15,2024-10-15T12:39:09.000Z,BEFORE_OPEN
PGR,80661,2025-01-29,2025-01-29T17:12:30.000Z,IN_SESSION
PGR,80661,2025-04-16,2025-04-16T13:15:38.000Z,BEFORE_OPEN
PGR,80661,2025-07-16,2025-07-16T12:37:13.000Z,BEFORE_OPEN
PGR,80661,2025-10-15,2025-10-15T12:40:55.000Z,BEFORE_OPEN
PGR,80661,2026-01-28,2026-01-28T19:49:04.000Z,IN_SESSION
PGR,80661,2026-04-15,2026-04-15T12:44:08.000Z,BEFORE_OPEN
PGR,80661,2026-07-15,2026-07-15T13:50:55.000Z,IN_SESSION
PH,76334,2017-11-02,2017-11-02T13:08:30.000Z,BEFORE_OPEN
PH,76334,2018-02-01,2018-02-01T14:29:55.000Z,BEFORE_OPEN
PH,76334,2018-04-26,2018-04-26T13:18:42.000Z,BEFORE_OPEN
PH,76334,2018-08-02,2018-08-02T13:20:23.000Z,BEFORE_OPEN
PH,76334,2018-11-01,2018-11-01T12:45:47.000Z,BEFORE_OPEN
PH,76334,2019-01-31,2019-01-31T13:36:48.000Z,BEFORE_OPEN
PH,76334,2019-05-02,2019-05-02T12:45:58.000Z,BEFORE_OPEN
PH,76334,2019-08-01,2019-08-01T12:26:21.000Z,BEFORE_OPEN
PH,76334,2019-10-31,2019-10-31T13:32:33.000Z,IN_SESSION
PH,76334,2020-01-30,2020-01-30T13:29:42.000Z,BEFORE_OPEN
PH,76334,2020-04-30,2020-04-30T12:32:12.000Z,BEFORE_OPEN
PH,76334,2020-08-06,2020-08-06T12:26:54.000Z,BEFORE_OPEN
PH,76334,2020-11-05,2020-11-05T13:23:27.000Z,BEFORE_OPEN
PH,76334,2021-02-04,2021-02-04T13:35:08.000Z,BEFORE_OPEN
PH,76334,2021-04-29,2021-04-29T12:34:51.000Z,BEFORE_OPEN
PH,76334,2021-08-05,2021-08-05T12:29:57.000Z,BEFORE_OPEN
PH,76334,2021-11-04,2021-11-04T12:30:57.000Z,BEFORE_OPEN
PH,76334,2022-02-03,2022-02-03T13:25:21.000Z,BEFORE_OPEN
PH,76334,2022-05-05,2022-05-05T12:35:40.000Z,BEFORE_OPEN
PH,76334,2022-08-04,2022-08-04T12:23:35.000Z,BEFORE_OPEN
PH,76334,2022-11-03,2022-11-03T12:09:25.000Z,BEFORE_OPEN
PH,76334,2023-02-02,2023-02-02T12:36:10.000Z,BEFORE_OPEN
PH,76334,2023-05-04,2023-05-04T11:54:54.000Z,BEFORE_OPEN
PH,76334,2023-08-03,2023-08-03T12:08:41.000Z,BEFORE_OPEN
PH,76334,2023-11-02,2023-11-02T11:48:25.000Z,BEFORE_OPEN
PH,76334,2024-02-01,2024-02-01T13:00:50.000Z,BEFORE_OPEN
PH,76334,2024-05-02,2024-05-02T11:53:55.000Z,BEFORE_OPEN
PH,76334,2024-08-08,2024-08-08T11:45:11.000Z,BEFORE_OPEN
PH,76334,2024-10-31,2024-10-31T11:41:30.000Z,BEFORE_OPEN
PH,76334,2025-01-30,2025-01-30T12:41:18.000Z,BEFORE_OPEN
PH,76334,2025-05-01,2025-05-01T11:49:22.000Z,BEFORE_OPEN
PH,76334,2025-08-07,2025-08-07T12:01:11.000Z,BEFORE_OPEN
PH,76334,2025-11-06,2025-11-06T12:56:00.000Z,BEFORE_OPEN
PH,76334,2026-01-29,2026-01-29T12:59:12.000Z,BEFORE_OPEN
PH,76334,2026-04-30,2026-04-30T11:59:50.000Z,BEFORE_OPEN
PH,76334,2026-08-06,2026-08-06T11:59:23.000Z,BEFORE_OPEN
PHM,822416,2011-07-28,2011-07-28T11:40:50.000Z,BEFORE_OPEN
PHM,822416,2011-10-27,2011-10-27T11:35:40.000Z,BEFORE_OPEN
PHM,822416,2012-02-02,2012-02-02T12:21:16.000Z,BEFORE_OPEN
PHM,822416,2012-04-26,2012-04-26T11:13:27.000Z,BEFORE_OPEN
PHM,822416,2012-07-26,2012-07-26T11:02:04.000Z,BEFORE_OPEN
PHM,822416,2012-10-25,2012-10-25T11:13:54.000Z,BEFORE_OPEN
PHM,822416,2013-01-31,2013-01-31T12:34:39.000Z,BEFORE_OPEN
PHM,822416,2013-04-25,2013-04-25T11:35:28.000Z,BEFORE_OPEN
PHM,822416,2013-07-25,2013-07-25T11:18:33.000Z,BEFORE_OPEN
PHM,822416,2013-10-24,2013-10-24T11:28:20.000Z,BEFORE_OPEN
PHM,822416,2014-01-30,2014-01-30T12:18:35.000Z,BEFORE_OPEN
PHM,822416,2014-04-24,2014-04-24T11:38:05.000Z,BEFORE_OPEN
PHM,822416,2014-07-24,2014-07-24T11:10:54.000Z,BEFORE_OPEN
PHM,822416,2014-10-23,2014-10-23T11:26:11.000Z,BEFORE_OPEN
PHM,822416,2015-01-29,2015-01-29T12:20:07.000Z,BEFORE_OPEN
PHM,822416,2015-04-23,2015-04-23T11:14:21.000Z,BEFORE_OPEN
PHM,822416,2015-07-23,2015-07-23T11:17:25.000Z,BEFORE_OPEN
PHM,822416,2015-10-22,2015-10-22T10:43:25.000Z,BEFORE_OPEN
PHM,822416,2016-01-28,2016-01-28T11:53:20.000Z,BEFORE_OPEN
PHM,822416,2016-04-21,2016-04-21T11:16:13.000Z,BEFORE_OPEN
PHM,822416,2016-07-21,2016-07-21T11:00:30.000Z,BEFORE_OPEN
PHM,822416,2016-10-20,2016-10-20T10:55:09.000Z,BEFORE_OPEN
PHM,822416,2017-01-26,2017-01-26T12:37:54.000Z,BEFORE_OPEN
PHM,822416,2017-04-25,2017-04-25T11:13:34.000Z,BEFORE_OPEN
PHM,822416,2017-07-25,2017-07-25T11:06:58.000Z,BEFORE_OPEN
PHM,822416,2017-10-24,2017-10-24T11:01:24.000Z,BEFORE_OPEN
PHM,822416,2018-01-30,2018-01-30T12:31:15.000Z,BEFORE_OPEN
PHM,822416,2018-04-24,2018-04-24T11:02:01.000Z,BEFORE_OPEN
PHM,822416,2018-07-26,2018-07-26T11:37:53.000Z,BEFORE_OPEN
PHM,822416,2018-10-23,2018-10-23T11:26:17.000Z,BEFORE_OPEN
PHM,822416,2019-01-29,2019-01-29T12:23:51.000Z,BEFORE_OPEN
PHM,822416,2019-04-23,2019-04-23T11:52:19.000Z,BEFORE_OPEN
PHM,822416,2019-07-23,2019-07-23T12:02:51.000Z,BEFORE_OPEN
PHM,822416,2019-10-22,2019-10-22T11:53:51.000Z,BEFORE_OPEN
PHM,822416,2020-01-28,2020-01-28T12:50:41.000Z,BEFORE_OPEN
PHM,822416,2020-04-23,2020-04-23T11:49:15.000Z,BEFORE_OPEN
PHM,822416,2020-07-23,2020-07-23T11:48:49.000Z,BEFORE_OPEN
PHM,822416,2020-10-22,2020-10-22T11:57:07.000Z,BEFORE_OPEN
PHM,822416,2021-01-28,2021-01-28T13:07:02.000Z,BEFORE_OPEN
PHM,822416,2021-04-27,2021-04-27T12:28:56.000Z,BEFORE_OPEN
PHM,822416,2021-07-27,2021-07-27T11:56:12.000Z,BEFORE_OPEN
PHM,822416,2021-10-26,2021-10-26T11:52:51.000Z,BEFORE_OPEN
PHM,822416,2022-02-01,2022-02-01T12:57:27.000Z,BEFORE_OPEN
PHM,822416,2022-04-28,2022-04-28T11:46:17.000Z,BEFORE_OPEN
PHM,822416,2022-07-26,2022-07-26T12:01:48.000Z,BEFORE_OPEN
PHM,822416,2022-10-25,2022-10-25T12:12:14.000Z,BEFORE_OPEN
PHM,822416,2023-01-31,2023-01-31T12:45:05.000Z,BEFORE_OPEN
PHM,822416,2023-04-25,2023-04-25T11:52:29.000Z,BEFORE_OPEN
PHM,822416,2023-07-25,2023-07-25T11:41:38.000Z,BEFORE_OPEN
PHM,822416,2023-10-24,2023-10-24T11:41:56.000Z,BEFORE_OPEN
PHM,822416,2024-01-30,2024-01-30T12:41:52.000Z,BEFORE_OPEN
PHM,822416,2024-04-23,2024-04-23T11:33:49.000Z,BEFORE_OPEN
PHM,822416,2024-07-23,2024-07-23T11:34:11.000Z,BEFORE_OPEN
PHM,822416,2024-10-22,2024-10-22T11:37:11.000Z,BEFORE_OPEN
PHM,822416,2025-01-30,2025-01-30T12:49:32.000Z,BEFORE_OPEN
PHM,822416,2025-04-22,2025-04-22T11:38:47.000Z,BEFORE_OPEN
PHM,822416,2025-07-22,2025-07-22T11:20:10.000Z,BEFORE_OPEN
PHM,822416,2025-10-21,2025-10-21T11:27:47.000Z,BEFORE_OPEN
PHM,822416,2026-01-29,2026-01-29T12:21:01.000Z,BEFORE_OPEN
PHM,822416,2026-04-23,2026-04-23T11:18:47.000Z,BEFORE_OPEN
PHM,822416,2026-07-22,2026-07-22T11:31:32.000Z,BEFORE_OPEN
PLD,1045609,2019-04-16,2019-04-16T12:19:20.000Z,BEFORE_OPEN
PLD,1045609,2019-07-16,2019-07-15T23:54:33.000Z,AFTER_CLOSE
PLD,1045609,2019-10-15,2019-10-15T12:07:36.000Z,BEFORE_OPEN
PLD,1045609,2020-01-22,2020-01-22T13:06:04.000Z,BEFORE_OPEN
PLD,1045609,2020-04-21,2020-04-21T12:06:24.000Z,BEFORE_OPEN
PLD,1045609,2020-07-21,2020-07-21T11:51:04.000Z,BEFORE_OPEN
PLD,1045609,2020-10-20,2020-10-20T12:06:15.000Z,BEFORE_OPEN
PLD,1045609,2021-01-26,2021-01-26T16:09:37.000Z,IN_SESSION
PLD,1045609,2021-04-19,2021-04-19T12:06:53.000Z,BEFORE_OPEN
PLD,1045609,2021-07-19,2021-07-19T12:12:04.000Z,BEFORE_OPEN
PLD,1045609,2021-10-15,2021-10-15T12:10:56.000Z,BEFORE_OPEN
PLD,1045609,2022-01-19,2022-01-19T13:06:01.000Z,BEFORE_OPEN
PLD,1045609,2022-04-19,2022-04-19T12:05:55.000Z,BEFORE_OPEN
PLD,1045609,2022-07-18,2022-07-18T12:06:01.000Z,BEFORE_OPEN
PLD,1045609,2022-10-19,2022-10-19T12:07:09.000Z,BEFORE_OPEN
PLD,1045609,2023-01-18,2023-01-18T13:05:46.000Z,BEFORE_OPEN
PLD,1045609,2023-04-18,2023-04-18T12:06:24.000Z,BEFORE_OPEN
PLD,1045609,2023-07-18,2023-07-18T12:06:27.000Z,BEFORE_OPEN
PLD,1045609,2023-10-17,2023-10-17T12:05:29.000Z,BEFORE_OPEN
PLD,1045609,2024-01-17,2024-01-17T13:05:29.000Z,BEFORE_OPEN
PLD,1045609,2024-04-17,2024-04-17T12:05:29.000Z,BEFORE_OPEN
PLD,1045609,2024-07-17,2024-07-17T12:05:29.000Z,BEFORE_OPEN
PLD,1045609,2024-10-16,2024-10-16T12:05:23.000Z,BEFORE_OPEN
PLD,1045609,2025-01-21,2025-01-21T13:05:23.000Z,BEFORE_OPEN
PLD,1045609,2025-04-16,2025-04-16T12:05:34.000Z,BEFORE_OPEN
PLD,1045609,2025-07-16,2025-07-16T12:05:37.000Z,BEFORE_OPEN
PLD,1045609,2025-10-15,2025-10-15T12:05:52.000Z,BEFORE_OPEN
PLD,1045609,2026-01-21,2026-01-21T13:06:29.000Z,BEFORE_OPEN
PLD,1045609,2026-04-16,2026-04-16T12:05:30.000Z,BEFORE_OPEN
PLD,1045609,2026-07-16,2026-07-16T12:05:27.000Z,BEFORE_OPEN
PLTR,1321655,2020-11-12,2020-11-12T21:16:00.000Z,AFTER_CLOSE
PLTR,1321655,2021-02-16,2021-02-16T12:15:52.000Z,BEFORE_OPEN
PLTR,1321655,2021-05-11,2021-05-11T11:10:51.000Z,BEFORE_OPEN
PLTR,1321655,2021-08-12,2021-08-12T12:05:49.000Z,BEFORE_OPEN
PLTR,1321655,2021-11-09,2021-11-09T12:05:36.000Z,BEFORE_OPEN
PLTR,1321655,2022-02-17,2022-02-17T11:10:54.000Z,BEFORE_OPEN
PLTR,1321655,2022-05-09,2022-05-09T11:05:06.000Z,BEFORE_OPEN
PLTR,1321655,2022-08-08,2022-08-08T11:06:04.000Z,BEFORE_OPEN
PLTR,1321655,2022-11-07,2022-11-07T12:07:42.000Z,BEFORE_OPEN
PLTR,1321655,2023-02-13,2023-02-13T21:12:10.000Z,AFTER_CLOSE
PLTR,1321655,2023-05-08,2023-05-08T20:08:36.000Z,AFTER_CLOSE
PLTR,1321655,2023-08-07,2023-08-07T20:07:02.000Z,AFTER_CLOSE
PLTR,1321655,2023-11-02,2023-11-02T11:02:29.000Z,BEFORE_OPEN
PLTR,1321655,2024-02-05,2024-02-05T21:07:25.000Z,AFTER_CLOSE
PLTR,1321655,2024-05-06,2024-05-06T20:06:05.000Z,AFTER_CLOSE
PLTR,1321655,2024-08-05,2024-08-05T20:08:01.000Z,AFTER_CLOSE
PLTR,1321655,2024-11-04,2024-11-04T21:07:10.000Z,AFTER_CLOSE
PLTR,1321655,2025-02-03,2025-02-03T21:07:17.000Z,AFTER_CLOSE
PLTR,1321655,2025-05-05,2025-05-05T20:07:18.000Z,AFTER_CLOSE
PLTR,1321655,2025-08-04,2025-08-04T20:07:52.000Z,AFTER_CLOSE
PLTR,1321655,2025-11-03,2025-11-03T21:06:20.000Z,AFTER_CLOSE
PLTR,1321655,2026-02-02,2026-02-02T21:06:08.000Z,AFTER_CLOSE
PLTR,1321655,2026-05-04,2026-05-04T20:06:32.000Z,AFTER_CLOSE
PLTR,1321655,2026-08-03,2026-08-03T20:06:14.000Z,AFTER_CLOSE
PM,1413329,2018-02-08,2018-02-08T14:05:51.000Z,BEFORE_OPEN
PM,1413329,2018-04-19,2018-04-19T13:04:58.000Z,BEFORE_OPEN
PM,1413329,2018-07-19,2018-07-19T13:05:31.000Z,BEFORE_OPEN
PM,1413329,2018-10-18,2018-10-18T13:07:17.000Z,BEFORE_OPEN
PM,1413329,2019-02-07,2019-02-07T18:03:39.000Z,IN_SESSION
PM,1413329,2019-04-18,2019-04-18T13:05:21.000Z,BEFORE_OPEN
PM,1413329,2019-07-18,2019-07-18T13:02:11.000Z,BEFORE_OPEN
PM,1413329,2019-10-17,2019-10-17T13:03:55.000Z,BEFORE_OPEN
PM,1413329,2020-02-06,2020-02-06T14:06:20.000Z,BEFORE_OPEN
PM,1413329,2020-04-21,2020-04-21T13:13:12.000Z,BEFORE_OPEN
PM,1413329,2020-07-21,2020-07-21T13:02:05.000Z,BEFORE_OPEN
PM,1413329,2020-10-20,2020-10-20T13:03:36.000Z,BEFORE_OPEN
PM,1413329,2021-02-04,2021-02-04T15:32:25.000Z,IN_SESSION
PM,1413329,2021-04-20,2021-04-20T13:03:50.000Z,BEFORE_OPEN
PM,1413329,2021-07-20,2021-07-20T13:05:42.000Z,BEFORE_OPEN
PM,1413329,2021-10-19,2021-10-19T13:03:57.000Z,BEFORE_OPEN
PM,1413329,2022-02-10,2022-02-10T14:05:13.000Z,BEFORE_OPEN
PM,1413329,2022-04-21,2022-04-21T11:25:52.000Z,BEFORE_OPEN
PM,1413329,2022-07-21,2022-07-21T11:04:30.000Z,BEFORE_OPEN
PM,1413329,2022-10-20,2022-10-20T11:02:17.000Z,BEFORE_OPEN
PM,1413329,2023-02-09,2023-02-09T12:03:51.000Z,BEFORE_OPEN
PM,1413329,2023-04-20,2023-04-20T11:02:28.000Z,BEFORE_OPEN
PM,1413329,2023-07-20,2023-07-20T11:02:56.000Z,BEFORE_OPEN
PM,1413329,2023-10-19,2023-10-19T11:07:05.000Z,BEFORE_OPEN
PM,1413329,2024-02-08,2024-02-08T12:02:48.000Z,BEFORE_OPEN
PM,1413329,2024-04-23,2024-04-23T11:03:27.000Z,BEFORE_OPEN
PM,1413329,2024-07-23,2024-07-23T11:05:18.000Z,BEFORE_OPEN
PM,1413329,2024-10-22,2024-10-22T11:01:37.000Z,BEFORE_OPEN
PM,1413329,2025-02-06,2025-02-06T12:03:08.000Z,BEFORE_OPEN
PM,1413329,2025-04-23,2025-04-23T11:05:19.000Z,BEFORE_OPEN
PM,1413329,2025-07-22,2025-07-22T11:03:11.000Z,BEFORE_OPEN
PM,1413329,2025-10-21,2025-10-21T11:03:32.000Z,BEFORE_OPEN
PM,1413329,2026-02-06,2026-02-06T12:02:32.000Z,BEFORE_OPEN
PM,1413329,2026-04-22,2026-04-22T11:02:41.000Z,BEFORE_OPEN
PM,1413329,2026-07-22,2026-07-22T11:02:12.000Z,BEFORE_OPEN
PNC,713676,2021-07-14,2021-07-14T15:56:15.000Z,IN_SESSION
PNC,713676,2021-07-14,2021-07-14T10:50:12.000Z,BEFORE_OPEN
PNC,713676,2021-10-15,2021-10-15T15:16:59.000Z,IN_SESSION
PNC,713676,2021-10-15,2021-10-15T10:47:28.000Z,BEFORE_OPEN
PNC,713676,2022-01-18,2022-01-18T16:22:28.000Z,IN_SESSION
PNC,713676,2022-01-18,2022-01-18T11:54:34.000Z,BEFORE_OPEN
PNC,713676,2022-04-14,2022-04-14T19:05:36.000Z,IN_SESSION
PNC,713676,2022-04-14,2022-04-14T10:55:06.000Z,BEFORE_OPEN
PNC,713676,2022-07-15,2022-07-15T15:04:42.000Z,IN_SESSION
PNC,713676,2022-07-15,2022-07-15T10:39:34.000Z,BEFORE_OPEN
PNC,713676,2022-10-14,2022-10-14T10:41:46.000Z,BEFORE_OPEN
PNC,713676,2022-11-03,2022-11-03T19:07:14.000Z,IN_SESSION
PNC,713676,2023-01-18,2023-01-18T11:38:14.000Z,BEFORE_OPEN
PNC,713676,2023-04-14,2023-04-14T10:45:57.000Z,BEFORE_OPEN
PNC,713676,2023-07-18,2023-07-18T10:41:14.000Z,BEFORE_OPEN
PNC,713676,2023-10-13,2023-10-13T10:55:05.000Z,BEFORE_OPEN
PNC,713676,2023-12-05,2023-12-05T20:08:58.000Z,IN_SESSION
PNC,713676,2024-01-16,2024-01-16T11:45:45.000Z,BEFORE_OPEN
PNC,713676,2024-03-05,2024-03-05T18:57:34.000Z,IN_SESSION
PNC,713676,2024-04-16,2024-04-16T10:35:15.000Z,BEFORE_OPEN
PNC,713676,2024-07-16,2024-07-16T10:39:07.000Z,BEFORE_OPEN
PNC,713676,2024-10-15,2024-10-15T10:44:55.000Z,BEFORE_OPEN
PNC,713676,2024-11-08,2024-11-08T19:15:28.000Z,IN_SESSION
PNC,713676,2025-01-16,2025-01-16T11:32:00.000Z,BEFORE_OPEN
PNC,713676,2025-04-15,2025-04-15T10:46:28.000Z,BEFORE_OPEN
PNC,713676,2025-07-16,2025-07-16T10:41:47.000Z,BEFORE_OPEN
PNC,713676,2025-10-15,2025-10-15T10:39:58.000Z,BEFORE_OPEN
PNC,713676,2025-11-07,2025-11-07T16:32:32.000Z,IN_SESSION
PNC,713676,2026-01-16,2026-01-16T11:37:11.000Z,BEFORE_OPEN
PNC,713676,2026-04-15,2026-04-15T10:39:50.000Z,BEFORE_OPEN
PNC,713676,2026-07-15,2026-07-15T10:40:23.000Z,BEFORE_OPEN
PPG,79879,2023-01-19,2023-01-19T21:40:48.000Z,AFTER_CLOSE
PPG,79879,2023-04-03,2023-04-03T14:01:01.000Z,IN_SESSION
PPG,79879,2023-04-20,2023-04-20T20:41:19.000Z,AFTER_CLOSE
PPG,79879,2023-07-20,2023-07-20T20:50:09.000Z,AFTER_CLOSE
PPG,79879,2023-10-18,2023-10-18T20:21:01.000Z,AFTER_CLOSE
PPG,79879,2024-01-18,2024-01-18T21:16:53.000Z,AFTER_CLOSE
PPG,79879,2024-04-18,2024-04-18T20:12:50.000Z,AFTER_CLOSE
PPG,79879,2024-07-18,2024-07-18T20:21:32.000Z,AFTER_CLOSE
PPG,79879,2024-10-16,2024-10-16T20:13:16.000Z,AFTER_CLOSE
PPG,79879,2025-01-31,2025-01-30T23:36:34.000Z,AFTER_CLOSE
PPG,79879,2025-04-29,2025-04-29T20:24:16.000Z,AFTER_CLOSE
PPG,79879,2025-07-29,2025-07-29T20:21:35.000Z,AFTER_CLOSE
PPG,79879,2025-10-28,2025-10-28T20:11:19.000Z,AFTER_CLOSE
PPG,79879,2026-01-27,2026-01-27T21:42:03.000Z,AFTER_CLOSE
PPG,79879,2026-04-15,2026-04-15T20:23:46.000Z,AFTER_CLOSE
PPG,79879,2026-04-28,2026-04-28T20:13:14.000Z,AFTER_CLOSE
PPG,79879,2026-07-28,2026-07-28T20:26:42.000Z,AFTER_CLOSE
PPL,922224,2018-02-22,2018-02-22T17:18:11.000Z,IN_SESSION
PPL,922224,2018-02-22,2018-02-22T12:24:57.000Z,BEFORE_OPEN
PPL,922224,2018-05-03,2018-05-03T12:44:11.000Z,BEFORE_OPEN
PPL,922224,2018-08-07,2018-08-07T12:11:51.000Z,BEFORE_OPEN
PPL,922224,2018-11-01,2018-11-01T12:25:39.000Z,BEFORE_OPEN
PPL,922224,2019-02-14,2019-02-14T17:35:29.000Z,IN_SESSION
PPL,922224,2019-02-14,2019-02-14T12:48:28.000Z,BEFORE_OPEN
PPL,922224,2019-05-02,2019-05-02T12:05:03.000Z,BEFORE_OPEN
PPL,922224,2019-08-06,2019-08-06T12:24:07.000Z,BEFORE_OPEN
PPL,922224,2019-11-05,2019-11-05T13:41:25.000Z,BEFORE_OPEN
PPL,922224,2020-02-14,2020-02-14T21:28:24.000Z,AFTER_CLOSE
PPL,922224,2020-02-14,2020-02-14T13:30:11.000Z,BEFORE_OPEN
PPL,922224,2020-05-08,2020-05-08T14:21:42.000Z,IN_SESSION
PPL,922224,2020-08-10,2020-08-10T12:31:44.000Z,BEFORE_OPEN
PPL,922224,2020-11-05,2020-11-05T13:10:52.000Z,BEFORE_OPEN
PPL,922224,2021-02-18,2021-02-18T19:04:05.000Z,IN_SESSION
PPL,922224,2021-02-18,2021-02-18T13:19:38.000Z,BEFORE_OPEN
PPL,922224,2021-05-06,2021-05-06T12:09:39.000Z,BEFORE_OPEN
PPL,922224,2021-08-05,2021-08-05T12:08:31.000Z,BEFORE_OPEN
PPL,922224,2021-11-04,2021-11-04T12:13:28.000Z,BEFORE_OPEN
PPL,922224,2022-05-05,2022-05-05T12:15:20.000Z,BEFORE_OPEN
PPL,922224,2022-08-03,2022-08-03T12:12:10.000Z,BEFORE_OPEN
PPL,922224,2022-11-04,2022-11-04T12:19:58.000Z,BEFORE_OPEN
PPL,922224,2023-02-17,2023-02-17T13:09:02.000Z,BEFORE_OPEN
PPL,922224,2023-05-04,2023-05-04T12:12:05.000Z,BEFORE_OPEN
PPL,922224,2023-08-04,2023-08-04T12:08:00.000Z,BEFORE_OPEN
PPL,922224,2023-11-02,2023-11-02T12:41:00.000Z,BEFORE_OPEN
PPL,922224,2024-02-16,2024-02-16T13:03:33.000Z,BEFORE_OPEN
PPL,922224,2024-05-01,2024-05-01T12:24:05.000Z,BEFORE_OPEN
PPL,922224,2024-08-02,2024-08-02T12:01:07.000Z,BEFORE_OPEN
PPL,922224,2024-11-01,2024-11-01T12:18:37.000Z,BEFORE_OPEN
PPL,922224,2025-02-13,2025-02-13T13:20:54.000Z,BEFORE_OPEN
PPL,922224,2025-04-30,2025-04-30T12:18:42.000Z,BEFORE_OPEN
PPL,922224,2025-07-31,2025-07-31T12:48:52.000Z,BEFORE_OPEN
PPL,922224,2025-11-05,2025-11-05T12:59:19.000Z,BEFORE_OPEN
PPL,922224,2026-02-20,2026-02-20T12:45:37.000Z,BEFORE_OPEN
PPL,922224,2026-05-08,2026-05-08T11:53:15.000Z,BEFORE_OPEN
PPL,922224,2026-08-07,2026-08-07T11:50:25.000Z,BEFORE_OPEN
PRU,1137774,2021-08-03,2021-08-03T20:22:10.000Z,AFTER_CLOSE
PRU,1137774,2021-11-02,2021-11-02T20:26:15.000Z,AFTER_CLOSE
PRU,1137774,2022-02-03,2022-02-03T21:22:50.000Z,AFTER_CLOSE
PRU,1137774,2022-05-03,2022-05-03T20:22:29.000Z,AFTER_CLOSE
PRU,1137774,2022-08-02,2022-08-02T20:20:26.000Z,AFTER_CLOSE
PRU,1137774,2022-11-01,2022-11-01T20:27:19.000Z,AFTER_CLOSE
PRU,1137774,2023-02-07,2023-02-07T21:25:11.000Z,AFTER_CLOSE
PRU,1137774,2023-05-02,2023-05-02T20:22:25.000Z,AFTER_CLOSE
PRU,1137774,2023-08-01,2023-08-01T20:20:36.000Z,AFTER_CLOSE
PRU,1137774,2023-11-01,2023-11-01T20:22:46.000Z,AFTER_CLOSE
PRU,1137774,2024-02-06,2024-02-06T21:23:59.000Z,AFTER_CLOSE
PRU,1137774,2024-04-30,2024-04-30T20:24:56.000Z,AFTER_CLOSE
PRU,1137774,2024-08-01,2024-08-01T20:21:41.000Z,AFTER_CLOSE
PRU,1137774,2024-10-30,2024-10-30T20:23:49.000Z,AFTER_CLOSE
PRU,1137774,2025-01-15,2025-01-15T21:23:28.000Z,AFTER_CLOSE
PRU,1137774,2025-02-04,2025-02-04T21:22:03.000Z,AFTER_CLOSE
PRU,1137774,2025-04-30,2025-04-30T20:20:21.000Z,AFTER_CLOSE
PRU,1137774,2025-07-15,2025-07-15T20:20:58.000Z,AFTER_CLOSE
PRU,1137774,2025-07-30,2025-07-30T20:22:03.000Z,AFTER_CLOSE
PRU,1137774,2025-10-14,2025-10-14T20:22:54.000Z,AFTER_CLOSE
PRU,1137774,2025-10-29,2025-10-29T20:21:00.000Z,AFTER_CLOSE
PRU,1137774,2026-01-15,2026-01-15T21:18:54.000Z,AFTER_CLOSE
PRU,1137774,2026-02-03,2026-02-03T21:32:22.000Z,AFTER_CLOSE
PRU,1137774,2026-04-14,2026-04-14T20:37:44.000Z,AFTER_CLOSE
PRU,1137774,2026-04-21,2026-04-21T20:19:09.000Z,AFTER_CLOSE
PRU,1137774,2026-05-05,2026-05-05T20:20:37.000Z,AFTER_CLOSE
PRU,1137774,2026-07-15,2026-07-15T20:23:22.000Z,AFTER_CLOSE
PRU,1137774,2026-08-04,2026-08-04T20:24:19.000Z,AFTER_CLOSE
PSA,1393311,2018-04-26,2018-04-26T01:50:00.000Z,AFTER_CLOSE
PSA,1393311,2018-08-01,2018-08-01T20:22:19.000Z,AFTER_CLOSE
PSA,1393311,2018-10-30,2018-10-30T20:25:52.000Z,AFTER_CLOSE
PSA,1393311,2019-02-27,2019-02-26T22:55:19.000Z,AFTER_CLOSE
PSA,1393311,2019-05-01,2019-05-01T20:20:41.000Z,AFTER_CLOSE
PSA,1393311,2019-07-30,2019-07-30T20:22:21.000Z,AFTER_CLOSE
PSA,1393311,2019-10-30,2019-10-29T23:56:28.000Z,AFTER_CLOSE
PSA,1393311,2020-02-25,2020-02-25T21:02:48.000Z,AFTER_CLOSE
PSA,1393311,2020-04-30,2020-04-30T20:02:31.000Z,AFTER_CLOSE
PSA,1393311,2020-08-05,2020-08-05T20:03:32.000Z,AFTER_CLOSE
PSA,1393311,2020-11-04,2020-11-04T21:03:07.000Z,AFTER_CLOSE
PSA,1393311,2021-02-24,2021-02-24T21:06:04.000Z,AFTER_CLOSE
PSA,1393311,2021-04-28,2021-04-28T20:05:55.000Z,AFTER_CLOSE
PSA,1393311,2021-08-03,2021-08-03T20:10:37.000Z,AFTER_CLOSE
PSA,1393311,2021-11-01,2021-11-01T20:09:04.000Z,AFTER_CLOSE
PSA,1393311,2022-02-22,2022-02-22T21:10:15.000Z,AFTER_CLOSE
PSA,1393311,2022-05-03,2022-05-03T20:13:04.000Z,AFTER_CLOSE
PSA,1393311,2022-08-04,2022-08-04T20:12:47.000Z,AFTER_CLOSE
PSA,1393311,2022-11-01,2022-11-01T20:11:49.000Z,AFTER_CLOSE
PSA,1393311,2023-02-21,2023-02-21T21:11:54.000Z,AFTER_CLOSE
PSA,1393311,2023-05-03,2023-05-03T20:15:22.000Z,AFTER_CLOSE
PSA,1393311,2023-08-02,2023-08-02T20:15:56.000Z,AFTER_CLOSE
PSA,1393311,2023-10-30,2023-10-30T20:12:42.000Z,AFTER_CLOSE
PSA,1393311,2024-02-20,2024-02-20T21:58:39.000Z,AFTER_CLOSE
PSA,1393311,2024-04-30,2024-04-30T20:21:01.000Z,AFTER_CLOSE
PSA,1393311,2024-07-30,2024-07-30T20:22:27.000Z,AFTER_CLOSE
PSA,1393311,2024-10-30,2024-10-30T20:17:21.000Z,AFTER_CLOSE
PSA,1393311,2025-02-24,2025-02-24T21:23:31.000Z,AFTER_CLOSE
PSA,1393311,2025-04-30,2025-04-30T20:14:47.000Z,AFTER_CLOSE
PSA,1393311,2025-07-30,2025-07-30T20:22:25.000Z,AFTER_CLOSE
PSA,1393311,2025-10-29,2025-10-29T20:28:32.000Z,AFTER_CLOSE
PSA,1393311,2026-02-12,2026-02-12T21:14:38.000Z,AFTER_CLOSE
PSA,1393311,2026-04-27,2026-04-27T20:00:41.000Z,AFTER_CLOSE
PSA,1393311,2026-07-29,2026-07-29T20:07:48.000Z,AFTER_CLOSE
PSX,1534701,2016-04-29,2016-04-29T13:32:14.000Z,IN_SESSION
PSX,1534701,2016-07-29,2016-07-29T13:39:12.000Z,IN_SESSION
PSX,1534701,2016-10-28,2016-10-28T13:44:32.000Z,IN_SESSION
PSX,1534701,2017-02-03,2017-02-03T14:28:37.000Z,BEFORE_OPEN
PSX,1534701,2017-04-28,2017-04-28T13:20:34.000Z,BEFORE_OPEN
PSX,1534701,2017-08-01,2017-08-01T14:08:53.000Z,IN_SESSION
PSX,1534701,2017-10-27,2017-10-27T14:18:40.000Z,IN_SESSION
PSX,1534701,2018-02-02,2018-02-02T14:43:42.000Z,IN_SESSION
PSX,1534701,2018-04-27,2018-04-27T13:47:55.000Z,IN_SESSION
PSX,1534701,2018-07-27,2018-07-27T13:32:11.000Z,IN_SESSION
PSX,1534701,2018-10-26,2018-10-26T13:48:54.000Z,IN_SESSION
PSX,1534701,2019-02-08,2019-02-08T15:04:20.000Z,IN_SESSION
PSX,1534701,2019-04-30,2019-04-30T13:30:56.000Z,IN_SESSION
PSX,1534701,2019-07-26,2019-07-26T14:39:43.000Z,IN_SESSION
PSX,1534701,2019-10-25,2019-10-25T13:44:25.000Z,IN_SESSION
PSX,1534701,2020-01-31,2020-01-31T14:20:18.000Z,BEFORE_OPEN
PSX,1534701,2020-05-01,2020-05-01T13:15:47.000Z,BEFORE_OPEN
PSX,1534701,2020-07-31,2020-07-31T13:13:56.000Z,BEFORE_OPEN
PSX,1534701,2020-10-30,2020-10-30T13:14:35.000Z,BEFORE_OPEN
PSX,1534701,2021-01-29,2021-01-29T14:50:02.000Z,IN_SESSION
PSX,1534701,2021-04-05,2021-04-05T21:10:03.000Z,AFTER_CLOSE
PSX,1534701,2021-04-30,2021-04-30T13:24:10.000Z,BEFORE_OPEN
PSX,1534701,2021-08-03,2021-08-03T13:20:13.000Z,BEFORE_OPEN
PSX,1534701,2021-10-29,2021-10-29T13:19:18.000Z,BEFORE_OPEN
PSX,1534701,2022-01-28,2022-01-28T14:32:40.000Z,IN_SESSION
PSX,1534701,2022-04-29,2022-04-29T13:13:43.000Z,BEFORE_OPEN
PSX,1534701,2022-07-29,2022-07-29T13:28:39.000Z,BEFORE_OPEN
PSX,1534701,2022-11-01,2022-11-01T13:17:22.000Z,BEFORE_OPEN
PSX,1534701,2023-01-31,2023-01-31T14:30:40.000Z,IN_SESSION
PSX,1534701,2023-05-03,2023-05-03T13:26:50.000Z,BEFORE_OPEN
PSX,1534701,2023-08-02,2023-08-02T13:33:05.000Z,IN_SESSION
PSX,1534701,2023-10-27,2023-10-27T13:37:22.000Z,IN_SESSION
PSX,1534701,2024-04-26,2024-04-26T14:10:36.000Z,IN_SESSION
PSX,1534701,2024-07-30,2024-07-30T14:26:05.000Z,IN_SESSION
PSX,1534701,2024-10-29,2024-10-29T13:36:47.000Z,IN_SESSION
PSX,1534701,2025-01-31,2025-01-31T14:36:07.000Z,IN_SESSION
PSX,1534701,2025-04-25,2025-04-25T13:32:42.000Z,IN_SESSION
PSX,1534701,2025-07-25,2025-07-25T11:16:57.000Z,BEFORE_OPEN
PSX,1534701,2025-10-29,2025-10-29T13:36:38.000Z,IN_SESSION
PSX,1534701,2026-02-04,2026-02-04T14:42:15.000Z,IN_SESSION
PSX,1534701,2026-04-06,2026-04-06T20:15:26.000Z,AFTER_CLOSE
PSX,1534701,2026-04-29,2026-04-29T13:36:52.000Z,IN_SESSION
PSX,1534701,2026-08-05,2026-08-05T14:03:40.000Z,IN_SESSION
PWR,1050915,2013-05-02,2013-05-02T10:15:57.000Z,BEFORE_OPEN
PWR,1050915,2013-08-01,2013-08-01T10:15:53.000Z,BEFORE_OPEN
PWR,1050915,2013-10-31,2013-10-31T10:18:52.000Z,BEFORE_OPEN
PWR,1050915,2014-02-20,2014-02-20T11:22:59.000Z,BEFORE_OPEN
PWR,1050915,2014-05-01,2014-05-01T10:17:34.000Z,BEFORE_OPEN
PWR,1050915,2014-07-31,2014-07-31T10:15:30.000Z,BEFORE_OPEN
PWR,1050915,2014-11-05,2014-11-05T11:11:00.000Z,BEFORE_OPEN
PWR,1050915,2015-02-19,2015-02-19T11:10:36.000Z,BEFORE_OPEN
PWR,1050915,2015-04-30,2015-04-30T10:10:33.000Z,BEFORE_OPEN
PWR,1050915,2015-08-05,2015-08-05T10:11:54.000Z,BEFORE_OPEN
PWR,1050915,2015-08-05,2015-08-05T10:08:09.000Z,BEFORE_OPEN
PWR,1050915,2015-10-16,2015-10-16T10:48:06.000Z,BEFORE_OPEN
PWR,1050915,2015-11-05,2015-11-05T11:14:39.000Z,BEFORE_OPEN
PWR,1050915,2016-02-25,2016-02-25T11:18:52.000Z,BEFORE_OPEN
PWR,1050915,2016-05-05,2016-05-05T10:10:38.000Z,BEFORE_OPEN
PWR,1050915,2016-08-04,2016-08-04T10:10:56.000Z,BEFORE_OPEN
PWR,1050915,2016-11-03,2016-11-03T10:13:02.000Z,BEFORE_OPEN
PWR,1050915,2017-02-21,2017-02-21T11:12:56.000Z,BEFORE_OPEN
PWR,1050915,2017-05-04,2017-05-04T10:11:03.000Z,BEFORE_OPEN
PWR,1050915,2017-08-03,2017-08-03T11:11:56.000Z,BEFORE_OPEN
PWR,1050915,2017-11-02,2017-11-02T10:56:06.000Z,BEFORE_OPEN
PWR,1050915,2018-02-22,2018-02-22T11:58:56.000Z,BEFORE_OPEN
PWR,1050915,2018-05-03,2018-05-03T10:51:56.000Z,BEFORE_OPEN
PWR,1050915,2018-08-02,2018-08-02T11:00:06.000Z,BEFORE_OPEN
PWR,1050915,2018-11-01,2018-11-01T10:58:05.000Z,BEFORE_OPEN
PWR,1050915,2019-02-21,2019-02-21T11:57:03.000Z,BEFORE_OPEN
PWR,1050915,2019-05-02,2019-05-02T10:57:56.000Z,BEFORE_OPEN
PWR,1050915,2019-08-01,2019-08-01T10:57:33.000Z,BEFORE_OPEN
PWR,1050915,2019-10-31,2019-10-31T10:58:04.000Z,BEFORE_OPEN
PWR,1050915,2020-02-27,2020-02-27T11:57:40.000Z,BEFORE_OPEN
PWR,1050915,2020-05-07,2020-05-07T10:57:14.000Z,BEFORE_OPEN
PWR,1050915,2020-08-06,2020-08-06T10:58:32.000Z,BEFORE_OPEN
PWR,1050915,2020-10-29,2020-10-29T10:58:54.000Z,BEFORE_OPEN
PWR,1050915,2021-02-25,2021-02-25T11:58:54.000Z,BEFORE_OPEN
PWR,1050915,2021-05-06,2021-05-06T10:58:32.000Z,BEFORE_OPEN
PWR,1050915,2021-08-05,2021-08-05T10:58:57.000Z,BEFORE_OPEN
PWR,1050915,2021-11-04,2021-11-04T10:58:57.000Z,BEFORE_OPEN
PWR,1050915,2022-02-24,2022-02-24T11:58:33.000Z,BEFORE_OPEN
PWR,1050915,2022-05-05,2022-05-05T10:59:37.000Z,BEFORE_OPEN
PWR,1050915,2022-08-04,2022-08-04T10:58:05.000Z,BEFORE_OPEN
PWR,1050915,2022-11-03,2022-11-03T10:58:35.000Z,BEFORE_OPEN
PWR,1050915,2023-02-23,2023-02-23T11:59:05.000Z,BEFORE_OPEN
PWR,1050915,2023-05-04,2023-05-04T10:59:04.000Z,BEFORE_OPEN
PWR,1050915,2023-08-03,2023-08-03T10:58:30.000Z,BEFORE_OPEN
PWR,1050915,2023-11-02,2023-11-02T10:58:29.000Z,BEFORE_OPEN
PWR,1050915,2024-02-22,2024-02-22T11:58:30.000Z,BEFORE_OPEN
PWR,1050915,2024-05-02,2024-05-02T10:59:02.000Z,BEFORE_OPEN
PWR,1050915,2024-08-01,2024-08-01T10:58:30.000Z,BEFORE_OPEN
PWR,1050915,2024-10-31,2024-10-31T10:58:52.000Z,BEFORE_OPEN
PWR,1050915,2025-02-20,2025-02-20T11:59:54.000Z,BEFORE_OPEN
PWR,1050915,2025-05-01,2025-05-01T10:58:17.000Z,BEFORE_OPEN
PWR,1050915,2025-07-31,2025-07-31T10:58:40.000Z,BEFORE_OPEN
PWR,1050915,2025-10-30,2025-10-30T10:58:16.000Z,BEFORE_OPEN
PWR,1050915,2026-02-19,2026-02-19T11:58:17.000Z,BEFORE_OPEN
PWR,1050915,2026-04-30,2026-04-30T10:58:06.000Z,BEFORE_OPEN
PWR,1050915,2026-07-30,2026-07-30T10:58:06.000Z,BEFORE_OPEN
PYPL,1633917,2017-04-26,2017-04-26T20:38:30.000Z,AFTER_CLOSE
PYPL,1633917,2017-07-26,2017-07-26T20:18:44.000Z,AFTER_CLOSE
PYPL,1633917,2017-10-19,2017-10-19T20:28:10.000Z,AFTER_CLOSE
PYPL,1633917,2018-01-31,2018-01-31T21:32:01.000Z,AFTER_CLOSE
PYPL,1633917,2018-04-25,2018-04-25T20:24:05.000Z,AFTER_CLOSE
PYPL,1633917,2018-07-25,2018-07-25T20:21:36.000Z,AFTER_CLOSE
PYPL,1633917,2018-10-18,2018-10-18T20:26:11.000Z,AFTER_CLOSE
PYPL,1633917,2019-01-30,2019-01-30T21:26:29.000Z,AFTER_CLOSE
PYPL,1633917,2019-04-09,2019-04-09T20:38:58.000Z,AFTER_CLOSE
PYPL,1633917,2019-04-24,2019-04-24T20:30:47.000Z,AFTER_CLOSE
PYPL,1633917,2019-07-09,2019-07-09T20:24:35.000Z,AFTER_CLOSE
PYPL,1633917,2019-07-24,2019-07-24T20:22:40.000Z,AFTER_CLOSE
PYPL,1633917,2019-10-08,2019-10-08T20:26:16.000Z,AFTER_CLOSE
PYPL,1633917,2019-10-23,2019-10-23T20:31:11.000Z,AFTER_CLOSE
PYPL,1633917,2020-01-09,2020-01-09T21:14:57.000Z,AFTER_CLOSE
PYPL,1633917,2020-01-29,2020-01-29T21:28:01.000Z,AFTER_CLOSE
PYPL,1633917,2020-04-09,2020-04-09T20:19:15.000Z,AFTER_CLOSE
PYPL,1633917,2020-05-06,2020-05-06T20:32:30.000Z,AFTER_CLOSE
PYPL,1633917,2020-07-29,2020-07-29T20:31:40.000Z,AFTER_CLOSE
PYPL,1633917,2020-11-02,2020-11-02T21:36:04.000Z,AFTER_CLOSE
PYPL,1633917,2021-02-03,2021-02-03T21:36:40.000Z,AFTER_CLOSE
PYPL,1633917,2021-05-05,2021-05-05T20:29:38.000Z,AFTER_CLOSE
PYPL,1633917,2021-07-28,2021-07-28T20:26:32.000Z,AFTER_CLOSE
PYPL,1633917,2021-11-08,2021-11-08T21:28:31.000Z,AFTER_CLOSE
PYPL,1633917,2022-02-01,2022-02-01T21:28:10.000Z,AFTER_CLOSE
PYPL,1633917,2022-04-27,2022-04-27T20:29:32.000Z,AFTER_CLOSE
PYPL,1633917,2022-08-02,2022-08-02T20:31:53.000Z,AFTER_CLOSE
PYPL,1633917,2022-11-03,2022-11-03T21:03:38.000Z,AFTER_CLOSE
PYPL,1633917,2023-02-09,2023-02-09T21:18:07.000Z,AFTER_CLOSE
PYPL,1633917,2023-05-08,2023-05-08T20:18:58.000Z,AFTER_CLOSE
PYPL,1633917,2023-08-02,2023-08-02T20:20:06.000Z,AFTER_CLOSE
PYPL,1633917,2023-11-01,2023-11-01T20:20:48.000Z,AFTER_CLOSE
PYPL,1633917,2024-02-07,2024-02-07T21:14:35.000Z,AFTER_CLOSE
PYPL,1633917,2024-04-30,2024-04-30T11:30:30.000Z,BEFORE_OPEN
PYPL,1633917,2024-07-30,2024-07-30T11:01:20.000Z,BEFORE_OPEN
PYPL,1633917,2024-10-29,2024-10-29T11:00:24.000Z,BEFORE_OPEN
PYPL,1633917,2025-02-04,2025-02-04T12:01:07.000Z,BEFORE_OPEN
PYPL,1633917,2025-04-29,2025-04-29T11:01:41.000Z,BEFORE_OPEN
PYPL,1633917,2025-07-29,2025-07-29T11:00:55.000Z,BEFORE_OPEN
PYPL,1633917,2025-10-28,2025-10-28T11:01:13.000Z,BEFORE_OPEN
PYPL,1633917,2026-02-03,2026-02-03T12:08:08.000Z,BEFORE_OPEN
PYPL,1633917,2026-05-05,2026-05-05T11:03:30.000Z,BEFORE_OPEN
PYPL,1633917,2026-07-28,2026-07-28T11:02:42.000Z,BEFORE_OPEN
QCOM,804328,2018-07-25,2018-07-25T20:05:40.000Z,AFTER_CLOSE
QCOM,804328,2018-11-07,2018-11-07T21:06:56.000Z,AFTER_CLOSE
QCOM,804328,2019-01-30,2019-01-30T21:03:55.000Z,AFTER_CLOSE
QCOM,804328,2019-05-01,2019-05-01T20:04:15.000Z,AFTER_CLOSE
QCOM,804328,2019-07-31,2019-07-31T20:06:06.000Z,AFTER_CLOSE
QCOM,804328,2019-11-06,2019-11-06T21:03:25.000Z,AFTER_CLOSE
QCOM,804328,2020-02-05,2020-02-05T21:04:02.000Z,AFTER_CLOSE
QCOM,804328,2020-04-29,2020-04-29T20:12:26.000Z,AFTER_CLOSE
QCOM,804328,2020-07-29,2020-07-29T20:05:29.000Z,AFTER_CLOSE
QCOM,804328,2020-11-04,2020-11-04T21:06:31.000Z,AFTER_CLOSE
QCOM,804328,2021-02-03,2021-02-03T21:02:45.000Z,AFTER_CLOSE
QCOM,804328,2021-04-28,2021-04-28T20:01:50.000Z,AFTER_CLOSE
QCOM,804328,2021-07-28,2021-07-28T20:01:42.000Z,AFTER_CLOSE
QCOM,804328,2021-11-03,2021-11-03T20:05:04.000Z,AFTER_CLOSE
QCOM,804328,2022-02-02,2022-02-02T21:03:06.000Z,AFTER_CLOSE
QCOM,804328,2022-04-27,2022-04-27T20:02:25.000Z,AFTER_CLOSE
QCOM,804328,2022-07-27,2022-07-27T20:02:16.000Z,AFTER_CLOSE
QCOM,804328,2022-11-02,2022-11-02T20:01:48.000Z,AFTER_CLOSE
QCOM,804328,2023-02-02,2023-02-02T21:03:48.000Z,AFTER_CLOSE
QCOM,804328,2023-05-03,2023-05-03T20:04:51.000Z,AFTER_CLOSE
QCOM,804328,2023-08-02,2023-08-02T20:01:34.000Z,AFTER_CLOSE
QCOM,804328,2023-11-01,2023-11-01T20:09:26.000Z,AFTER_CLOSE
QCOM,804328,2024-01-31,2024-01-31T21:01:55.000Z,AFTER_CLOSE
QCOM,804328,2024-05-01,2024-05-01T20:05:30.000Z,AFTER_CLOSE
QCOM,804328,2024-07-31,2024-07-31T20:01:12.000Z,AFTER_CLOSE
QCOM,804328,2024-11-06,2024-11-06T21:07:31.000Z,AFTER_CLOSE
QCOM,804328,2025-02-05,2025-02-05T21:04:42.000Z,AFTER_CLOSE
QCOM,804328,2025-04-30,2025-04-30T20:04:10.000Z,AFTER_CLOSE
QCOM,804328,2025-07-30,2025-07-30T20:01:22.000Z,AFTER_CLOSE
QCOM,804328,2025-11-05,2025-11-05T21:01:12.000Z,AFTER_CLOSE
QCOM,804328,2026-02-04,2026-02-04T21:00:59.000Z,AFTER_CLOSE
QCOM,804328,2026-04-29,2026-04-29T20:02:20.000Z,AFTER_CLOSE
QCOM,804328,2026-07-29,2026-07-29T20:01:35.000Z,AFTER_CLOSE
QSR,1618756,2019-04-29,2019-04-29T10:42:41.000Z,BEFORE_OPEN
QSR,1618756,2019-08-02,2019-08-02T10:42:12.000Z,BEFORE_OPEN
QSR,1618756,2019-10-28,2019-10-28T10:39:46.000Z,BEFORE_OPEN
QSR,1618756,2020-02-10,2020-02-10T11:37:29.000Z,BEFORE_OPEN
QSR,1618756,2020-05-01,2020-05-01T10:42:50.000Z,BEFORE_OPEN
QSR,1618756,2020-08-06,2020-08-06T10:45:22.000Z,BEFORE_OPEN
QSR,1618756,2020-10-14,2020-10-14T12:03:38.000Z,BEFORE_OPEN
QSR,1618756,2020-10-27,2020-10-27T10:40:31.000Z,BEFORE_OPEN
QSR,1618756,2021-02-11,2021-02-11T11:35:44.000Z,BEFORE_OPEN
QSR,1618756,2021-04-30,2021-04-30T10:33:13.000Z,BEFORE_OPEN
QSR,1618756,2021-07-30,2021-07-30T10:34:20.000Z,BEFORE_OPEN
QSR,1618756,2021-10-25,2021-10-25T10:34:22.000Z,BEFORE_OPEN
QSR,1618756,2022-02-15,2022-02-15T11:32:48.000Z,BEFORE_OPEN
QSR,1618756,2022-05-03,2022-05-03T10:37:04.000Z,BEFORE_OPEN
QSR,1618756,2022-08-04,2022-08-04T10:32:38.000Z,BEFORE_OPEN
QSR,1618756,2022-11-03,2022-11-03T10:33:13.000Z,BEFORE_OPEN
QSR,1618756,2023-02-14,2023-02-14T11:09:20.000Z,BEFORE_OPEN
QSR,1618756,2023-05-02,2023-05-02T10:33:06.000Z,BEFORE_OPEN
QSR,1618756,2023-08-08,2023-08-08T10:32:43.000Z,BEFORE_OPEN
QSR,1618756,2023-11-03,2023-11-03T10:32:37.000Z,BEFORE_OPEN
QSR,1618756,2024-02-13,2024-02-13T11:32:04.000Z,BEFORE_OPEN
QSR,1618756,2024-04-30,2024-04-30T10:32:30.000Z,BEFORE_OPEN
QSR,1618756,2024-08-08,2024-08-08T10:32:33.000Z,BEFORE_OPEN
QSR,1618756,2024-11-05,2024-11-05T11:33:49.000Z,BEFORE_OPEN
QSR,1618756,2025-02-12,2025-02-12T11:34:41.000Z,BEFORE_OPEN
QSR,1618756,2025-05-08,2025-05-08T10:32:56.000Z,BEFORE_OPEN
QSR,1618756,2025-08-07,2025-08-07T10:32:51.000Z,BEFORE_OPEN
QSR,1618756,2025-10-30,2025-10-30T10:35:34.000Z,BEFORE_OPEN
QSR,1618756,2026-02-12,2026-02-12T11:44:09.000Z,BEFORE_OPEN
QSR,1618756,2026-05-06,2026-05-06T10:37:09.000Z,BEFORE_OPEN
QSR,1618756,2026-08-06,2026-08-06T10:32:57.000Z,BEFORE_OPEN
RBLX,1315098,2022-10-17,2022-10-17T12:38:25.000Z,BEFORE_OPEN
RBLX,1315098,2022-11-09,2022-11-09T13:19:28.000Z,BEFORE_OPEN
RBLX,1315098,2023-01-17,2023-01-17T13:32:35.000Z,BEFORE_OPEN
RBLX,1315098,2023-02-15,2023-02-15T13:12:26.000Z,BEFORE_OPEN
RBLX,1315098,2023-04-17,2023-04-17T12:51:01.000Z,BEFORE_OPEN
RBLX,1315098,2023-05-10,2023-05-10T12:06:45.000Z,BEFORE_OPEN
RBLX,1315098,2023-08-09,2023-08-09T12:09:28.000Z,BEFORE_OPEN
RBLX,1315098,2023-11-08,2023-11-08T13:03:40.000Z,BEFORE_OPEN
RBLX,1315098,2024-02-07,2024-02-07T13:09:17.000Z,BEFORE_OPEN
RBLX,1315098,2024-05-09,2024-05-09T12:03:59.000Z,BEFORE_OPEN
RBLX,1315098,2024-08-01,2024-08-01T12:04:32.000Z,BEFORE_OPEN
RBLX,1315098,2024-10-31,2024-10-31T12:04:35.000Z,BEFORE_OPEN
RBLX,1315098,2025-02-06,2025-02-06T13:05:18.000Z,BEFORE_OPEN
RBLX,1315098,2025-05-01,2025-05-01T12:10:13.000Z,BEFORE_OPEN
RBLX,1315098,2025-07-31,2025-07-31T12:03:45.000Z,BEFORE_OPEN
RBLX,1315098,2025-10-30,2025-10-30T11:52:56.000Z,BEFORE_OPEN
RBLX,1315098,2026-02-05,2026-02-05T21:06:02.000Z,AFTER_CLOSE
RBLX,1315098,2026-04-30,2026-04-30T20:08:45.000Z,AFTER_CLOSE
RBLX,1315098,2026-07-30,2026-07-30T20:13:25.000Z,AFTER_CLOSE
RCL,884887,2017-01-26,2017-01-26T13:18:59.000Z,BEFORE_OPEN
RCL,884887,2017-04-28,2017-04-28T12:16:42.000Z,BEFORE_OPEN
RCL,884887,2017-08-01,2017-08-01T12:17:29.000Z,BEFORE_OPEN
RCL,884887,2017-11-07,2017-11-07T13:04:08.000Z,BEFORE_OPEN
RCL,884887,2018-01-24,2018-01-24T13:06:57.000Z,BEFORE_OPEN
RCL,884887,2018-04-26,2018-04-26T12:18:40.000Z,BEFORE_OPEN
RCL,884887,2018-08-02,2018-08-02T12:02:19.000Z,BEFORE_OPEN
RCL,884887,2018-10-25,2018-10-25T12:39:34.000Z,BEFORE_OPEN
RCL,884887,2019-01-30,2019-01-30T13:59:13.000Z,BEFORE_OPEN
RCL,884887,2019-05-01,2019-05-01T12:28:57.000Z,BEFORE_OPEN
RCL,884887,2019-07-25,2019-07-25T12:11:50.000Z,BEFORE_OPEN
RCL,884887,2019-10-30,2019-10-30T12:31:47.000Z,BEFORE_OPEN
RCL,884887,2020-02-04,2020-02-04T14:37:02.000Z,IN_SESSION
RCL,884887,2020-05-08,2020-05-08T12:40:11.000Z,BEFORE_OPEN
RCL,884887,2020-05-13,2020-05-13T11:47:50.000Z,BEFORE_OPEN
RCL,884887,2020-05-20,2020-05-20T12:29:20.000Z,BEFORE_OPEN
RCL,884887,2020-08-10,2020-08-10T12:37:27.000Z,BEFORE_OPEN
RCL,884887,2020-10-29,2020-10-29T12:36:28.000Z,BEFORE_OPEN
RCL,884887,2021-02-22,2021-02-22T13:44:24.000Z,BEFORE_OPEN
RCL,884887,2021-04-29,2021-04-29T12:18:27.000Z,BEFORE_OPEN
RCL,884887,2021-08-04,2021-08-04T12:18:22.000Z,BEFORE_OPEN
RCL,884887,2021-10-29,2021-10-29T12:16:42.000Z,BEFORE_OPEN
RCL,884887,2022-02-04,2022-02-04T13:34:54.000Z,BEFORE_OPEN
RCL,884887,2022-05-05,2022-05-05T12:30:12.000Z,BEFORE_OPEN
RCL,884887,2022-07-28,2022-07-28T12:05:00.000Z,BEFORE_OPEN
RCL,884887,2022-11-03,2022-11-03T12:24:07.000Z,BEFORE_OPEN
RCL,884887,2023-02-07,2023-02-07T13:03:18.000Z,BEFORE_OPEN
RCL,884887,2023-05-04,2023-05-04T12:03:19.000Z,BEFORE_OPEN
RCL,884887,2023-07-27,2023-07-27T12:00:29.000Z,BEFORE_OPEN
RCL,884887,2023-10-26,2023-10-26T10:58:57.000Z,BEFORE_OPEN
RCL,884887,2024-02-01,2024-02-01T11:33:24.000Z,BEFORE_OPEN
RCL,884887,2024-04-25,2024-04-25T10:33:27.000Z,BEFORE_OPEN
RCL,884887,2024-07-25,2024-07-25T10:31:40.000Z,BEFORE_OPEN
RCL,884887,2024-10-29,2024-10-29T10:33:03.000Z,BEFORE_OPEN
RCL,884887,2025-01-28,2025-01-28T11:33:10.000Z,BEFORE_OPEN
RCL,884887,2025-04-29,2025-04-29T10:31:39.000Z,BEFORE_OPEN
RCL,884887,2025-07-29,2025-07-29T10:33:51.000Z,BEFORE_OPEN
RCL,884887,2025-10-28,2025-10-28T10:34:56.000Z,BEFORE_OPEN
RCL,884887,2026-01-29,2026-01-29T11:32:06.000Z,BEFORE_OPEN
RCL,884887,2026-04-30,2026-04-30T10:31:30.000Z,BEFORE_OPEN
RCL,884887,2026-07-28,2026-07-28T10:32:13.000Z,BEFORE_OPEN
RDDT,1713445,2024-05-07,2024-05-07T20:15:37.000Z,AFTER_CLOSE
RDDT,1713445,2024-08-06,2024-08-06T20:08:22.000Z,AFTER_CLOSE
RDDT,1713445,2024-10-29,2024-10-29T20:14:01.000Z,AFTER_CLOSE
RDDT,1713445,2025-02-12,2025-02-12T21:12:50.000Z,AFTER_CLOSE
RDDT,1713445,2025-05-01,2025-05-01T20:11:41.000Z,AFTER_CLOSE
RDDT,1713445,2025-07-31,2025-07-31T20:07:47.000Z,AFTER_CLOSE
RDDT,1713445,2025-10-30,2025-10-30T20:08:34.000Z,AFTER_CLOSE
RDDT,1713445,2026-02-05,2026-02-05T21:10:03.000Z,AFTER_CLOSE
RDDT,1713445,2026-04-30,2026-04-30T20:08:35.000Z,AFTER_CLOSE
RDDT,1713445,2026-07-30,2026-07-30T20:09:38.000Z,AFTER_CLOSE
REGN,872589,2017-08-03,2017-08-03T11:29:25.000Z,BEFORE_OPEN
REGN,872589,2017-11-08,2017-11-08T12:46:55.000Z,BEFORE_OPEN
REGN,872589,2018-01-08,2018-01-08T11:55:15.000Z,BEFORE_OPEN
REGN,872589,2018-02-08,2018-02-08T12:36:10.000Z,BEFORE_OPEN
REGN,872589,2018-05-03,2018-05-03T11:53:07.000Z,BEFORE_OPEN
REGN,872589,2018-08-02,2018-08-02T11:41:12.000Z,BEFORE_OPEN
REGN,872589,2018-11-06,2018-11-06T12:39:27.000Z,BEFORE_OPEN
REGN,872589,2019-01-07,2019-01-07T12:13:11.000Z,BEFORE_OPEN
REGN,872589,2019-02-06,2019-02-06T12:48:07.000Z,BEFORE_OPEN
REGN,872589,2019-05-07,2019-05-07T11:35:39.000Z,BEFORE_OPEN
REGN,872589,2019-08-06,2019-08-06T11:35:26.000Z,BEFORE_OPEN
REGN,872589,2019-11-05,2019-11-05T12:35:57.000Z,BEFORE_OPEN
REGN,872589,2020-01-13,2020-01-13T14:14:55.000Z,BEFORE_OPEN
REGN,872589,2020-02-06,2020-02-06T12:33:47.000Z,BEFORE_OPEN
REGN,872589,2020-05-05,2020-05-05T11:35:20.000Z,BEFORE_OPEN
REGN,872589,2020-08-05,2020-08-05T11:15:31.000Z,BEFORE_OPEN
REGN,872589,2020-11-05,2020-11-05T12:32:00.000Z,BEFORE_OPEN
REGN,872589,2021-01-11,2021-01-11T11:03:06.000Z,BEFORE_OPEN
REGN,872589,2021-02-05,2021-02-05T12:34:51.000Z,BEFORE_OPEN
REGN,872589,2021-05-06,2021-05-06T11:12:32.000Z,BEFORE_OPEN
REGN,872589,2021-08-05,2021-08-05T10:59:03.000Z,BEFORE_OPEN
REGN,872589,2021-11-04,2021-11-04T11:12:12.000Z,BEFORE_OPEN
REGN,872589,2022-01-10,2022-01-10T11:02:17.000Z,BEFORE_OPEN
REGN,872589,2022-02-04,2022-02-04T12:29:31.000Z,BEFORE_OPEN
REGN,872589,2022-05-04,2022-05-04T11:08:45.000Z,BEFORE_OPEN
REGN,872589,2022-08-03,2022-08-03T11:08:21.000Z,BEFORE_OPEN
REGN,872589,2022-11-03,2022-11-03T11:19:18.000Z,BEFORE_OPEN
REGN,872589,2023-01-09,2023-01-09T13:49:05.000Z,BEFORE_OPEN
REGN,872589,2023-02-03,2023-02-03T12:06:04.000Z,BEFORE_OPEN
REGN,872589,2023-04-10,2023-04-10T11:01:51.000Z,BEFORE_OPEN
REGN,872589,2023-05-04,2023-05-04T11:11:46.000Z,BEFORE_OPEN
REGN,872589,2023-08-03,2023-08-03T10:48:01.000Z,BEFORE_OPEN
REGN,872589,2023-10-05,2023-10-05T20:04:38.000Z,AFTER_CLOSE
REGN,872589,2023-11-02,2023-11-02T11:10:07.000Z,BEFORE_OPEN
REGN,872589,2024-01-08,2024-01-08T11:30:44.000Z,BEFORE_OPEN
REGN,872589,2024-02-02,2024-02-02T12:16:11.000Z,BEFORE_OPEN
REGN,872589,2024-05-02,2024-05-02T11:06:29.000Z,BEFORE_OPEN
REGN,872589,2024-07-08,2024-07-08T11:00:30.000Z,BEFORE_OPEN
REGN,872589,2024-08-01,2024-08-01T11:06:07.000Z,BEFORE_OPEN
REGN,872589,2024-10-07,2024-10-07T11:00:27.000Z,BEFORE_OPEN
REGN,872589,2024-10-31,2024-10-31T11:10:23.000Z,BEFORE_OPEN
REGN,872589,2025-01-13,2025-01-13T11:37:41.000Z,BEFORE_OPEN
REGN,872589,2025-02-04,2025-02-04T12:11:05.000Z,BEFORE_OPEN
REGN,872589,2025-04-29,2025-04-29T10:37:44.000Z,BEFORE_OPEN
REGN,872589,2025-08-01,2025-08-01T10:49:57.000Z,BEFORE_OPEN
REGN,872589,2025-10-06,2025-10-06T11:00:49.000Z,BEFORE_OPEN
REGN,872589,2025-10-28,2025-10-28T10:50:40.000Z,BEFORE_OPEN
REGN,872589,2026-01-12,2026-01-12T11:48:25.000Z,BEFORE_OPEN
REGN,872589,2026-01-30,2026-01-30T11:51:21.000Z,BEFORE_OPEN
REGN,872589,2026-04-08,2026-04-08T11:05:58.000Z,BEFORE_OPEN
REGN,872589,2026-04-29,2026-04-29T10:50:22.000Z,BEFORE_OPEN
REGN,872589,2026-07-06,2026-07-06T11:00:40.000Z,BEFORE_OPEN
REGN,872589,2026-07-30,2026-07-30T10:48:32.000Z,BEFORE_OPEN
RF,1281761,2018-04-20,2018-04-19T22:15:22.000Z,AFTER_CLOSE
RF,1281761,2018-07-20,2018-07-19T22:13:40.000Z,AFTER_CLOSE
RF,1281761,2018-10-23,2018-10-22T21:52:02.000Z,AFTER_CLOSE
RF,1281761,2019-01-18,2019-01-17T23:00:04.000Z,AFTER_CLOSE
RF,1281761,2019-04-18,2019-04-17T22:18:22.000Z,AFTER_CLOSE
RF,1281761,2019-07-19,2019-07-18T22:04:57.000Z,AFTER_CLOSE
RF,1281761,2019-10-22,2019-10-22T10:08:16.000Z,BEFORE_OPEN
RF,1281761,2020-01-17,2020-01-17T11:12:10.000Z,BEFORE_OPEN
RF,1281761,2020-04-17,2020-04-16T23:03:05.000Z,AFTER_CLOSE
RF,1281761,2020-07-17,2020-07-16T23:10:05.000Z,AFTER_CLOSE
RF,1281761,2020-10-20,2020-10-19T21:59:36.000Z,AFTER_CLOSE
RF,1281761,2021-01-22,2021-01-22T02:03:45.000Z,AFTER_CLOSE
RF,1281761,2021-04-23,2021-04-23T10:21:18.000Z,BEFORE_OPEN
RF,1281761,2021-07-23,2021-07-23T10:49:31.000Z,BEFORE_OPEN
RF,1281761,2021-10-22,2021-10-22T10:18:03.000Z,BEFORE_OPEN
RF,1281761,2022-01-20,2022-01-20T11:05:44.000Z,BEFORE_OPEN
RF,1281761,2022-04-22,2022-04-22T10:14:21.000Z,BEFORE_OPEN
RF,1281761,2022-07-22,2022-07-22T10:05:14.000Z,BEFORE_OPEN
RF,1281761,2022-10-21,2022-10-21T10:03:47.000Z,BEFORE_OPEN
RF,1281761,2023-01-20,2023-01-20T11:03:58.000Z,BEFORE_OPEN
RF,1281761,2023-04-18,2023-04-18T20:35:17.000Z,AFTER_CLOSE
RF,1281761,2023-04-21,2023-04-21T10:03:12.000Z,BEFORE_OPEN
RF,1281761,2023-07-21,2023-07-21T10:07:55.000Z,BEFORE_OPEN
RF,1281761,2023-10-20,2023-10-20T10:02:09.000Z,BEFORE_OPEN
RF,1281761,2024-01-19,2024-01-19T11:02:50.000Z,BEFORE_OPEN
RF,1281761,2024-04-19,2024-04-19T10:05:00.000Z,BEFORE_OPEN
RF,1281761,2024-07-19,2024-07-19T10:03:14.000Z,BEFORE_OPEN
RF,1281761,2024-10-18,2024-10-18T10:01:59.000Z,BEFORE_OPEN
RF,1281761,2025-01-17,2025-01-17T11:02:24.000Z,BEFORE_OPEN
RF,1281761,2025-04-17,2025-04-17T10:01:52.000Z,BEFORE_OPEN
RF,1281761,2025-07-18,2025-07-18T10:03:13.000Z,BEFORE_OPEN
RF,1281761,2025-10-17,2025-10-17T10:02:26.000Z,BEFORE_OPEN
RF,1281761,2026-01-16,2026-01-16T11:01:15.000Z,BEFORE_OPEN
RF,1281761,2026-04-17,2026-04-17T10:03:02.000Z,BEFORE_OPEN
RF,1281761,2026-07-17,2026-07-17T10:01:20.000Z,BEFORE_OPEN
RIVN,1874178,2021-12-16,2021-12-16T21:02:49.000Z,AFTER_CLOSE
RIVN,1874178,2022-03-10,2022-03-10T21:34:42.000Z,AFTER_CLOSE
RIVN,1874178,2022-05-11,2022-05-11T20:06:05.000Z,AFTER_CLOSE
RIVN,1874178,2022-08-11,2022-08-11T20:09:22.000Z,AFTER_CLOSE
RIVN,1874178,2022-11-09,2022-11-09T21:04:04.000Z,AFTER_CLOSE
RIVN,1874178,2023-02-28,2023-02-28T21:05:31.000Z,AFTER_CLOSE
RIVN,1874178,2023-05-09,2023-05-09T20:07:19.000Z,AFTER_CLOSE
RIVN,1874178,2023-08-08,2023-08-08T20:00:46.000Z,AFTER_CLOSE
RIVN,1874178,2023-10-04,2023-10-04T21:29:01.000Z,AFTER_CLOSE
RIVN,1874178,2023-11-07,2023-11-07T21:03:59.000Z,AFTER_CLOSE
RIVN,1874178,2024-02-21,2024-02-21T21:10:21.000Z,AFTER_CLOSE
RIVN,1874178,2024-05-07,2024-05-07T20:11:18.000Z,AFTER_CLOSE
RIVN,1874178,2024-08-06,2024-08-06T20:10:11.000Z,AFTER_CLOSE
RIVN,1874178,2024-11-07,2024-11-07T21:06:45.000Z,AFTER_CLOSE
RIVN,1874178,2025-02-20,2025-02-20T21:02:29.000Z,AFTER_CLOSE
RIVN,1874178,2025-05-06,2025-05-06T20:04:33.000Z,AFTER_CLOSE
RIVN,1874178,2025-08-05,2025-08-05T20:01:27.000Z,AFTER_CLOSE
RIVN,1874178,2025-11-04,2025-11-04T21:01:44.000Z,AFTER_CLOSE
RIVN,1874178,2026-02-12,2026-02-12T21:01:27.000Z,AFTER_CLOSE
RIVN,1874178,2026-04-30,2026-04-30T20:00:22.000Z,AFTER_CLOSE
RIVN,1874178,2026-07-06,2026-07-06T21:04:56.000Z,AFTER_CLOSE
RIVN,1874178,2026-07-30,2026-07-30T20:01:01.000Z,AFTER_CLOSE
RJF,720005,2020-01-22,2020-01-22T21:39:06.000Z,AFTER_CLOSE
RJF,720005,2020-04-29,2020-04-29T20:35:46.000Z,AFTER_CLOSE
RJF,720005,2020-07-29,2020-07-29T20:59:31.000Z,AFTER_CLOSE
RJF,720005,2020-10-28,2020-10-28T20:42:39.000Z,AFTER_CLOSE
RJF,720005,2021-01-27,2021-01-27T21:36:02.000Z,AFTER_CLOSE
RJF,720005,2021-04-28,2021-04-28T21:14:40.000Z,AFTER_CLOSE
RJF,720005,2022-01-26,2022-01-26T21:50:05.000Z,AFTER_CLOSE
RJF,720005,2022-04-27,2022-04-27T20:48:30.000Z,AFTER_CLOSE
RJF,720005,2022-07-27,2022-07-27T20:48:23.000Z,AFTER_CLOSE
RJF,720005,2022-10-26,2022-10-26T20:46:34.000Z,AFTER_CLOSE
RJF,720005,2023-01-25,2023-01-25T21:16:53.000Z,AFTER_CLOSE
RJF,720005,2023-04-26,2023-04-26T20:15:25.000Z,AFTER_CLOSE
RJF,720005,2023-07-26,2023-07-26T20:11:20.000Z,AFTER_CLOSE
RJF,720005,2023-10-25,2023-10-25T20:10:18.000Z,AFTER_CLOSE
RJF,720005,2024-01-24,2024-01-24T21:29:05.000Z,AFTER_CLOSE
RJF,720005,2024-04-24,2024-04-24T20:14:51.000Z,AFTER_CLOSE
RJF,720005,2024-07-24,2024-07-24T20:16:18.000Z,AFTER_CLOSE
RJF,720005,2024-10-23,2024-10-23T20:16:18.000Z,AFTER_CLOSE
RJF,720005,2025-01-29,2025-01-29T21:24:47.000Z,AFTER_CLOSE
RJF,720005,2025-04-23,2025-04-23T20:25:41.000Z,AFTER_CLOSE
RJF,720005,2025-07-23,2025-07-23T20:16:16.000Z,AFTER_CLOSE
RJF,720005,2025-10-22,2025-10-22T20:15:19.000Z,AFTER_CLOSE
RJF,720005,2026-01-28,2026-01-28T21:11:42.000Z,AFTER_CLOSE
RJF,720005,2026-04-22,2026-04-22T20:17:24.000Z,AFTER_CLOSE
RJF,720005,2026-07-22,2026-07-22T20:15:23.000Z,AFTER_CLOSE
RKLB,1819994,2021-09-08,2021-09-08T20:35:21.000Z,AFTER_CLOSE
RKLB,1819994,2022-02-28,2022-02-28T21:22:02.000Z,AFTER_CLOSE
RKLB,1819994,2022-05-16,2022-05-16T20:32:46.000Z,AFTER_CLOSE
RKLB,1819994,2022-08-11,2022-08-11T20:24:02.000Z,AFTER_CLOSE
RKLB,1819994,2022-11-09,2022-11-09T21:23:34.000Z,AFTER_CLOSE
RKLB,1819994,2023-02-28,2023-02-28T21:15:38.000Z,AFTER_CLOSE
RKLB,1819994,2023-05-09,2023-05-09T20:16:23.000Z,AFTER_CLOSE
RKLB,1819994,2023-08-08,2023-08-08T20:17:09.000Z,AFTER_CLOSE
RKLB,1819994,2023-11-08,2023-11-08T21:18:29.000Z,AFTER_CLOSE
RKLB,1819994,2024-01-31,2024-01-31T12:04:51.000Z,BEFORE_OPEN
RKLB,1819994,2024-02-27,2024-02-27T21:08:49.000Z,AFTER_CLOSE
RKLB,1819994,2024-05-06,2024-05-06T20:41:38.000Z,AFTER_CLOSE
RKLB,1819994,2024-08-08,2024-08-08T20:19:00.000Z,AFTER_CLOSE
RKLB,1819994,2024-11-12,2024-11-12T21:17:19.000Z,AFTER_CLOSE
RKLB,1819994,2025-02-27,2025-02-27T21:16:30.000Z,AFTER_CLOSE
RKLB,1819994,2025-05-08,2025-05-08T20:17:18.000Z,AFTER_CLOSE
RKLB,1819994,2025-08-07,2025-08-07T20:19:55.000Z,AFTER_CLOSE
RKLB,1819994,2025-11-10,2025-11-10T21:18:08.000Z,AFTER_CLOSE
RKLB,1819994,2026-02-26,2026-02-26T21:09:01.000Z,AFTER_CLOSE
RKLB,1819994,2026-05-07,2026-05-07T20:09:52.000Z,AFTER_CLOSE
RKLB,1819994,2026-08-10,2026-08-10T20:08:45.000Z,AFTER_CLOSE
RKT,1805284,2020-08-14,2020-08-14T12:00:13.000Z,BEFORE_OPEN
RKT,1805284,2020-09-02,2020-09-02T20:18:39.000Z,AFTER_CLOSE
RKT,1805284,2020-11-10,2020-11-10T21:19:51.000Z,AFTER_CLOSE
RKT,1805284,2021-02-25,2021-02-25T21:06:42.000Z,AFTER_CLOSE
RKT,1805284,2021-05-05,2021-05-05T21:25:31.000Z,AFTER_CLOSE
RKT,1805284,2021-08-12,2021-08-12T21:29:02.000Z,AFTER_CLOSE
RKT,1805284,2021-11-04,2021-11-04T20:56:07.000Z,AFTER_CLOSE
RKT,1805284,2022-02-24,2022-02-24T21:07:12.000Z,AFTER_CLOSE
RKT,1805284,2022-05-10,2022-05-10T20:08:29.000Z,AFTER_CLOSE
RKT,1805284,2022-08-04,2022-08-04T20:07:37.000Z,AFTER_CLOSE
RKT,1805284,2022-11-03,2022-11-03T20:06:51.000Z,AFTER_CLOSE
RKT,1805284,2023-02-28,2023-02-28T22:25:22.000Z,AFTER_CLOSE
RKT,1805284,2023-05-04,2023-05-04T21:20:15.000Z,AFTER_CLOSE
RKT,1805284,2023-08-03,2023-08-03T21:17:22.000Z,AFTER_CLOSE
RKT,1805284,2023-11-02,2023-11-02T21:20:17.000Z,AFTER_CLOSE
RKT,1805284,2024-02-22,2024-02-22T22:22:55.000Z,AFTER_CLOSE
RKT,1805284,2024-05-02,2024-05-02T21:26:44.000Z,AFTER_CLOSE
RKT,1805284,2024-08-01,2024-08-01T21:25:42.000Z,AFTER_CLOSE
RKT,1805284,2024-11-12,2024-11-12T21:30:20.000Z,AFTER_CLOSE
RKT,1805284,2025-02-27,2025-02-27T22:22:07.000Z,AFTER_CLOSE
RKT,1805284,2025-05-08,2025-05-08T21:19:11.000Z,AFTER_CLOSE
RKT,1805284,2025-07-31,2025-07-31T21:17:07.000Z,AFTER_CLOSE
RKT,1805284,2025-10-30,2025-10-30T21:13:25.000Z,AFTER_CLOSE
RKT,1805284,2026-02-03,2026-02-03T21:37:14.000Z,AFTER_CLOSE
RKT,1805284,2026-02-26,2026-02-26T22:22:05.000Z,AFTER_CLOSE
RKT,1805284,2026-05-07,2026-05-07T21:22:13.000Z,AFTER_CLOSE
RKT,1805284,2026-08-06,2026-08-06T21:24:12.000Z,AFTER_CLOSE
RMD,943819,2018-10-25,2018-10-25T20:05:06.000Z,AFTER_CLOSE
RMD,943819,2019-01-24,2019-01-24T21:05:40.000Z,AFTER_CLOSE
RMD,943819,2019-05-02,2019-05-02T20:06:03.000Z,AFTER_CLOSE
RMD,943819,2019-07-25,2019-07-25T20:05:56.000Z,AFTER_CLOSE
RMD,943819,2019-10-24,2019-10-24T20:05:55.000Z,AFTER_CLOSE
RMD,943819,2020-01-30,2020-01-30T21:05:40.000Z,AFTER_CLOSE
RMD,943819,2020-04-30,2020-04-30T20:05:44.000Z,AFTER_CLOSE
RMD,943819,2020-08-05,2020-08-05T20:05:57.000Z,AFTER_CLOSE
RMD,943819,2020-10-29,2020-10-29T20:05:43.000Z,AFTER_CLOSE
RMD,943819,2021-01-28,2021-01-28T21:05:55.000Z,AFTER_CLOSE
RMD,943819,2021-04-29,2021-04-29T20:06:05.000Z,AFTER_CLOSE
RMD,943819,2021-08-05,2021-08-05T20:08:39.000Z,AFTER_CLOSE
RMD,943819,2021-10-28,2021-10-28T20:07:09.000Z,AFTER_CLOSE
RMD,943819,2022-01-27,2022-01-27T21:06:08.000Z,AFTER_CLOSE
RMD,943819,2022-04-28,2022-04-28T20:07:35.000Z,AFTER_CLOSE
RMD,943819,2022-08-11,2022-08-11T20:07:02.000Z,AFTER_CLOSE
RMD,943819,2022-10-27,2022-10-27T20:05:39.000Z,AFTER_CLOSE
RMD,943819,2023-01-26,2023-01-26T21:05:45.000Z,AFTER_CLOSE
RMD,943819,2023-04-27,2023-04-27T20:06:05.000Z,AFTER_CLOSE
RMD,943819,2023-08-03,2023-08-03T20:06:09.000Z,AFTER_CLOSE
RMD,943819,2023-10-26,2023-10-26T20:05:53.000Z,AFTER_CLOSE
RMD,943819,2024-01-24,2024-01-24T21:06:01.000Z,AFTER_CLOSE
RMD,943819,2024-04-25,2024-04-25T20:07:05.000Z,AFTER_CLOSE
RMD,943819,2024-08-01,2024-08-01T20:05:55.000Z,AFTER_CLOSE
RMD,943819,2024-10-24,2024-10-24T20:05:51.000Z,AFTER_CLOSE
RMD,943819,2025-01-30,2025-01-30T21:05:28.000Z,AFTER_CLOSE
RMD,943819,2025-04-23,2025-04-23T20:05:31.000Z,AFTER_CLOSE
RMD,943819,2025-07-31,2025-07-31T20:05:17.000Z,AFTER_CLOSE
RMD,943819,2025-10-30,2025-10-30T20:06:11.000Z,AFTER_CLOSE
RMD,943819,2026-01-29,2026-01-29T21:05:45.000Z,AFTER_CLOSE
RMD,943819,2026-04-30,2026-04-30T20:06:30.000Z,AFTER_CLOSE
RMD,943819,2026-07-07,2026-07-07T21:24:32.000Z,AFTER_CLOSE
RMD,943819,2026-08-06,2026-08-06T20:05:37.000Z,AFTER_CLOSE
ROIV,1635088,2021-09-21,2021-09-21T21:25:03.000Z,AFTER_CLOSE
ROIV,1635088,2021-11-15,2021-11-15T12:16:00.000Z,BEFORE_OPEN
ROIV,1635088,2022-02-14,2022-02-14T12:25:08.000Z,BEFORE_OPEN
ROIV,1635088,2022-05-24,2022-05-24T12:00:58.000Z,BEFORE_OPEN
ROIV,1635088,2022-06-28,2022-06-28T10:22:58.000Z,BEFORE_OPEN
ROIV,1635088,2022-08-15,2022-08-15T11:15:12.000Z,BEFORE_OPEN
ROIV,1635088,2022-11-07,2022-11-07T22:25:06.000Z,AFTER_CLOSE
ROIV,1635088,2022-11-14,2022-11-14T12:51:27.000Z,BEFORE_OPEN
ROIV,1635088,2023-02-01,2023-02-01T22:27:00.000Z,AFTER_CLOSE
ROIV,1635088,2023-02-13,2023-02-13T12:18:12.000Z,BEFORE_OPEN
ROIV,1635088,2023-06-28,2023-06-28T11:12:51.000Z,BEFORE_OPEN
ROIV,1635088,2023-08-14,2023-08-14T11:27:12.000Z,BEFORE_OPEN
ROIV,1635088,2023-11-13,2023-11-13T12:06:01.000Z,BEFORE_OPEN
ROIV,1635088,2024-02-13,2024-02-13T12:05:49.000Z,BEFORE_OPEN
ROIV,1635088,2024-05-30,2024-05-30T11:15:23.000Z,BEFORE_OPEN
ROIV,1635088,2024-08-08,2024-08-08T11:15:53.000Z,BEFORE_OPEN
ROIV,1635088,2024-11-12,2024-11-12T12:22:27.000Z,BEFORE_OPEN
ROIV,1635088,2025-02-10,2025-02-10T12:15:27.000Z,BEFORE_OPEN
ROIV,1635088,2025-05-29,2025-05-29T11:33:23.000Z,BEFORE_OPEN
ROIV,1635088,2025-08-11,2025-08-11T11:17:14.000Z,BEFORE_OPEN
ROIV,1635088,2025-11-10,2025-11-10T12:21:35.000Z,BEFORE_OPEN
ROIV,1635088,2026-02-06,2026-02-06T12:12:45.000Z,BEFORE_OPEN
ROIV,1635088,2026-04-02,2026-04-02T11:00:32.000Z,BEFORE_OPEN
ROIV,1635088,2026-05-20,2026-05-20T11:14:10.000Z,BEFORE_OPEN
ROIV,1635088,2026-08-06,2026-08-06T11:13:50.000Z,BEFORE_OPEN
ROK,1024478,2020-01-29,2020-01-29T12:16:35.000Z,BEFORE_OPEN
ROK,1024478,2020-04-08,2020-04-08T13:20:50.000Z,BEFORE_OPEN
ROK,1024478,2020-04-28,2020-04-28T11:18:31.000Z,BEFORE_OPEN
ROK,1024478,2020-07-28,2020-07-28T11:14:15.000Z,BEFORE_OPEN
ROK,1024478,2020-11-10,2020-11-10T12:19:07.000Z,BEFORE_OPEN
ROK,1024478,2021-01-26,2021-01-26T12:12:01.000Z,BEFORE_OPEN
ROK,1024478,2021-04-28,2021-04-28T11:19:41.000Z,BEFORE_OPEN
ROK,1024478,2021-07-27,2021-07-27T11:16:20.000Z,BEFORE_OPEN
ROK,1024478,2021-11-02,2021-11-02T11:05:07.000Z,BEFORE_OPEN
ROK,1024478,2022-01-27,2022-01-27T12:08:03.000Z,BEFORE_OPEN
ROK,1024478,2022-05-03,2022-05-03T11:25:26.000Z,BEFORE_OPEN
ROK,1024478,2022-07-27,2022-07-27T11:03:56.000Z,BEFORE_OPEN
ROK,1024478,2022-11-02,2022-11-02T11:03:29.000Z,BEFORE_OPEN
ROK,1024478,2023-01-26,2023-01-26T12:06:28.000Z,BEFORE_OPEN
ROK,1024478,2023-04-27,2023-04-27T11:07:35.000Z,BEFORE_OPEN
ROK,1024478,2023-08-01,2023-08-01T11:03:34.000Z,BEFORE_OPEN
ROK,1024478,2023-11-02,2023-11-02T11:04:40.000Z,BEFORE_OPEN
ROK,1024478,2024-01-31,2024-01-31T12:04:21.000Z,BEFORE_OPEN
ROK,1024478,2024-05-07,2024-05-07T11:07:20.000Z,BEFORE_OPEN
ROK,1024478,2024-08-07,2024-08-07T11:01:50.000Z,BEFORE_OPEN
ROK,1024478,2024-11-07,2024-11-07T12:02:10.000Z,BEFORE_OPEN
ROK,1024478,2025-02-10,2025-02-10T12:01:14.000Z,BEFORE_OPEN
ROK,1024478,2025-05-07,2025-05-07T11:01:18.000Z,BEFORE_OPEN
ROK,1024478,2025-08-06,2025-08-06T11:03:47.000Z,BEFORE_OPEN
ROK,1024478,2025-11-06,2025-11-06T12:02:23.000Z,BEFORE_OPEN
ROK,1024478,2026-02-05,2026-02-05T12:01:23.000Z,BEFORE_OPEN
ROK,1024478,2026-05-05,2026-05-05T11:04:32.000Z,BEFORE_OPEN
ROK,1024478,2026-08-04,2026-08-04T11:01:24.000Z,BEFORE_OPEN
ROKU,1428439,2019-05-08,2019-05-08T20:30:31.000Z,AFTER_CLOSE
ROKU,1428439,2019-08-07,2019-08-07T20:11:33.000Z,AFTER_CLOSE
ROKU,1428439,2019-11-06,2019-11-06T21:38:33.000Z,AFTER_CLOSE
ROKU,1428439,2020-02-13,2020-02-13T21:11:22.000Z,AFTER_CLOSE
ROKU,1428439,2020-04-14,2020-04-14T10:31:46.000Z,BEFORE_OPEN
ROKU,1428439,2020-05-07,2020-05-07T20:08:40.000Z,AFTER_CLOSE
ROKU,1428439,2020-08-05,2020-08-05T20:08:46.000Z,AFTER_CLOSE
ROKU,1428439,2020-11-05,2020-11-05T21:18:16.000Z,AFTER_CLOSE
ROKU,1428439,2021-02-18,2021-02-18T21:12:46.000Z,AFTER_CLOSE
ROKU,1428439,2021-05-06,2021-05-06T20:11:37.000Z,AFTER_CLOSE
ROKU,1428439,2021-08-04,2021-08-04T20:10:55.000Z,AFTER_CLOSE
ROKU,1428439,2021-11-03,2021-11-03T20:11:03.000Z,AFTER_CLOSE
ROKU,1428439,2022-02-17,2022-02-17T21:26:11.000Z,AFTER_CLOSE
ROKU,1428439,2022-04-28,2022-04-28T20:10:36.000Z,AFTER_CLOSE
ROKU,1428439,2022-07-28,2022-07-28T20:09:58.000Z,AFTER_CLOSE
ROKU,1428439,2022-11-02,2022-11-02T20:05:51.000Z,AFTER_CLOSE
ROKU,1428439,2023-02-15,2023-02-15T21:04:56.000Z,AFTER_CLOSE
ROKU,1428439,2023-04-26,2023-04-26T20:03:14.000Z,AFTER_CLOSE
ROKU,1428439,2023-07-27,2023-07-27T20:03:33.000Z,AFTER_CLOSE
ROKU,1428439,2023-11-01,2023-11-01T20:05:34.000Z,AFTER_CLOSE
ROKU,1428439,2024-02-15,2024-02-15T21:08:40.000Z,AFTER_CLOSE
ROKU,1428439,2024-04-25,2024-04-25T20:05:40.000Z,AFTER_CLOSE
ROKU,1428439,2024-08-01,2024-08-01T20:12:58.000Z,AFTER_CLOSE
ROKU,1428439,2024-10-30,2024-10-30T20:05:20.000Z,AFTER_CLOSE
ROKU,1428439,2025-02-13,2025-02-13T21:05:08.000Z,AFTER_CLOSE
ROKU,1428439,2025-05-01,2025-05-01T20:09:24.000Z,AFTER_CLOSE
ROKU,1428439,2025-07-31,2025-07-31T20:11:18.000Z,AFTER_CLOSE
ROKU,1428439,2025-10-30,2025-10-30T20:05:30.000Z,AFTER_CLOSE
ROKU,1428439,2026-02-12,2026-02-12T21:09:00.000Z,AFTER_CLOSE
ROKU,1428439,2026-04-30,2026-04-30T20:01:41.000Z,AFTER_CLOSE
ROKU,1428439,2026-08-06,2026-08-06T20:12:49.000Z,AFTER_CLOSE
ROP,882835,2011-07-25,2011-07-25T11:52:53.000Z,BEFORE_OPEN
ROP,882835,2011-10-24,2011-10-24T12:19:58.000Z,BEFORE_OPEN
ROP,882835,2012-02-02,2012-02-02T13:22:06.000Z,BEFORE_OPEN
ROP,882835,2012-04-23,2012-04-23T12:25:15.000Z,BEFORE_OPEN
ROP,882835,2012-07-30,2012-07-30T12:20:27.000Z,BEFORE_OPEN
ROP,882835,2012-10-25,2012-10-25T12:00:55.000Z,BEFORE_OPEN
ROP,882835,2013-01-28,2013-01-28T12:45:08.000Z,BEFORE_OPEN
ROP,882835,2013-04-29,2013-04-29T12:15:00.000Z,BEFORE_OPEN
ROP,882835,2013-07-29,2013-07-29T12:15:54.000Z,BEFORE_OPEN
ROP,882835,2013-10-28,2013-10-28T11:58:46.000Z,BEFORE_OPEN
ROP,882835,2014-01-27,2014-01-27T12:59:07.000Z,BEFORE_OPEN
ROP,882835,2014-04-28,2014-04-28T11:59:33.000Z,BEFORE_OPEN
ROP,882835,2014-07-28,2014-07-28T12:27:36.000Z,BEFORE_OPEN
ROP,882835,2014-10-27,2014-10-27T12:02:08.000Z,BEFORE_OPEN
ROP,882835,2015-01-26,2015-01-26T13:43:21.000Z,BEFORE_OPEN
ROP,882835,2015-04-27,2015-04-27T11:50:41.000Z,BEFORE_OPEN
ROP,882835,2015-07-27,2015-07-27T11:57:15.000Z,BEFORE_OPEN
ROP,882835,2015-10-26,2015-10-26T12:20:54.000Z,BEFORE_OPEN
ROP,882835,2016-02-01,2016-02-01T13:10:20.000Z,BEFORE_OPEN
ROP,882835,2016-04-25,2016-04-25T12:04:39.000Z,BEFORE_OPEN
ROP,882835,2016-07-25,2016-07-25T11:43:10.000Z,BEFORE_OPEN
ROP,882835,2016-10-31,2016-10-31T12:03:06.000Z,BEFORE_OPEN
ROP,882835,2017-02-09,2017-02-09T13:01:25.000Z,BEFORE_OPEN
ROP,882835,2017-04-28,2017-04-28T12:11:33.000Z,BEFORE_OPEN
ROP,882835,2017-07-31,2017-07-31T11:28:19.000Z,BEFORE_OPEN
ROP,882835,2017-10-30,2017-10-30T11:13:00.000Z,BEFORE_OPEN
ROP,882835,2018-02-02,2018-02-02T12:02:05.000Z,BEFORE_OPEN
ROP,882835,2018-04-20,2018-04-20T11:20:51.000Z,BEFORE_OPEN
ROP,882835,2018-07-26,2018-07-26T12:04:11.000Z,BEFORE_OPEN
ROP,882835,2018-10-26,2018-10-26T12:01:12.000Z,BEFORE_OPEN
ROP,882835,2019-02-01,2019-02-01T12:32:02.000Z,BEFORE_OPEN
ROP,882835,2019-04-25,2019-04-25T12:00:39.000Z,BEFORE_OPEN
ROP,882835,2019-07-25,2019-07-25T11:33:57.000Z,BEFORE_OPEN
ROP,882835,2019-10-24,2019-10-24T11:25:06.000Z,BEFORE_OPEN
ROP,882835,2020-01-30,2020-01-30T12:59:05.000Z,BEFORE_OPEN
ROP,882835,2020-07-28,2020-07-28T11:03:26.000Z,BEFORE_OPEN
ROP,882835,2020-10-27,2020-10-27T11:01:54.000Z,BEFORE_OPEN
ROP,882835,2021-01-29,2021-01-29T12:17:20.000Z,BEFORE_OPEN
ROP,882835,2021-04-27,2021-04-27T11:09:37.000Z,BEFORE_OPEN
ROP,882835,2021-07-23,2021-07-23T11:06:12.000Z,BEFORE_OPEN
ROP,882835,2021-10-22,2021-10-22T11:14:23.000Z,BEFORE_OPEN
ROP,882835,2022-02-02,2022-02-02T12:13:52.000Z,BEFORE_OPEN
ROP,882835,2022-04-26,2022-04-26T11:06:48.000Z,BEFORE_OPEN
ROP,882835,2022-07-22,2022-07-22T11:01:20.000Z,BEFORE_OPEN
ROP,882835,2022-10-26,2022-10-26T11:28:27.000Z,BEFORE_OPEN
ROP,882835,2023-01-27,2023-01-27T12:01:54.000Z,BEFORE_OPEN
ROP,882835,2023-04-27,2023-04-27T11:04:39.000Z,BEFORE_OPEN
ROP,882835,2023-07-21,2023-07-21T11:01:59.000Z,BEFORE_OPEN
ROP,882835,2023-10-25,2023-10-25T11:04:07.000Z,BEFORE_OPEN
ROP,882835,2024-01-31,2024-01-31T12:02:24.000Z,BEFORE_OPEN
ROP,882835,2024-04-26,2024-04-26T11:01:24.000Z,BEFORE_OPEN
ROP,882835,2024-07-24,2024-07-24T11:02:24.000Z,BEFORE_OPEN
ROP,882835,2024-10-23,2024-10-23T11:02:17.000Z,BEFORE_OPEN
ROP,882835,2025-01-30,2025-01-30T12:03:10.000Z,BEFORE_OPEN
ROP,882835,2025-04-28,2025-04-28T10:58:18.000Z,BEFORE_OPEN
ROP,882835,2025-07-21,2025-07-21T10:59:48.000Z,BEFORE_OPEN
ROP,882835,2025-10-23,2025-10-23T11:02:55.000Z,BEFORE_OPEN
ROP,882835,2026-01-27,2026-01-27T12:01:06.000Z,BEFORE_OPEN
ROP,882835,2026-04-23,2026-04-23T11:02:07.000Z,BEFORE_OPEN
ROP,882835,2026-07-23,2026-07-23T11:00:56.000Z,BEFORE_OPEN
ROST,745732,2013-05-23,2013-05-23T20:00:31.000Z,AFTER_CLOSE
ROST,745732,2013-08-22,2013-08-22T20:00:32.000Z,AFTER_CLOSE
ROST,745732,2013-11-21,2013-11-21T21:01:21.000Z,AFTER_CLOSE
ROST,745732,2014-02-27,2014-02-27T21:03:08.000Z,AFTER_CLOSE
ROST,745732,2014-05-22,2014-05-22T20:02:23.000Z,AFTER_CLOSE
ROST,745732,2014-11-20,2014-11-20T21:01:20.000Z,AFTER_CLOSE
ROST,745732,2015-02-26,2015-02-26T21:02:40.000Z,AFTER_CLOSE
ROST,745732,2015-05-21,2015-05-21T20:02:24.000Z,AFTER_CLOSE
ROST,745732,2015-08-20,2015-08-20T20:02:46.000Z,AFTER_CLOSE
ROST,745732,2015-11-19,2015-11-19T21:02:02.000Z,AFTER_CLOSE
ROST,745732,2016-03-01,2016-03-01T21:02:11.000Z,AFTER_CLOSE
ROST,745732,2016-05-19,2016-05-19T20:02:30.000Z,AFTER_CLOSE
ROST,745732,2016-08-18,2016-08-18T20:02:43.000Z,AFTER_CLOSE
ROST,745732,2016-11-17,2016-11-17T21:02:20.000Z,AFTER_CLOSE
ROST,745732,2017-02-28,2017-02-28T21:02:39.000Z,AFTER_CLOSE
ROST,745732,2017-05-18,2017-05-18T20:02:45.000Z,AFTER_CLOSE
ROST,745732,2017-08-17,2017-08-17T20:03:22.000Z,AFTER_CLOSE
ROST,745732,2017-11-16,2017-11-16T21:02:23.000Z,AFTER_CLOSE
ROST,745732,2018-03-06,2018-03-06T21:02:26.000Z,AFTER_CLOSE
ROST,745732,2018-05-24,2018-05-24T20:04:20.000Z,AFTER_CLOSE
ROST,745732,2018-08-23,2018-08-23T20:08:31.000Z,AFTER_CLOSE
ROST,745732,2018-11-20,2018-11-20T14:01:53.000Z,BEFORE_OPEN
ROST,745732,2019-03-05,2019-03-05T21:07:52.000Z,AFTER_CLOSE
ROST,745732,2019-05-23,2019-05-23T20:03:54.000Z,AFTER_CLOSE
ROST,745732,2019-08-22,2019-08-22T20:04:08.000Z,AFTER_CLOSE
ROST,745732,2019-11-21,2019-11-21T21:04:01.000Z,AFTER_CLOSE
ROST,745732,2020-03-03,2020-03-03T21:03:54.000Z,AFTER_CLOSE
ROST,745732,2020-05-21,2020-05-21T20:06:35.000Z,AFTER_CLOSE
ROST,745732,2020-08-20,2020-08-20T20:13:00.000Z,AFTER_CLOSE
ROST,745732,2020-11-19,2020-11-19T21:03:58.000Z,AFTER_CLOSE
ROST,745732,2021-03-02,2021-03-02T21:07:36.000Z,AFTER_CLOSE
ROST,745732,2021-05-20,2021-05-20T20:04:39.000Z,AFTER_CLOSE
ROST,745732,2021-08-19,2021-08-19T20:03:34.000Z,AFTER_CLOSE
ROST,745732,2021-11-18,2021-11-18T21:05:16.000Z,AFTER_CLOSE
ROST,745732,2022-03-01,2022-03-01T21:10:12.000Z,AFTER_CLOSE
ROST,745732,2022-05-19,2022-05-19T20:03:13.000Z,AFTER_CLOSE
ROST,745732,2022-08-18,2022-08-18T20:02:53.000Z,AFTER_CLOSE
ROST,745732,2022-11-17,2022-11-17T21:02:43.000Z,AFTER_CLOSE
ROST,745732,2023-02-28,2023-02-28T21:06:50.000Z,AFTER_CLOSE
ROST,745732,2023-05-18,2023-05-18T20:02:41.000Z,AFTER_CLOSE
ROST,745732,2023-08-17,2023-08-17T20:02:48.000Z,AFTER_CLOSE
ROST,745732,2023-11-16,2023-11-16T21:02:31.000Z,AFTER_CLOSE
ROST,745732,2024-03-05,2024-03-05T21:03:03.000Z,AFTER_CLOSE
ROST,745732,2024-05-23,2024-05-23T20:04:06.000Z,AFTER_CLOSE
ROST,745732,2024-08-22,2024-08-22T20:02:21.000Z,AFTER_CLOSE
ROST,745732,2024-11-21,2024-11-21T21:04:02.000Z,AFTER_CLOSE
ROST,745732,2025-03-04,2025-03-04T21:04:11.000Z,AFTER_CLOSE
ROST,745732,2025-05-22,2025-05-22T20:02:34.000Z,AFTER_CLOSE
ROST,745732,2025-08-21,2025-08-21T20:03:30.000Z,AFTER_CLOSE
ROST,745732,2025-11-20,2025-11-20T21:03:03.000Z,AFTER_CLOSE
ROST,745732,2026-03-03,2026-03-03T21:03:09.000Z,AFTER_CLOSE
ROST,745732,2026-05-21,2026-05-21T20:02:44.000Z,AFTER_CLOSE
ROST,745732,2026-08-20,2026-08-20T20:11:01.000Z,AFTER_CLOSE
RPRX,1802768,2020-07-14,2020-07-14T21:04:43.000Z,AFTER_CLOSE
RPRX,1802768,2020-08-12,2020-08-12T11:33:59.000Z,BEFORE_OPEN
RPRX,1802768,2020-08-19,2020-08-19T13:13:58.000Z,BEFORE_OPEN
RPRX,1802768,2020-11-10,2020-11-10T22:16:56.000Z,AFTER_CLOSE
RPRX,1802768,2021-02-17,2021-02-17T12:16:02.000Z,BEFORE_OPEN
RPRX,1802768,2021-05-11,2021-05-11T11:57:50.000Z,BEFORE_OPEN
RPRX,1802768,2021-08-11,2021-08-11T11:47:07.000Z,BEFORE_OPEN
RPRX,1802768,2021-11-10,2021-11-10T12:59:57.000Z,BEFORE_OPEN
RPRX,1802768,2022-01-10,2022-01-10T12:37:03.000Z,BEFORE_OPEN
RPRX,1802768,2022-02-15,2022-02-15T12:55:37.000Z,BEFORE_OPEN
RPRX,1802768,2022-05-05,2022-05-05T11:37:02.000Z,BEFORE_OPEN
RPRX,1802768,2022-08-04,2022-08-04T11:36:00.000Z,BEFORE_OPEN
RPRX,1802768,2022-11-08,2022-11-08T12:32:45.000Z,BEFORE_OPEN
RPRX,1802768,2023-01-09,2023-01-09T14:26:03.000Z,BEFORE_OPEN
RPRX,1802768,2023-02-15,2023-02-15T12:36:53.000Z,BEFORE_OPEN
RPRX,1802768,2023-05-09,2023-05-09T11:31:47.000Z,BEFORE_OPEN
RPRX,1802768,2023-08-08,2023-08-08T11:31:35.000Z,BEFORE_OPEN
RPRX,1802768,2023-11-08,2023-11-08T12:40:12.000Z,BEFORE_OPEN
RPRX,1802768,2024-01-08,2024-01-08T12:18:52.000Z,BEFORE_OPEN
RPRX,1802768,2024-02-15,2024-02-15T12:33:43.000Z,BEFORE_OPEN
RPRX,1802768,2024-05-09,2024-05-09T11:17:01.000Z,BEFORE_OPEN
RPRX,1802768,2024-08-08,2024-08-08T11:20:53.000Z,BEFORE_OPEN
RPRX,1802768,2024-11-06,2024-11-06T12:35:00.000Z,BEFORE_OPEN
RPRX,1802768,2025-01-10,2025-01-10T12:47:43.000Z,BEFORE_OPEN
RPRX,1802768,2025-02-11,2025-02-11T12:38:36.000Z,BEFORE_OPEN
RPRX,1802768,2025-05-08,2025-05-08T11:31:50.000Z,BEFORE_OPEN
RPRX,1802768,2025-08-06,2025-08-06T11:10:16.000Z,BEFORE_OPEN
RPRX,1802768,2025-11-05,2025-11-05T12:31:09.000Z,BEFORE_OPEN
RPRX,1802768,2026-02-11,2026-02-11T12:37:12.000Z,BEFORE_OPEN
RPRX,1802768,2026-05-06,2026-05-06T11:31:54.000Z,BEFORE_OPEN
RPRX,1802768,2026-08-05,2026-08-05T11:33:09.000Z,BEFORE_OPEN
RSG,1060391,2021-05-05,2021-05-05T20:05:05.000Z,AFTER_CLOSE
RSG,1060391,2021-07-29,2021-07-29T20:04:55.000Z,AFTER_CLOSE
RSG,1060391,2021-10-28,2021-10-28T20:05:41.000Z,AFTER_CLOSE
RSG,1060391,2022-02-10,2022-02-10T21:05:01.000Z,AFTER_CLOSE
RSG,1060391,2022-05-05,2022-05-05T20:09:09.000Z,AFTER_CLOSE
RSG,1060391,2022-08-04,2022-08-04T20:08:46.000Z,AFTER_CLOSE
RSG,1060391,2022-10-27,2022-10-27T20:09:16.000Z,AFTER_CLOSE
RSG,1060391,2023-02-15,2023-02-15T21:08:22.000Z,AFTER_CLOSE
RSG,1060391,2023-04-27,2023-04-27T20:06:24.000Z,AFTER_CLOSE
RSG,1060391,2023-07-31,2023-07-31T20:09:35.000Z,AFTER_CLOSE
RSG,1060391,2023-10-26,2023-10-26T20:05:33.000Z,AFTER_CLOSE
RSG,1060391,2024-02-27,2024-02-27T21:09:04.000Z,AFTER_CLOSE
RSG,1060391,2024-04-30,2024-04-30T20:05:29.000Z,AFTER_CLOSE
RSG,1060391,2024-07-24,2024-07-24T20:05:58.000Z,AFTER_CLOSE
RSG,1060391,2024-10-29,2024-10-29T20:07:25.000Z,AFTER_CLOSE
RSG,1060391,2025-02-13,2025-02-13T21:07:06.000Z,AFTER_CLOSE
RSG,1060391,2025-04-24,2025-04-24T20:06:18.000Z,AFTER_CLOSE
RSG,1060391,2025-07-29,2025-07-29T20:08:41.000Z,AFTER_CLOSE
RSG,1060391,2025-10-30,2025-10-30T20:10:13.000Z,AFTER_CLOSE
RSG,1060391,2026-02-17,2026-02-17T21:06:16.000Z,AFTER_CLOSE
RSG,1060391,2026-05-07,2026-05-07T20:10:28.000Z,AFTER_CLOSE
RSG,1060391,2026-08-06,2026-08-06T20:08:11.000Z,AFTER_CLOSE
RTX,101829,2018-01-24,2018-01-24T11:18:41.000Z,BEFORE_OPEN
RTX,101829,2018-04-24,2018-04-24T11:11:29.000Z,BEFORE_OPEN
RTX,101829,2018-07-24,2018-07-24T11:06:17.000Z,BEFORE_OPEN
RTX,101829,2018-10-23,2018-10-23T11:20:49.000Z,BEFORE_OPEN
RTX,101829,2019-01-23,2019-01-23T12:10:20.000Z,BEFORE_OPEN
RTX,101829,2019-04-23,2019-04-23T11:09:06.000Z,BEFORE_OPEN
RTX,101829,2019-07-23,2019-07-23T11:04:18.000Z,BEFORE_OPEN
RTX,101829,2019-10-22,2019-10-22T11:01:03.000Z,BEFORE_OPEN
RTX,101829,2020-01-28,2020-01-28T11:46:45.000Z,BEFORE_OPEN
RTX,101829,2020-05-07,2020-05-07T11:07:49.000Z,BEFORE_OPEN
RTX,101829,2020-07-28,2020-07-28T10:58:54.000Z,BEFORE_OPEN
RTX,101829,2020-10-27,2020-10-27T10:59:56.000Z,BEFORE_OPEN
RTX,101829,2021-01-26,2021-01-26T11:57:46.000Z,BEFORE_OPEN
RTX,101829,2021-04-27,2021-04-27T11:03:41.000Z,BEFORE_OPEN
RTX,101829,2021-07-27,2021-07-27T10:57:30.000Z,BEFORE_OPEN
RTX,101829,2021-10-26,2021-10-26T10:56:54.000Z,BEFORE_OPEN
RTX,101829,2022-01-25,2022-01-25T11:56:32.000Z,BEFORE_OPEN
RTX,101829,2022-04-26,2022-04-26T10:59:07.000Z,BEFORE_OPEN
RTX,101829,2022-07-26,2022-07-26T10:58:02.000Z,BEFORE_OPEN
RTX,101829,2022-10-25,2022-10-25T10:58:41.000Z,BEFORE_OPEN
RTX,101829,2023-01-24,2023-01-24T11:50:30.000Z,BEFORE_OPEN
RTX,101829,2023-04-25,2023-04-25T10:56:52.000Z,BEFORE_OPEN
RTX,101829,2023-07-25,2023-07-25T10:59:24.000Z,BEFORE_OPEN
RTX,101829,2023-10-24,2023-10-24T10:57:04.000Z,BEFORE_OPEN
RTX,101829,2024-01-23,2024-01-23T11:58:25.000Z,BEFORE_OPEN
RTX,101829,2024-04-23,2024-04-23T10:59:26.000Z,BEFORE_OPEN
RTX,101829,2024-07-25,2024-07-25T10:47:41.000Z,BEFORE_OPEN
RTX,101829,2024-10-22,2024-10-22T11:00:03.000Z,BEFORE_OPEN
RTX,101829,2025-01-28,2025-01-28T12:11:25.000Z,BEFORE_OPEN
RTX,101829,2025-04-22,2025-04-22T11:00:26.000Z,BEFORE_OPEN
RTX,101829,2025-07-22,2025-07-22T10:58:52.000Z,BEFORE_OPEN
RTX,101829,2025-10-21,2025-10-21T10:56:50.000Z,BEFORE_OPEN
RTX,101829,2026-01-27,2026-01-27T11:57:34.000Z,BEFORE_OPEN
RTX,101829,2026-04-21,2026-04-21T11:08:52.000Z,BEFORE_OPEN
RTX,101829,2026-07-23,2026-07-23T10:51:03.000Z,BEFORE_OPEN
RVMD,1628171,2020-05-14,2020-05-14T20:05:33.000Z,AFTER_CLOSE
RVMD,1628171,2020-08-10,2020-08-10T11:35:59.000Z,BEFORE_OPEN
RVMD,1628171,2020-11-12,2020-11-12T12:36:59.000Z,BEFORE_OPEN
RVMD,1628171,2021-02-01,2021-02-01T21:01:52.000Z,AFTER_CLOSE
RVMD,1628171,2021-03-02,2021-03-02T21:05:55.000Z,AFTER_CLOSE
RVMD,1628171,2021-05-10,2021-05-10T20:05:34.000Z,AFTER_CLOSE
RVMD,1628171,2021-08-11,2021-08-11T20:06:10.000Z,AFTER_CLOSE
RVMD,1628171,2021-11-10,2021-11-10T21:06:05.000Z,AFTER_CLOSE
RVMD,1628171,2022-01-11,2022-01-11T19:16:11.000Z,IN_SESSION
RVMD,1628171,2022-02-28,2022-02-28T21:06:36.000Z,AFTER_CLOSE
RVMD,1628171,2022-05-09,2022-05-09T20:07:00.000Z,AFTER_CLOSE
RVMD,1628171,2022-08-09,2022-08-09T20:08:53.000Z,AFTER_CLOSE
RVMD,1628171,2022-11-07,2022-11-07T21:08:05.000Z,AFTER_CLOSE
RVMD,1628171,2023-01-10,2023-01-10T19:13:58.000Z,IN_SESSION
RVMD,1628171,2023-02-27,2023-02-27T21:02:27.000Z,AFTER_CLOSE
RVMD,1628171,2023-05-08,2023-05-08T20:04:41.000Z,AFTER_CLOSE
RVMD,1628171,2023-08-08,2023-08-08T20:04:36.000Z,AFTER_CLOSE
RVMD,1628171,2023-11-06,2023-11-06T21:05:08.000Z,AFTER_CLOSE
RVMD,1628171,2024-01-09,2024-01-09T19:15:37.000Z,IN_SESSION
RVMD,1628171,2024-02-26,2024-02-26T21:04:06.000Z,AFTER_CLOSE
RVMD,1628171,2024-05-08,2024-05-08T20:05:15.000Z,AFTER_CLOSE
RVMD,1628171,2024-08-07,2024-08-07T20:05:10.000Z,AFTER_CLOSE
RVMD,1628171,2024-11-06,2024-11-06T21:05:09.000Z,AFTER_CLOSE
RVMD,1628171,2025-02-26,2025-02-26T21:05:09.000Z,AFTER_CLOSE
RVMD,1628171,2025-05-07,2025-05-07T20:05:10.000Z,AFTER_CLOSE
RVMD,1628171,2025-08-06,2025-08-06T20:05:29.000Z,AFTER_CLOSE
RVMD,1628171,2025-11-05,2025-11-05T21:00:25.000Z,AFTER_CLOSE
RVMD,1628171,2026-02-25,2026-02-25T21:05:29.000Z,AFTER_CLOSE
RVMD,1628171,2026-05-06,2026-05-06T20:05:17.000Z,AFTER_CLOSE
RVMD,1628171,2026-08-05,2026-08-05T20:05:32.000Z,AFTER_CLOSE
SBUX,829224,2016-01-21,2016-01-21T21:06:35.000Z,AFTER_CLOSE
SBUX,829224,2016-04-21,2016-04-21T20:06:00.000Z,AFTER_CLOSE
SBUX,829224,2016-07-21,2016-07-21T20:06:03.000Z,AFTER_CLOSE
SBUX,829224,2016-11-03,2016-11-03T20:06:58.000Z,AFTER_CLOSE
SBUX,829224,2017-01-26,2017-01-26T21:04:52.000Z,AFTER_CLOSE
SBUX,829224,2017-04-27,2017-04-27T20:08:25.000Z,AFTER_CLOSE
SBUX,829224,2017-07-27,2017-07-27T20:10:13.000Z,AFTER_CLOSE
SBUX,829224,2017-11-02,2017-11-02T20:07:49.000Z,AFTER_CLOSE
SBUX,829224,2018-01-25,2018-01-25T21:08:50.000Z,AFTER_CLOSE
SBUX,829224,2018-04-26,2018-04-26T20:08:16.000Z,AFTER_CLOSE
SBUX,829224,2018-07-26,2018-07-26T20:07:14.000Z,AFTER_CLOSE
SBUX,829224,2018-11-01,2018-11-01T20:14:01.000Z,AFTER_CLOSE
SBUX,829224,2019-01-24,2019-01-24T21:11:06.000Z,AFTER_CLOSE
SBUX,829224,2019-04-25,2019-04-25T20:11:16.000Z,AFTER_CLOSE
SBUX,829224,2019-07-25,2019-07-25T20:11:31.000Z,AFTER_CLOSE
SBUX,829224,2019-10-30,2019-10-30T20:15:16.000Z,AFTER_CLOSE
SBUX,829224,2020-01-28,2020-01-28T21:12:27.000Z,AFTER_CLOSE
SBUX,829224,2020-04-08,2020-04-08T21:01:00.000Z,AFTER_CLOSE
SBUX,829224,2020-04-28,2020-04-28T20:10:16.000Z,AFTER_CLOSE
SBUX,829224,2020-07-28,2020-07-28T20:09:18.000Z,AFTER_CLOSE
SBUX,829224,2020-10-29,2020-10-29T20:14:39.000Z,AFTER_CLOSE
SBUX,829224,2021-01-26,2021-01-26T21:07:09.000Z,AFTER_CLOSE
SBUX,829224,2021-04-27,2021-04-27T20:08:34.000Z,AFTER_CLOSE
SBUX,829224,2021-07-27,2021-07-27T20:39:51.000Z,AFTER_CLOSE
SBUX,829224,2021-10-28,2021-10-28T20:13:14.000Z,AFTER_CLOSE
SBUX,829224,2022-02-01,2022-02-01T21:09:19.000Z,AFTER_CLOSE
SBUX,829224,2022-05-03,2022-05-03T20:15:28.000Z,AFTER_CLOSE
SBUX,829224,2022-08-02,2022-08-02T20:08:36.000Z,AFTER_CLOSE
SBUX,829224,2022-11-03,2022-11-03T20:12:42.000Z,AFTER_CLOSE
SBUX,829224,2023-02-02,2023-02-02T21:07:03.000Z,AFTER_CLOSE
SBUX,829224,2023-05-02,2023-05-02T20:11:50.000Z,AFTER_CLOSE
SBUX,829224,2023-08-01,2023-08-01T20:08:29.000Z,AFTER_CLOSE
SBUX,829224,2023-11-02,2023-11-02T10:04:32.000Z,BEFORE_OPEN
SBUX,829224,2024-01-30,2024-01-30T21:07:49.000Z,AFTER_CLOSE
SBUX,829224,2024-04-30,2024-04-30T20:07:40.000Z,AFTER_CLOSE
SBUX,829224,2024-07-30,2024-07-30T20:07:11.000Z,AFTER_CLOSE
SBUX,829224,2024-10-22,2024-10-22T20:06:28.000Z,AFTER_CLOSE
SBUX,829224,2024-10-30,2024-10-30T20:07:42.000Z,AFTER_CLOSE
SBUX,829224,2025-01-28,2025-01-28T21:08:03.000Z,AFTER_CLOSE
SBUX,829224,2025-04-29,2025-04-29T20:07:24.000Z,AFTER_CLOSE
SBUX,829224,2025-07-29,2025-07-29T20:06:48.000Z,AFTER_CLOSE
SBUX,829224,2025-10-29,2025-10-29T20:08:56.000Z,AFTER_CLOSE
SBUX,829224,2026-01-28,2026-01-28T12:46:43.000Z,BEFORE_OPEN
SBUX,829224,2026-04-28,2026-04-28T20:06:39.000Z,AFTER_CLOSE
SBUX,829224,2026-07-29,2026-07-29T20:06:12.000Z,AFTER_CLOSE
SCCO,1001838,2007-07-27,2007-07-27T21:02:27.000Z,AFTER_CLOSE
SCCO,1001838,2007-10-24,2007-10-24T21:23:34.000Z,AFTER_CLOSE
SCCO,1001838,2008-01-28,2008-01-28T18:43:29.000Z,IN_SESSION
SCCO,1001838,2008-04-28,2008-04-28T21:22:27.000Z,AFTER_CLOSE
SCCO,1001838,2008-07-25,2008-07-25T20:31:01.000Z,AFTER_CLOSE
SCCO,1001838,2008-10-28,2008-10-28T11:09:15.000Z,BEFORE_OPEN
SCCO,1001838,2009-02-02,2009-02-02T12:07:02.000Z,BEFORE_OPEN
SCCO,1001838,2009-04-28,2009-04-28T15:20:57.000Z,IN_SESSION
SCCO,1001838,2009-07-23,2009-07-23T16:40:40.000Z,IN_SESSION
SCCO,1001838,2010-01-29,2010-01-29T22:25:49.000Z,AFTER_CLOSE
SCCO,1001838,2010-04-30,2010-04-30T20:33:30.000Z,AFTER_CLOSE
SCCO,1001838,2010-07-29,2010-07-29T18:43:53.000Z,IN_SESSION
SCCO,1001838,2010-10-29,2010-10-29T19:29:35.000Z,IN_SESSION
SCCO,1001838,2011-02-03,2011-02-03T17:34:43.000Z,IN_SESSION
SCCO,1001838,2011-04-19,2011-04-19T20:58:28.000Z,AFTER_CLOSE
SCCO,1001838,2011-08-01,2011-08-01T20:52:51.000Z,AFTER_CLOSE
SCCO,1001838,2011-11-02,2011-11-02T19:09:07.000Z,IN_SESSION
SCCO,1001838,2012-02-09,2012-02-09T20:37:39.000Z,IN_SESSION
SCCO,1001838,2012-05-02,2012-05-02T12:49:57.000Z,BEFORE_OPEN
SCCO,1001838,2012-07-31,2012-07-31T19:01:51.000Z,IN_SESSION
SCCO,1001838,2012-10-25,2012-10-25T15:54:51.000Z,IN_SESSION
SCCO,1001838,2013-02-01,2013-02-01T19:54:24.000Z,IN_SESSION
SCCO,1001838,2013-04-29,2013-04-29T20:43:41.000Z,AFTER_CLOSE
SCCO,1001838,2013-07-23,2013-07-23T21:10:41.000Z,AFTER_CLOSE
SCCO,1001838,2013-10-25,2013-10-25T16:43:41.000Z,IN_SESSION
SCCO,1001838,2014-02-10,2014-02-10T17:12:49.000Z,IN_SESSION
SCCO,1001838,2014-05-01,2014-05-01T21:28:47.000Z,AFTER_CLOSE
SCCO,1001838,2014-07-30,2014-07-30T22:18:21.000Z,AFTER_CLOSE
SCCO,1001838,2014-10-29,2014-10-29T19:24:23.000Z,IN_SESSION
SCCO,1001838,2015-02-05,2015-02-05T11:01:25.000Z,BEFORE_OPEN
SCCO,1001838,2015-04-28,2015-04-28T21:21:21.000Z,AFTER_CLOSE
SCCO,1001838,2015-07-30,2015-07-29T23:28:29.000Z,AFTER_CLOSE
SCCO,1001838,2015-10-27,2015-10-27T21:30:58.000Z,AFTER_CLOSE
SCCO,1001838,2016-02-11,2016-02-11T21:46:06.000Z,AFTER_CLOSE
SCCO,1001838,2016-04-29,2016-04-29T20:39:00.000Z,AFTER_CLOSE
SCCO,1001838,2016-07-26,2016-07-25T22:52:39.000Z,AFTER_CLOSE
SCCO,1001838,2016-10-28,2016-10-28T19:45:32.000Z,IN_SESSION
SCCO,1001838,2017-02-01,2017-02-01T21:58:45.000Z,AFTER_CLOSE
SCCO,1001838,2017-05-04,2017-05-04T21:30:24.000Z,AFTER_CLOSE
SCCO,1001838,2017-07-27,2017-07-27T19:54:07.000Z,IN_SESSION
SCCO,1001838,2017-10-20,2017-10-20T20:58:34.000Z,AFTER_CLOSE
SCCO,1001838,2018-02-05,2018-02-05T17:08:29.000Z,IN_SESSION
SCCO,1001838,2018-04-27,2018-04-27T00:10:32.000Z,AFTER_CLOSE
SCCO,1001838,2018-07-25,2018-07-25T16:07:23.000Z,IN_SESSION
SCCO,1001838,2018-10-24,2018-10-24T15:41:31.000Z,IN_SESSION
SCCO,1001838,2019-02-12,2019-02-12T13:24:25.000Z,BEFORE_OPEN
SCCO,1001838,2019-04-29,2019-04-29T21:24:50.000Z,AFTER_CLOSE
SCCO,1001838,2019-07-24,2019-07-24T20:58:31.000Z,AFTER_CLOSE
SCCO,1001838,2019-10-25,2019-10-25T16:50:01.000Z,IN_SESSION
SCCO,1001838,2020-02-26,2020-02-26T02:37:49.000Z,AFTER_CLOSE
SCCO,1001838,2020-04-27,2020-04-27T19:13:06.000Z,IN_SESSION
SCCO,1001838,2020-07-28,2020-07-28T21:19:06.000Z,AFTER_CLOSE
SCCO,1001838,2020-10-27,2020-10-27T20:49:20.000Z,AFTER_CLOSE
SCCO,1001838,2021-01-27,2021-01-26T23:19:45.000Z,AFTER_CLOSE
SCCO,1001838,2021-04-28,2021-04-28T21:25:23.000Z,AFTER_CLOSE
SCCO,1001838,2021-07-27,2021-07-27T18:49:25.000Z,IN_SESSION
SCCO,1001838,2021-10-27,2021-10-27T19:18:21.000Z,IN_SESSION
SCCO,1001838,2022-02-02,2022-02-02T22:19:20.000Z,AFTER_CLOSE
SCCO,1001838,2022-05-03,2022-05-03T17:49:02.000Z,IN_SESSION
SCCO,1001838,2022-07-27,2022-07-27T20:50:34.000Z,AFTER_CLOSE
SCCO,1001838,2022-10-28,2022-10-28T21:24:50.000Z,AFTER_CLOSE
SCCO,1001838,2023-02-03,2023-02-03T20:47:54.000Z,IN_SESSION
SCCO,1001838,2023-04-27,2023-04-27T20:26:53.000Z,AFTER_CLOSE
SCCO,1001838,2023-07-28,2023-07-28T13:28:32.000Z,BEFORE_OPEN
SCCO,1001838,2023-10-25,2023-10-25T19:50:45.000Z,IN_SESSION
SCCO,1001838,2024-02-02,2024-02-02T18:38:56.000Z,IN_SESSION
SCCO,1001838,2024-04-26,2024-04-26T01:43:07.000Z,AFTER_CLOSE
SCCO,1001838,2024-07-19,2024-07-19T20:41:24.000Z,AFTER_CLOSE
SCCO,1001838,2024-10-22,2024-10-22T21:19:03.000Z,AFTER_CLOSE
SCCO,1001838,2024-10-22,2024-10-22T11:24:56.000Z,BEFORE_OPEN
SCCO,1001838,2025-02-12,2025-02-12T13:45:39.000Z,BEFORE_OPEN
SCCO,1001838,2025-04-25,2025-04-25T15:56:12.000Z,IN_SESSION
SCCO,1001838,2025-07-29,2025-07-29T21:15:51.000Z,AFTER_CLOSE
SCCO,1001838,2025-10-29,2025-10-29T00:35:13.000Z,AFTER_CLOSE
SCCO,1001838,2026-01-28,2026-01-28T22:21:17.000Z,AFTER_CLOSE
SCCO,1001838,2026-04-29,2026-04-29T16:53:59.000Z,IN_SESSION
SCCO,1001838,2026-07-22,2026-07-22T00:51:40.000Z,AFTER_CLOSE
SCHW,316709,2021-07-16,2021-07-16T20:17:43.000Z,AFTER_CLOSE
SCHW,316709,2021-10-15,2021-10-15T20:25:02.000Z,AFTER_CLOSE
SCHW,316709,2022-01-18,2022-01-18T21:21:10.000Z,AFTER_CLOSE
SCHW,316709,2022-04-18,2022-04-18T20:47:47.000Z,AFTER_CLOSE
SCHW,316709,2022-07-18,2022-07-18T20:18:28.000Z,AFTER_CLOSE
SCHW,316709,2022-10-17,2022-10-17T20:18:25.000Z,AFTER_CLOSE
SCHW,316709,2023-01-18,2023-01-18T21:18:20.000Z,AFTER_CLOSE
SCHW,316709,2023-04-17,2023-04-17T20:17:04.000Z,AFTER_CLOSE
SCHW,316709,2023-07-18,2023-07-18T20:17:35.000Z,AFTER_CLOSE
SCHW,316709,2023-10-16,2023-10-16T20:17:22.000Z,AFTER_CLOSE
SCHW,316709,2024-01-17,2024-01-17T21:17:29.000Z,AFTER_CLOSE
SCHW,316709,2024-04-15,2024-04-15T20:16:24.000Z,AFTER_CLOSE
SCHW,316709,2024-07-16,2024-07-16T20:18:48.000Z,AFTER_CLOSE
SCHW,316709,2024-10-15,2024-10-15T20:17:07.000Z,AFTER_CLOSE
SCHW,316709,2025-01-21,2025-01-21T21:17:50.000Z,AFTER_CLOSE
SCHW,316709,2025-04-17,2025-04-17T20:17:48.000Z,AFTER_CLOSE
SCHW,316709,2025-07-18,2025-07-18T20:20:11.000Z,AFTER_CLOSE
SCHW,316709,2025-10-16,2025-10-16T20:25:43.000Z,AFTER_CLOSE
SCHW,316709,2026-01-21,2026-01-21T21:16:52.000Z,AFTER_CLOSE
SCHW,316709,2026-04-16,2026-04-16T20:17:45.000Z,AFTER_CLOSE
SCHW,316709,2026-07-21,2026-07-21T20:16:35.000Z,AFTER_CLOSE
SHOP,1594805,2025-02-11,2025-02-11T12:01:18.000Z,BEFORE_OPEN
SHOP,1594805,2025-05-08,2025-05-08T11:01:41.000Z,BEFORE_OPEN
SHOP,1594805,2025-08-06,2025-08-06T11:04:55.000Z,BEFORE_OPEN
SHOP,1594805,2025-11-04,2025-11-04T12:01:33.000Z,BEFORE_OPEN
SHOP,1594805,2026-02-11,2026-02-11T12:02:03.000Z,BEFORE_OPEN
SHOP,1594805,2026-05-05,2026-05-05T11:18:18.000Z,BEFORE_OPEN
SHOP,1594805,2026-08-05,2026-08-05T11:01:47.000Z,BEFORE_OPEN
SHW,89800,2017-01-26,2017-01-26T12:12:32.000Z,BEFORE_OPEN
SHW,89800,2017-04-20,2017-04-20T11:15:56.000Z,BEFORE_OPEN
SHW,89800,2017-07-20,2017-07-20T11:31:56.000Z,BEFORE_OPEN
SHW,89800,2017-10-24,2017-10-24T11:21:02.000Z,BEFORE_OPEN
SHW,89800,2018-01-25,2018-01-25T12:31:02.000Z,BEFORE_OPEN
SHW,89800,2018-04-24,2018-04-24T11:32:02.000Z,BEFORE_OPEN
SHW,89800,2018-07-24,2018-07-24T11:27:58.000Z,BEFORE_OPEN
SHW,89800,2018-10-25,2018-10-25T11:11:58.000Z,BEFORE_OPEN
SHW,89800,2019-01-15,2019-01-15T12:16:05.000Z,BEFORE_OPEN
SHW,89800,2019-01-31,2019-01-31T12:14:02.000Z,BEFORE_OPEN
SHW,89800,2019-04-23,2019-04-23T11:40:56.000Z,BEFORE_OPEN
SHW,89800,2019-07-23,2019-07-23T11:23:02.000Z,BEFORE_OPEN
SHW,89800,2019-10-22,2019-10-22T11:55:10.000Z,BEFORE_OPEN
SHW,89800,2020-01-30,2020-01-30T12:19:42.000Z,BEFORE_OPEN
SHW,89800,2020-04-29,2020-04-29T11:16:40.000Z,BEFORE_OPEN
SHW,89800,2020-07-28,2020-07-28T11:13:02.000Z,BEFORE_OPEN
SHW,89800,2020-10-27,2020-10-27T11:12:54.000Z,BEFORE_OPEN
SHW,89800,2021-01-28,2021-01-28T12:13:31.000Z,BEFORE_OPEN
SHW,89800,2021-04-27,2021-04-27T11:15:57.000Z,BEFORE_OPEN
SHW,89800,2021-07-27,2021-07-27T11:16:36.000Z,BEFORE_OPEN
SHW,89800,2021-10-26,2021-10-26T11:16:00.000Z,BEFORE_OPEN
SHW,89800,2022-01-14,2022-01-14T12:07:55.000Z,BEFORE_OPEN
SHW,89800,2022-01-27,2022-01-27T12:16:03.000Z,BEFORE_OPEN
SHW,89800,2022-04-26,2022-04-26T11:08:22.000Z,BEFORE_OPEN
SHW,89800,2022-07-27,2022-07-27T11:09:12.000Z,BEFORE_OPEN
SHW,89800,2022-10-25,2022-10-25T11:07:25.000Z,BEFORE_OPEN
SHW,89800,2023-01-26,2023-01-26T12:04:41.000Z,BEFORE_OPEN
SHW,89800,2023-04-25,2023-04-25T11:06:56.000Z,BEFORE_OPEN
SHW,89800,2023-07-25,2023-07-25T11:06:37.000Z,BEFORE_OPEN
SHW,89800,2023-10-24,2023-10-24T11:04:46.000Z,BEFORE_OPEN
SHW,89800,2024-01-25,2024-01-25T12:06:25.000Z,BEFORE_OPEN
SHW,89800,2024-04-23,2024-04-23T11:07:26.000Z,BEFORE_OPEN
SHW,89800,2024-07-23,2024-07-23T11:09:20.000Z,BEFORE_OPEN
SHW,89800,2024-10-22,2024-10-22T11:07:09.000Z,BEFORE_OPEN
SHW,89800,2025-01-30,2025-01-30T12:03:54.000Z,BEFORE_OPEN
SHW,89800,2025-04-29,2025-04-29T11:12:45.000Z,BEFORE_OPEN
SHW,89800,2025-07-22,2025-07-22T11:04:05.000Z,BEFORE_OPEN
SHW,89800,2025-10-28,2025-10-28T11:05:50.000Z,BEFORE_OPEN
SHW,89800,2026-01-29,2026-01-29T12:08:17.000Z,BEFORE_OPEN
SHW,89800,2026-04-28,2026-04-28T11:05:31.000Z,BEFORE_OPEN
SHW,89800,2026-07-28,2026-07-28T11:05:57.000Z,BEFORE_OPEN
SLB,87347,2019-04-18,2019-04-18T11:12:06.000Z,BEFORE_OPEN
SLB,87347,2019-07-19,2019-07-19T11:14:04.000Z,BEFORE_OPEN
SLB,87347,2019-10-18,2019-10-18T11:03:17.000Z,BEFORE_OPEN
SLB,87347,2020-01-17,2020-01-17T12:26:11.000Z,BEFORE_OPEN
SLB,87347,2020-04-17,2020-04-17T11:03:10.000Z,BEFORE_OPEN
SLB,87347,2020-07-24,2020-07-24T11:14:33.000Z,BEFORE_OPEN
SLB,87347,2020-10-16,2020-10-16T11:00:55.000Z,BEFORE_OPEN
SLB,87347,2021-01-22,2021-01-22T12:57:01.000Z,BEFORE_OPEN
SLB,87347,2021-04-23,2021-04-23T11:10:57.000Z,BEFORE_OPEN
SLB,87347,2021-07-23,2021-07-23T11:01:32.000Z,BEFORE_OPEN
SLB,87347,2021-10-22,2021-10-22T11:10:00.000Z,BEFORE_OPEN
SLB,87347,2022-01-21,2022-01-21T12:02:32.000Z,BEFORE_OPEN
SLB,87347,2022-04-22,2022-04-22T11:13:03.000Z,BEFORE_OPEN
SLB,87347,2022-07-22,2022-07-22T11:09:18.000Z,BEFORE_OPEN
SLB,87347,2022-10-21,2022-10-21T11:11:32.000Z,BEFORE_OPEN
SLB,87347,2023-01-20,2023-01-20T12:11:35.000Z,BEFORE_OPEN
SLB,87347,2023-04-21,2023-04-21T11:11:33.000Z,BEFORE_OPEN
SLB,87347,2023-07-21,2023-07-21T11:34:58.000Z,BEFORE_OPEN
SLB,87347,2023-10-20,2023-10-20T11:06:59.000Z,BEFORE_OPEN
SLB,87347,2024-01-19,2024-01-19T12:08:01.000Z,BEFORE_OPEN
SLB,87347,2024-04-19,2024-04-19T11:00:07.000Z,BEFORE_OPEN
SLB,87347,2024-07-19,2024-07-19T11:04:04.000Z,BEFORE_OPEN
SLB,87347,2024-10-18,2024-10-18T11:08:59.000Z,BEFORE_OPEN
SLB,87347,2025-01-17,2025-01-17T12:08:29.000Z,BEFORE_OPEN
SLB,87347,2025-04-25,2025-04-25T11:09:20.000Z,BEFORE_OPEN
SLB,87347,2025-07-18,2025-07-18T11:05:41.000Z,BEFORE_OPEN
SLB,87347,2025-10-17,2025-10-17T11:03:18.000Z,BEFORE_OPEN
SLB,87347,2026-01-23,2026-01-23T12:06:21.000Z,BEFORE_OPEN
SLB,87347,2026-04-24,2026-04-24T11:15:29.000Z,BEFORE_OPEN
SLB,87347,2026-07-24,2026-07-24T11:02:06.000Z,BEFORE_OPEN
SMCI,1375365,2017-01-26,2017-01-26T21:16:45.000Z,AFTER_CLOSE
SMCI,1375365,2017-04-27,2017-04-27T20:18:36.000Z,AFTER_CLOSE
SMCI,1375365,2017-07-20,2017-07-20T20:45:03.000Z,AFTER_CLOSE
SMCI,1375365,2017-08-03,2017-08-03T20:47:54.000Z,AFTER_CLOSE
SMCI,1375365,2017-10-26,2017-10-26T20:13:45.000Z,AFTER_CLOSE
SMCI,1375365,2018-01-30,2018-01-30T21:16:45.000Z,AFTER_CLOSE
SMCI,1375365,2018-05-03,2018-05-03T20:18:59.000Z,AFTER_CLOSE
SMCI,1375365,2018-08-21,2018-08-21T20:27:14.000Z,AFTER_CLOSE
SMCI,1375365,2018-11-15,2018-11-15T21:53:25.000Z,AFTER_CLOSE
SMCI,1375365,2019-02-14,2019-02-14T21:24:20.000Z,AFTER_CLOSE
SMCI,1375365,2019-05-17,2019-05-17T01:26:34.000Z,AFTER_CLOSE
SMCI,1375365,2019-08-15,2019-08-15T20:16:24.000Z,AFTER_CLOSE
SMCI,1375365,2019-11-14,2019-11-14T21:21:19.000Z,AFTER_CLOSE
SMCI,1375365,2020-01-09,2020-01-09T21:10:59.000Z,AFTER_CLOSE
SMCI,1375365,2020-02-06,2020-02-06T21:41:01.000Z,AFTER_CLOSE
SMCI,1375365,2020-04-02,2020-04-02T21:19:59.000Z,AFTER_CLOSE
SMCI,1375365,2020-05-07,2020-05-07T20:11:00.000Z,AFTER_CLOSE
SMCI,1375365,2020-08-11,2020-08-11T20:07:13.000Z,AFTER_CLOSE
SMCI,1375365,2020-11-03,2020-11-03T21:08:30.000Z,AFTER_CLOSE
SMCI,1375365,2021-02-02,2021-02-02T21:39:17.000Z,AFTER_CLOSE
SMCI,1375365,2021-05-04,2021-05-04T20:10:26.000Z,AFTER_CLOSE
SMCI,1375365,2021-08-10,2021-08-10T20:08:14.000Z,AFTER_CLOSE
SMCI,1375365,2021-11-02,2021-11-02T20:14:49.000Z,AFTER_CLOSE
SMCI,1375365,2022-02-01,2022-02-01T21:28:34.000Z,AFTER_CLOSE
SMCI,1375365,2022-04-18,2022-04-18T21:28:20.000Z,AFTER_CLOSE
SMCI,1375365,2022-05-03,2022-05-03T20:08:06.000Z,AFTER_CLOSE
SMCI,1375365,2022-07-20,2022-07-20T20:53:49.000Z,AFTER_CLOSE
SMCI,1375365,2022-08-09,2022-08-09T20:17:38.000Z,AFTER_CLOSE
SMCI,1375365,2022-10-19,2022-10-19T21:22:18.000Z,AFTER_CLOSE
SMCI,1375365,2022-11-01,2022-11-01T20:18:25.000Z,AFTER_CLOSE
SMCI,1375365,2023-01-18,2023-01-18T21:10:16.000Z,AFTER_CLOSE
SMCI,1375365,2023-01-31,2023-01-31T21:40:35.000Z,AFTER_CLOSE
SMCI,1375365,2023-04-24,2023-04-24T12:51:03.000Z,BEFORE_OPEN
SMCI,1375365,2023-05-02,2023-05-02T20:12:44.000Z,AFTER_CLOSE
SMCI,1375365,2023-07-20,2023-07-20T13:07:41.000Z,BEFORE_OPEN
SMCI,1375365,2023-08-08,2023-08-08T20:10:15.000Z,AFTER_CLOSE
SMCI,1375365,2023-11-01,2023-11-01T20:23:05.000Z,AFTER_CLOSE
SMCI,1375365,2024-01-18,2024-01-18T21:12:08.000Z,AFTER_CLOSE
SMCI,1375365,2024-01-29,2024-01-29T21:16:05.000Z,AFTER_CLOSE
SMCI,1375365,2024-04-30,2024-04-30T20:17:50.000Z,AFTER_CLOSE
SMCI,1375365,2024-08-06,2024-08-06T20:26:52.000Z,AFTER_CLOSE
SMCI,1375365,2024-11-05,2024-11-05T21:19:34.000Z,AFTER_CLOSE
SMCI,1375365,2025-02-11,2025-02-11T21:25:08.000Z,AFTER_CLOSE
SMCI,1375365,2025-04-29,2025-04-29T20:37:47.000Z,AFTER_CLOSE
SMCI,1375365,2025-05-06,2025-05-06T20:07:05.000Z,AFTER_CLOSE
SMCI,1375365,2025-08-05,2025-08-05T20:08:29.000Z,AFTER_CLOSE
SMCI,1375365,2025-10-23,2025-10-23T13:09:02.000Z,BEFORE_OPEN
SMCI,1375365,2025-11-04,2025-11-04T21:08:59.000Z,AFTER_CLOSE
SMCI,1375365,2026-02-03,2026-02-03T21:51:51.000Z,AFTER_CLOSE
SMCI,1375365,2026-05-05,2026-05-05T20:08:27.000Z,AFTER_CLOSE
SMCI,1375365,2026-07-21,2026-07-21T20:10:55.000Z,AFTER_CLOSE
SMCI,1375365,2026-08-11,2026-08-11T20:06:16.000Z,AFTER_CLOSE
SN,1957132,2026-02-11,2026-02-11T11:32:05.000Z,BEFORE_OPEN
SN,1957132,2026-05-06,2026-05-06T11:00:52.000Z,BEFORE_OPEN
SN,1957132,2026-08-05,2026-08-05T11:00:52.000Z,BEFORE_OPEN
SNOW,1640147,2022-03-02,2022-03-02T21:06:58.000Z,AFTER_CLOSE
SNOW,1640147,2022-05-25,2022-05-25T20:07:16.000Z,AFTER_CLOSE
SNOW,1640147,2022-08-24,2022-08-24T20:06:36.000Z,AFTER_CLOSE
SNOW,1640147,2022-11-30,2022-11-30T21:06:23.000Z,AFTER_CLOSE
SNOW,1640147,2023-03-01,2023-03-01T21:06:35.000Z,AFTER_CLOSE
SNOW,1640147,2023-05-24,2023-05-24T20:12:31.000Z,AFTER_CLOSE
SNOW,1640147,2023-08-23,2023-08-23T20:07:34.000Z,AFTER_CLOSE
SNOW,1640147,2023-11-29,2023-11-29T21:10:58.000Z,AFTER_CLOSE
SNOW,1640147,2024-02-28,2024-02-28T21:09:33.000Z,AFTER_CLOSE
SNOW,1640147,2024-05-22,2024-05-22T20:06:47.000Z,AFTER_CLOSE
SNOW,1640147,2024-08-21,2024-08-21T20:07:10.000Z,AFTER_CLOSE
SNOW,1640147,2024-11-20,2024-11-20T21:07:11.000Z,AFTER_CLOSE
SNOW,1640147,2025-02-26,2025-02-26T21:07:28.000Z,AFTER_CLOSE
SNOW,1640147,2025-05-21,2025-05-21T20:06:30.000Z,AFTER_CLOSE
SNOW,1640147,2025-08-27,2025-08-27T20:06:52.000Z,AFTER_CLOSE
SNOW,1640147,2025-12-03,2025-12-03T21:06:11.000Z,AFTER_CLOSE
SNOW,1640147,2026-02-25,2026-02-25T21:07:39.000Z,AFTER_CLOSE
SNOW,1640147,2026-05-27,2026-05-27T20:07:20.000Z,AFTER_CLOSE
SNOW,1640147,2026-09-02,2026-09-02T20:08:29.000Z,AFTER_CLOSE
SNPS,883241,2015-08-19,2015-08-19T20:37:06.000Z,AFTER_CLOSE
SNPS,883241,2015-12-02,2015-12-02T21:33:00.000Z,AFTER_CLOSE
SNPS,883241,2016-02-17,2016-02-17T21:23:36.000Z,AFTER_CLOSE
SNPS,883241,2016-05-18,2016-05-18T20:23:09.000Z,AFTER_CLOSE
SNPS,883241,2016-08-17,2016-08-17T20:15:33.000Z,AFTER_CLOSE
SNPS,883241,2016-11-30,2016-11-30T21:25:56.000Z,AFTER_CLOSE
SNPS,883241,2017-02-15,2017-02-15T21:31:57.000Z,AFTER_CLOSE
SNPS,883241,2017-05-17,2017-05-17T20:31:04.000Z,AFTER_CLOSE
SNPS,883241,2017-08-16,2017-08-16T20:32:05.000Z,AFTER_CLOSE
SNPS,883241,2017-11-29,2017-11-29T21:30:33.000Z,AFTER_CLOSE
SNPS,883241,2018-02-21,2018-02-21T21:30:56.000Z,AFTER_CLOSE
SNPS,883241,2018-05-23,2018-05-23T20:30:56.000Z,AFTER_CLOSE
SNPS,883241,2018-08-22,2018-08-22T20:31:38.000Z,AFTER_CLOSE
SNPS,883241,2018-12-06,2018-12-06T22:25:14.000Z,AFTER_CLOSE
SNPS,883241,2018-12-07,2018-12-07T21:31:00.000Z,AFTER_CLOSE
SNPS,883241,2019-02-20,2019-02-20T21:39:32.000Z,AFTER_CLOSE
SNPS,883241,2019-05-22,2019-05-22T20:31:04.000Z,AFTER_CLOSE
SNPS,883241,2019-08-21,2019-08-21T21:21:10.000Z,AFTER_CLOSE
SNPS,883241,2019-08-22,2019-08-22T21:21:39.000Z,AFTER_CLOSE
SNPS,883241,2019-12-04,2019-12-04T21:33:10.000Z,AFTER_CLOSE
SNPS,883241,2020-02-19,2020-02-19T21:30:40.000Z,AFTER_CLOSE
SNPS,883241,2020-05-20,2020-05-20T20:30:49.000Z,AFTER_CLOSE
SNPS,883241,2020-08-19,2020-08-19T20:31:32.000Z,AFTER_CLOSE
SNPS,883241,2020-12-02,2020-12-02T21:30:57.000Z,AFTER_CLOSE
SNPS,883241,2021-02-17,2021-02-17T21:30:40.000Z,AFTER_CLOSE
SNPS,883241,2021-05-19,2021-05-19T20:31:12.000Z,AFTER_CLOSE
SNPS,883241,2021-08-18,2021-08-18T20:32:11.000Z,AFTER_CLOSE
SNPS,883241,2021-12-01,2021-12-01T21:32:07.000Z,AFTER_CLOSE
SNPS,883241,2022-02-16,2022-02-16T21:32:03.000Z,AFTER_CLOSE
SNPS,883241,2022-05-18,2022-05-18T20:31:03.000Z,AFTER_CLOSE
SNPS,883241,2022-08-17,2022-08-17T20:34:57.000Z,AFTER_CLOSE
SNPS,883241,2022-11-30,2022-11-30T21:36:59.000Z,AFTER_CLOSE
SNPS,883241,2023-02-15,2023-02-15T21:33:33.000Z,AFTER_CLOSE
SNPS,883241,2023-05-17,2023-05-17T20:32:56.000Z,AFTER_CLOSE
SNPS,883241,2023-08-16,2023-08-16T20:36:00.000Z,AFTER_CLOSE
SNPS,883241,2023-11-29,2023-11-29T21:30:59.000Z,AFTER_CLOSE
SNPS,883241,2024-02-21,2024-02-21T21:36:10.000Z,AFTER_CLOSE
SNPS,883241,2024-05-22,2024-05-22T20:31:56.000Z,AFTER_CLOSE
SNPS,883241,2024-08-21,2024-08-21T20:31:52.000Z,AFTER_CLOSE
SNPS,883241,2024-12-04,2024-12-04T21:30:54.000Z,AFTER_CLOSE
SNPS,883241,2025-02-26,2025-02-26T21:31:40.000Z,AFTER_CLOSE
SNPS,883241,2025-05-28,2025-05-28T20:39:49.000Z,AFTER_CLOSE
SNPS,883241,2025-09-09,2025-09-09T20:15:11.000Z,AFTER_CLOSE
SNPS,883241,2025-12-10,2025-12-10T21:12:33.000Z,AFTER_CLOSE
SNPS,883241,2026-02-25,2026-02-25T21:15:34.000Z,AFTER_CLOSE
SNPS,883241,2026-05-27,2026-05-27T20:13:10.000Z,AFTER_CLOSE
SNPS,883241,2026-08-26,2026-08-26T20:21:49.000Z,AFTER_CLOSE
SO,92122,2021-02-18,2021-02-18T13:23:40.000Z,BEFORE_OPEN
SO,92122,2021-04-29,2021-04-29T12:15:11.000Z,BEFORE_OPEN
SO,92122,2021-07-29,2021-07-29T12:13:13.000Z,BEFORE_OPEN
SO,92122,2021-11-04,2021-11-04T12:21:30.000Z,BEFORE_OPEN
SO,92122,2022-02-17,2022-02-17T13:12:27.000Z,BEFORE_OPEN
SO,92122,2022-04-28,2022-04-28T12:17:15.000Z,BEFORE_OPEN
SO,92122,2022-07-28,2022-07-28T12:13:54.000Z,BEFORE_OPEN
SO,92122,2022-10-27,2022-10-27T12:13:41.000Z,BEFORE_OPEN
SO,92122,2023-02-16,2023-02-16T13:20:06.000Z,BEFORE_OPEN
SO,92122,2023-04-27,2023-04-27T12:12:27.000Z,BEFORE_OPEN
SO,92122,2023-08-03,2023-08-03T12:12:23.000Z,BEFORE_OPEN
SO,92122,2023-10-06,2023-10-06T12:02:59.000Z,BEFORE_OPEN
SO,92122,2023-11-02,2023-11-02T12:17:32.000Z,BEFORE_OPEN
SO,92122,2024-02-15,2024-02-15T13:16:21.000Z,BEFORE_OPEN
SO,92122,2024-05-02,2024-05-02T12:10:47.000Z,BEFORE_OPEN
SO,92122,2024-08-01,2024-08-01T12:12:57.000Z,BEFORE_OPEN
SO,92122,2024-10-31,2024-10-31T12:15:07.000Z,BEFORE_OPEN
SO,92122,2025-02-20,2025-02-20T13:13:08.000Z,BEFORE_OPEN
SO,92122,2025-05-01,2025-05-01T12:11:40.000Z,BEFORE_OPEN
SO,92122,2025-07-31,2025-07-31T12:12:11.000Z,BEFORE_OPEN
SO,92122,2025-10-30,2025-10-30T12:12:10.000Z,BEFORE_OPEN
SO,92122,2026-02-19,2026-02-19T13:10:28.000Z,BEFORE_OPEN
SO,92122,2026-04-30,2026-04-30T12:08:51.000Z,BEFORE_OPEN
SO,92122,2026-07-30,2026-07-30T12:12:10.000Z,BEFORE_OPEN
SPG,1063761,2014-07-23,2014-07-23T11:05:42.000Z,BEFORE_OPEN
SPG,1063761,2014-10-22,2014-10-22T11:05:35.000Z,BEFORE_OPEN
SPG,1063761,2015-01-30,2015-01-30T12:05:52.000Z,BEFORE_OPEN
SPG,1063761,2015-04-24,2015-04-24T11:06:26.000Z,BEFORE_OPEN
SPG,1063761,2015-07-24,2015-07-24T11:05:36.000Z,BEFORE_OPEN
SPG,1063761,2015-10-27,2015-10-27T11:06:20.000Z,BEFORE_OPEN
SPG,1063761,2016-01-29,2016-01-29T12:06:43.000Z,BEFORE_OPEN
SPG,1063761,2016-04-26,2016-04-26T11:05:39.000Z,BEFORE_OPEN
SPG,1063761,2016-07-27,2016-07-27T10:45:53.000Z,BEFORE_OPEN
SPG,1063761,2016-10-26,2016-10-26T12:07:20.000Z,BEFORE_OPEN
SPG,1063761,2017-01-31,2017-01-31T13:35:11.000Z,BEFORE_OPEN
SPG,1063761,2017-04-27,2017-04-27T12:35:15.000Z,BEFORE_OPEN
SPG,1063761,2017-08-01,2017-08-01T12:33:37.000Z,BEFORE_OPEN
SPG,1063761,2017-10-27,2017-10-27T12:38:48.000Z,BEFORE_OPEN
SPG,1063761,2018-01-31,2018-01-31T12:01:42.000Z,BEFORE_OPEN
SPG,1063761,2018-04-27,2018-04-27T11:03:31.000Z,BEFORE_OPEN
SPG,1063761,2018-07-30,2018-07-30T11:03:42.000Z,BEFORE_OPEN
SPG,1063761,2018-10-25,2018-10-25T11:03:44.000Z,BEFORE_OPEN
SPG,1063761,2019-04-30,2019-04-30T11:03:35.000Z,BEFORE_OPEN
SPG,1063761,2019-07-31,2019-07-31T11:03:30.000Z,BEFORE_OPEN
SPG,1063761,2019-10-30,2019-10-30T11:03:39.000Z,BEFORE_OPEN
SPG,1063761,2020-02-04,2020-02-04T12:32:39.000Z,BEFORE_OPEN
SPG,1063761,2020-05-11,2020-05-11T20:16:50.000Z,AFTER_CLOSE
SPG,1063761,2020-08-10,2020-08-10T20:17:42.000Z,AFTER_CLOSE
SPG,1063761,2020-11-09,2020-11-09T21:48:05.000Z,AFTER_CLOSE
SPG,1063761,2021-02-08,2021-02-08T21:12:25.000Z,AFTER_CLOSE
SPG,1063761,2021-05-10,2021-05-10T20:13:03.000Z,AFTER_CLOSE
SPG,1063761,2021-08-02,2021-08-02T21:01:44.000Z,AFTER_CLOSE
SPG,1063761,2021-11-01,2021-11-01T20:12:46.000Z,AFTER_CLOSE
SPG,1063761,2022-02-07,2022-02-07T21:07:51.000Z,AFTER_CLOSE
SPG,1063761,2022-05-09,2022-05-09T20:08:37.000Z,AFTER_CLOSE
SPG,1063761,2022-08-01,2022-08-01T20:07:53.000Z,AFTER_CLOSE
SPG,1063761,2022-11-01,2022-11-01T11:32:48.000Z,BEFORE_OPEN
SPG,1063761,2023-02-06,2023-02-06T21:14:11.000Z,AFTER_CLOSE
SPG,1063761,2023-05-02,2023-05-02T20:07:58.000Z,AFTER_CLOSE
SPG,1063761,2023-08-02,2023-08-02T20:03:21.000Z,AFTER_CLOSE
SPG,1063761,2023-10-30,2023-10-30T20:07:32.000Z,AFTER_CLOSE
SPG,1063761,2024-02-05,2024-02-05T21:09:02.000Z,AFTER_CLOSE
SPG,1063761,2024-05-06,2024-05-06T20:09:56.000Z,AFTER_CLOSE
SPG,1063761,2024-08-05,2024-08-05T20:07:52.000Z,AFTER_CLOSE
SPG,1063761,2024-11-01,2024-11-01T12:02:28.000Z,BEFORE_OPEN
SPG,1063761,2025-02-04,2025-02-04T21:11:14.000Z,AFTER_CLOSE
SPG,1063761,2025-05-12,2025-05-12T20:07:41.000Z,AFTER_CLOSE
SPG,1063761,2025-08-04,2025-08-04T20:08:05.000Z,AFTER_CLOSE
SPG,1063761,2025-11-03,2025-11-03T21:08:23.000Z,AFTER_CLOSE
SPG,1063761,2026-02-02,2026-02-02T21:12:54.000Z,AFTER_CLOSE
SPG,1063761,2026-05-11,2026-05-11T20:07:37.000Z,AFTER_CLOSE
SPG,1063761,2026-08-10,2026-08-10T20:07:56.000Z,AFTER_CLOSE
SPGI,64040,2018-02-06,2018-02-06T12:11:59.000Z,BEFORE_OPEN
SPGI,64040,2018-04-26,2018-04-26T11:21:10.000Z,BEFORE_OPEN
SPGI,64040,2018-07-26,2018-07-26T11:17:17.000Z,BEFORE_OPEN
SPGI,64040,2018-10-25,2018-10-25T11:17:43.000Z,BEFORE_OPEN
SPGI,64040,2019-02-07,2019-02-07T12:16:12.000Z,BEFORE_OPEN
SPGI,64040,2019-05-02,2019-05-02T11:22:51.000Z,BEFORE_OPEN
SPGI,64040,2019-08-01,2019-08-01T11:15:43.000Z,BEFORE_OPEN
SPGI,64040,2019-10-29,2019-10-29T11:15:39.000Z,BEFORE_OPEN
SPGI,64040,2020-02-06,2020-02-06T12:15:00.000Z,BEFORE_OPEN
SPGI,64040,2020-03-26,2020-03-26T20:13:52.000Z,AFTER_CLOSE
SPGI,64040,2020-04-28,2020-04-28T11:28:06.000Z,BEFORE_OPEN
SPGI,64040,2020-07-28,2020-07-28T11:14:31.000Z,BEFORE_OPEN
SPGI,64040,2020-10-27,2020-10-27T11:51:41.000Z,BEFORE_OPEN
SPGI,64040,2021-02-09,2021-02-09T12:15:15.000Z,BEFORE_OPEN
SPGI,64040,2021-04-29,2021-04-29T11:13:27.000Z,BEFORE_OPEN
SPGI,64040,2021-07-29,2021-07-29T11:14:29.000Z,BEFORE_OPEN
SPGI,64040,2021-10-26,2021-10-26T11:12:17.000Z,BEFORE_OPEN
SPGI,64040,2022-02-08,2022-02-08T12:16:31.000Z,BEFORE_OPEN
SPGI,64040,2022-02-28,2022-02-28T21:02:40.000Z,AFTER_CLOSE
SPGI,64040,2022-05-03,2022-05-03T11:27:20.000Z,BEFORE_OPEN
SPGI,64040,2022-08-02,2022-08-02T11:14:15.000Z,BEFORE_OPEN
SPGI,64040,2022-10-27,2022-10-27T11:18:50.000Z,BEFORE_OPEN
SPGI,64040,2023-02-09,2023-02-09T12:34:00.000Z,BEFORE_OPEN
SPGI,64040,2023-04-27,2023-04-27T11:16:04.000Z,BEFORE_OPEN
SPGI,64040,2023-07-27,2023-07-27T11:10:53.000Z,BEFORE_OPEN
SPGI,64040,2023-11-02,2023-11-02T11:10:49.000Z,BEFORE_OPEN
SPGI,64040,2024-02-08,2024-02-08T12:10:23.000Z,BEFORE_OPEN
SPGI,64040,2024-04-25,2024-04-25T11:10:29.000Z,BEFORE_OPEN
SPGI,64040,2024-07-30,2024-07-30T11:10:20.000Z,BEFORE_OPEN
SPGI,64040,2024-10-24,2024-10-24T11:10:28.000Z,BEFORE_OPEN
SPGI,64040,2025-02-11,2025-02-11T12:10:20.000Z,BEFORE_OPEN
SPGI,64040,2025-04-29,2025-04-29T11:10:18.000Z,BEFORE_OPEN
SPGI,64040,2025-07-31,2025-07-31T11:10:22.000Z,BEFORE_OPEN
SPGI,64040,2025-10-30,2025-10-30T11:10:23.000Z,BEFORE_OPEN
SPGI,64040,2026-02-10,2026-02-10T12:10:08.000Z,BEFORE_OPEN
SPGI,64040,2026-04-28,2026-04-28T11:10:07.000Z,BEFORE_OPEN
SPGI,64040,2026-07-28,2026-07-28T11:10:15.000Z,BEFORE_OPEN
SRE,1032208,2019-08-02,2019-08-02T14:50:16.000Z,IN_SESSION
SRE,1032208,2019-11-01,2019-11-01T14:50:16.000Z,IN_SESSION
SRE,1032208,2020-02-27,2020-02-27T15:33:49.000Z,IN_SESSION
SRE,1032208,2020-05-04,2020-05-04T15:01:06.000Z,IN_SESSION
SRE,1032208,2020-08-05,2020-08-05T14:49:21.000Z,IN_SESSION
SRE,1032208,2020-11-05,2020-11-05T15:56:54.000Z,IN_SESSION
SRE,1032208,2021-02-25,2021-02-25T16:00:38.000Z,IN_SESSION
SRE,1032208,2021-05-05,2021-05-05T14:47:58.000Z,IN_SESSION
SRE,1032208,2021-08-05,2021-08-05T15:24:51.000Z,IN_SESSION
SRE,1032208,2021-11-05,2021-11-05T15:23:02.000Z,IN_SESSION
SRE,1032208,2022-02-25,2022-02-25T15:50:38.000Z,IN_SESSION
SRE,1032208,2022-05-05,2022-05-05T15:01:58.000Z,IN_SESSION
SRE,1032208,2022-08-04,2022-08-04T15:19:41.000Z,IN_SESSION
SRE,1032208,2022-11-03,2022-11-03T14:48:52.000Z,IN_SESSION
SRE,1032208,2023-02-28,2023-02-28T16:05:16.000Z,IN_SESSION
SRE,1032208,2023-05-04,2023-05-04T14:42:30.000Z,IN_SESSION
SRE,1032208,2023-08-03,2023-08-03T14:48:24.000Z,IN_SESSION
SRE,1032208,2023-11-03,2023-11-03T15:08:03.000Z,IN_SESSION
SRE,1032208,2024-02-27,2024-02-27T15:55:00.000Z,IN_SESSION
SRE,1032208,2024-05-07,2024-05-07T15:02:48.000Z,IN_SESSION
SRE,1032208,2024-08-06,2024-08-06T14:54:23.000Z,IN_SESSION
SRE,1032208,2024-11-06,2024-11-06T15:50:41.000Z,IN_SESSION
SRE,1032208,2025-02-25,2025-02-25T15:54:18.000Z,IN_SESSION
SRE,1032208,2025-05-08,2025-05-08T14:53:36.000Z,IN_SESSION
SRE,1032208,2025-08-07,2025-08-07T14:52:15.000Z,IN_SESSION
SRE,1032208,2025-11-05,2025-11-05T15:51:06.000Z,IN_SESSION
SRE,1032208,2026-02-26,2026-02-26T15:57:36.000Z,IN_SESSION
SRE,1032208,2026-05-07,2026-05-07T14:56:43.000Z,IN_SESSION
SRE,1032208,2026-08-06,2026-08-06T14:50:58.000Z,IN_SESSION
STE,1757898,2019-05-13,2019-05-13T21:10:03.000Z,AFTER_CLOSE
STE,1757898,2019-08-05,2019-08-05T20:31:27.000Z,AFTER_CLOSE
STE,1757898,2019-11-04,2019-11-04T21:37:27.000Z,AFTER_CLOSE
STE,1757898,2020-02-10,2020-02-10T21:36:19.000Z,AFTER_CLOSE
STE,1757898,2020-05-13,2020-05-13T20:47:28.000Z,AFTER_CLOSE
STE,1757898,2020-08-03,2020-08-03T20:44:21.000Z,AFTER_CLOSE
STE,1757898,2020-11-02,2020-11-02T21:36:14.000Z,AFTER_CLOSE
STE,1757898,2021-02-02,2021-02-02T21:41:40.000Z,AFTER_CLOSE
STE,1757898,2021-04-27,2021-04-27T11:11:26.000Z,BEFORE_OPEN
STE,1757898,2021-05-18,2021-05-18T20:36:53.000Z,AFTER_CLOSE
STE,1757898,2021-08-09,2021-08-09T20:49:34.000Z,AFTER_CLOSE
STE,1757898,2021-11-02,2021-11-02T20:46:34.000Z,AFTER_CLOSE
STE,1757898,2022-02-08,2022-02-08T21:36:47.000Z,AFTER_CLOSE
STE,1757898,2022-05-12,2022-05-11T21:33:29.000Z,AFTER_CLOSE
STE,1757898,2022-08-02,2022-08-02T20:34:28.000Z,AFTER_CLOSE
STE,1757898,2022-11-09,2022-11-09T21:35:33.000Z,AFTER_CLOSE
STE,1757898,2023-02-08,2023-02-08T21:33:21.000Z,AFTER_CLOSE
STE,1757898,2023-05-10,2023-05-10T20:36:57.000Z,AFTER_CLOSE
STE,1757898,2023-08-01,2023-08-01T20:45:43.000Z,AFTER_CLOSE
STE,1757898,2023-11-07,2023-11-07T21:35:56.000Z,AFTER_CLOSE
STE,1757898,2024-02-07,2024-02-07T21:38:06.000Z,AFTER_CLOSE
STE,1757898,2024-05-08,2024-05-08T20:49:47.000Z,AFTER_CLOSE
STE,1757898,2024-08-06,2024-08-06T20:47:42.000Z,AFTER_CLOSE
STE,1757898,2024-11-06,2024-11-06T21:45:21.000Z,AFTER_CLOSE
STE,1757898,2025-02-05,2025-02-05T21:33:40.000Z,AFTER_CLOSE
STE,1757898,2025-05-14,2025-05-14T20:34:06.000Z,AFTER_CLOSE
STE,1757898,2025-08-06,2025-08-06T20:39:15.000Z,AFTER_CLOSE
STE,1757898,2025-11-05,2025-11-05T21:41:05.000Z,AFTER_CLOSE
STE,1757898,2026-02-04,2026-02-04T21:32:07.000Z,AFTER_CLOSE
STE,1757898,2026-05-11,2026-05-11T20:34:04.000Z,AFTER_CLOSE
STE,1757898,2026-08-05,2026-08-05T20:33:00.000Z,AFTER_CLOSE
STLD,1022671,2019-04-24,2019-04-24T19:27:44.000Z,IN_SESSION
STLD,1022671,2019-07-25,2019-07-25T12:45:27.000Z,BEFORE_OPEN
STLD,1022671,2019-10-21,2019-10-21T19:08:51.000Z,IN_SESSION
STLD,1022671,2020-01-27,2020-01-27T15:00:42.000Z,IN_SESSION
STLD,1022671,2020-04-22,2020-04-22T21:04:42.000Z,AFTER_CLOSE
STLD,1022671,2020-07-22,2020-07-22T16:40:30.000Z,IN_SESSION
STLD,1022671,2020-10-21,2020-10-21T16:42:34.000Z,IN_SESSION
STLD,1022671,2021-01-28,2021-01-28T13:54:33.000Z,BEFORE_OPEN
STLD,1022671,2021-04-20,2021-04-20T20:42:21.000Z,AFTER_CLOSE
STLD,1022671,2021-07-21,2021-07-21T13:17:18.000Z,BEFORE_OPEN
STLD,1022671,2021-10-21,2021-10-21T14:23:20.000Z,IN_SESSION
STLD,1022671,2022-01-26,2022-01-26T20:55:35.000Z,IN_SESSION
STLD,1022671,2022-04-22,2022-04-22T20:57:51.000Z,AFTER_CLOSE
STLD,1022671,2022-07-21,2022-07-21T15:26:36.000Z,IN_SESSION
STLD,1022671,2022-10-20,2022-10-20T18:05:57.000Z,IN_SESSION
STLD,1022671,2023-01-26,2023-01-26T14:32:28.000Z,IN_SESSION
STLD,1022671,2023-04-21,2023-04-21T13:27:49.000Z,BEFORE_OPEN
STLD,1022671,2023-07-20,2023-07-20T13:32:30.000Z,IN_SESSION
STLD,1022671,2023-10-19,2023-10-19T17:50:13.000Z,IN_SESSION
STLD,1022671,2024-01-24,2024-01-24T17:14:47.000Z,IN_SESSION
STLD,1022671,2024-04-24,2024-04-24T16:37:56.000Z,IN_SESSION
STLD,1022671,2024-07-18,2024-07-18T13:22:09.000Z,BEFORE_OPEN
STLD,1022671,2024-10-17,2024-10-17T14:07:58.000Z,IN_SESSION
STLD,1022671,2025-01-23,2025-01-23T14:56:35.000Z,IN_SESSION
STLD,1022671,2025-04-23,2025-04-23T17:51:28.000Z,IN_SESSION
STLD,1022671,2025-07-22,2025-07-22T13:25:47.000Z,BEFORE_OPEN
STLD,1022671,2025-10-21,2025-10-21T14:54:03.000Z,IN_SESSION
STLD,1022671,2026-01-27,2026-01-27T17:01:49.000Z,IN_SESSION
STLD,1022671,2026-04-21,2026-04-21T19:06:39.000Z,IN_SESSION
STLD,1022671,2026-07-21,2026-07-21T13:42:18.000Z,IN_SESSION
STT,93751,2025-01-17,2025-01-17T12:00:56.000Z,BEFORE_OPEN
STT,93751,2025-04-17,2025-04-17T11:30:37.000Z,BEFORE_OPEN
STT,93751,2025-07-15,2025-07-15T11:31:15.000Z,BEFORE_OPEN
STT,93751,2025-10-17,2025-10-17T11:30:50.000Z,BEFORE_OPEN
STT,93751,2026-01-16,2026-01-16T12:30:49.000Z,BEFORE_OPEN
STT,93751,2026-04-17,2026-04-17T11:30:36.000Z,BEFORE_OPEN
STT,93751,2026-07-16,2026-07-16T11:30:28.000Z,BEFORE_OPEN
STX,1137789,2018-11-02,2018-11-02T12:13:58.000Z,BEFORE_OPEN
STX,1137789,2019-02-04,2019-02-04T21:07:03.000Z,AFTER_CLOSE
STX,1137789,2019-04-30,2019-04-30T12:09:55.000Z,BEFORE_OPEN
STX,1137789,2019-08-02,2019-08-02T12:06:55.000Z,BEFORE_OPEN
STX,1137789,2019-11-01,2019-11-01T12:01:36.000Z,BEFORE_OPEN
STX,1137789,2020-02-04,2020-02-04T21:08:59.000Z,AFTER_CLOSE
STX,1137789,2020-04-22,2020-04-22T20:06:37.000Z,AFTER_CLOSE
STX,1137789,2020-07-28,2020-07-28T20:03:16.000Z,AFTER_CLOSE
STX,1137789,2020-10-22,2020-10-22T20:11:12.000Z,AFTER_CLOSE
STX,1137789,2021-01-21,2021-01-21T21:07:17.000Z,AFTER_CLOSE
STX,1137789,2021-04-22,2021-04-22T20:06:56.000Z,AFTER_CLOSE
STX,1137789,2021-07-21,2021-07-21T12:09:59.000Z,BEFORE_OPEN
STX,1137789,2021-10-22,2021-10-22T12:21:19.000Z,BEFORE_OPEN
STX,1137789,2022-01-26,2022-01-26T21:10:26.000Z,AFTER_CLOSE
STX,1137789,2022-04-27,2022-04-27T12:09:06.000Z,BEFORE_OPEN
STX,1137789,2022-07-21,2022-07-21T20:14:59.000Z,AFTER_CLOSE
STX,1137789,2022-10-26,2022-10-26T12:04:47.000Z,BEFORE_OPEN
STX,1137789,2023-01-25,2023-01-25T21:12:31.000Z,AFTER_CLOSE
STX,1137789,2023-04-19,2023-04-19T21:19:54.000Z,AFTER_CLOSE
STX,1137789,2023-04-20,2023-04-20T12:16:08.000Z,BEFORE_OPEN
STX,1137789,2023-07-26,2023-07-26T20:06:59.000Z,AFTER_CLOSE
STX,1137789,2023-10-26,2023-10-26T12:08:43.000Z,BEFORE_OPEN
STX,1137789,2024-01-24,2024-01-24T21:07:30.000Z,AFTER_CLOSE
STX,1137789,2024-04-23,2024-04-23T20:08:45.000Z,AFTER_CLOSE
STX,1137789,2024-07-23,2024-07-23T20:10:49.000Z,AFTER_CLOSE
STX,1137789,2024-10-22,2024-10-22T20:07:45.000Z,AFTER_CLOSE
STX,1137789,2025-01-21,2025-01-21T21:08:30.000Z,AFTER_CLOSE
STX,1137789,2025-04-29,2025-04-29T20:09:53.000Z,AFTER_CLOSE
STX,1137789,2025-07-29,2025-07-29T20:14:34.000Z,AFTER_CLOSE
STX,1137789,2025-07-30,2025-07-30T00:48:39.000Z,AFTER_CLOSE
STX,1137789,2025-10-28,2025-10-28T20:07:58.000Z,AFTER_CLOSE
STX,1137789,2026-01-27,2026-01-27T21:08:53.000Z,AFTER_CLOSE
STX,1137789,2026-04-28,2026-04-28T20:12:17.000Z,AFTER_CLOSE
STX,1137789,2026-07-28,2026-07-28T20:07:21.000Z,AFTER_CLOSE
STZ,16918,2018-03-29,2018-03-29T13:15:46.000Z,BEFORE_OPEN
STZ,16918,2018-06-29,2018-06-29T13:16:19.000Z,BEFORE_OPEN
STZ,16918,2018-10-04,2018-10-04T13:00:58.000Z,BEFORE_OPEN
STZ,16918,2019-01-09,2019-01-09T13:42:50.000Z,BEFORE_OPEN
STZ,16918,2019-04-04,2019-04-04T13:25:56.000Z,BEFORE_OPEN
STZ,16918,2019-06-21,2019-06-21T11:30:21.000Z,BEFORE_OPEN
STZ,16918,2019-06-28,2019-06-28T12:52:45.000Z,BEFORE_OPEN
STZ,16918,2019-10-03,2019-10-03T12:37:13.000Z,BEFORE_OPEN
STZ,16918,2020-01-08,2020-01-08T13:36:27.000Z,BEFORE_OPEN
STZ,16918,2020-04-03,2020-04-03T12:47:16.000Z,BEFORE_OPEN
STZ,16918,2020-06-12,2020-06-12T12:12:12.000Z,BEFORE_OPEN
STZ,16918,2020-07-01,2020-07-01T12:12:17.000Z,BEFORE_OPEN
STZ,16918,2020-10-01,2020-10-01T12:04:06.000Z,BEFORE_OPEN
STZ,16918,2021-01-07,2021-01-07T13:22:22.000Z,BEFORE_OPEN
STZ,16918,2021-04-08,2021-04-08T12:30:22.000Z,BEFORE_OPEN
STZ,16918,2021-06-03,2021-06-03T20:30:52.000Z,AFTER_CLOSE
STZ,16918,2021-06-30,2021-06-30T12:29:36.000Z,BEFORE_OPEN
STZ,16918,2021-10-06,2021-10-06T12:10:10.000Z,BEFORE_OPEN
STZ,16918,2022-01-06,2022-01-06T13:26:26.000Z,BEFORE_OPEN
STZ,16918,2022-04-07,2022-04-07T12:25:39.000Z,BEFORE_OPEN
STZ,16918,2022-06-13,2022-06-13T20:30:24.000Z,AFTER_CLOSE
STZ,16918,2022-06-30,2022-06-30T12:30:36.000Z,BEFORE_OPEN
STZ,16918,2022-10-06,2022-10-06T12:30:12.000Z,BEFORE_OPEN
STZ,16918,2023-01-05,2023-01-05T13:01:24.000Z,BEFORE_OPEN
STZ,16918,2023-04-06,2023-04-06T12:00:00.000Z,BEFORE_OPEN
STZ,16918,2023-06-30,2023-06-30T12:10:20.000Z,BEFORE_OPEN
STZ,16918,2023-10-05,2023-10-05T11:57:46.000Z,BEFORE_OPEN
STZ,16918,2024-01-05,2024-01-05T12:56:45.000Z,BEFORE_OPEN
STZ,16918,2024-04-11,2024-04-11T11:50:27.000Z,BEFORE_OPEN
STZ,16918,2024-07-03,2024-07-03T11:52:35.000Z,BEFORE_OPEN
STZ,16918,2024-09-03,2024-09-03T13:05:18.000Z,BEFORE_OPEN
STZ,16918,2024-10-03,2024-10-03T11:48:18.000Z,BEFORE_OPEN
STZ,16918,2025-01-10,2025-01-10T13:00:26.000Z,BEFORE_OPEN
STZ,16918,2025-04-09,2025-04-09T20:55:35.000Z,AFTER_CLOSE
STZ,16918,2025-07-01,2025-07-01T20:12:15.000Z,AFTER_CLOSE
STZ,16918,2025-09-02,2025-09-02T11:38:55.000Z,BEFORE_OPEN
STZ,16918,2025-10-06,2025-10-06T20:08:27.000Z,AFTER_CLOSE
STZ,16918,2026-01-07,2026-01-07T21:06:56.000Z,AFTER_CLOSE
STZ,16918,2026-04-08,2026-04-08T20:10:51.000Z,AFTER_CLOSE
STZ,16918,2026-06-30,2026-06-30T20:08:55.000Z,AFTER_CLOSE
SW,2005951,2024-07-30,2024-07-30T20:55:42.000Z,AFTER_CLOSE
SW,2005951,2024-07-30,2024-07-30T20:31:06.000Z,AFTER_CLOSE
SW,2005951,2024-10-30,2024-10-30T10:40:35.000Z,BEFORE_OPEN
SW,2005951,2025-02-12,2025-02-12T11:37:09.000Z,BEFORE_OPEN
SW,2005951,2025-05-01,2025-05-01T10:37:01.000Z,BEFORE_OPEN
SW,2005951,2025-07-30,2025-07-30T10:37:42.000Z,BEFORE_OPEN
SW,2005951,2025-10-29,2025-10-29T10:48:52.000Z,BEFORE_OPEN
SW,2005951,2026-02-11,2026-02-11T11:39:49.000Z,BEFORE_OPEN
SW,2005951,2026-04-30,2026-04-30T10:38:13.000Z,BEFORE_OPEN
SW,2005951,2026-07-29,2026-07-29T10:39:56.000Z,BEFORE_OPEN
SYF,1601712,2022-01-28,2022-01-28T11:02:03.000Z,BEFORE_OPEN
SYF,1601712,2022-04-18,2022-04-18T10:01:04.000Z,BEFORE_OPEN
SYF,1601712,2022-07-18,2022-07-18T10:00:53.000Z,BEFORE_OPEN
SYF,1601712,2022-10-25,2022-10-25T10:01:00.000Z,BEFORE_OPEN
SYF,1601712,2023-01-23,2023-01-23T11:00:42.000Z,BEFORE_OPEN
SYF,1601712,2023-04-19,2023-04-19T10:00:40.000Z,BEFORE_OPEN
SYF,1601712,2023-07-18,2023-07-18T10:00:51.000Z,BEFORE_OPEN
SYF,1601712,2023-10-24,2023-10-24T10:00:43.000Z,BEFORE_OPEN
SYF,1601712,2024-01-23,2024-01-23T11:00:58.000Z,BEFORE_OPEN
SYF,1601712,2024-04-24,2024-04-24T10:01:21.000Z,BEFORE_OPEN
SYF,1601712,2024-07-17,2024-07-17T10:00:41.000Z,BEFORE_OPEN
SYF,1601712,2024-10-16,2024-10-16T10:00:40.000Z,BEFORE_OPEN
SYF,1601712,2025-01-28,2025-01-28T11:00:35.000Z,BEFORE_OPEN
SYF,1601712,2025-04-22,2025-04-22T10:00:41.000Z,BEFORE_OPEN
SYF,1601712,2025-07-22,2025-07-22T10:00:57.000Z,BEFORE_OPEN
SYF,1601712,2025-10-15,2025-10-15T10:00:50.000Z,BEFORE_OPEN
SYF,1601712,2026-01-27,2026-01-27T11:01:03.000Z,BEFORE_OPEN
SYF,1601712,2026-04-21,2026-04-21T10:00:40.000Z,BEFORE_OPEN
SYF,1601712,2026-07-21,2026-07-21T10:00:35.000Z,BEFORE_OPEN
SYF,1601712,2026-08-17,2026-08-14T21:37:57.000Z,AFTER_CLOSE
SYK,310764,2017-04-25,2017-04-25T20:05:28.000Z,AFTER_CLOSE
SYK,310764,2017-07-27,2017-07-27T20:07:09.000Z,AFTER_CLOSE
SYK,310764,2017-10-26,2017-10-26T20:04:17.000Z,AFTER_CLOSE
SYK,310764,2018-01-09,2018-01-09T13:20:56.000Z,BEFORE_OPEN
SYK,310764,2018-01-30,2018-01-30T21:11:36.000Z,AFTER_CLOSE
SYK,310764,2018-04-26,2018-04-26T20:11:10.000Z,AFTER_CLOSE
SYK,310764,2018-07-24,2018-07-24T20:09:36.000Z,AFTER_CLOSE
SYK,310764,2018-10-25,2018-10-25T20:11:47.000Z,AFTER_CLOSE
SYK,310764,2019-01-29,2019-01-29T21:14:44.000Z,AFTER_CLOSE
SYK,310764,2019-04-23,2019-04-23T20:09:37.000Z,AFTER_CLOSE
SYK,310764,2019-07-25,2019-07-25T20:10:28.000Z,AFTER_CLOSE
SYK,310764,2019-10-29,2019-10-29T20:59:20.000Z,AFTER_CLOSE
SYK,310764,2020-01-28,2020-01-28T21:07:38.000Z,AFTER_CLOSE
SYK,310764,2020-04-30,2020-04-30T20:08:40.000Z,AFTER_CLOSE
SYK,310764,2020-07-30,2020-07-30T22:51:20.000Z,AFTER_CLOSE
SYK,310764,2020-10-29,2020-10-29T20:09:46.000Z,AFTER_CLOSE
SYK,310764,2021-01-27,2021-01-27T21:07:31.000Z,AFTER_CLOSE
SYK,310764,2021-04-27,2021-04-27T20:08:31.000Z,AFTER_CLOSE
SYK,310764,2021-07-27,2021-07-27T20:47:45.000Z,AFTER_CLOSE
SYK,310764,2021-10-28,2021-10-28T20:08:45.000Z,AFTER_CLOSE
SYK,310764,2022-01-27,2022-01-27T21:09:40.000Z,AFTER_CLOSE
SYK,310764,2022-04-28,2022-04-28T20:25:43.000Z,AFTER_CLOSE
SYK,310764,2022-07-26,2022-07-26T20:15:29.000Z,AFTER_CLOSE
SYK,310764,2022-10-31,2022-10-31T20:14:00.000Z,AFTER_CLOSE
SYK,310764,2023-01-31,2023-01-31T21:07:50.000Z,AFTER_CLOSE
SYK,310764,2023-05-01,2023-05-01T20:10:02.000Z,AFTER_CLOSE
SYK,310764,2023-08-03,2023-08-03T20:12:11.000Z,AFTER_CLOSE
SYK,310764,2023-11-02,2023-11-02T20:20:37.000Z,AFTER_CLOSE
SYK,310764,2024-01-30,2024-01-30T21:07:33.000Z,AFTER_CLOSE
SYK,310764,2024-04-30,2024-04-30T20:11:52.000Z,AFTER_CLOSE
SYK,310764,2024-07-30,2024-07-30T20:09:22.000Z,AFTER_CLOSE
SYK,310764,2024-10-29,2024-10-29T20:09:59.000Z,AFTER_CLOSE
SYK,310764,2025-01-28,2025-01-28T21:07:26.000Z,AFTER_CLOSE
SYK,310764,2025-05-01,2025-05-01T20:10:28.000Z,AFTER_CLOSE
SYK,310764,2025-07-31,2025-07-31T20:12:38.000Z,AFTER_CLOSE
SYK,310764,2025-10-30,2025-10-30T20:15:42.000Z,AFTER_CLOSE
SYK,310764,2026-01-29,2026-01-29T21:11:00.000Z,AFTER_CLOSE
SYK,310764,2026-04-30,2026-04-30T20:07:43.000Z,AFTER_CLOSE
SYK,310764,2026-07-30,2026-07-30T20:09:48.000Z,AFTER_CLOSE
SYM,1837240,2022-08-01,2022-08-01T20:21:00.000Z,AFTER_CLOSE
SYM,1837240,2022-11-21,2022-11-21T21:19:33.000Z,AFTER_CLOSE
SYM,1837240,2023-01-30,2023-01-30T21:10:04.000Z,AFTER_CLOSE
SYM,1837240,2023-05-01,2023-05-01T20:11:12.000Z,AFTER_CLOSE
SYM,1837240,2023-07-31,2023-07-31T11:04:35.000Z,BEFORE_OPEN
SYM,1837240,2023-11-20,2023-11-20T21:11:48.000Z,AFTER_CLOSE
SYM,1837240,2024-02-05,2024-02-05T21:06:25.000Z,AFTER_CLOSE
SYM,1837240,2024-05-06,2024-05-06T20:06:36.000Z,AFTER_CLOSE
SYM,1837240,2024-07-29,2024-07-29T20:13:08.000Z,AFTER_CLOSE
SYM,1837240,2024-11-18,2024-11-18T21:04:53.000Z,AFTER_CLOSE
SYM,1837240,2025-02-05,2025-02-05T21:02:02.000Z,AFTER_CLOSE
SYM,1837240,2025-05-07,2025-05-07T20:03:05.000Z,AFTER_CLOSE
SYM,1837240,2025-08-06,2025-08-06T20:05:52.000Z,AFTER_CLOSE
SYM,1837240,2025-11-24,2025-11-24T21:03:28.000Z,AFTER_CLOSE
SYM,1837240,2026-02-04,2026-02-04T21:04:50.000Z,AFTER_CLOSE
SYM,1837240,2026-05-06,2026-05-06T20:03:40.000Z,AFTER_CLOSE
SYM,1837240,2026-08-05,2026-08-05T20:04:08.000Z,AFTER_CLOSE
SYY,96021,2018-05-07,2018-05-07T12:09:33.000Z,BEFORE_OPEN
SYY,96021,2018-08-13,2018-08-13T12:06:59.000Z,BEFORE_OPEN
SYY,96021,2018-11-05,2018-11-05T13:16:59.000Z,BEFORE_OPEN
SYY,96021,2019-02-04,2019-02-04T13:06:32.000Z,BEFORE_OPEN
SYY,96021,2019-05-06,2019-05-06T12:06:04.000Z,BEFORE_OPEN
SYY,96021,2019-08-12,2019-08-12T12:09:33.000Z,BEFORE_OPEN
SYY,96021,2019-11-04,2019-11-04T13:10:14.000Z,BEFORE_OPEN
SYY,96021,2020-02-03,2020-02-03T13:07:20.000Z,BEFORE_OPEN
SYY,96021,2020-05-05,2020-05-05T12:15:54.000Z,BEFORE_OPEN
SYY,96021,2020-08-11,2020-08-11T12:08:56.000Z,BEFORE_OPEN
SYY,96021,2020-11-03,2020-11-03T13:11:34.000Z,BEFORE_OPEN
SYY,96021,2021-02-02,2021-02-02T13:08:03.000Z,BEFORE_OPEN
SYY,96021,2021-05-04,2021-05-04T12:08:05.000Z,BEFORE_OPEN
SYY,96021,2021-08-10,2021-08-10T12:10:58.000Z,BEFORE_OPEN
SYY,96021,2021-11-09,2021-11-09T13:08:05.000Z,BEFORE_OPEN
SYY,96021,2022-02-08,2022-02-08T13:16:00.000Z,BEFORE_OPEN
SYY,96021,2022-05-10,2022-05-10T12:23:36.000Z,BEFORE_OPEN
SYY,96021,2022-08-09,2022-08-09T12:16:14.000Z,BEFORE_OPEN
SYY,96021,2022-11-01,2022-11-01T12:04:59.000Z,BEFORE_OPEN
SYY,96021,2023-01-31,2023-01-31T13:09:03.000Z,BEFORE_OPEN
SYY,96021,2023-05-02,2023-05-02T12:02:31.000Z,BEFORE_OPEN
SYY,96021,2023-08-01,2023-08-01T12:06:24.000Z,BEFORE_OPEN
SYY,96021,2023-10-31,2023-10-31T12:02:46.000Z,BEFORE_OPEN
SYY,96021,2024-01-30,2024-01-30T13:03:25.000Z,BEFORE_OPEN
SYY,96021,2024-04-30,2024-04-30T12:09:51.000Z,BEFORE_OPEN
SYY,96021,2024-07-30,2024-07-30T12:03:02.000Z,BEFORE_OPEN
SYY,96021,2024-10-29,2024-10-29T12:02:15.000Z,BEFORE_OPEN
SYY,96021,2025-01-28,2025-01-28T13:01:58.000Z,BEFORE_OPEN
SYY,96021,2025-04-29,2025-04-29T12:09:51.000Z,BEFORE_OPEN
SYY,96021,2025-07-29,2025-07-29T12:03:41.000Z,BEFORE_OPEN
SYY,96021,2025-10-28,2025-10-28T12:05:08.000Z,BEFORE_OPEN
SYY,96021,2026-01-27,2026-01-27T13:04:43.000Z,BEFORE_OPEN
SYY,96021,2026-03-30,2026-03-30T10:38:55.000Z,BEFORE_OPEN
SYY,96021,2026-04-28,2026-04-28T12:05:12.000Z,BEFORE_OPEN
SYY,96021,2026-08-04,2026-08-04T12:04:45.000Z,BEFORE_OPEN
T,732717,2022-07-21,2022-07-21T10:37:25.000Z,BEFORE_OPEN
T,732717,2022-10-20,2022-10-20T10:30:00.000Z,BEFORE_OPEN
T,732717,2023-01-25,2023-01-25T11:34:06.000Z,BEFORE_OPEN
T,732717,2023-04-20,2023-04-20T10:33:59.000Z,BEFORE_OPEN
T,732717,2023-07-26,2023-07-26T10:35:49.000Z,BEFORE_OPEN
T,732717,2023-10-19,2023-10-19T10:34:14.000Z,BEFORE_OPEN
T,732717,2024-01-24,2024-01-24T11:37:11.000Z,BEFORE_OPEN
T,732717,2024-04-24,2024-04-24T10:35:58.000Z,BEFORE_OPEN
T,732717,2024-07-24,2024-07-24T10:37:31.000Z,BEFORE_OPEN
T,732717,2024-10-23,2024-10-23T10:35:48.000Z,BEFORE_OPEN
T,732717,2025-01-27,2025-01-27T11:39:47.000Z,BEFORE_OPEN
T,732717,2025-04-23,2025-04-23T10:34:04.000Z,BEFORE_OPEN
T,732717,2025-07-23,2025-07-23T10:36:30.000Z,BEFORE_OPEN
T,732717,2025-10-22,2025-10-22T10:35:30.000Z,BEFORE_OPEN
T,732717,2026-01-28,2026-01-28T11:35:27.000Z,BEFORE_OPEN
T,732717,2026-04-22,2026-04-22T10:43:29.000Z,BEFORE_OPEN
T,732717,2026-07-22,2026-07-22T10:33:17.000Z,BEFORE_OPEN
TDG,1260221,2018-05-01,2018-05-01T11:31:26.000Z,BEFORE_OPEN
TDG,1260221,2018-08-07,2018-08-07T11:27:02.000Z,BEFORE_OPEN
TDG,1260221,2018-11-06,2018-11-06T12:29:10.000Z,BEFORE_OPEN
TDG,1260221,2019-01-29,2019-01-29T13:00:38.000Z,BEFORE_OPEN
TDG,1260221,2019-02-05,2019-02-05T12:28:47.000Z,BEFORE_OPEN
TDG,1260221,2019-05-07,2019-05-07T11:22:43.000Z,BEFORE_OPEN
TDG,1260221,2019-08-06,2019-08-06T11:22:44.000Z,BEFORE_OPEN
TDG,1260221,2019-10-29,2019-10-29T13:12:11.000Z,BEFORE_OPEN
TDG,1260221,2019-11-19,2019-11-19T12:19:09.000Z,BEFORE_OPEN
TDG,1260221,2020-01-23,2020-01-23T13:28:10.000Z,BEFORE_OPEN
TDG,1260221,2020-02-04,2020-02-04T12:19:14.000Z,BEFORE_OPEN
TDG,1260221,2020-05-05,2020-05-05T11:21:17.000Z,BEFORE_OPEN
TDG,1260221,2020-08-04,2020-08-04T11:20:38.000Z,BEFORE_OPEN
TDG,1260221,2020-11-12,2020-11-12T12:26:10.000Z,BEFORE_OPEN
TDG,1260221,2021-02-09,2021-02-09T12:20:08.000Z,BEFORE_OPEN
TDG,1260221,2021-05-11,2021-05-11T11:18:14.000Z,BEFORE_OPEN
TDG,1260221,2021-08-10,2021-08-10T11:17:11.000Z,BEFORE_OPEN
TDG,1260221,2021-11-16,2021-11-16T12:19:17.000Z,BEFORE_OPEN
TDG,1260221,2022-02-08,2022-02-08T12:17:59.000Z,BEFORE_OPEN
TDG,1260221,2022-05-10,2022-05-10T11:17:26.000Z,BEFORE_OPEN
TDG,1260221,2022-08-09,2022-08-09T11:19:11.000Z,BEFORE_OPEN
TDG,1260221,2022-11-10,2022-11-10T12:17:40.000Z,BEFORE_OPEN
TDG,1260221,2023-02-07,2023-02-07T12:18:23.000Z,BEFORE_OPEN
TDG,1260221,2023-05-09,2023-05-09T11:18:20.000Z,BEFORE_OPEN
TDG,1260221,2023-08-08,2023-08-08T11:18:46.000Z,BEFORE_OPEN
TDG,1260221,2023-11-09,2023-11-09T12:18:45.000Z,BEFORE_OPEN
TDG,1260221,2024-02-08,2024-02-08T12:18:30.000Z,BEFORE_OPEN
TDG,1260221,2024-05-07,2024-05-07T11:18:56.000Z,BEFORE_OPEN
TDG,1260221,2024-08-06,2024-08-06T11:19:26.000Z,BEFORE_OPEN
TDG,1260221,2024-11-07,2024-11-07T12:19:30.000Z,BEFORE_OPEN
TDG,1260221,2025-02-04,2025-02-04T12:19:52.000Z,BEFORE_OPEN
TDG,1260221,2025-05-06,2025-05-06T11:18:12.000Z,BEFORE_OPEN
TDG,1260221,2025-08-05,2025-08-05T11:18:49.000Z,BEFORE_OPEN
TDG,1260221,2025-11-12,2025-11-12T12:18:24.000Z,BEFORE_OPEN
TDG,1260221,2026-02-03,2026-02-03T12:19:49.000Z,BEFORE_OPEN
TDG,1260221,2026-04-14,2026-04-14T12:22:54.000Z,BEFORE_OPEN
TDG,1260221,2026-05-05,2026-05-05T11:17:21.000Z,BEFORE_OPEN
TDG,1260221,2026-08-04,2026-08-04T11:17:39.000Z,BEFORE_OPEN
TDY,1094285,2014-07-24,2014-07-24T12:10:13.000Z,BEFORE_OPEN
TDY,1094285,2014-10-23,2014-10-23T12:05:12.000Z,BEFORE_OPEN
TDY,1094285,2015-01-29,2015-01-29T13:04:43.000Z,BEFORE_OPEN
TDY,1094285,2015-04-30,2015-04-30T12:10:58.000Z,BEFORE_OPEN
TDY,1094285,2015-07-30,2015-07-30T12:07:11.000Z,BEFORE_OPEN
TDY,1094285,2015-10-05,2015-10-05T15:18:49.000Z,IN_SESSION
TDY,1094285,2015-10-29,2015-10-29T12:07:44.000Z,BEFORE_OPEN
TDY,1094285,2016-02-04,2016-02-04T13:00:02.000Z,BEFORE_OPEN
TDY,1094285,2016-05-05,2016-05-05T12:06:22.000Z,BEFORE_OPEN
TDY,1094285,2016-08-04,2016-08-04T12:06:19.000Z,BEFORE_OPEN
TDY,1094285,2016-11-03,2016-11-03T12:05:12.000Z,BEFORE_OPEN
TDY,1094285,2017-02-02,2017-02-02T13:04:43.000Z,BEFORE_OPEN
TDY,1094285,2017-05-04,2017-05-04T11:53:14.000Z,BEFORE_OPEN
TDY,1094285,2017-08-03,2017-08-03T12:11:10.000Z,BEFORE_OPEN
TDY,1094285,2017-11-02,2017-11-02T12:02:16.000Z,BEFORE_OPEN
TDY,1094285,2018-02-01,2018-02-01T12:34:30.000Z,BEFORE_OPEN
TDY,1094285,2018-05-03,2018-05-03T12:06:03.000Z,BEFORE_OPEN
TDY,1094285,2018-08-02,2018-08-02T12:08:41.000Z,BEFORE_OPEN
TDY,1094285,2018-10-24,2018-10-24T12:05:52.000Z,BEFORE_OPEN
TDY,1094285,2019-01-23,2019-01-23T12:55:11.000Z,BEFORE_OPEN
TDY,1094285,2019-04-24,2019-04-24T12:08:41.000Z,BEFORE_OPEN
TDY,1094285,2019-07-24,2019-07-24T12:04:29.000Z,BEFORE_OPEN
TDY,1094285,2019-10-23,2019-10-23T12:08:09.000Z,BEFORE_OPEN
TDY,1094285,2020-01-22,2020-01-22T13:05:05.000Z,BEFORE_OPEN
TDY,1094285,2020-04-06,2020-04-06T18:34:02.000Z,IN_SESSION
TDY,1094285,2020-04-22,2020-04-22T12:06:02.000Z,BEFORE_OPEN
TDY,1094285,2020-07-22,2020-07-22T12:11:52.000Z,BEFORE_OPEN
TDY,1094285,2020-10-21,2020-10-21T12:09:31.000Z,BEFORE_OPEN
TDY,1094285,2021-01-04,2021-01-04T14:50:29.000Z,IN_SESSION
TDY,1094285,2021-01-27,2021-01-27T12:33:19.000Z,BEFORE_OPEN
TDY,1094285,2021-04-28,2021-04-28T11:48:50.000Z,BEFORE_OPEN
TDY,1094285,2021-07-28,2021-07-28T11:47:43.000Z,BEFORE_OPEN
TDY,1094285,2021-10-27,2021-10-27T11:40:39.000Z,BEFORE_OPEN
TDY,1094285,2022-01-27,2022-01-27T12:37:02.000Z,BEFORE_OPEN
TDY,1094285,2022-04-27,2022-04-27T11:45:12.000Z,BEFORE_OPEN
TDY,1094285,2022-07-27,2022-07-27T11:46:07.000Z,BEFORE_OPEN
TDY,1094285,2022-10-26,2022-10-26T11:40:30.000Z,BEFORE_OPEN
TDY,1094285,2023-01-25,2023-01-25T12:42:17.000Z,BEFORE_OPEN
TDY,1094285,2023-04-26,2023-04-26T11:49:47.000Z,BEFORE_OPEN
TDY,1094285,2023-07-26,2023-07-26T11:40:39.000Z,BEFORE_OPEN
TDY,1094285,2023-10-25,2023-10-25T11:47:11.000Z,BEFORE_OPEN
TDY,1094285,2024-01-24,2024-01-24T12:42:16.000Z,BEFORE_OPEN
TDY,1094285,2024-04-24,2024-04-24T11:35:04.000Z,BEFORE_OPEN
TDY,1094285,2024-07-24,2024-07-24T11:39:28.000Z,BEFORE_OPEN
TDY,1094285,2024-10-23,2024-10-23T11:37:07.000Z,BEFORE_OPEN
TDY,1094285,2025-01-22,2025-01-22T12:45:41.000Z,BEFORE_OPEN
TDY,1094285,2025-04-23,2025-04-23T10:17:48.000Z,BEFORE_OPEN
TDY,1094285,2025-07-23,2025-07-23T11:02:54.000Z,BEFORE_OPEN
TDY,1094285,2025-10-22,2025-10-22T11:09:39.000Z,BEFORE_OPEN
TDY,1094285,2026-01-21,2026-01-21T11:58:39.000Z,BEFORE_OPEN
TDY,1094285,2026-04-22,2026-04-22T11:04:53.000Z,BEFORE_OPEN
TDY,1094285,2026-07-22,2026-07-22T11:21:21.000Z,BEFORE_OPEN
TEAM,1650372,2024-10-31,2024-10-31T20:10:39.000Z,AFTER_CLOSE
TEAM,1650372,2025-01-30,2025-01-30T21:10:09.000Z,AFTER_CLOSE
TEAM,1650372,2025-05-01,2025-05-01T20:10:24.000Z,AFTER_CLOSE
TEAM,1650372,2025-08-07,2025-08-07T20:14:43.000Z,AFTER_CLOSE
TEAM,1650372,2025-10-30,2025-10-30T20:09:33.000Z,AFTER_CLOSE
TEAM,1650372,2026-02-05,2026-02-05T21:09:59.000Z,AFTER_CLOSE
TEAM,1650372,2026-04-30,2026-04-30T20:13:26.000Z,AFTER_CLOSE
TEAM,1650372,2026-08-06,2026-08-06T20:10:05.000Z,AFTER_CLOSE
TEL,1385157,2017-04-26,2017-04-26T10:19:04.000Z,BEFORE_OPEN
TEL,1385157,2017-07-26,2017-07-26T10:15:46.000Z,BEFORE_OPEN
TEL,1385157,2017-11-01,2017-11-01T10:15:30.000Z,BEFORE_OPEN
TEL,1385157,2018-01-24,2018-01-24T11:18:31.000Z,BEFORE_OPEN
TEL,1385157,2018-04-25,2018-04-25T10:16:18.000Z,BEFORE_OPEN
TEL,1385157,2018-07-25,2018-07-25T10:17:10.000Z,BEFORE_OPEN
TEL,1385157,2018-10-31,2018-10-31T10:30:24.000Z,BEFORE_OPEN
TEL,1385157,2018-10-31,2018-10-31T10:16:53.000Z,BEFORE_OPEN
TEL,1385157,2019-01-23,2019-01-23T11:28:33.000Z,BEFORE_OPEN
TEL,1385157,2019-04-24,2019-04-24T10:20:17.000Z,BEFORE_OPEN
TEL,1385157,2019-07-24,2019-07-24T10:16:00.000Z,BEFORE_OPEN
TEL,1385157,2019-10-30,2019-10-30T10:11:40.000Z,BEFORE_OPEN
TEL,1385157,2020-01-29,2020-01-29T11:11:00.000Z,BEFORE_OPEN
TEL,1385157,2020-04-28,2020-04-28T10:26:13.000Z,BEFORE_OPEN
TEL,1385157,2020-07-29,2020-07-29T10:19:03.000Z,BEFORE_OPEN
TEL,1385157,2020-10-28,2020-10-28T10:15:44.000Z,BEFORE_OPEN
TEL,1385157,2021-01-27,2021-01-27T11:16:23.000Z,BEFORE_OPEN
TEL,1385157,2021-04-21,2021-04-21T10:31:25.000Z,BEFORE_OPEN
TEL,1385157,2021-07-28,2021-07-28T10:19:12.000Z,BEFORE_OPEN
TEL,1385157,2021-10-27,2021-10-27T10:20:22.000Z,BEFORE_OPEN
TEL,1385157,2022-01-26,2022-01-26T11:17:00.000Z,BEFORE_OPEN
TEL,1385157,2022-04-27,2022-04-27T10:12:00.000Z,BEFORE_OPEN
TEL,1385157,2022-07-27,2022-07-27T10:18:51.000Z,BEFORE_OPEN
TEL,1385157,2022-11-02,2022-11-02T10:10:00.000Z,BEFORE_OPEN
TEL,1385157,2023-01-25,2023-01-25T11:11:28.000Z,BEFORE_OPEN
TEL,1385157,2023-04-26,2023-04-26T10:17:34.000Z,BEFORE_OPEN
TEL,1385157,2023-07-26,2023-07-26T10:19:04.000Z,BEFORE_OPEN
TEL,1385157,2023-11-01,2023-11-01T10:11:15.000Z,BEFORE_OPEN
TEL,1385157,2024-01-24,2024-01-24T11:10:51.000Z,BEFORE_OPEN
TEL,1385157,2024-04-24,2024-04-24T10:11:23.000Z,BEFORE_OPEN
TEL,1385157,2024-07-24,2024-07-24T10:11:51.000Z,BEFORE_OPEN
TEL,1385157,2024-10-30,2024-10-30T10:16:12.000Z,BEFORE_OPEN
TEL,1385157,2024-12-17,2024-12-17T19:30:10.000Z,IN_SESSION
TEL,1385157,2025-01-22,2025-01-22T11:14:52.000Z,BEFORE_OPEN
TEL,1385157,2025-04-23,2025-04-23T10:14:42.000Z,BEFORE_OPEN
TEL,1385157,2025-07-23,2025-07-23T10:21:23.000Z,BEFORE_OPEN
TEL,1385157,2025-10-29,2025-10-29T10:10:37.000Z,BEFORE_OPEN
TEL,1385157,2026-01-21,2026-01-21T11:17:47.000Z,BEFORE_OPEN
TEL,1385157,2026-04-22,2026-04-22T10:09:48.000Z,BEFORE_OPEN
TEL,1385157,2026-07-22,2026-07-22T10:40:03.000Z,BEFORE_OPEN
TER,97210,2015-01-29,2015-01-29T11:06:00.000Z,BEFORE_OPEN
TER,97210,2015-05-01,2015-05-01T10:34:34.000Z,BEFORE_OPEN
TER,97210,2015-07-30,2015-07-30T10:14:00.000Z,BEFORE_OPEN
TER,97210,2015-10-28,2015-10-28T10:05:06.000Z,BEFORE_OPEN
TER,97210,2016-01-28,2016-01-28T11:05:57.000Z,BEFORE_OPEN
TER,97210,2016-04-28,2016-04-28T10:08:05.000Z,BEFORE_OPEN
TER,97210,2016-07-28,2016-07-28T10:04:56.000Z,BEFORE_OPEN
TER,97210,2016-10-27,2016-10-27T10:09:02.000Z,BEFORE_OPEN
TER,97210,2017-01-26,2017-01-26T11:09:04.000Z,BEFORE_OPEN
TER,97210,2017-04-27,2017-04-27T10:05:33.000Z,BEFORE_OPEN
TER,97210,2017-07-27,2017-07-27T10:05:04.000Z,BEFORE_OPEN
TER,97210,2017-10-26,2017-10-26T10:09:55.000Z,BEFORE_OPEN
TER,97210,2018-01-25,2018-01-25T11:06:33.000Z,BEFORE_OPEN
TER,97210,2018-04-25,2018-04-25T11:15:56.000Z,BEFORE_OPEN
TER,97210,2018-07-25,2018-07-25T14:36:38.000Z,IN_SESSION
TER,97210,2018-10-24,2018-10-24T10:05:41.000Z,BEFORE_OPEN
TER,97210,2019-01-24,2019-01-24T11:06:03.000Z,BEFORE_OPEN
TER,97210,2019-04-24,2019-04-24T10:09:02.000Z,BEFORE_OPEN
TER,97210,2019-07-24,2019-07-24T10:04:03.000Z,BEFORE_OPEN
TER,97210,2019-10-23,2019-10-23T10:08:17.000Z,BEFORE_OPEN
TER,97210,2020-01-23,2020-01-23T11:07:41.000Z,BEFORE_OPEN
TER,97210,2020-04-22,2020-04-22T10:10:40.000Z,BEFORE_OPEN
TER,97210,2020-07-22,2020-07-22T10:08:55.000Z,BEFORE_OPEN
TER,97210,2020-10-21,2020-10-21T10:03:55.000Z,BEFORE_OPEN
TER,97210,2021-01-28,2021-01-28T11:06:31.000Z,BEFORE_OPEN
TER,97210,2021-04-28,2021-04-28T10:08:03.000Z,BEFORE_OPEN
TER,97210,2021-07-28,2021-07-28T10:10:06.000Z,BEFORE_OPEN
TER,97210,2021-10-27,2021-10-27T10:04:41.000Z,BEFORE_OPEN
TER,97210,2022-01-27,2022-01-27T11:07:02.000Z,BEFORE_OPEN
TER,97210,2022-04-27,2022-04-27T10:12:04.000Z,BEFORE_OPEN
TER,97210,2022-07-27,2022-07-27T10:06:05.000Z,BEFORE_OPEN
TER,97210,2022-10-26,2022-10-26T10:09:03.000Z,BEFORE_OPEN
TER,97210,2023-01-26,2023-01-26T11:05:02.000Z,BEFORE_OPEN
TER,97210,2023-04-27,2023-04-27T10:05:02.000Z,BEFORE_OPEN
TER,97210,2023-07-27,2023-07-27T10:08:00.000Z,BEFORE_OPEN
TER,97210,2023-10-26,2023-10-26T10:01:11.000Z,BEFORE_OPEN
TER,97210,2024-01-31,2024-01-31T11:01:13.000Z,BEFORE_OPEN
TER,97210,2024-04-25,2024-04-25T10:04:23.000Z,BEFORE_OPEN
TER,97210,2024-07-25,2024-07-25T10:06:04.000Z,BEFORE_OPEN
TER,97210,2024-10-24,2024-10-24T11:00:08.000Z,BEFORE_OPEN
TER,97210,2025-01-30,2025-01-30T12:00:09.000Z,BEFORE_OPEN
TER,97210,2025-04-29,2025-04-29T11:30:23.000Z,BEFORE_OPEN
TER,97210,2025-07-30,2025-07-30T11:00:34.000Z,BEFORE_OPEN
TER,97210,2025-10-29,2025-10-29T11:00:29.000Z,BEFORE_OPEN
TER,97210,2026-02-03,2026-02-03T11:01:44.000Z,BEFORE_OPEN
TER,97210,2026-04-29,2026-04-29T10:00:49.000Z,BEFORE_OPEN
TER,97210,2026-07-29,2026-07-29T10:00:36.000Z,BEFORE_OPEN
TEVA,818686,2018-02-08,2018-02-08T14:43:46.000Z,IN_SESSION
TEVA,818686,2018-05-03,2018-05-03T11:00:44.000Z,BEFORE_OPEN
TEVA,818686,2018-08-02,2018-08-02T11:00:42.000Z,BEFORE_OPEN
TEVA,818686,2018-11-01,2018-11-01T11:02:06.000Z,BEFORE_OPEN
TEVA,818686,2019-02-13,2019-02-13T12:00:55.000Z,BEFORE_OPEN
TEVA,818686,2019-05-02,2019-05-02T11:00:34.000Z,BEFORE_OPEN
TEVA,818686,2019-08-07,2019-08-07T11:00:31.000Z,BEFORE_OPEN
TEVA,818686,2019-11-07,2019-11-07T12:00:55.000Z,BEFORE_OPEN
TEVA,818686,2020-02-12,2020-02-12T12:07:25.000Z,BEFORE_OPEN
TEVA,818686,2020-05-07,2020-05-07T11:00:55.000Z,BEFORE_OPEN
TEVA,818686,2020-08-05,2020-08-05T11:01:40.000Z,BEFORE_OPEN
TEVA,818686,2020-11-05,2020-11-05T12:00:38.000Z,BEFORE_OPEN
TEVA,818686,2021-02-10,2021-02-10T12:00:27.000Z,BEFORE_OPEN
TEVA,818686,2021-04-28,2021-04-28T11:00:34.000Z,BEFORE_OPEN
TEVA,818686,2021-07-28,2021-07-28T11:22:38.000Z,BEFORE_OPEN
TEVA,818686,2021-10-27,2021-10-27T11:00:50.000Z,BEFORE_OPEN
TEVA,818686,2022-02-09,2022-02-09T12:00:39.000Z,BEFORE_OPEN
TEVA,818686,2022-05-03,2022-05-03T11:01:32.000Z,BEFORE_OPEN
TEVA,818686,2022-07-26,2022-07-26T20:56:36.000Z,AFTER_CLOSE
TEVA,818686,2022-11-03,2022-11-03T11:00:29.000Z,BEFORE_OPEN
TEVA,818686,2023-02-08,2023-02-08T12:01:55.000Z,BEFORE_OPEN
TEVA,818686,2023-05-10,2023-05-10T11:01:36.000Z,BEFORE_OPEN
TEVA,818686,2023-08-02,2023-08-02T11:00:34.000Z,BEFORE_OPEN
TEVA,818686,2023-11-08,2023-11-08T12:01:32.000Z,BEFORE_OPEN
TEVA,818686,2024-01-31,2024-01-31T12:00:30.000Z,BEFORE_OPEN
TEVA,818686,2024-05-08,2024-05-08T11:01:01.000Z,BEFORE_OPEN
TEVA,818686,2024-07-31,2024-07-31T11:00:57.000Z,BEFORE_OPEN
TEVA,818686,2024-11-06,2024-11-06T12:00:13.000Z,BEFORE_OPEN
TEVA,818686,2025-01-29,2025-01-29T12:00:16.000Z,BEFORE_OPEN
TEVA,818686,2025-05-07,2025-05-07T11:00:13.000Z,BEFORE_OPEN
TEVA,818686,2025-07-30,2025-07-30T11:06:05.000Z,BEFORE_OPEN
TEVA,818686,2025-11-05,2025-11-05T12:00:33.000Z,BEFORE_OPEN
TEVA,818686,2026-01-12,2026-01-12T11:00:59.000Z,BEFORE_OPEN
TEVA,818686,2026-01-28,2026-01-28T12:20:32.000Z,BEFORE_OPEN
TEVA,818686,2026-04-29,2026-04-29T11:00:20.000Z,BEFORE_OPEN
TEVA,818686,2026-07-29,2026-07-29T11:00:20.000Z,BEFORE_OPEN
TFC,92230,2020-10-15,2020-10-15T10:03:21.000Z,BEFORE_OPEN
TFC,92230,2021-01-21,2021-01-21T11:07:28.000Z,BEFORE_OPEN
TFC,92230,2021-04-15,2021-04-15T10:06:07.000Z,BEFORE_OPEN
TFC,92230,2021-07-15,2021-07-15T10:11:10.000Z,BEFORE_OPEN
TFC,92230,2021-10-15,2021-10-15T10:07:08.000Z,BEFORE_OPEN
TFC,92230,2022-01-18,2022-01-18T11:06:37.000Z,BEFORE_OPEN
TFC,92230,2022-04-19,2022-04-19T10:06:00.000Z,BEFORE_OPEN
TFC,92230,2022-07-19,2022-07-19T10:02:38.000Z,BEFORE_OPEN
TFC,92230,2022-10-18,2022-10-18T10:05:54.000Z,BEFORE_OPEN
TFC,92230,2023-01-19,2023-01-19T11:07:59.000Z,BEFORE_OPEN
TFC,92230,2023-04-20,2023-04-20T10:05:59.000Z,BEFORE_OPEN
TFC,92230,2023-07-20,2023-07-20T10:04:33.000Z,BEFORE_OPEN
TFC,92230,2023-10-19,2023-10-19T10:05:16.000Z,BEFORE_OPEN
TFC,92230,2024-01-18,2024-01-18T11:07:04.000Z,BEFORE_OPEN
TFC,92230,2024-04-22,2024-04-22T10:06:11.000Z,BEFORE_OPEN
TFC,92230,2024-07-22,2024-07-22T10:02:40.000Z,BEFORE_OPEN
TFC,92230,2024-10-17,2024-10-17T10:01:39.000Z,BEFORE_OPEN
TFC,92230,2025-01-17,2025-01-17T11:00:41.000Z,BEFORE_OPEN
TFC,92230,2025-04-17,2025-04-17T10:02:05.000Z,BEFORE_OPEN
TFC,92230,2025-07-18,2025-07-18T10:03:50.000Z,BEFORE_OPEN
TFC,92230,2025-10-17,2025-10-17T10:30:51.000Z,BEFORE_OPEN
TFC,92230,2026-01-21,2026-01-21T11:31:41.000Z,BEFORE_OPEN
TFC,92230,2026-04-17,2026-04-17T10:30:46.000Z,BEFORE_OPEN
TFC,92230,2026-07-17,2026-07-17T10:30:36.000Z,BEFORE_OPEN
TGT,27419,2016-05-18,2016-05-18T12:03:03.000Z,BEFORE_OPEN
TGT,27419,2016-08-17,2016-08-17T10:33:25.000Z,BEFORE_OPEN
TGT,27419,2016-11-16,2016-11-16T11:33:02.000Z,BEFORE_OPEN
TGT,27419,2017-02-28,2017-02-28T11:32:31.000Z,BEFORE_OPEN
TGT,27419,2017-05-17,2017-05-17T10:51:22.000Z,BEFORE_OPEN
TGT,27419,2017-08-16,2017-08-16T10:38:00.000Z,BEFORE_OPEN
TGT,27419,2017-11-15,2017-11-15T11:38:02.000Z,BEFORE_OPEN
TGT,27419,2018-03-06,2018-03-06T11:42:36.000Z,BEFORE_OPEN
TGT,27419,2018-05-23,2018-05-23T10:45:33.000Z,BEFORE_OPEN
TGT,27419,2018-08-22,2018-08-22T10:37:32.000Z,BEFORE_OPEN
TGT,27419,2018-11-20,2018-11-20T11:49:06.000Z,BEFORE_OPEN
TGT,27419,2019-03-05,2019-03-05T11:51:24.000Z,BEFORE_OPEN
TGT,27419,2019-05-22,2019-05-22T10:49:21.000Z,BEFORE_OPEN
TGT,27419,2019-08-21,2019-08-21T10:41:09.000Z,BEFORE_OPEN
TGT,27419,2019-11-20,2019-11-20T11:46:31.000Z,BEFORE_OPEN
TGT,27419,2020-03-03,2020-03-03T12:18:38.000Z,BEFORE_OPEN
TGT,27419,2020-05-20,2020-05-20T10:33:07.000Z,BEFORE_OPEN
TGT,27419,2020-08-19,2020-08-19T10:42:02.000Z,BEFORE_OPEN
TGT,27419,2020-11-18,2020-11-18T12:04:04.000Z,BEFORE_OPEN
TGT,27419,2021-03-02,2021-03-02T12:01:22.000Z,BEFORE_OPEN
TGT,27419,2021-05-19,2021-05-19T11:00:37.000Z,BEFORE_OPEN
TGT,27419,2021-08-18,2021-08-18T10:49:00.000Z,BEFORE_OPEN
TGT,27419,2021-11-17,2021-11-17T12:05:40.000Z,BEFORE_OPEN
TGT,27419,2022-03-01,2022-03-01T12:52:38.000Z,BEFORE_OPEN
TGT,27419,2022-05-18,2022-05-18T10:59:59.000Z,BEFORE_OPEN
TGT,27419,2022-08-17,2022-08-17T12:23:05.000Z,BEFORE_OPEN
TGT,27419,2022-11-16,2022-11-16T11:47:10.000Z,BEFORE_OPEN
TGT,27419,2023-02-28,2023-02-28T12:48:24.000Z,BEFORE_OPEN
TGT,27419,2023-05-17,2023-05-17T11:09:49.000Z,BEFORE_OPEN
TGT,27419,2023-08-16,2023-08-16T10:50:24.000Z,BEFORE_OPEN
TGT,27419,2023-11-15,2023-11-15T11:55:10.000Z,BEFORE_OPEN
TGT,27419,2024-03-05,2024-03-05T12:48:41.000Z,BEFORE_OPEN
TGT,27419,2024-05-22,2024-05-22T11:03:19.000Z,BEFORE_OPEN
TGT,27419,2024-08-21,2024-08-21T11:30:22.000Z,BEFORE_OPEN
TGT,27419,2024-11-20,2024-11-20T12:02:25.000Z,BEFORE_OPEN
TGT,27419,2025-03-04,2025-03-04T11:49:38.000Z,BEFORE_OPEN
TGT,27419,2025-05-21,2025-05-21T11:02:28.000Z,BEFORE_OPEN
TGT,27419,2025-08-20,2025-08-20T10:45:14.000Z,BEFORE_OPEN
TGT,27419,2025-11-19,2025-11-19T12:58:51.000Z,BEFORE_OPEN
TGT,27419,2026-02-11,2026-02-11T11:30:39.000Z,BEFORE_OPEN
TGT,27419,2026-03-03,2026-03-03T12:12:05.000Z,BEFORE_OPEN
TGT,27419,2026-05-20,2026-05-20T11:57:30.000Z,BEFORE_OPEN
TGT,27419,2026-08-19,2026-08-19T11:51:13.000Z,BEFORE_OPEN
TJX,109198,2013-02-27,2013-02-27T14:57:59.000Z,IN_SESSION
TJX,109198,2013-05-21,2013-05-21T13:46:50.000Z,IN_SESSION
TJX,109198,2013-08-20,2013-08-20T14:00:11.000Z,IN_SESSION
TJX,109198,2013-11-19,2013-11-19T14:57:17.000Z,IN_SESSION
TJX,109198,2014-02-26,2014-02-26T14:59:19.000Z,IN_SESSION
TJX,109198,2014-05-20,2014-05-20T13:48:02.000Z,IN_SESSION
TJX,109198,2014-08-19,2014-08-19T13:41:56.000Z,IN_SESSION
TJX,109198,2014-11-18,2014-11-18T15:04:10.000Z,IN_SESSION
TJX,109198,2015-02-25,2015-02-25T14:14:32.000Z,BEFORE_OPEN
TJX,109198,2015-05-19,2015-05-19T13:41:14.000Z,IN_SESSION
TJX,109198,2015-08-18,2015-08-18T13:39:30.000Z,IN_SESSION
TJX,109198,2015-11-17,2015-11-17T14:42:11.000Z,IN_SESSION
TJX,109198,2016-02-24,2016-02-24T14:26:41.000Z,BEFORE_OPEN
TJX,109198,2016-05-17,2016-05-17T13:44:29.000Z,IN_SESSION
TJX,109198,2016-08-16,2016-08-16T14:03:01.000Z,IN_SESSION
TJX,109198,2016-11-15,2016-11-15T13:49:25.000Z,BEFORE_OPEN
TJX,109198,2017-02-22,2017-02-22T13:55:52.000Z,BEFORE_OPEN
TJX,109198,2017-05-16,2017-05-16T13:11:20.000Z,BEFORE_OPEN
TJX,109198,2017-08-15,2017-08-15T13:15:50.000Z,BEFORE_OPEN
TJX,109198,2017-11-14,2017-11-14T14:18:08.000Z,BEFORE_OPEN
TJX,109198,2018-02-28,2018-02-28T14:28:22.000Z,BEFORE_OPEN
TJX,109198,2018-05-22,2018-05-22T13:01:47.000Z,BEFORE_OPEN
TJX,109198,2018-08-21,2018-08-21T13:00:55.000Z,BEFORE_OPEN
TJX,109198,2018-11-20,2018-11-20T14:14:31.000Z,BEFORE_OPEN
TJX,109198,2019-02-27,2019-02-27T14:14:56.000Z,BEFORE_OPEN
TJX,109198,2019-05-21,2019-05-21T12:40:10.000Z,BEFORE_OPEN
TJX,109198,2019-08-20,2019-08-20T12:57:17.000Z,BEFORE_OPEN
TJX,109198,2019-11-19,2019-11-19T14:18:09.000Z,BEFORE_OPEN
TJX,109198,2020-02-26,2020-02-26T13:29:04.000Z,BEFORE_OPEN
TJX,109198,2020-05-21,2020-05-21T12:53:19.000Z,BEFORE_OPEN
TJX,109198,2020-08-19,2020-08-19T12:21:35.000Z,BEFORE_OPEN
TJX,109198,2020-11-18,2020-11-18T13:41:34.000Z,BEFORE_OPEN
TJX,109198,2021-02-24,2021-02-24T13:20:47.000Z,BEFORE_OPEN
TJX,109198,2021-05-19,2021-05-19T12:19:40.000Z,BEFORE_OPEN
TJX,109198,2021-08-18,2021-08-18T12:25:26.000Z,BEFORE_OPEN
TJX,109198,2021-11-17,2021-11-17T13:38:49.000Z,BEFORE_OPEN
TJX,109198,2022-02-23,2022-02-23T13:33:25.000Z,BEFORE_OPEN
TJX,109198,2022-05-18,2022-05-18T13:20:34.000Z,BEFORE_OPEN
TJX,109198,2022-08-17,2022-08-17T12:27:41.000Z,BEFORE_OPEN
TJX,109198,2022-11-16,2022-11-16T13:59:03.000Z,BEFORE_OPEN
TJX,109198,2023-02-22,2023-02-22T13:39:32.000Z,BEFORE_OPEN
TJX,109198,2023-05-17,2023-05-17T12:52:16.000Z,BEFORE_OPEN
TJX,109198,2023-08-16,2023-08-16T12:51:15.000Z,BEFORE_OPEN
TJX,109198,2023-11-15,2023-11-15T14:21:32.000Z,BEFORE_OPEN
TJX,109198,2024-02-28,2024-02-28T14:10:53.000Z,BEFORE_OPEN
TJX,109198,2024-05-22,2024-05-22T13:11:20.000Z,BEFORE_OPEN
TJX,109198,2024-08-21,2024-08-21T13:08:48.000Z,BEFORE_OPEN
TJX,109198,2024-11-20,2024-11-20T13:49:56.000Z,BEFORE_OPEN
TJX,109198,2025-02-26,2025-02-26T14:10:00.000Z,BEFORE_OPEN
TJX,109198,2025-05-21,2025-05-21T13:16:16.000Z,BEFORE_OPEN
TJX,109198,2025-08-20,2025-08-20T13:11:36.000Z,BEFORE_OPEN
TJX,109198,2025-11-19,2025-11-19T14:12:13.000Z,BEFORE_OPEN
TJX,109198,2026-02-25,2026-02-25T14:11:41.000Z,BEFORE_OPEN
TJX,109198,2026-05-20,2026-05-20T13:12:27.000Z,BEFORE_OPEN
TJX,109198,2026-08-19,2026-08-19T13:09:11.000Z,BEFORE_OPEN
TKO,1973266,2023-11-01,2023-11-01T16:06:02.000Z,IN_SESSION
TKO,1973266,2023-11-07,2023-11-07T16:11:31.000Z,IN_SESSION
TKO,1973266,2024-02-27,2024-02-27T16:17:50.000Z,IN_SESSION
TKO,1973266,2024-05-08,2024-05-08T16:16:36.000Z,IN_SESSION
TKO,1973266,2024-08-08,2024-08-08T07:09:44.000Z,BEFORE_OPEN
TKO,1973266,2024-11-06,2024-11-06T16:15:33.000Z,IN_SESSION
TKO,1973266,2025-02-26,2025-02-26T16:11:28.000Z,IN_SESSION
TKO,1973266,2025-03-19,2025-03-19T16:35:44.000Z,IN_SESSION
TKO,1973266,2025-05-08,2025-05-08T17:08:48.000Z,IN_SESSION
TKO,1973266,2025-05-08,2025-05-08T16:15:44.000Z,IN_SESSION
TKO,1973266,2025-08-06,2025-08-06T16:12:16.000Z,IN_SESSION
TKO,1973266,2025-11-05,2025-11-05T16:11:23.000Z,IN_SESSION
TKO,1973266,2026-02-25,2026-02-25T16:09:47.000Z,IN_SESSION
TKO,1973266,2026-05-06,2026-05-06T16:08:21.000Z,IN_SESSION
TKO,1973266,2026-08-03,2026-08-03T16:08:11.000Z,IN_SESSION
TMO,97745,2019-10-23,2019-10-23T11:30:49.000Z,BEFORE_OPEN
TMO,97745,2020-01-30,2020-01-30T11:05:29.000Z,BEFORE_OPEN
TMO,97745,2020-04-06,2020-04-06T12:36:24.000Z,BEFORE_OPEN
TMO,97745,2020-04-22,2020-04-22T10:20:34.000Z,BEFORE_OPEN
TMO,97745,2020-07-06,2020-07-06T12:02:39.000Z,BEFORE_OPEN
TMO,97745,2020-07-22,2020-07-22T10:14:12.000Z,BEFORE_OPEN
TMO,97745,2020-10-21,2020-10-21T10:18:24.000Z,BEFORE_OPEN
TMO,97745,2021-01-11,2021-01-11T12:00:17.000Z,BEFORE_OPEN
TMO,97745,2021-02-01,2021-02-01T11:34:11.000Z,BEFORE_OPEN
TMO,97745,2021-04-29,2021-04-29T10:14:43.000Z,BEFORE_OPEN
TMO,97745,2021-07-28,2021-07-28T10:21:14.000Z,BEFORE_OPEN
TMO,97745,2021-10-27,2021-10-27T10:06:22.000Z,BEFORE_OPEN
TMO,97745,2022-02-02,2022-02-02T11:09:37.000Z,BEFORE_OPEN
TMO,97745,2022-04-28,2022-04-28T10:04:08.000Z,BEFORE_OPEN
TMO,97745,2022-07-28,2022-07-28T10:08:40.000Z,BEFORE_OPEN
TMO,97745,2022-10-26,2022-10-26T10:07:52.000Z,BEFORE_OPEN
TMO,97745,2023-02-01,2023-02-01T11:05:17.000Z,BEFORE_OPEN
TMO,97745,2023-04-26,2023-04-26T10:04:25.000Z,BEFORE_OPEN
TMO,97745,2023-07-26,2023-07-26T10:02:31.000Z,BEFORE_OPEN
TMO,97745,2023-10-25,2023-10-25T10:03:22.000Z,BEFORE_OPEN
TMO,97745,2024-01-31,2024-01-31T11:02:33.000Z,BEFORE_OPEN
TMO,97745,2024-04-24,2024-04-24T10:03:01.000Z,BEFORE_OPEN
TMO,97745,2024-07-24,2024-07-24T10:03:11.000Z,BEFORE_OPEN
TMO,97745,2024-10-23,2024-10-23T10:03:27.000Z,BEFORE_OPEN
TMO,97745,2025-01-30,2025-01-30T11:03:21.000Z,BEFORE_OPEN
TMO,97745,2025-04-23,2025-04-23T10:04:04.000Z,BEFORE_OPEN
TMO,97745,2025-07-23,2025-07-23T10:03:44.000Z,BEFORE_OPEN
TMO,97745,2025-10-22,2025-10-22T10:05:30.000Z,BEFORE_OPEN
TMO,97745,2026-01-29,2026-01-29T11:02:55.000Z,BEFORE_OPEN
TMO,97745,2026-04-23,2026-04-23T10:03:39.000Z,BEFORE_OPEN
TMO,97745,2026-07-23,2026-07-23T10:04:03.000Z,BEFORE_OPEN
TMUS,1283699,2020-05-06,2020-05-06T20:04:47.000Z,AFTER_CLOSE
TMUS,1283699,2020-08-06,2020-08-06T20:04:49.000Z,AFTER_CLOSE
TMUS,1283699,2020-11-05,2020-11-05T21:05:13.000Z,AFTER_CLOSE
TMUS,1283699,2021-02-04,2021-02-04T21:03:08.000Z,AFTER_CLOSE
TMUS,1283699,2021-05-04,2021-05-04T20:03:15.000Z,AFTER_CLOSE
TMUS,1283699,2021-07-29,2021-07-29T20:03:41.000Z,AFTER_CLOSE
TMUS,1283699,2021-11-02,2021-11-02T20:02:39.000Z,AFTER_CLOSE
TMUS,1283699,2022-02-02,2022-02-02T21:03:05.000Z,AFTER_CLOSE
TMUS,1283699,2022-04-27,2022-04-27T10:58:39.000Z,BEFORE_OPEN
TMUS,1283699,2022-07-27,2022-07-27T10:59:27.000Z,BEFORE_OPEN
TMUS,1283699,2022-10-27,2022-10-27T20:04:10.000Z,AFTER_CLOSE
TMUS,1283699,2023-02-01,2023-02-01T12:03:58.000Z,BEFORE_OPEN
TMUS,1283699,2023-04-27,2023-04-27T20:03:50.000Z,AFTER_CLOSE
TMUS,1283699,2023-07-27,2023-07-27T20:07:02.000Z,AFTER_CLOSE
TMUS,1283699,2023-10-25,2023-10-25T10:53:33.000Z,BEFORE_OPEN
TMUS,1283699,2024-01-25,2024-01-25T21:04:05.000Z,AFTER_CLOSE
TMUS,1283699,2024-04-25,2024-04-25T20:06:17.000Z,AFTER_CLOSE
TMUS,1283699,2024-07-31,2024-07-31T11:00:24.000Z,BEFORE_OPEN
TMUS,1283699,2024-10-23,2024-10-23T20:05:04.000Z,AFTER_CLOSE
TMUS,1283699,2025-01-29,2025-01-29T12:07:30.000Z,BEFORE_OPEN
TMUS,1283699,2025-04-24,2025-04-24T20:04:57.000Z,AFTER_CLOSE
TMUS,1283699,2025-07-23,2025-07-23T20:03:33.000Z,AFTER_CLOSE
TMUS,1283699,2025-10-23,2025-10-23T11:00:09.000Z,BEFORE_OPEN
TMUS,1283699,2026-02-11,2026-02-11T12:37:24.000Z,BEFORE_OPEN
TMUS,1283699,2026-04-28,2026-04-28T20:03:26.000Z,AFTER_CLOSE
TMUS,1283699,2026-07-23,2026-07-23T10:29:40.000Z,BEFORE_OPEN
TPL,1811074,2023-02-22,2023-02-22T21:24:24.000Z,AFTER_CLOSE
TPL,1811074,2023-05-03,2023-05-03T20:18:55.000Z,AFTER_CLOSE
TPL,1811074,2023-08-02,2023-08-02T20:17:05.000Z,AFTER_CLOSE
TPL,1811074,2023-11-01,2023-11-01T20:16:35.000Z,AFTER_CLOSE
TPL,1811074,2024-02-21,2024-02-21T21:20:15.000Z,AFTER_CLOSE
TPL,1811074,2024-05-08,2024-05-08T20:17:56.000Z,AFTER_CLOSE
TPL,1811074,2024-08-07,2024-08-07T20:17:25.000Z,AFTER_CLOSE
TPL,1811074,2024-11-06,2024-11-06T21:17:32.000Z,AFTER_CLOSE
TPL,1811074,2025-02-19,2025-02-19T21:19:08.000Z,AFTER_CLOSE
TPL,1811074,2025-05-07,2025-05-07T20:16:38.000Z,AFTER_CLOSE
TPL,1811074,2025-08-06,2025-08-06T20:17:29.000Z,AFTER_CLOSE
TPL,1811074,2025-11-05,2025-11-05T21:17:51.000Z,AFTER_CLOSE
TPL,1811074,2026-02-18,2026-02-18T21:17:02.000Z,AFTER_CLOSE
TPL,1811074,2026-05-06,2026-05-06T20:18:21.000Z,AFTER_CLOSE
TPL,1811074,2026-08-05,2026-08-05T20:16:48.000Z,AFTER_CLOSE
TPR,1116132,2014-08-05,2014-08-05T11:00:39.000Z,BEFORE_OPEN
TPR,1116132,2014-10-28,2014-10-28T11:00:27.000Z,BEFORE_OPEN
TPR,1116132,2015-01-29,2015-01-29T12:00:19.000Z,BEFORE_OPEN
TPR,1116132,2015-04-28,2015-04-28T11:00:23.000Z,BEFORE_OPEN
TPR,1116132,2015-08-04,2015-08-04T11:00:38.000Z,BEFORE_OPEN
TPR,1116132,2015-10-27,2015-10-27T10:45:25.000Z,BEFORE_OPEN
TPR,1116132,2016-01-26,2016-01-26T11:45:14.000Z,BEFORE_OPEN
TPR,1116132,2016-04-26,2016-04-26T10:45:25.000Z,BEFORE_OPEN
TPR,1116132,2016-08-09,2016-08-09T10:56:30.000Z,BEFORE_OPEN
TPR,1116132,2016-11-01,2016-11-01T10:45:36.000Z,BEFORE_OPEN
TPR,1116132,2017-01-31,2017-01-31T11:45:30.000Z,BEFORE_OPEN
TPR,1116132,2017-05-02,2017-05-02T10:45:19.000Z,BEFORE_OPEN
TPR,1116132,2017-08-15,2017-08-15T10:45:23.000Z,BEFORE_OPEN
TPR,1116132,2017-11-07,2017-11-07T11:45:24.000Z,BEFORE_OPEN
TPR,1116132,2018-02-06,2018-02-06T11:45:31.000Z,BEFORE_OPEN
TPR,1116132,2018-05-01,2018-05-01T10:45:29.000Z,BEFORE_OPEN
TPR,1116132,2018-08-14,2018-08-14T10:45:35.000Z,BEFORE_OPEN
TPR,1116132,2018-10-30,2018-10-30T10:46:08.000Z,BEFORE_OPEN
TPR,1116132,2019-02-07,2019-02-07T11:45:51.000Z,BEFORE_OPEN
TPR,1116132,2019-05-09,2019-05-09T10:45:40.000Z,BEFORE_OPEN
TPR,1116132,2019-08-15,2019-08-15T10:45:39.000Z,BEFORE_OPEN
TPR,1116132,2019-11-05,2019-11-05T12:52:10.000Z,BEFORE_OPEN
TPR,1116132,2020-02-06,2020-02-06T11:45:53.000Z,BEFORE_OPEN
TPR,1116132,2020-04-30,2020-04-30T10:46:39.000Z,BEFORE_OPEN
TPR,1116132,2020-07-21,2020-07-21T10:45:31.000Z,BEFORE_OPEN
TPR,1116132,2020-08-13,2020-08-13T10:46:45.000Z,BEFORE_OPEN
TPR,1116132,2020-10-29,2020-10-29T10:46:08.000Z,BEFORE_OPEN
TPR,1116132,2021-02-04,2021-02-04T11:45:32.000Z,BEFORE_OPEN
TPR,1116132,2021-05-06,2021-05-06T10:46:06.000Z,BEFORE_OPEN
TPR,1116132,2021-08-19,2021-08-19T10:46:20.000Z,BEFORE_OPEN
TPR,1116132,2021-11-12,2021-11-12T22:19:41.000Z,AFTER_CLOSE
TPR,1116132,2022-02-10,2022-02-10T11:45:25.000Z,BEFORE_OPEN
TPR,1116132,2022-05-12,2022-05-12T10:45:28.000Z,BEFORE_OPEN
TPR,1116132,2022-08-04,2022-08-04T10:45:32.000Z,BEFORE_OPEN
TPR,1116132,2022-08-18,2022-08-18T10:45:28.000Z,BEFORE_OPEN
TPR,1116132,2022-11-10,2022-11-10T11:45:25.000Z,BEFORE_OPEN
TPR,1116132,2023-02-09,2023-02-09T11:45:26.000Z,BEFORE_OPEN
TPR,1116132,2023-05-11,2023-05-11T10:45:28.000Z,BEFORE_OPEN
TPR,1116132,2023-08-10,2023-08-10T13:16:14.000Z,BEFORE_OPEN
TPR,1116132,2023-08-17,2023-08-17T10:45:28.000Z,BEFORE_OPEN
TPR,1116132,2023-11-09,2023-11-09T11:50:07.000Z,BEFORE_OPEN
TPR,1116132,2024-02-08,2024-02-08T11:45:34.000Z,BEFORE_OPEN
TPR,1116132,2024-05-09,2024-05-09T10:45:42.000Z,BEFORE_OPEN
TPR,1116132,2024-08-01,2024-08-01T10:45:24.000Z,BEFORE_OPEN
TPR,1116132,2024-08-15,2024-08-15T10:45:33.000Z,BEFORE_OPEN
TPR,1116132,2024-11-07,2024-11-07T11:45:24.000Z,BEFORE_OPEN
TPR,1116132,2025-02-06,2025-02-06T11:45:45.000Z,BEFORE_OPEN
TPR,1116132,2025-05-08,2025-05-08T10:45:22.000Z,BEFORE_OPEN
TPR,1116132,2025-08-14,2025-08-14T10:46:22.000Z,BEFORE_OPEN
TPR,1116132,2025-11-06,2025-11-06T11:45:49.000Z,BEFORE_OPEN
TPR,1116132,2026-02-05,2026-02-05T11:45:50.000Z,BEFORE_OPEN
TPR,1116132,2026-05-07,2026-05-07T10:45:48.000Z,BEFORE_OPEN
TPR,1116132,2026-08-13,2026-08-13T10:46:05.000Z,BEFORE_OPEN
TRGP,1389170,2016-04-29,2016-04-29T11:32:14.000Z,BEFORE_OPEN
TRGP,1389170,2016-08-03,2016-08-03T11:30:38.000Z,BEFORE_OPEN
TRGP,1389170,2016-11-02,2016-11-02T11:15:48.000Z,BEFORE_OPEN
TRGP,1389170,2017-01-23,2017-01-23T11:06:34.000Z,BEFORE_OPEN
TRGP,1389170,2017-02-15,2017-02-15T12:16:32.000Z,BEFORE_OPEN
TRGP,1389170,2017-05-04,2017-05-04T11:16:12.000Z,BEFORE_OPEN
TRGP,1389170,2017-08-03,2017-08-03T11:15:39.000Z,BEFORE_OPEN
TRGP,1389170,2017-11-02,2017-11-02T11:15:20.000Z,BEFORE_OPEN
TRGP,1389170,2018-02-15,2018-02-15T12:31:00.000Z,BEFORE_OPEN
TRGP,1389170,2018-05-03,2018-05-03T11:30:30.000Z,BEFORE_OPEN
TRGP,1389170,2018-08-09,2018-08-09T10:15:24.000Z,BEFORE_OPEN
TRGP,1389170,2018-11-08,2018-11-08T11:15:50.000Z,BEFORE_OPEN
TRGP,1389170,2019-02-20,2019-02-20T11:15:08.000Z,BEFORE_OPEN
TRGP,1389170,2019-05-07,2019-05-07T10:14:39.000Z,BEFORE_OPEN
TRGP,1389170,2019-08-08,2019-08-08T11:01:03.000Z,BEFORE_OPEN
TRGP,1389170,2019-11-07,2019-11-07T11:58:00.000Z,BEFORE_OPEN
TRGP,1389170,2020-02-20,2020-02-20T11:30:44.000Z,BEFORE_OPEN
TRGP,1389170,2020-05-07,2020-05-07T10:15:37.000Z,BEFORE_OPEN
TRGP,1389170,2020-08-06,2020-08-06T10:15:23.000Z,BEFORE_OPEN
TRGP,1389170,2020-11-05,2020-11-05T11:15:33.000Z,BEFORE_OPEN
TRGP,1389170,2021-02-18,2021-02-18T11:16:40.000Z,BEFORE_OPEN
TRGP,1389170,2021-02-24,2021-02-24T22:00:02.000Z,AFTER_CLOSE
TRGP,1389170,2021-05-06,2021-05-06T10:15:55.000Z,BEFORE_OPEN
TRGP,1389170,2021-08-05,2021-08-05T10:17:03.000Z,BEFORE_OPEN
TRGP,1389170,2021-11-04,2021-11-04T10:15:41.000Z,BEFORE_OPEN
TRGP,1389170,2022-02-24,2022-02-24T11:15:39.000Z,BEFORE_OPEN
TRGP,1389170,2022-05-05,2022-05-05T10:15:45.000Z,BEFORE_OPEN
TRGP,1389170,2022-08-04,2022-08-04T10:15:57.000Z,BEFORE_OPEN
TRGP,1389170,2022-11-03,2022-11-03T10:15:40.000Z,BEFORE_OPEN
TRGP,1389170,2023-02-22,2023-02-22T11:15:59.000Z,BEFORE_OPEN
TRGP,1389170,2023-05-04,2023-05-04T10:15:59.000Z,BEFORE_OPEN
TRGP,1389170,2023-08-03,2023-08-03T10:15:50.000Z,BEFORE_OPEN
TRGP,1389170,2023-11-02,2023-11-02T10:15:09.000Z,BEFORE_OPEN
TRGP,1389170,2024-02-15,2024-02-15T11:15:11.000Z,BEFORE_OPEN
TRGP,1389170,2024-05-02,2024-05-02T10:15:11.000Z,BEFORE_OPEN
TRGP,1389170,2024-08-01,2024-08-01T10:15:20.000Z,BEFORE_OPEN
TRGP,1389170,2024-11-05,2024-11-05T11:15:09.000Z,BEFORE_OPEN
TRGP,1389170,2025-02-20,2025-02-20T11:15:09.000Z,BEFORE_OPEN
TRGP,1389170,2025-05-01,2025-05-01T10:15:09.000Z,BEFORE_OPEN
TRGP,1389170,2025-08-07,2025-08-07T10:15:09.000Z,BEFORE_OPEN
TRGP,1389170,2025-11-05,2025-11-05T11:15:29.000Z,BEFORE_OPEN
TRGP,1389170,2026-02-19,2026-02-19T11:15:25.000Z,BEFORE_OPEN
TRGP,1389170,2026-05-07,2026-05-07T10:15:18.000Z,BEFORE_OPEN
TRGP,1389170,2026-08-06,2026-08-06T10:15:16.000Z,BEFORE_OPEN
TROW,1113169,2018-01-30,2018-01-30T21:21:45.000Z,AFTER_CLOSE
TROW,1113169,2019-01-30,2019-01-30T12:38:29.000Z,BEFORE_OPEN
TROW,1113169,2020-01-29,2020-01-29T13:08:06.000Z,BEFORE_OPEN
TROW,1113169,2021-01-28,2021-01-28T13:06:09.000Z,BEFORE_OPEN
TROW,1113169,2022-01-27,2022-01-27T13:38:38.000Z,BEFORE_OPEN
TROW,1113169,2023-01-26,2023-01-26T14:22:34.000Z,BEFORE_OPEN
TROW,1113169,2023-05-02,2023-05-02T11:11:11.000Z,BEFORE_OPEN
TROW,1113169,2023-07-28,2023-07-28T11:13:26.000Z,BEFORE_OPEN
TROW,1113169,2023-10-27,2023-10-27T11:13:38.000Z,BEFORE_OPEN
TROW,1113169,2024-02-08,2024-02-08T12:02:03.000Z,BEFORE_OPEN
TROW,1113169,2024-04-26,2024-04-26T11:22:05.000Z,BEFORE_OPEN
TROW,1113169,2024-07-26,2024-07-26T11:03:00.000Z,BEFORE_OPEN
TROW,1113169,2024-11-01,2024-11-01T11:13:29.000Z,BEFORE_OPEN
TROW,1113169,2025-02-05,2025-02-05T12:10:39.000Z,BEFORE_OPEN
TROW,1113169,2025-05-02,2025-05-02T11:12:00.000Z,BEFORE_OPEN
TROW,1113169,2025-08-01,2025-08-01T11:05:28.000Z,BEFORE_OPEN
TROW,1113169,2025-10-31,2025-10-31T11:01:49.000Z,BEFORE_OPEN
TROW,1113169,2026-02-04,2026-02-04T12:06:16.000Z,BEFORE_OPEN
TROW,1113169,2026-04-30,2026-04-30T11:02:49.000Z,BEFORE_OPEN
TROW,1113169,2026-07-31,2026-07-31T11:03:53.000Z,BEFORE_OPEN
TRV,86312,2018-07-19,2018-07-19T11:00:34.000Z,BEFORE_OPEN
TRV,86312,2018-10-18,2018-10-18T11:02:06.000Z,BEFORE_OPEN
TRV,86312,2019-01-22,2019-01-22T12:01:28.000Z,BEFORE_OPEN
TRV,86312,2019-04-18,2019-04-18T11:00:38.000Z,BEFORE_OPEN
TRV,86312,2019-07-23,2019-07-23T11:00:26.000Z,BEFORE_OPEN
TRV,86312,2019-10-22,2019-10-22T11:02:38.000Z,BEFORE_OPEN
TRV,86312,2020-01-23,2020-01-23T12:01:25.000Z,BEFORE_OPEN
TRV,86312,2020-04-21,2020-04-21T11:00:10.000Z,BEFORE_OPEN
TRV,86312,2020-07-14,2020-07-14T11:02:21.000Z,BEFORE_OPEN
TRV,86312,2020-07-23,2020-07-23T10:59:08.000Z,BEFORE_OPEN
TRV,86312,2020-10-20,2020-10-20T11:02:52.000Z,BEFORE_OPEN
TRV,86312,2021-01-21,2021-01-21T11:59:34.000Z,BEFORE_OPEN
TRV,86312,2021-04-20,2021-04-20T11:00:34.000Z,BEFORE_OPEN
TRV,86312,2021-07-20,2021-07-20T11:01:23.000Z,BEFORE_OPEN
TRV,86312,2021-10-19,2021-10-19T10:59:13.000Z,BEFORE_OPEN
TRV,86312,2022-01-20,2022-01-20T11:59:26.000Z,BEFORE_OPEN
TRV,86312,2022-04-19,2022-04-19T10:59:06.000Z,BEFORE_OPEN
TRV,86312,2022-07-21,2022-07-21T10:59:16.000Z,BEFORE_OPEN
TRV,86312,2022-10-19,2022-10-19T10:59:07.000Z,BEFORE_OPEN
TRV,86312,2023-01-17,2023-01-17T12:03:14.000Z,BEFORE_OPEN
TRV,86312,2023-01-24,2023-01-24T12:00:20.000Z,BEFORE_OPEN
TRV,86312,2023-04-19,2023-04-19T10:58:40.000Z,BEFORE_OPEN
TRV,86312,2023-07-20,2023-07-20T10:58:38.000Z,BEFORE_OPEN
TRV,86312,2023-10-18,2023-10-18T10:58:50.000Z,BEFORE_OPEN
TRV,86312,2024-01-19,2024-01-19T11:59:24.000Z,BEFORE_OPEN
TRV,86312,2024-04-17,2024-04-17T11:01:26.000Z,BEFORE_OPEN
TRV,86312,2024-07-19,2024-07-19T10:59:10.000Z,BEFORE_OPEN
TRV,86312,2024-10-17,2024-10-17T10:59:12.000Z,BEFORE_OPEN
TRV,86312,2025-01-22,2025-01-22T11:59:22.000Z,BEFORE_OPEN
TRV,86312,2025-04-16,2025-04-16T10:58:25.000Z,BEFORE_OPEN
TRV,86312,2025-07-17,2025-07-17T10:58:30.000Z,BEFORE_OPEN
TRV,86312,2025-10-16,2025-10-16T10:58:22.000Z,BEFORE_OPEN
TRV,86312,2026-01-21,2026-01-21T11:58:34.000Z,BEFORE_OPEN
TRV,86312,2026-04-16,2026-04-16T10:58:25.000Z,BEFORE_OPEN
TRV,86312,2026-07-17,2026-07-17T10:58:28.000Z,BEFORE_OPEN
TSLA,1318605,2018-07-02,2018-07-02T13:04:06.000Z,BEFORE_OPEN
TSLA,1318605,2018-08-01,2018-08-01T20:32:05.000Z,AFTER_CLOSE
TSLA,1318605,2018-10-01,2018-10-01T10:14:24.000Z,BEFORE_OPEN
TSLA,1318605,2018-10-02,2018-10-02T12:35:28.000Z,BEFORE_OPEN
TSLA,1318605,2018-10-24,2018-10-24T20:27:39.000Z,AFTER_CLOSE
TSLA,1318605,2019-01-02,2019-01-02T13:38:32.000Z,BEFORE_OPEN
TSLA,1318605,2019-01-18,2019-01-18T11:04:43.000Z,BEFORE_OPEN
TSLA,1318605,2019-01-30,2019-01-30T21:17:55.000Z,AFTER_CLOSE
TSLA,1318605,2019-04-04,2019-04-04T00:22:00.000Z,AFTER_CLOSE
TSLA,1318605,2019-04-24,2019-04-24T21:15:37.000Z,AFTER_CLOSE
TSLA,1318605,2019-07-02,2019-07-02T20:22:57.000Z,AFTER_CLOSE
TSLA,1318605,2019-07-24,2019-07-24T20:56:43.000Z,AFTER_CLOSE
TSLA,1318605,2019-10-02,2019-10-02T21:26:27.000Z,AFTER_CLOSE
TSLA,1318605,2019-10-23,2019-10-23T21:25:52.000Z,AFTER_CLOSE
TSLA,1318605,2020-01-03,2020-01-03T13:21:52.000Z,BEFORE_OPEN
TSLA,1318605,2020-01-29,2020-01-29T22:12:18.000Z,AFTER_CLOSE
TSLA,1318605,2020-04-02,2020-04-02T20:09:37.000Z,AFTER_CLOSE
TSLA,1318605,2020-04-29,2020-04-29T20:56:22.000Z,AFTER_CLOSE
TSLA,1318605,2020-07-02,2020-07-02T12:01:54.000Z,BEFORE_OPEN
TSLA,1318605,2020-07-22,2020-07-22T20:54:41.000Z,AFTER_CLOSE
TSLA,1318605,2020-10-02,2020-10-02T12:00:56.000Z,BEFORE_OPEN
TSLA,1318605,2020-10-21,2020-10-21T20:38:49.000Z,AFTER_CLOSE
TSLA,1318605,2021-01-04,2021-01-04T11:05:26.000Z,BEFORE_OPEN
TSLA,1318605,2021-01-27,2021-01-27T22:11:12.000Z,AFTER_CLOSE
TSLA,1318605,2021-04-02,2021-04-02T12:38:07.000Z,BEFORE_OPEN
TSLA,1318605,2021-04-26,2021-04-26T20:53:31.000Z,AFTER_CLOSE
TSLA,1318605,2021-07-02,2021-07-02T12:32:50.000Z,BEFORE_OPEN
TSLA,1318605,2021-07-26,2021-07-26T20:25:13.000Z,AFTER_CLOSE
TSLA,1318605,2021-10-04,2021-10-04T10:09:14.000Z,BEFORE_OPEN
TSLA,1318605,2021-10-20,2021-10-20T21:14:23.000Z,AFTER_CLOSE
TSLA,1318605,2022-01-03,2022-01-03T11:06:42.000Z,BEFORE_OPEN
TSLA,1318605,2022-01-26,2022-01-26T21:26:43.000Z,AFTER_CLOSE
TSLA,1318605,2022-04-04,2022-04-04T10:07:24.000Z,BEFORE_OPEN
TSLA,1318605,2022-04-20,2022-04-20T20:12:16.000Z,AFTER_CLOSE
TSLA,1318605,2022-07-05,2022-07-05T10:16:41.000Z,BEFORE_OPEN
TSLA,1318605,2022-07-20,2022-07-20T20:43:32.000Z,AFTER_CLOSE
TSLA,1318605,2022-10-03,2022-10-03T10:05:40.000Z,BEFORE_OPEN
TSLA,1318605,2022-10-19,2022-10-19T21:15:46.000Z,AFTER_CLOSE
TSLA,1318605,2023-01-03,2023-01-03T11:08:47.000Z,BEFORE_OPEN
TSLA,1318605,2023-01-25,2023-01-25T21:41:18.000Z,AFTER_CLOSE
TSLA,1318605,2023-04-03,2023-04-03T11:02:44.000Z,BEFORE_OPEN
TSLA,1318605,2023-04-19,2023-04-19T21:25:10.000Z,AFTER_CLOSE
TSLA,1318605,2023-07-03,2023-07-03T10:05:58.000Z,BEFORE_OPEN
TSLA,1318605,2023-07-19,2023-07-19T20:46:20.000Z,AFTER_CLOSE
TSLA,1318605,2023-10-02,2023-10-02T13:05:38.000Z,BEFORE_OPEN
TSLA,1318605,2023-10-18,2023-10-18T20:15:00.000Z,AFTER_CLOSE
TSLA,1318605,2024-01-02,2024-01-02T21:29:17.000Z,AFTER_CLOSE
TSLA,1318605,2024-01-24,2024-01-24T22:24:27.000Z,AFTER_CLOSE
TSLA,1318605,2024-04-02,2024-04-02T20:47:22.000Z,AFTER_CLOSE
TSLA,1318605,2024-04-23,2024-04-23T20:09:55.000Z,AFTER_CLOSE
TSLA,1318605,2024-07-02,2024-07-02T13:24:01.000Z,BEFORE_OPEN
TSLA,1318605,2024-07-23,2024-07-23T20:32:27.000Z,AFTER_CLOSE
TSLA,1318605,2024-10-02,2024-10-02T13:06:34.000Z,BEFORE_OPEN
TSLA,1318605,2024-10-23,2024-10-23T20:09:26.000Z,AFTER_CLOSE
TSLA,1318605,2025-01-02,2025-01-02T14:06:39.000Z,BEFORE_OPEN
TSLA,1318605,2025-01-29,2025-01-29T21:09:13.000Z,AFTER_CLOSE
TSLA,1318605,2025-04-02,2025-04-02T13:05:22.000Z,BEFORE_OPEN
TSLA,1318605,2025-04-22,2025-04-22T20:10:12.000Z,AFTER_CLOSE
TSLA,1318605,2025-07-02,2025-07-02T13:05:13.000Z,BEFORE_OPEN
TSLA,1318605,2025-07-23,2025-07-23T20:14:09.000Z,AFTER_CLOSE
TSLA,1318605,2025-10-02,2025-10-02T13:04:54.000Z,BEFORE_OPEN
TSLA,1318605,2025-10-22,2025-10-22T20:06:36.000Z,AFTER_CLOSE
TSLA,1318605,2026-01-02,2026-01-02T14:20:13.000Z,BEFORE_OPEN
TSLA,1318605,2026-01-28,2026-01-28T21:11:04.000Z,AFTER_CLOSE
TSLA,1318605,2026-04-02,2026-04-02T13:07:13.000Z,BEFORE_OPEN
TSLA,1318605,2026-04-22,2026-04-22T20:10:44.000Z,AFTER_CLOSE
TSLA,1318605,2026-07-02,2026-07-02T13:01:26.000Z,BEFORE_OPEN
TSLA,1318605,2026-07-22,2026-07-22T20:35:52.000Z,AFTER_CLOSE
TT,1466258,2018-07-25,2018-07-25T12:35:43.000Z,BEFORE_OPEN
TT,1466258,2018-10-24,2018-10-24T12:45:34.000Z,BEFORE_OPEN
TT,1466258,2019-01-30,2019-01-30T13:17:08.000Z,BEFORE_OPEN
TT,1466258,2019-04-30,2019-04-30T12:58:31.000Z,BEFORE_OPEN
TT,1466258,2019-07-30,2019-07-30T12:22:00.000Z,BEFORE_OPEN
TT,1466258,2019-10-29,2019-10-29T12:22:34.000Z,BEFORE_OPEN
TT,1466258,2020-01-29,2020-01-29T12:58:40.000Z,BEFORE_OPEN
TT,1466258,2020-05-05,2020-05-05T12:36:05.000Z,BEFORE_OPEN
TT,1466258,2020-07-29,2020-07-29T12:08:02.000Z,BEFORE_OPEN
TT,1466258,2020-10-28,2020-10-28T12:06:31.000Z,BEFORE_OPEN
TT,1466258,2021-02-05,2021-02-05T13:22:57.000Z,BEFORE_OPEN
TT,1466258,2021-05-05,2021-05-05T12:02:14.000Z,BEFORE_OPEN
TT,1466258,2021-08-04,2021-08-04T12:00:23.000Z,BEFORE_OPEN
TT,1466258,2021-11-03,2021-11-03T10:45:35.000Z,BEFORE_OPEN
TT,1466258,2022-01-31,2022-01-31T11:41:10.000Z,BEFORE_OPEN
TT,1466258,2022-05-04,2022-05-04T10:40:51.000Z,BEFORE_OPEN
TT,1466258,2022-08-03,2022-08-03T10:41:19.000Z,BEFORE_OPEN
TT,1466258,2022-11-02,2022-11-02T10:34:31.000Z,BEFORE_OPEN
TT,1466258,2023-02-02,2023-02-02T11:32:54.000Z,BEFORE_OPEN
TT,1466258,2023-05-03,2023-05-03T10:37:19.000Z,BEFORE_OPEN
TT,1466258,2023-08-02,2023-08-02T10:03:31.000Z,BEFORE_OPEN
TT,1466258,2023-11-01,2023-11-01T10:00:31.000Z,BEFORE_OPEN
TT,1466258,2024-02-01,2024-02-01T11:19:44.000Z,BEFORE_OPEN
TT,1466258,2024-04-30,2024-04-30T10:00:39.000Z,BEFORE_OPEN
TT,1466258,2024-07-31,2024-07-31T10:00:38.000Z,BEFORE_OPEN
TT,1466258,2024-10-30,2024-10-30T10:00:35.000Z,BEFORE_OPEN
TT,1466258,2025-01-30,2025-01-30T11:00:34.000Z,BEFORE_OPEN
TT,1466258,2025-04-30,2025-04-30T10:00:27.000Z,BEFORE_OPEN
TT,1466258,2025-07-30,2025-07-30T10:00:48.000Z,BEFORE_OPEN
TT,1466258,2025-10-30,2025-10-30T10:00:49.000Z,BEFORE_OPEN
TT,1466258,2026-01-29,2026-01-29T11:00:43.000Z,BEFORE_OPEN
TT,1466258,2026-04-30,2026-04-30T10:01:21.000Z,BEFORE_OPEN
TT,1466258,2026-07-30,2026-07-30T10:00:44.000Z,BEFORE_OPEN
TTWO,946581,2015-02-03,2015-02-03T21:05:18.000Z,AFTER_CLOSE
TTWO,946581,2015-05-18,2015-05-18T20:05:52.000Z,AFTER_CLOSE
TTWO,946581,2015-08-10,2015-08-10T20:15:10.000Z,AFTER_CLOSE
TTWO,946581,2015-11-05,2015-11-05T21:15:34.000Z,AFTER_CLOSE
TTWO,946581,2016-02-03,2016-02-03T21:15:46.000Z,AFTER_CLOSE
TTWO,946581,2016-05-18,2016-05-18T20:13:19.000Z,AFTER_CLOSE
TTWO,946581,2016-08-04,2016-08-04T20:19:09.000Z,AFTER_CLOSE
TTWO,946581,2016-11-02,2016-11-02T20:14:48.000Z,AFTER_CLOSE
TTWO,946581,2017-02-07,2017-02-07T21:12:35.000Z,AFTER_CLOSE
TTWO,946581,2017-05-23,2017-05-23T11:28:00.000Z,BEFORE_OPEN
TTWO,946581,2017-08-02,2017-08-02T20:15:48.000Z,AFTER_CLOSE
TTWO,946581,2017-11-07,2017-11-07T21:17:15.000Z,AFTER_CLOSE
TTWO,946581,2018-02-07,2018-02-07T21:12:20.000Z,AFTER_CLOSE
TTWO,946581,2018-05-16,2018-05-16T20:20:41.000Z,AFTER_CLOSE
TTWO,946581,2018-08-02,2018-08-02T20:15:10.000Z,AFTER_CLOSE
TTWO,946581,2018-11-07,2018-11-07T21:14:02.000Z,AFTER_CLOSE
TTWO,946581,2019-02-06,2019-02-06T12:25:41.000Z,BEFORE_OPEN
TTWO,946581,2019-05-13,2019-05-13T20:17:41.000Z,AFTER_CLOSE
TTWO,946581,2019-08-05,2019-08-05T20:12:50.000Z,AFTER_CLOSE
TTWO,946581,2019-11-07,2019-11-07T21:17:09.000Z,AFTER_CLOSE
TTWO,946581,2020-02-06,2020-02-06T21:10:51.000Z,AFTER_CLOSE
TTWO,946581,2020-05-20,2020-05-20T20:19:49.000Z,AFTER_CLOSE
TTWO,946581,2020-08-03,2020-08-03T20:18:22.000Z,AFTER_CLOSE
TTWO,946581,2020-11-05,2020-11-05T21:21:19.000Z,AFTER_CLOSE
TTWO,946581,2021-02-08,2021-02-08T21:47:04.000Z,AFTER_CLOSE
TTWO,946581,2021-05-18,2021-05-18T20:18:04.000Z,AFTER_CLOSE
TTWO,946581,2021-08-02,2021-08-02T20:18:19.000Z,AFTER_CLOSE
TTWO,946581,2021-11-03,2021-11-03T20:15:47.000Z,AFTER_CLOSE
TTWO,946581,2022-02-07,2022-02-07T21:15:18.000Z,AFTER_CLOSE
TTWO,946581,2022-05-16,2022-05-16T20:15:56.000Z,AFTER_CLOSE
TTWO,946581,2022-08-08,2022-08-08T20:18:04.000Z,AFTER_CLOSE
TTWO,946581,2022-11-07,2022-11-07T21:13:21.000Z,AFTER_CLOSE
TTWO,946581,2023-05-17,2023-05-17T20:15:57.000Z,AFTER_CLOSE
TTWO,946581,2023-08-08,2023-08-08T20:14:33.000Z,AFTER_CLOSE
TTWO,946581,2023-11-08,2023-11-08T21:15:34.000Z,AFTER_CLOSE
TTWO,946581,2024-02-08,2024-02-08T21:15:34.000Z,AFTER_CLOSE
TTWO,946581,2024-05-16,2024-05-16T20:11:01.000Z,AFTER_CLOSE
TTWO,946581,2024-08-08,2024-08-08T20:15:55.000Z,AFTER_CLOSE
TTWO,946581,2024-11-06,2024-11-06T21:15:50.000Z,AFTER_CLOSE
TTWO,946581,2025-02-06,2025-02-06T21:11:34.000Z,AFTER_CLOSE
TTWO,946581,2025-05-15,2025-05-15T20:09:08.000Z,AFTER_CLOSE
TTWO,946581,2025-08-07,2025-08-07T20:24:58.000Z,AFTER_CLOSE
TTWO,946581,2025-11-06,2025-11-06T21:13:47.000Z,AFTER_CLOSE
TTWO,946581,2026-02-03,2026-02-03T21:14:25.000Z,AFTER_CLOSE
TTWO,946581,2026-05-21,2026-05-21T20:08:54.000Z,AFTER_CLOSE
TTWO,946581,2026-08-07,2026-08-07T11:37:31.000Z,BEFORE_OPEN
TW,1758730,2019-05-09,2019-05-09T11:28:57.000Z,BEFORE_OPEN
TW,1758730,2019-08-08,2019-08-08T11:36:48.000Z,BEFORE_OPEN
TW,1758730,2019-10-16,2019-10-15T23:42:37.000Z,AFTER_CLOSE
TW,1758730,2019-11-07,2019-11-07T12:29:22.000Z,BEFORE_OPEN
TW,1758730,2020-02-12,2020-02-12T12:10:52.000Z,BEFORE_OPEN
TW,1758730,2020-04-20,2020-04-20T21:15:40.000Z,AFTER_CLOSE
TW,1758730,2020-05-07,2020-05-07T11:33:01.000Z,BEFORE_OPEN
TW,1758730,2020-07-30,2020-07-30T11:21:55.000Z,BEFORE_OPEN
TW,1758730,2020-10-28,2020-10-28T11:04:01.000Z,BEFORE_OPEN
TW,1758730,2021-02-04,2021-02-04T12:07:06.000Z,BEFORE_OPEN
TW,1758730,2021-04-29,2021-04-29T11:02:23.000Z,BEFORE_OPEN
TW,1758730,2021-07-29,2021-07-29T11:04:19.000Z,BEFORE_OPEN
TW,1758730,2021-10-28,2021-10-28T11:01:34.000Z,BEFORE_OPEN
TW,1758730,2022-02-03,2022-02-03T12:13:31.000Z,BEFORE_OPEN
TW,1758730,2022-04-28,2022-04-28T11:04:27.000Z,BEFORE_OPEN
TW,1758730,2022-08-03,2022-08-03T11:01:38.000Z,BEFORE_OPEN
TW,1758730,2022-10-27,2022-10-27T11:01:02.000Z,BEFORE_OPEN
TW,1758730,2023-02-02,2023-02-02T12:03:14.000Z,BEFORE_OPEN
TW,1758730,2023-04-27,2023-04-27T11:01:30.000Z,BEFORE_OPEN
TW,1758730,2023-07-27,2023-07-27T11:02:55.000Z,BEFORE_OPEN
TW,1758730,2023-10-26,2023-10-26T11:01:25.000Z,BEFORE_OPEN
TW,1758730,2024-02-06,2024-02-06T12:01:51.000Z,BEFORE_OPEN
TW,1758730,2024-04-25,2024-04-25T11:01:52.000Z,BEFORE_OPEN
TW,1758730,2024-07-25,2024-07-25T11:01:13.000Z,BEFORE_OPEN
TW,1758730,2024-10-30,2024-10-30T11:01:11.000Z,BEFORE_OPEN
TW,1758730,2025-02-06,2025-02-06T11:06:26.000Z,BEFORE_OPEN
TW,1758730,2025-04-30,2025-04-30T11:01:17.000Z,BEFORE_OPEN
TW,1758730,2025-07-30,2025-07-30T11:03:18.000Z,BEFORE_OPEN
TW,1758730,2025-10-30,2025-10-30T11:02:32.000Z,BEFORE_OPEN
TW,1758730,2026-02-05,2026-02-05T12:01:05.000Z,BEFORE_OPEN
TW,1758730,2026-04-29,2026-04-29T11:01:10.000Z,BEFORE_OPEN
TW,1758730,2026-07-30,2026-07-30T11:03:46.000Z,BEFORE_OPEN
TWLO,1447669,2019-07-31,2019-07-31T20:19:24.000Z,AFTER_CLOSE
TWLO,1447669,2019-10-30,2019-10-30T20:07:28.000Z,AFTER_CLOSE
TWLO,1447669,2020-02-05,2020-02-05T21:24:33.000Z,AFTER_CLOSE
TWLO,1447669,2020-05-06,2020-05-06T20:18:44.000Z,AFTER_CLOSE
TWLO,1447669,2020-08-04,2020-08-04T20:15:20.000Z,AFTER_CLOSE
TWLO,1447669,2020-10-01,2020-10-01T20:00:31.000Z,AFTER_CLOSE
TWLO,1447669,2020-10-26,2020-10-26T20:10:15.000Z,AFTER_CLOSE
TWLO,1447669,2021-02-17,2021-02-17T21:15:43.000Z,AFTER_CLOSE
TWLO,1447669,2021-05-05,2021-05-05T20:12:47.000Z,AFTER_CLOSE
TWLO,1447669,2021-07-29,2021-07-29T20:09:07.000Z,AFTER_CLOSE
TWLO,1447669,2021-10-27,2021-10-27T20:11:43.000Z,AFTER_CLOSE
TWLO,1447669,2022-02-09,2022-02-09T21:11:40.000Z,AFTER_CLOSE
TWLO,1447669,2022-05-04,2022-05-04T20:18:38.000Z,AFTER_CLOSE
TWLO,1447669,2022-08-04,2022-08-04T20:51:30.000Z,AFTER_CLOSE
TWLO,1447669,2022-11-03,2022-11-03T20:09:12.000Z,AFTER_CLOSE
TWLO,1447669,2023-02-13,2023-02-13T14:29:03.000Z,BEFORE_OPEN
TWLO,1447669,2023-02-15,2023-02-15T21:11:39.000Z,AFTER_CLOSE
TWLO,1447669,2023-05-09,2023-05-09T20:12:14.000Z,AFTER_CLOSE
TWLO,1447669,2023-08-08,2023-08-08T20:16:58.000Z,AFTER_CLOSE
TWLO,1447669,2023-11-08,2023-11-08T21:15:28.000Z,AFTER_CLOSE
TWLO,1447669,2024-01-08,2024-01-08T14:11:32.000Z,BEFORE_OPEN
TWLO,1447669,2024-02-14,2024-02-14T21:16:00.000Z,AFTER_CLOSE
TWLO,1447669,2024-05-07,2024-05-07T20:15:00.000Z,AFTER_CLOSE
TWLO,1447669,2024-08-01,2024-08-01T20:09:03.000Z,AFTER_CLOSE
TWLO,1447669,2024-10-30,2024-10-30T20:12:03.000Z,AFTER_CLOSE
TWLO,1447669,2025-01-23,2025-01-23T21:21:35.000Z,AFTER_CLOSE
TWLO,1447669,2025-02-13,2025-02-13T21:09:37.000Z,AFTER_CLOSE
TWLO,1447669,2025-05-01,2025-05-01T20:09:11.000Z,AFTER_CLOSE
TWLO,1447669,2025-08-07,2025-08-07T20:21:03.000Z,AFTER_CLOSE
TWLO,1447669,2025-10-30,2025-10-30T20:09:03.000Z,AFTER_CLOSE
TWLO,1447669,2026-02-12,2026-02-12T21:10:16.000Z,AFTER_CLOSE
TWLO,1447669,2026-04-30,2026-04-30T20:08:23.000Z,AFTER_CLOSE
TWLO,1447669,2026-08-06,2026-08-06T20:11:45.000Z,AFTER_CLOSE
TXN,97476,2017-04-25,2017-04-25T21:22:57.000Z,AFTER_CLOSE
TXN,97476,2017-07-25,2017-07-25T20:34:10.000Z,AFTER_CLOSE
TXN,97476,2017-10-24,2017-10-24T20:45:02.000Z,AFTER_CLOSE
TXN,97476,2018-01-23,2018-01-23T21:27:25.000Z,AFTER_CLOSE
TXN,97476,2018-04-24,2018-04-24T20:11:15.000Z,AFTER_CLOSE
TXN,97476,2018-07-18,2018-07-18T10:02:11.000Z,BEFORE_OPEN
TXN,97476,2018-07-24,2018-07-24T20:25:09.000Z,AFTER_CLOSE
TXN,97476,2018-10-23,2018-10-23T20:15:26.000Z,AFTER_CLOSE
TXN,97476,2019-01-23,2019-01-23T21:12:50.000Z,AFTER_CLOSE
TXN,97476,2019-04-23,2019-04-23T20:18:08.000Z,AFTER_CLOSE
TXN,97476,2019-07-23,2019-07-23T20:13:30.000Z,AFTER_CLOSE
TXN,97476,2019-10-22,2019-10-22T20:05:59.000Z,AFTER_CLOSE
TXN,97476,2020-01-22,2020-01-22T21:03:31.000Z,AFTER_CLOSE
TXN,97476,2020-04-21,2020-04-21T20:08:17.000Z,AFTER_CLOSE
TXN,97476,2020-07-21,2020-07-21T20:08:29.000Z,AFTER_CLOSE
TXN,97476,2020-10-20,2020-10-20T20:05:36.000Z,AFTER_CLOSE
TXN,97476,2021-01-26,2021-01-26T21:06:53.000Z,AFTER_CLOSE
TXN,97476,2021-04-27,2021-04-27T20:05:02.000Z,AFTER_CLOSE
TXN,97476,2021-07-21,2021-07-21T20:08:56.000Z,AFTER_CLOSE
TXN,97476,2021-10-26,2021-10-26T20:12:18.000Z,AFTER_CLOSE
TXN,97476,2022-01-25,2022-01-25T21:02:44.000Z,AFTER_CLOSE
TXN,97476,2022-04-26,2022-04-26T20:04:49.000Z,AFTER_CLOSE
TXN,97476,2022-07-26,2022-07-26T20:04:07.000Z,AFTER_CLOSE
TXN,97476,2022-10-25,2022-10-25T20:04:04.000Z,AFTER_CLOSE
TXN,97476,2023-01-24,2023-01-24T21:03:31.000Z,AFTER_CLOSE
TXN,97476,2023-04-25,2023-04-25T20:03:36.000Z,AFTER_CLOSE
TXN,97476,2023-07-25,2023-07-25T20:03:42.000Z,AFTER_CLOSE
TXN,97476,2023-10-24,2023-10-24T20:03:39.000Z,AFTER_CLOSE
TXN,97476,2024-01-23,2024-01-23T21:03:14.000Z,AFTER_CLOSE
TXN,97476,2024-04-23,2024-04-23T20:04:02.000Z,AFTER_CLOSE
TXN,97476,2024-07-23,2024-07-23T20:03:38.000Z,AFTER_CLOSE
TXN,97476,2024-10-22,2024-10-22T20:03:40.000Z,AFTER_CLOSE
TXN,97476,2025-01-23,2025-01-23T21:05:07.000Z,AFTER_CLOSE
TXN,97476,2025-04-23,2025-04-23T20:04:06.000Z,AFTER_CLOSE
TXN,97476,2025-07-22,2025-07-22T20:03:24.000Z,AFTER_CLOSE
TXN,97476,2025-10-21,2025-10-21T20:05:00.000Z,AFTER_CLOSE
TXN,97476,2026-01-27,2026-01-27T21:05:34.000Z,AFTER_CLOSE
TXN,97476,2026-04-22,2026-04-22T20:03:59.000Z,AFTER_CLOSE
TXN,97476,2026-07-22,2026-07-22T20:04:06.000Z,AFTER_CLOSE
UAL,100517,2017-07-11,2017-07-11T20:16:02.000Z,AFTER_CLOSE
UAL,100517,2017-07-18,2017-07-18T20:15:56.000Z,AFTER_CLOSE
UAL,100517,2017-10-10,2017-10-10T11:33:04.000Z,BEFORE_OPEN
UAL,100517,2017-10-18,2017-10-18T20:16:03.000Z,AFTER_CLOSE
UAL,100517,2018-01-09,2018-01-09T21:16:56.000Z,AFTER_CLOSE
UAL,100517,2018-01-23,2018-01-23T21:06:04.000Z,AFTER_CLOSE
UAL,100517,2018-04-09,2018-04-09T20:57:55.000Z,AFTER_CLOSE
UAL,100517,2018-04-17,2018-04-17T20:16:03.000Z,AFTER_CLOSE
UAL,100517,2018-07-06,2018-07-06T20:21:05.000Z,AFTER_CLOSE
UAL,100517,2018-07-17,2018-07-17T20:15:58.000Z,AFTER_CLOSE
UAL,100517,2018-10-16,2018-10-16T20:14:21.000Z,AFTER_CLOSE
UAL,100517,2019-01-07,2019-01-07T21:14:27.000Z,AFTER_CLOSE
UAL,100517,2019-01-15,2019-01-15T21:14:44.000Z,AFTER_CLOSE
UAL,100517,2019-04-16,2019-04-16T20:14:31.000Z,AFTER_CLOSE
UAL,100517,2019-07-16,2019-07-16T20:16:32.000Z,AFTER_CLOSE
UAL,100517,2019-10-15,2019-10-15T20:16:05.000Z,AFTER_CLOSE
UAL,100517,2020-01-07,2020-01-07T21:23:35.000Z,AFTER_CLOSE
UAL,100517,2020-01-21,2020-01-21T21:15:04.000Z,AFTER_CLOSE
UAL,100517,2020-04-20,2020-04-20T12:04:52.000Z,BEFORE_OPEN
UAL,100517,2020-04-30,2020-04-30T20:32:19.000Z,AFTER_CLOSE
UAL,100517,2020-07-21,2020-07-21T20:14:42.000Z,AFTER_CLOSE
UAL,100517,2020-10-14,2020-10-14T20:14:26.000Z,AFTER_CLOSE
UAL,100517,2021-01-20,2021-01-20T21:59:33.000Z,AFTER_CLOSE
UAL,100517,2021-04-12,2021-04-12T11:16:19.000Z,BEFORE_OPEN
UAL,100517,2021-04-19,2021-04-19T20:29:52.000Z,AFTER_CLOSE
UAL,100517,2021-07-20,2021-07-20T20:29:56.000Z,AFTER_CLOSE
UAL,100517,2021-10-19,2021-10-19T20:29:48.000Z,AFTER_CLOSE
UAL,100517,2022-01-19,2022-01-19T21:30:30.000Z,AFTER_CLOSE
UAL,100517,2022-04-20,2022-04-20T20:29:36.000Z,AFTER_CLOSE
UAL,100517,2022-07-20,2022-07-20T20:30:08.000Z,AFTER_CLOSE
UAL,100517,2022-10-18,2022-10-18T20:05:28.000Z,AFTER_CLOSE
UAL,100517,2023-01-17,2023-01-17T21:00:09.000Z,AFTER_CLOSE
UAL,100517,2023-04-18,2023-04-18T20:00:03.000Z,AFTER_CLOSE
UAL,100517,2023-07-19,2023-07-19T20:00:12.000Z,AFTER_CLOSE
UAL,100517,2023-10-17,2023-10-17T20:00:07.000Z,AFTER_CLOSE
UAL,100517,2024-01-22,2024-01-22T21:00:04.000Z,AFTER_CLOSE
UAL,100517,2024-04-16,2024-04-16T20:00:09.000Z,AFTER_CLOSE
UAL,100517,2024-07-17,2024-07-17T20:00:08.000Z,AFTER_CLOSE
UAL,100517,2024-10-15,2024-10-15T20:00:00.000Z,AFTER_CLOSE
UAL,100517,2025-01-21,2025-01-21T20:59:53.000Z,IN_SESSION
UAL,100517,2025-04-15,2025-04-15T20:00:15.000Z,AFTER_CLOSE
UAL,100517,2025-07-09,2025-07-09T21:03:59.000Z,AFTER_CLOSE
UAL,100517,2025-07-16,2025-07-16T20:00:30.000Z,AFTER_CLOSE
UAL,100517,2025-10-15,2025-10-15T20:00:15.000Z,AFTER_CLOSE
UAL,100517,2026-01-20,2026-01-20T21:00:16.000Z,AFTER_CLOSE
UAL,100517,2026-04-21,2026-04-21T20:00:07.000Z,AFTER_CLOSE
UAL,100517,2026-07-15,2026-07-15T20:00:02.000Z,AFTER_CLOSE
UBER,1543151,2020-08-06,2020-08-06T20:08:39.000Z,AFTER_CLOSE
UBER,1543151,2020-11-05,2020-11-05T21:28:04.000Z,AFTER_CLOSE
UBER,1543151,2020-11-13,2020-11-13T11:00:51.000Z,BEFORE_OPEN
UBER,1543151,2021-02-10,2021-02-10T21:08:35.000Z,AFTER_CLOSE
UBER,1543151,2021-04-12,2021-04-12T10:45:27.000Z,BEFORE_OPEN
UBER,1543151,2021-05-05,2021-05-05T20:07:44.000Z,AFTER_CLOSE
UBER,1543151,2021-08-04,2021-08-04T20:12:06.000Z,AFTER_CLOSE
UBER,1543151,2021-11-04,2021-11-04T20:10:17.000Z,AFTER_CLOSE
UBER,1543151,2022-02-09,2022-02-09T21:07:05.000Z,AFTER_CLOSE
UBER,1543151,2022-05-04,2022-05-04T11:01:21.000Z,BEFORE_OPEN
UBER,1543151,2022-08-02,2022-08-02T11:01:34.000Z,BEFORE_OPEN
UBER,1543151,2022-11-01,2022-11-01T11:05:35.000Z,BEFORE_OPEN
UBER,1543151,2023-02-08,2023-02-08T12:05:44.000Z,BEFORE_OPEN
UBER,1543151,2023-05-02,2023-05-02T10:59:20.000Z,BEFORE_OPEN
UBER,1543151,2023-08-01,2023-08-01T10:55:43.000Z,BEFORE_OPEN
UBER,1543151,2023-11-07,2023-11-07T11:56:19.000Z,BEFORE_OPEN
UBER,1543151,2024-02-07,2024-02-07T11:56:27.000Z,BEFORE_OPEN
UBER,1543151,2024-05-08,2024-05-08T10:56:02.000Z,BEFORE_OPEN
UBER,1543151,2024-08-06,2024-08-06T10:58:28.000Z,BEFORE_OPEN
UBER,1543151,2024-10-31,2024-10-31T10:55:56.000Z,BEFORE_OPEN
UBER,1543151,2025-02-05,2025-02-05T11:56:00.000Z,BEFORE_OPEN
UBER,1543151,2025-05-07,2025-05-07T10:55:52.000Z,BEFORE_OPEN
UBER,1543151,2025-08-06,2025-08-06T10:56:29.000Z,BEFORE_OPEN
UBER,1543151,2025-11-04,2025-11-04T11:56:06.000Z,BEFORE_OPEN
UBER,1543151,2026-02-04,2026-02-04T11:56:12.000Z,BEFORE_OPEN
UBER,1543151,2026-05-06,2026-05-06T10:56:33.000Z,BEFORE_OPEN
UBER,1543151,2026-08-05,2026-08-05T10:56:58.000Z,BEFORE_OPEN
UI,1511737,2011-11-10,2011-11-10T21:20:56.000Z,AFTER_CLOSE
UI,1511737,2012-01-31,2012-01-31T21:14:57.000Z,AFTER_CLOSE
UI,1511737,2012-05-01,2012-05-01T20:41:09.000Z,AFTER_CLOSE
UI,1511737,2012-08-09,2012-08-09T20:40:01.000Z,AFTER_CLOSE
UI,1511737,2012-11-08,2012-11-08T21:53:59.000Z,AFTER_CLOSE
UI,1511737,2013-02-07,2013-02-07T21:55:25.000Z,AFTER_CLOSE
UI,1511737,2013-05-09,2013-05-09T20:10:43.000Z,AFTER_CLOSE
UI,1511737,2013-08-08,2013-08-08T20:08:31.000Z,AFTER_CLOSE
UI,1511737,2013-11-07,2013-11-07T21:07:08.000Z,AFTER_CLOSE
UI,1511737,2014-02-06,2014-02-06T21:33:07.000Z,AFTER_CLOSE
UI,1511737,2014-05-08,2014-05-08T20:08:58.000Z,AFTER_CLOSE
UI,1511737,2014-08-07,2014-08-07T20:10:44.000Z,AFTER_CLOSE
UI,1511737,2014-11-06,2014-11-06T21:05:19.000Z,AFTER_CLOSE
UI,1511737,2015-02-05,2015-02-05T21:07:03.000Z,AFTER_CLOSE
UI,1511737,2015-04-23,2015-04-23T20:15:51.000Z,AFTER_CLOSE
UI,1511737,2015-05-07,2015-05-07T20:16:11.000Z,AFTER_CLOSE
UI,1511737,2015-08-06,2015-08-06T20:01:37.000Z,AFTER_CLOSE
UI,1511737,2015-11-05,2015-11-05T21:04:57.000Z,AFTER_CLOSE
UI,1511737,2016-02-04,2016-02-04T21:05:08.000Z,AFTER_CLOSE
UI,1511737,2016-05-05,2016-05-05T20:03:46.000Z,AFTER_CLOSE
UI,1511737,2016-08-04,2016-08-04T20:01:40.000Z,AFTER_CLOSE
UI,1511737,2016-11-03,2016-11-03T20:04:13.000Z,AFTER_CLOSE
UI,1511737,2017-02-09,2017-02-09T21:01:43.000Z,AFTER_CLOSE
UI,1511737,2017-05-04,2017-05-04T20:03:32.000Z,AFTER_CLOSE
UI,1511737,2017-08-03,2017-08-03T12:35:37.000Z,BEFORE_OPEN
UI,1511737,2017-09-19,2017-09-19T01:46:41.000Z,AFTER_CLOSE
UI,1511737,2017-11-09,2017-11-09T13:36:16.000Z,BEFORE_OPEN
UI,1511737,2018-02-08,2018-02-08T13:34:39.000Z,BEFORE_OPEN
UI,1511737,2018-05-10,2018-05-10T12:30:40.000Z,BEFORE_OPEN
UI,1511737,2018-08-24,2018-08-24T11:30:58.000Z,BEFORE_OPEN
UI,1511737,2018-11-09,2018-11-09T12:15:45.000Z,BEFORE_OPEN
UI,1511737,2019-02-08,2019-02-08T12:55:11.000Z,BEFORE_OPEN
UI,1511737,2019-05-10,2019-05-10T11:41:05.000Z,BEFORE_OPEN
UI,1511737,2019-08-09,2019-08-09T11:57:48.000Z,BEFORE_OPEN
UI,1511737,2019-11-08,2019-11-08T12:56:10.000Z,BEFORE_OPEN
UI,1511737,2020-05-08,2020-05-08T11:13:24.000Z,BEFORE_OPEN
UI,1511737,2020-08-21,2020-08-21T11:22:54.000Z,BEFORE_OPEN
UI,1511737,2020-11-06,2020-11-06T12:10:28.000Z,BEFORE_OPEN
UI,1511737,2021-02-05,2021-02-05T12:12:24.000Z,BEFORE_OPEN
UI,1511737,2021-05-07,2021-05-07T11:09:33.000Z,BEFORE_OPEN
UI,1511737,2021-08-27,2021-08-27T11:30:39.000Z,BEFORE_OPEN
UI,1511737,2021-11-05,2021-11-05T11:26:34.000Z,BEFORE_OPEN
UI,1511737,2022-02-04,2022-02-04T12:29:12.000Z,BEFORE_OPEN
UI,1511737,2022-05-06,2022-05-06T11:20:01.000Z,BEFORE_OPEN
UI,1511737,2022-08-26,2022-08-26T11:08:15.000Z,BEFORE_OPEN
UI,1511737,2022-11-04,2022-11-04T11:12:15.000Z,BEFORE_OPEN
UI,1511737,2023-02-03,2023-02-03T12:15:51.000Z,BEFORE_OPEN
UI,1511737,2023-05-05,2023-05-05T11:07:42.000Z,BEFORE_OPEN
UI,1511737,2023-08-25,2023-08-25T11:07:05.000Z,BEFORE_OPEN
UI,1511737,2023-11-03,2023-11-03T11:08:05.000Z,BEFORE_OPEN
UI,1511737,2024-02-09,2024-02-09T12:05:13.000Z,BEFORE_OPEN
UI,1511737,2024-05-10,2024-05-10T11:03:29.000Z,BEFORE_OPEN
UI,1511737,2024-08-23,2024-08-23T11:07:37.000Z,BEFORE_OPEN
UI,1511737,2024-11-08,2024-11-08T12:15:04.000Z,BEFORE_OPEN
UI,1511737,2025-02-07,2025-02-07T12:06:00.000Z,BEFORE_OPEN
UI,1511737,2025-05-09,2025-05-09T11:07:26.000Z,BEFORE_OPEN
UI,1511737,2025-08-22,2025-08-22T11:04:08.000Z,BEFORE_OPEN
UI,1511737,2025-11-07,2025-11-07T12:07:03.000Z,BEFORE_OPEN
UI,1511737,2026-02-06,2026-02-06T12:10:23.000Z,BEFORE_OPEN
UI,1511737,2026-05-08,2026-05-08T11:09:00.000Z,BEFORE_OPEN
UI,1511737,2026-08-21,2026-08-21T11:05:34.000Z,BEFORE_OPEN
ULTA,1403568,2008-06-04,2008-06-04T20:20:13.000Z,AFTER_CLOSE
ULTA,1403568,2008-09-04,2008-09-04T20:20:20.000Z,AFTER_CLOSE
ULTA,1403568,2008-12-04,2008-12-04T21:44:57.000Z,AFTER_CLOSE
ULTA,1403568,2009-03-19,2009-03-19T20:53:06.000Z,AFTER_CLOSE
ULTA,1403568,2009-06-04,2009-06-04T20:41:44.000Z,AFTER_CLOSE
ULTA,1403568,2009-09-03,2009-09-03T20:11:58.000Z,AFTER_CLOSE
ULTA,1403568,2009-12-03,2009-12-03T21:11:15.000Z,AFTER_CLOSE
ULTA,1403568,2010-03-11,2010-03-11T21:10:49.000Z,AFTER_CLOSE
ULTA,1403568,2010-06-03,2010-06-03T20:21:11.000Z,AFTER_CLOSE
ULTA,1403568,2010-09-02,2010-09-02T20:25:21.000Z,AFTER_CLOSE
ULTA,1403568,2010-12-02,2010-12-02T21:23:14.000Z,AFTER_CLOSE
ULTA,1403568,2011-03-10,2011-03-10T21:23:15.000Z,AFTER_CLOSE
ULTA,1403568,2011-06-07,2011-06-07T20:18:29.000Z,AFTER_CLOSE
ULTA,1403568,2011-09-08,2011-09-08T20:20:41.000Z,AFTER_CLOSE
ULTA,1403568,2011-12-01,2011-12-01T21:19:56.000Z,AFTER_CLOSE
ULTA,1403568,2012-03-08,2012-03-08T21:26:06.000Z,AFTER_CLOSE
ULTA,1403568,2012-06-05,2012-06-05T20:15:53.000Z,AFTER_CLOSE
ULTA,1403568,2012-09-06,2012-09-06T20:21:39.000Z,AFTER_CLOSE
ULTA,1403568,2012-11-29,2012-11-29T21:08:35.000Z,AFTER_CLOSE
ULTA,1403568,2013-02-14,2013-02-14T12:16:53.000Z,BEFORE_OPEN
ULTA,1403568,2013-03-14,2013-03-14T20:11:20.000Z,AFTER_CLOSE
ULTA,1403568,2013-06-11,2013-06-11T20:08:53.000Z,AFTER_CLOSE
ULTA,1403568,2013-09-12,2013-09-12T20:09:11.000Z,AFTER_CLOSE
ULTA,1403568,2013-12-05,2013-12-05T21:10:32.000Z,AFTER_CLOSE
ULTA,1403568,2014-03-13,2014-03-13T20:09:34.000Z,AFTER_CLOSE
ULTA,1403568,2014-06-10,2014-06-10T20:12:34.000Z,AFTER_CLOSE
ULTA,1403568,2014-09-11,2014-09-11T20:08:35.000Z,AFTER_CLOSE
ULTA,1403568,2014-12-04,2014-12-04T21:13:00.000Z,AFTER_CLOSE
ULTA,1403568,2015-03-12,2015-03-12T20:13:33.000Z,AFTER_CLOSE
ULTA,1403568,2015-05-28,2015-05-28T20:11:33.000Z,AFTER_CLOSE
ULTA,1403568,2015-08-27,2015-08-27T20:17:59.000Z,AFTER_CLOSE
ULTA,1403568,2015-12-03,2015-12-03T21:08:35.000Z,AFTER_CLOSE
ULTA,1403568,2016-03-10,2016-03-10T21:11:02.000Z,AFTER_CLOSE
ULTA,1403568,2016-05-26,2016-05-26T20:12:01.000Z,AFTER_CLOSE
ULTA,1403568,2016-08-25,2016-08-25T20:10:06.000Z,AFTER_CLOSE
ULTA,1403568,2016-12-01,2016-12-01T21:11:56.000Z,AFTER_CLOSE
ULTA,1403568,2017-03-09,2017-03-09T21:11:03.000Z,AFTER_CLOSE
ULTA,1403568,2017-05-25,2017-05-25T20:11:57.000Z,AFTER_CLOSE
ULTA,1403568,2017-08-24,2017-08-24T20:09:05.000Z,AFTER_CLOSE
ULTA,1403568,2017-11-30,2017-11-30T21:15:30.000Z,AFTER_CLOSE
ULTA,1403568,2018-03-15,2018-03-15T20:21:00.000Z,AFTER_CLOSE
ULTA,1403568,2018-05-31,2018-05-31T20:16:13.000Z,AFTER_CLOSE
ULTA,1403568,2018-08-30,2018-08-30T20:10:17.000Z,AFTER_CLOSE
ULTA,1403568,2018-12-06,2018-12-06T21:07:03.000Z,AFTER_CLOSE
ULTA,1403568,2019-03-14,2019-03-14T20:11:56.000Z,AFTER_CLOSE
ULTA,1403568,2019-05-30,2019-05-30T20:10:26.000Z,AFTER_CLOSE
ULTA,1403568,2019-08-29,2019-08-29T20:15:07.000Z,AFTER_CLOSE
ULTA,1403568,2019-12-05,2019-12-05T21:53:22.000Z,AFTER_CLOSE
ULTA,1403568,2020-03-12,2020-03-12T20:13:00.000Z,AFTER_CLOSE
ULTA,1403568,2020-05-28,2020-05-28T20:16:47.000Z,AFTER_CLOSE
ULTA,1403568,2020-08-27,2020-08-27T20:15:50.000Z,AFTER_CLOSE
ULTA,1403568,2020-12-03,2020-12-03T21:06:10.000Z,AFTER_CLOSE
ULTA,1403568,2021-03-11,2021-03-11T21:09:07.000Z,AFTER_CLOSE
ULTA,1403568,2021-05-27,2021-05-27T20:06:08.000Z,AFTER_CLOSE
ULTA,1403568,2021-08-25,2021-08-25T20:05:53.000Z,AFTER_CLOSE
ULTA,1403568,2021-12-02,2021-12-02T21:13:39.000Z,AFTER_CLOSE
ULTA,1403568,2022-03-10,2022-03-10T21:10:37.000Z,AFTER_CLOSE
ULTA,1403568,2022-05-26,2022-05-26T20:15:06.000Z,AFTER_CLOSE
ULTA,1403568,2022-08-25,2022-08-25T20:05:54.000Z,AFTER_CLOSE
ULTA,1403568,2022-12-01,2022-12-01T21:06:29.000Z,AFTER_CLOSE
ULTA,1403568,2023-03-09,2023-03-09T21:05:21.000Z,AFTER_CLOSE
ULTA,1403568,2023-05-25,2023-05-25T20:10:19.000Z,AFTER_CLOSE
ULTA,1403568,2023-08-24,2023-08-24T20:08:32.000Z,AFTER_CLOSE
ULTA,1403568,2023-11-30,2023-11-30T21:08:15.000Z,AFTER_CLOSE
ULTA,1403568,2024-03-14,2024-03-14T20:07:13.000Z,AFTER_CLOSE
ULTA,1403568,2024-05-30,2024-05-30T20:06:38.000Z,AFTER_CLOSE
ULTA,1403568,2024-08-29,2024-08-29T20:06:28.000Z,AFTER_CLOSE
ULTA,1403568,2024-12-05,2024-12-05T21:06:40.000Z,AFTER_CLOSE
ULTA,1403568,2025-03-13,2025-03-13T20:07:15.000Z,AFTER_CLOSE
ULTA,1403568,2025-05-29,2025-05-29T20:07:11.000Z,AFTER_CLOSE
ULTA,1403568,2025-08-28,2025-08-28T20:07:22.000Z,AFTER_CLOSE
ULTA,1403568,2025-12-04,2025-12-04T21:07:38.000Z,AFTER_CLOSE
ULTA,1403568,2026-03-12,2026-03-12T20:07:33.000Z,AFTER_CLOSE
ULTA,1403568,2026-06-02,2026-06-02T20:06:38.000Z,AFTER_CLOSE
ULTA,1403568,2026-08-27,2026-08-27T20:07:37.000Z,AFTER_CLOSE
UNH,731766,2021-01-20,2021-01-20T11:01:22.000Z,BEFORE_OPEN
UNH,731766,2021-04-15,2021-04-15T10:03:26.000Z,BEFORE_OPEN
UNH,731766,2021-07-15,2021-07-15T10:03:56.000Z,BEFORE_OPEN
UNH,731766,2021-10-14,2021-10-14T10:05:32.000Z,BEFORE_OPEN
UNH,731766,2022-01-19,2022-01-19T11:03:59.000Z,BEFORE_OPEN
UNH,731766,2022-04-14,2022-04-14T10:02:26.000Z,BEFORE_OPEN
UNH,731766,2022-07-15,2022-07-15T10:02:07.000Z,BEFORE_OPEN
UNH,731766,2022-10-14,2022-10-14T10:06:29.000Z,BEFORE_OPEN
UNH,731766,2023-01-13,2023-01-13T11:01:14.000Z,BEFORE_OPEN
UNH,731766,2023-04-14,2023-04-14T10:02:56.000Z,BEFORE_OPEN
UNH,731766,2023-07-14,2023-07-14T10:04:16.000Z,BEFORE_OPEN
UNH,731766,2023-10-13,2023-10-13T10:03:32.000Z,BEFORE_OPEN
UNH,731766,2024-01-12,2024-01-12T11:01:27.000Z,BEFORE_OPEN
UNH,731766,2024-04-16,2024-04-16T10:01:51.000Z,BEFORE_OPEN
UNH,731766,2024-07-16,2024-07-16T10:01:27.000Z,BEFORE_OPEN
UNH,731766,2024-10-15,2024-10-15T10:03:51.000Z,BEFORE_OPEN
UNH,731766,2025-01-16,2025-01-16T11:02:08.000Z,BEFORE_OPEN
UNH,731766,2025-04-17,2025-04-17T10:01:37.000Z,BEFORE_OPEN
UNH,731766,2025-07-29,2025-07-29T10:04:05.000Z,BEFORE_OPEN
UNH,731766,2025-10-28,2025-10-28T10:02:08.000Z,BEFORE_OPEN
UNH,731766,2026-01-27,2026-01-27T11:02:29.000Z,BEFORE_OPEN
UNH,731766,2026-04-21,2026-04-21T10:02:24.000Z,BEFORE_OPEN
UNH,731766,2026-07-16,2026-07-16T10:00:59.000Z,BEFORE_OPEN
UNP,100885,2020-10-22,2020-10-22T12:08:13.000Z,BEFORE_OPEN
UNP,100885,2021-01-08,2021-01-08T14:00:17.000Z,BEFORE_OPEN
UNP,100885,2021-01-21,2021-01-21T13:06:12.000Z,BEFORE_OPEN
UNP,100885,2021-04-22,2021-04-22T12:04:48.000Z,BEFORE_OPEN
UNP,100885,2021-07-22,2021-07-22T12:05:05.000Z,BEFORE_OPEN
UNP,100885,2021-10-21,2021-10-21T12:06:15.000Z,BEFORE_OPEN
UNP,100885,2022-01-20,2022-01-20T13:04:36.000Z,BEFORE_OPEN
UNP,100885,2022-04-21,2022-04-21T11:46:28.000Z,BEFORE_OPEN
UNP,100885,2022-07-21,2022-07-21T11:50:12.000Z,BEFORE_OPEN
UNP,100885,2022-10-20,2022-10-20T11:47:35.000Z,BEFORE_OPEN
UNP,100885,2023-01-24,2023-01-24T12:49:35.000Z,BEFORE_OPEN
UNP,100885,2023-04-20,2023-04-20T11:46:33.000Z,BEFORE_OPEN
UNP,100885,2023-07-26,2023-07-26T11:49:29.000Z,BEFORE_OPEN
UNP,100885,2023-10-19,2023-10-19T11:46:23.000Z,BEFORE_OPEN
UNP,100885,2024-01-25,2024-01-25T12:46:44.000Z,BEFORE_OPEN
UNP,100885,2024-04-25,2024-04-25T11:46:26.000Z,BEFORE_OPEN
UNP,100885,2024-07-25,2024-07-25T11:46:58.000Z,BEFORE_OPEN
UNP,100885,2024-10-24,2024-10-24T11:46:42.000Z,BEFORE_OPEN
UNP,100885,2025-01-23,2025-01-23T12:49:39.000Z,BEFORE_OPEN
UNP,100885,2025-04-24,2025-04-24T11:49:07.000Z,BEFORE_OPEN
UNP,100885,2025-07-24,2025-07-24T11:47:24.000Z,BEFORE_OPEN
UNP,100885,2025-10-23,2025-10-23T11:47:12.000Z,BEFORE_OPEN
UNP,100885,2026-01-27,2026-01-27T12:47:27.000Z,BEFORE_OPEN
UNP,100885,2026-04-23,2026-04-23T11:46:33.000Z,BEFORE_OPEN
UNP,100885,2026-07-23,2026-07-23T11:46:39.000Z,BEFORE_OPEN
UPS,1090727,2016-04-28,2016-04-28T11:51:50.000Z,BEFORE_OPEN
UPS,1090727,2016-07-29,2016-07-29T11:57:36.000Z,BEFORE_OPEN
UPS,1090727,2016-10-27,2016-10-27T11:50:25.000Z,BEFORE_OPEN
UPS,1090727,2017-01-31,2017-01-31T12:53:22.000Z,BEFORE_OPEN
UPS,1090727,2017-04-27,2017-04-27T11:48:34.000Z,BEFORE_OPEN
UPS,1090727,2017-07-27,2017-07-27T12:01:36.000Z,BEFORE_OPEN
UPS,1090727,2017-10-26,2017-10-26T11:52:44.000Z,BEFORE_OPEN
UPS,1090727,2018-02-01,2018-02-01T12:47:29.000Z,BEFORE_OPEN
UPS,1090727,2018-04-26,2018-04-26T11:23:27.000Z,BEFORE_OPEN
UPS,1090727,2018-07-25,2018-07-25T11:06:36.000Z,BEFORE_OPEN
UPS,1090727,2018-10-24,2018-10-24T11:30:44.000Z,BEFORE_OPEN
UPS,1090727,2019-01-31,2019-01-31T12:29:02.000Z,BEFORE_OPEN
UPS,1090727,2019-04-25,2019-04-25T11:25:53.000Z,BEFORE_OPEN
UPS,1090727,2019-07-24,2019-07-24T11:30:01.000Z,BEFORE_OPEN
UPS,1090727,2019-10-22,2019-10-22T11:52:13.000Z,BEFORE_OPEN
UPS,1090727,2020-01-30,2020-01-30T12:35:34.000Z,BEFORE_OPEN
UPS,1090727,2020-04-28,2020-04-28T11:20:59.000Z,BEFORE_OPEN
UPS,1090727,2020-07-30,2020-07-30T10:15:42.000Z,BEFORE_OPEN
UPS,1090727,2020-10-28,2020-10-28T10:09:39.000Z,BEFORE_OPEN
UPS,1090727,2021-02-02,2021-02-02T11:14:04.000Z,BEFORE_OPEN
UPS,1090727,2021-04-27,2021-04-27T10:26:11.000Z,BEFORE_OPEN
UPS,1090727,2021-07-27,2021-07-27T10:23:34.000Z,BEFORE_OPEN
UPS,1090727,2021-10-26,2021-10-26T10:11:10.000Z,BEFORE_OPEN
UPS,1090727,2022-02-01,2022-02-01T11:16:29.000Z,BEFORE_OPEN
UPS,1090727,2022-04-26,2022-04-26T10:08:43.000Z,BEFORE_OPEN
UPS,1090727,2022-07-26,2022-07-26T12:14:07.000Z,BEFORE_OPEN
UPS,1090727,2022-10-25,2022-10-25T10:09:46.000Z,BEFORE_OPEN
UPS,1090727,2023-01-31,2023-01-31T11:10:21.000Z,BEFORE_OPEN
UPS,1090727,2023-04-25,2023-04-25T10:11:06.000Z,BEFORE_OPEN
UPS,1090727,2023-08-08,2023-08-08T10:07:20.000Z,BEFORE_OPEN
UPS,1090727,2023-10-26,2023-10-26T10:03:43.000Z,BEFORE_OPEN
UPS,1090727,2024-01-30,2024-01-30T11:07:05.000Z,BEFORE_OPEN
UPS,1090727,2024-04-23,2024-04-23T10:03:53.000Z,BEFORE_OPEN
UPS,1090727,2024-07-23,2024-07-23T10:04:28.000Z,BEFORE_OPEN
UPS,1090727,2024-10-24,2024-10-24T10:05:08.000Z,BEFORE_OPEN
UPS,1090727,2025-01-30,2025-01-30T11:07:40.000Z,BEFORE_OPEN
UPS,1090727,2025-04-29,2025-04-29T10:09:54.000Z,BEFORE_OPEN
UPS,1090727,2025-07-29,2025-07-29T10:16:20.000Z,BEFORE_OPEN
UPS,1090727,2025-10-28,2025-10-28T10:09:04.000Z,BEFORE_OPEN
UPS,1090727,2026-01-27,2026-01-27T11:08:17.000Z,BEFORE_OPEN
UPS,1090727,2026-04-28,2026-04-28T10:09:08.000Z,BEFORE_OPEN
UPS,1090727,2026-07-28,2026-07-28T10:03:54.000Z,BEFORE_OPEN
URI,1067701,2016-01-28,2016-01-27T22:46:06.000Z,AFTER_CLOSE
URI,1067701,2016-04-20,2016-04-20T21:08:22.000Z,AFTER_CLOSE
URI,1067701,2016-07-20,2016-07-20T20:39:20.000Z,AFTER_CLOSE
URI,1067701,2016-10-19,2016-10-19T21:09:24.000Z,AFTER_CLOSE
URI,1067701,2017-01-25,2017-01-25T21:51:04.000Z,AFTER_CLOSE
URI,1067701,2017-04-19,2017-04-19T20:34:20.000Z,AFTER_CLOSE
URI,1067701,2017-07-19,2017-07-19T20:42:27.000Z,AFTER_CLOSE
URI,1067701,2017-10-18,2017-10-18T20:57:30.000Z,AFTER_CLOSE
URI,1067701,2018-01-24,2018-01-24T21:43:38.000Z,AFTER_CLOSE
URI,1067701,2018-04-18,2018-04-18T20:54:11.000Z,AFTER_CLOSE
URI,1067701,2018-07-18,2018-07-18T20:31:02.000Z,AFTER_CLOSE
URI,1067701,2018-10-17,2018-10-17T21:10:25.000Z,AFTER_CLOSE
URI,1067701,2019-01-23,2019-01-23T21:58:49.000Z,AFTER_CLOSE
URI,1067701,2019-04-17,2019-04-17T20:51:12.000Z,AFTER_CLOSE
URI,1067701,2019-07-17,2019-07-17T20:42:15.000Z,AFTER_CLOSE
URI,1067701,2019-10-16,2019-10-16T20:30:43.000Z,AFTER_CLOSE
URI,1067701,2020-01-29,2020-01-29T21:47:27.000Z,AFTER_CLOSE
URI,1067701,2020-04-29,2020-04-29T20:35:29.000Z,AFTER_CLOSE
URI,1067701,2020-07-29,2020-07-29T21:29:21.000Z,AFTER_CLOSE
URI,1067701,2020-10-28,2020-10-28T20:29:35.000Z,AFTER_CLOSE
URI,1067701,2021-01-27,2021-01-27T21:36:36.000Z,AFTER_CLOSE
URI,1067701,2021-04-28,2021-04-28T20:41:49.000Z,AFTER_CLOSE
URI,1067701,2021-07-28,2021-07-28T20:31:51.000Z,AFTER_CLOSE
URI,1067701,2021-10-27,2021-10-27T20:36:48.000Z,AFTER_CLOSE
URI,1067701,2022-01-26,2022-01-26T21:53:13.000Z,AFTER_CLOSE
URI,1067701,2022-04-27,2022-04-27T20:30:57.000Z,AFTER_CLOSE
URI,1067701,2022-07-27,2022-07-27T20:30:33.000Z,AFTER_CLOSE
URI,1067701,2022-10-26,2022-10-26T20:27:00.000Z,AFTER_CLOSE
URI,1067701,2023-01-25,2023-01-25T21:27:52.000Z,AFTER_CLOSE
URI,1067701,2023-04-26,2023-04-26T20:28:34.000Z,AFTER_CLOSE
URI,1067701,2023-07-26,2023-07-26T20:43:15.000Z,AFTER_CLOSE
URI,1067701,2023-10-25,2023-10-25T20:35:45.000Z,AFTER_CLOSE
URI,1067701,2024-01-24,2024-01-24T21:29:18.000Z,AFTER_CLOSE
URI,1067701,2024-04-24,2024-04-24T20:29:15.000Z,AFTER_CLOSE
URI,1067701,2024-07-24,2024-07-24T20:26:44.000Z,AFTER_CLOSE
URI,1067701,2024-10-23,2024-10-23T20:28:13.000Z,AFTER_CLOSE
URI,1067701,2025-01-29,2025-01-29T21:25:19.000Z,AFTER_CLOSE
URI,1067701,2025-04-23,2025-04-23T20:45:44.000Z,AFTER_CLOSE
URI,1067701,2025-07-23,2025-07-23T20:43:56.000Z,AFTER_CLOSE
URI,1067701,2025-10-22,2025-10-22T20:33:55.000Z,AFTER_CLOSE
URI,1067701,2026-01-28,2026-01-28T21:37:22.000Z,AFTER_CLOSE
URI,1067701,2026-04-22,2026-04-22T20:24:56.000Z,AFTER_CLOSE
URI,1067701,2026-07-22,2026-07-22T20:23:15.000Z,AFTER_CLOSE
USB,36104,2022-04-14,2022-04-14T10:51:06.000Z,BEFORE_OPEN
USB,36104,2022-07-15,2022-07-15T10:51:08.000Z,BEFORE_OPEN
USB,36104,2022-10-14,2022-10-14T10:52:18.000Z,BEFORE_OPEN
USB,36104,2023-01-25,2023-01-25T11:53:46.000Z,BEFORE_OPEN
USB,36104,2023-04-19,2023-04-19T10:54:08.000Z,BEFORE_OPEN
USB,36104,2023-07-19,2023-07-19T11:00:49.000Z,BEFORE_OPEN
USB,36104,2023-10-18,2023-10-18T10:58:09.000Z,BEFORE_OPEN
USB,36104,2024-01-17,2024-01-17T11:54:27.000Z,BEFORE_OPEN
USB,36104,2024-04-17,2024-04-17T10:49:17.000Z,BEFORE_OPEN
USB,36104,2024-07-17,2024-07-17T10:47:52.000Z,BEFORE_OPEN
USB,36104,2024-10-16,2024-10-16T10:48:21.000Z,BEFORE_OPEN
USB,36104,2025-01-16,2025-01-16T11:48:14.000Z,BEFORE_OPEN
USB,36104,2025-04-16,2025-04-16T10:48:17.000Z,BEFORE_OPEN
USB,36104,2025-07-17,2025-07-17T10:49:39.000Z,BEFORE_OPEN
USB,36104,2025-10-16,2025-10-16T10:49:06.000Z,BEFORE_OPEN
USB,36104,2026-01-20,2026-01-20T11:49:17.000Z,BEFORE_OPEN
USB,36104,2026-04-16,2026-04-16T10:47:23.000Z,BEFORE_OPEN
USB,36104,2026-07-16,2026-07-16T10:59:35.000Z,BEFORE_OPEN
USFD,1665918,2016-08-09,2016-08-09T12:08:02.000Z,BEFORE_OPEN
USFD,1665918,2016-11-08,2016-11-08T13:02:03.000Z,BEFORE_OPEN
USFD,1665918,2017-01-13,2017-01-13T11:15:32.000Z,BEFORE_OPEN
USFD,1665918,2017-02-15,2017-02-15T11:51:35.000Z,BEFORE_OPEN
USFD,1665918,2017-04-14,2017-04-14T21:27:58.000Z,AFTER_CLOSE
USFD,1665918,2017-05-09,2017-05-09T11:04:54.000Z,BEFORE_OPEN
USFD,1665918,2017-08-09,2017-08-09T11:02:03.000Z,BEFORE_OPEN
USFD,1665918,2017-11-07,2017-11-07T11:59:16.000Z,BEFORE_OPEN
USFD,1665918,2018-02-15,2018-02-15T12:05:28.000Z,BEFORE_OPEN
USFD,1665918,2018-05-08,2018-05-08T11:15:26.000Z,BEFORE_OPEN
USFD,1665918,2018-07-30,2018-07-30T10:51:59.000Z,BEFORE_OPEN
USFD,1665918,2018-11-06,2018-11-06T11:54:32.000Z,BEFORE_OPEN
USFD,1665918,2019-02-12,2019-02-12T11:55:16.000Z,BEFORE_OPEN
USFD,1665918,2019-05-07,2019-05-07T10:54:03.000Z,BEFORE_OPEN
USFD,1665918,2019-08-06,2019-08-06T10:49:53.000Z,BEFORE_OPEN
USFD,1665918,2019-11-05,2019-11-05T11:48:53.000Z,BEFORE_OPEN
USFD,1665918,2020-02-11,2020-02-11T12:03:49.000Z,BEFORE_OPEN
USFD,1665918,2020-04-23,2020-04-23T11:50:11.000Z,BEFORE_OPEN
USFD,1665918,2020-08-04,2020-08-04T10:57:00.000Z,BEFORE_OPEN
USFD,1665918,2020-11-02,2020-11-02T11:52:50.000Z,BEFORE_OPEN
USFD,1665918,2021-01-25,2021-01-25T12:52:07.000Z,BEFORE_OPEN
USFD,1665918,2021-02-16,2021-02-16T11:52:50.000Z,BEFORE_OPEN
USFD,1665918,2021-05-10,2021-05-10T10:49:49.000Z,BEFORE_OPEN
USFD,1665918,2021-08-09,2021-08-09T10:54:07.000Z,BEFORE_OPEN
USFD,1665918,2021-11-08,2021-11-08T11:55:49.000Z,BEFORE_OPEN
USFD,1665918,2022-02-17,2022-02-17T11:56:43.000Z,BEFORE_OPEN
USFD,1665918,2022-04-21,2022-04-21T10:57:19.000Z,BEFORE_OPEN
USFD,1665918,2022-05-12,2022-05-12T10:53:25.000Z,BEFORE_OPEN
USFD,1665918,2022-08-11,2022-08-11T10:49:34.000Z,BEFORE_OPEN
USFD,1665918,2022-11-10,2022-11-10T11:51:20.000Z,BEFORE_OPEN
USFD,1665918,2023-02-16,2023-02-16T11:49:49.000Z,BEFORE_OPEN
USFD,1665918,2023-05-11,2023-05-11T10:51:45.000Z,BEFORE_OPEN
USFD,1665918,2023-08-10,2023-08-10T10:49:07.000Z,BEFORE_OPEN
USFD,1665918,2023-11-09,2023-11-09T11:51:40.000Z,BEFORE_OPEN
USFD,1665918,2024-02-15,2024-02-15T11:48:15.000Z,BEFORE_OPEN
USFD,1665918,2024-05-09,2024-05-09T10:47:58.000Z,BEFORE_OPEN
USFD,1665918,2024-08-08,2024-08-08T10:48:37.000Z,BEFORE_OPEN
USFD,1665918,2024-11-07,2024-11-07T11:57:10.000Z,BEFORE_OPEN
USFD,1665918,2025-01-13,2025-01-13T11:40:16.000Z,BEFORE_OPEN
USFD,1665918,2025-02-13,2025-02-13T11:47:19.000Z,BEFORE_OPEN
USFD,1665918,2025-05-08,2025-05-08T10:48:15.000Z,BEFORE_OPEN
USFD,1665918,2025-08-07,2025-08-07T10:48:26.000Z,BEFORE_OPEN
USFD,1665918,2025-09-10,2025-09-10T10:48:40.000Z,BEFORE_OPEN
USFD,1665918,2025-11-06,2025-11-06T11:47:36.000Z,BEFORE_OPEN
USFD,1665918,2026-01-12,2026-01-12T11:55:42.000Z,BEFORE_OPEN
USFD,1665918,2026-02-12,2026-02-12T11:48:14.000Z,BEFORE_OPEN
USFD,1665918,2026-05-07,2026-05-07T10:47:25.000Z,BEFORE_OPEN
USFD,1665918,2026-08-06,2026-08-06T10:47:50.000Z,BEFORE_OPEN
V,1403161,2015-01-29,2015-01-29T21:08:12.000Z,AFTER_CLOSE
V,1403161,2015-04-30,2015-04-30T20:14:42.000Z,AFTER_CLOSE
V,1403161,2015-07-23,2015-07-23T20:11:07.000Z,AFTER_CLOSE
V,1403161,2015-11-02,2015-11-02T11:16:11.000Z,BEFORE_OPEN
V,1403161,2016-01-28,2016-01-28T21:11:02.000Z,AFTER_CLOSE
V,1403161,2016-04-21,2016-04-21T20:11:10.000Z,AFTER_CLOSE
V,1403161,2016-07-21,2016-07-21T20:11:08.000Z,AFTER_CLOSE
V,1403161,2016-10-24,2016-10-24T20:32:46.000Z,AFTER_CLOSE
V,1403161,2017-02-02,2017-02-02T21:10:32.000Z,AFTER_CLOSE
V,1403161,2017-04-20,2017-04-20T20:10:36.000Z,AFTER_CLOSE
V,1403161,2017-07-20,2017-07-20T20:09:25.000Z,AFTER_CLOSE
V,1403161,2017-10-25,2017-10-25T10:03:39.000Z,BEFORE_OPEN
V,1403161,2018-02-01,2018-02-01T21:11:31.000Z,AFTER_CLOSE
V,1403161,2018-04-25,2018-04-25T20:05:23.000Z,AFTER_CLOSE
V,1403161,2018-07-25,2018-07-25T20:05:30.000Z,AFTER_CLOSE
V,1403161,2018-10-24,2018-10-24T20:05:37.000Z,AFTER_CLOSE
V,1403161,2019-01-30,2019-01-30T21:05:27.000Z,AFTER_CLOSE
V,1403161,2019-04-24,2019-04-24T20:04:01.000Z,AFTER_CLOSE
V,1403161,2019-07-23,2019-07-23T20:02:50.000Z,AFTER_CLOSE
V,1403161,2019-10-24,2019-10-24T20:10:57.000Z,AFTER_CLOSE
V,1403161,2020-01-30,2020-01-30T21:07:20.000Z,AFTER_CLOSE
V,1403161,2020-04-30,2020-04-30T20:01:39.000Z,AFTER_CLOSE
V,1403161,2020-07-28,2020-07-28T20:05:10.000Z,AFTER_CLOSE
V,1403161,2020-10-28,2020-10-28T20:03:00.000Z,AFTER_CLOSE
V,1403161,2021-01-28,2021-01-28T21:02:48.000Z,AFTER_CLOSE
V,1403161,2021-04-27,2021-04-27T20:06:08.000Z,AFTER_CLOSE
V,1403161,2021-07-27,2021-07-27T20:40:27.000Z,AFTER_CLOSE
V,1403161,2021-10-26,2021-10-26T20:06:19.000Z,AFTER_CLOSE
V,1403161,2022-01-27,2022-01-27T21:08:07.000Z,AFTER_CLOSE
V,1403161,2022-04-26,2022-04-26T20:05:54.000Z,AFTER_CLOSE
V,1403161,2022-07-26,2022-07-26T20:05:57.000Z,AFTER_CLOSE
V,1403161,2022-10-25,2022-10-25T20:05:34.000Z,AFTER_CLOSE
V,1403161,2023-01-26,2023-01-26T21:05:49.000Z,AFTER_CLOSE
V,1403161,2023-04-25,2023-04-25T20:05:31.000Z,AFTER_CLOSE
V,1403161,2023-07-25,2023-07-25T20:05:51.000Z,AFTER_CLOSE
V,1403161,2023-10-24,2023-10-24T20:05:35.000Z,AFTER_CLOSE
V,1403161,2024-01-25,2024-01-25T21:05:41.000Z,AFTER_CLOSE
V,1403161,2024-04-23,2024-04-23T20:05:39.000Z,AFTER_CLOSE
V,1403161,2024-07-23,2024-07-23T20:05:38.000Z,AFTER_CLOSE
V,1403161,2024-10-29,2024-10-29T20:06:08.000Z,AFTER_CLOSE
V,1403161,2025-01-30,2025-01-30T21:05:52.000Z,AFTER_CLOSE
V,1403161,2025-04-29,2025-04-29T20:05:41.000Z,AFTER_CLOSE
V,1403161,2025-07-29,2025-07-29T20:06:16.000Z,AFTER_CLOSE
V,1403161,2025-10-28,2025-10-28T20:06:03.000Z,AFTER_CLOSE
V,1403161,2026-01-29,2026-01-29T21:05:49.000Z,AFTER_CLOSE
V,1403161,2026-04-28,2026-04-28T20:05:56.000Z,AFTER_CLOSE
V,1403161,2026-07-28,2026-07-28T20:05:26.000Z,AFTER_CLOSE
VEEV,1393052,2019-11-26,2019-11-26T21:05:50.000Z,AFTER_CLOSE
VEEV,1393052,2020-03-03,2020-03-03T21:05:46.000Z,AFTER_CLOSE
VEEV,1393052,2020-05-28,2020-05-28T20:05:53.000Z,AFTER_CLOSE
VEEV,1393052,2020-08-27,2020-08-27T20:05:42.000Z,AFTER_CLOSE
VEEV,1393052,2020-12-01,2020-12-01T21:05:28.000Z,AFTER_CLOSE
VEEV,1393052,2021-03-02,2021-03-02T21:07:16.000Z,AFTER_CLOSE
VEEV,1393052,2021-05-27,2021-05-27T20:04:48.000Z,AFTER_CLOSE
VEEV,1393052,2021-09-01,2021-09-01T20:06:43.000Z,AFTER_CLOSE
VEEV,1393052,2021-12-01,2021-12-01T21:05:20.000Z,AFTER_CLOSE
VEEV,1393052,2022-03-02,2022-03-02T21:05:36.000Z,AFTER_CLOSE
VEEV,1393052,2022-06-01,2022-06-01T20:05:27.000Z,AFTER_CLOSE
VEEV,1393052,2022-08-31,2022-08-31T20:05:17.000Z,AFTER_CLOSE
VEEV,1393052,2022-11-08,2022-11-08T00:54:53.000Z,AFTER_CLOSE
VEEV,1393052,2022-12-01,2022-12-01T21:05:12.000Z,AFTER_CLOSE
VEEV,1393052,2023-03-01,2023-03-01T21:05:13.000Z,AFTER_CLOSE
VEEV,1393052,2023-05-31,2023-05-31T20:05:08.000Z,AFTER_CLOSE
VEEV,1393052,2023-08-30,2023-08-30T20:05:15.000Z,AFTER_CLOSE
VEEV,1393052,2023-11-09,2023-11-09T11:50:01.000Z,BEFORE_OPEN
VEEV,1393052,2023-12-06,2023-12-06T21:05:05.000Z,AFTER_CLOSE
VEEV,1393052,2024-02-29,2024-02-29T21:05:55.000Z,AFTER_CLOSE
VEEV,1393052,2024-05-30,2024-05-30T20:12:59.000Z,AFTER_CLOSE
VEEV,1393052,2024-08-28,2024-08-28T20:04:57.000Z,AFTER_CLOSE
VEEV,1393052,2024-11-08,2024-11-08T01:05:37.000Z,AFTER_CLOSE
VEEV,1393052,2024-12-05,2024-12-05T21:11:31.000Z,AFTER_CLOSE
VEEV,1393052,2025-03-05,2025-03-05T21:05:32.000Z,AFTER_CLOSE
VEEV,1393052,2025-05-28,2025-05-28T20:04:36.000Z,AFTER_CLOSE
VEEV,1393052,2025-08-27,2025-08-27T20:05:02.000Z,AFTER_CLOSE
VEEV,1393052,2025-11-20,2025-11-20T21:04:34.000Z,AFTER_CLOSE
VEEV,1393052,2026-03-04,2026-03-04T21:03:17.000Z,AFTER_CLOSE
VEEV,1393052,2026-06-03,2026-06-03T20:04:04.000Z,AFTER_CLOSE
VEEV,1393052,2026-08-26,2026-08-26T20:06:32.000Z,AFTER_CLOSE
VICI,1705696,2018-03-08,2018-03-08T21:37:03.000Z,AFTER_CLOSE
VICI,1705696,2018-05-03,2018-05-03T20:30:20.000Z,AFTER_CLOSE
VICI,1705696,2018-08-02,2018-08-02T20:24:02.000Z,AFTER_CLOSE
VICI,1705696,2018-11-01,2018-11-01T20:16:18.000Z,AFTER_CLOSE
VICI,1705696,2019-02-14,2019-02-14T21:22:59.000Z,AFTER_CLOSE
VICI,1705696,2019-05-01,2019-05-01T20:16:26.000Z,AFTER_CLOSE
VICI,1705696,2019-07-31,2019-07-31T20:22:19.000Z,AFTER_CLOSE
VICI,1705696,2019-10-31,2019-10-31T20:16:37.000Z,AFTER_CLOSE
VICI,1705696,2020-02-20,2020-02-20T21:17:38.000Z,AFTER_CLOSE
VICI,1705696,2020-04-30,2020-04-30T20:19:15.000Z,AFTER_CLOSE
VICI,1705696,2020-07-29,2020-07-29T20:19:14.000Z,AFTER_CLOSE
VICI,1705696,2020-10-28,2020-10-28T20:16:27.000Z,AFTER_CLOSE
VICI,1705696,2021-02-18,2021-02-18T21:16:31.000Z,AFTER_CLOSE
VICI,1705696,2021-04-29,2021-04-29T20:15:53.000Z,AFTER_CLOSE
VICI,1705696,2021-07-28,2021-07-28T20:18:38.000Z,AFTER_CLOSE
VICI,1705696,2021-10-27,2021-10-27T20:17:19.000Z,AFTER_CLOSE
VICI,1705696,2022-02-23,2022-02-23T21:20:54.000Z,AFTER_CLOSE
VICI,1705696,2022-04-18,2022-04-18T12:48:03.000Z,BEFORE_OPEN
VICI,1705696,2022-05-04,2022-05-04T20:20:24.000Z,AFTER_CLOSE
VICI,1705696,2022-07-27,2022-07-27T20:17:38.000Z,AFTER_CLOSE
VICI,1705696,2022-10-27,2022-10-27T20:17:10.000Z,AFTER_CLOSE
VICI,1705696,2023-02-23,2023-02-23T21:15:58.000Z,AFTER_CLOSE
VICI,1705696,2023-05-01,2023-05-01T20:19:42.000Z,AFTER_CLOSE
VICI,1705696,2023-07-26,2023-07-26T20:20:56.000Z,AFTER_CLOSE
VICI,1705696,2023-10-25,2023-10-25T20:16:25.000Z,AFTER_CLOSE
VICI,1705696,2024-02-22,2024-02-22T21:18:28.000Z,AFTER_CLOSE
VICI,1705696,2024-05-01,2024-05-01T20:20:36.000Z,AFTER_CLOSE
VICI,1705696,2024-07-31,2024-07-31T20:16:19.000Z,AFTER_CLOSE
VICI,1705696,2024-10-31,2024-10-31T20:17:38.000Z,AFTER_CLOSE
VICI,1705696,2025-02-20,2025-02-20T21:16:12.000Z,AFTER_CLOSE
VICI,1705696,2025-04-30,2025-04-30T20:05:54.000Z,AFTER_CLOSE
VICI,1705696,2025-07-30,2025-07-30T20:15:33.000Z,AFTER_CLOSE
VICI,1705696,2025-10-30,2025-10-30T20:15:54.000Z,AFTER_CLOSE
VICI,1705696,2026-02-25,2026-02-25T21:15:24.000Z,AFTER_CLOSE
VICI,1705696,2026-04-29,2026-04-29T20:15:25.000Z,AFTER_CLOSE
VICI,1705696,2026-07-29,2026-07-29T20:15:25.000Z,AFTER_CLOSE
VLO,1035002,2013-01-29,2013-01-29T13:29:14.000Z,BEFORE_OPEN
VLO,1035002,2013-04-30,2013-04-30T13:00:16.000Z,BEFORE_OPEN
VLO,1035002,2013-07-23,2013-07-23T12:39:32.000Z,BEFORE_OPEN
VLO,1035002,2013-10-29,2013-10-29T13:01:08.000Z,BEFORE_OPEN
VLO,1035002,2014-01-29,2014-01-29T15:09:29.000Z,IN_SESSION
VLO,1035002,2014-04-29,2014-04-29T13:02:21.000Z,BEFORE_OPEN
VLO,1035002,2014-07-30,2014-07-30T12:47:58.000Z,BEFORE_OPEN
VLO,1035002,2014-11-04,2014-11-04T13:54:24.000Z,BEFORE_OPEN
VLO,1035002,2015-01-29,2015-01-29T13:41:56.000Z,BEFORE_OPEN
VLO,1035002,2015-04-28,2015-04-28T13:14:45.000Z,BEFORE_OPEN
VLO,1035002,2015-07-30,2015-07-30T13:09:11.000Z,BEFORE_OPEN
VLO,1035002,2015-10-28,2015-10-28T13:00:16.000Z,BEFORE_OPEN
VLO,1035002,2016-01-28,2016-01-28T13:50:54.000Z,BEFORE_OPEN
VLO,1035002,2016-05-03,2016-05-03T13:00:49.000Z,BEFORE_OPEN
VLO,1035002,2016-07-26,2016-07-26T13:19:44.000Z,BEFORE_OPEN
VLO,1035002,2016-10-25,2016-10-25T12:58:04.000Z,BEFORE_OPEN
VLO,1035002,2017-01-31,2017-01-31T13:39:42.000Z,BEFORE_OPEN
VLO,1035002,2017-04-25,2017-04-25T12:41:38.000Z,BEFORE_OPEN
VLO,1035002,2017-07-27,2017-07-27T12:59:21.000Z,BEFORE_OPEN
VLO,1035002,2017-10-26,2017-10-26T12:23:23.000Z,BEFORE_OPEN
VLO,1035002,2018-02-01,2018-02-01T13:25:13.000Z,BEFORE_OPEN
VLO,1035002,2018-04-26,2018-04-26T12:31:07.000Z,BEFORE_OPEN
VLO,1035002,2018-07-26,2018-07-26T11:58:44.000Z,BEFORE_OPEN
VLO,1035002,2018-10-25,2018-10-25T12:18:19.000Z,BEFORE_OPEN
VLO,1035002,2019-01-31,2019-01-31T12:39:39.000Z,BEFORE_OPEN
VLO,1035002,2019-04-25,2019-04-25T12:21:29.000Z,BEFORE_OPEN
VLO,1035002,2019-07-25,2019-07-25T12:29:58.000Z,BEFORE_OPEN
VLO,1035002,2019-10-24,2019-10-24T12:15:30.000Z,BEFORE_OPEN
VLO,1035002,2020-01-30,2020-01-30T13:32:05.000Z,BEFORE_OPEN
VLO,1035002,2020-04-13,2020-04-13T18:44:44.000Z,IN_SESSION
VLO,1035002,2020-04-29,2020-04-29T12:22:07.000Z,BEFORE_OPEN
VLO,1035002,2020-07-30,2020-07-30T12:53:37.000Z,BEFORE_OPEN
VLO,1035002,2020-10-22,2020-10-22T12:17:29.000Z,BEFORE_OPEN
VLO,1035002,2021-01-28,2021-01-28T13:23:49.000Z,BEFORE_OPEN
VLO,1035002,2021-04-08,2021-04-08T12:04:54.000Z,BEFORE_OPEN
VLO,1035002,2021-04-22,2021-04-22T12:23:31.000Z,BEFORE_OPEN
VLO,1035002,2021-07-29,2021-07-29T12:17:32.000Z,BEFORE_OPEN
VLO,1035002,2021-10-21,2021-10-21T12:19:50.000Z,BEFORE_OPEN
VLO,1035002,2022-01-27,2022-01-27T13:26:14.000Z,BEFORE_OPEN
VLO,1035002,2022-04-26,2022-04-26T12:22:47.000Z,BEFORE_OPEN
VLO,1035002,2022-07-28,2022-07-28T12:23:09.000Z,BEFORE_OPEN
VLO,1035002,2022-10-25,2022-10-25T12:32:46.000Z,BEFORE_OPEN
VLO,1035002,2023-01-26,2023-01-26T13:20:18.000Z,BEFORE_OPEN
VLO,1035002,2023-04-27,2023-04-27T12:12:44.000Z,BEFORE_OPEN
VLO,1035002,2023-07-27,2023-07-27T12:13:56.000Z,BEFORE_OPEN
VLO,1035002,2023-10-26,2023-10-26T12:19:20.000Z,BEFORE_OPEN
VLO,1035002,2024-01-25,2024-01-25T13:11:40.000Z,BEFORE_OPEN
VLO,1035002,2024-04-25,2024-04-25T12:32:11.000Z,BEFORE_OPEN
VLO,1035002,2024-07-25,2024-07-25T12:16:15.000Z,BEFORE_OPEN
VLO,1035002,2024-10-24,2024-10-24T12:19:07.000Z,BEFORE_OPEN
VLO,1035002,2025-01-30,2025-01-30T13:20:41.000Z,BEFORE_OPEN
VLO,1035002,2025-04-16,2025-04-16T12:36:02.000Z,BEFORE_OPEN
VLO,1035002,2025-04-24,2025-04-24T12:13:40.000Z,BEFORE_OPEN
VLO,1035002,2025-07-24,2025-07-24T12:19:48.000Z,BEFORE_OPEN
VLO,1035002,2025-10-23,2025-10-23T12:20:31.000Z,BEFORE_OPEN
VLO,1035002,2026-01-29,2026-01-29T13:19:30.000Z,BEFORE_OPEN
VLO,1035002,2026-04-30,2026-04-30T12:09:55.000Z,BEFORE_OPEN
VLO,1035002,2026-07-30,2026-07-30T12:15:29.000Z,BEFORE_OPEN
VLTO,1967680,2023-10-25,2023-10-25T21:15:27.000Z,AFTER_CLOSE
VLTO,1967680,2024-02-06,2024-02-06T21:32:59.000Z,AFTER_CLOSE
VLTO,1967680,2024-04-24,2024-04-23T21:37:46.000Z,AFTER_CLOSE
VLTO,1967680,2024-07-25,2024-07-25T20:30:35.000Z,AFTER_CLOSE
VLTO,1967680,2024-10-23,2024-10-23T20:30:32.000Z,AFTER_CLOSE
VLTO,1967680,2025-02-04,2025-02-04T21:30:57.000Z,AFTER_CLOSE
VLTO,1967680,2025-04-29,2025-04-29T20:30:48.000Z,AFTER_CLOSE
VLTO,1967680,2025-07-28,2025-07-28T20:31:03.000Z,AFTER_CLOSE
VLTO,1967680,2025-10-28,2025-10-28T20:31:04.000Z,AFTER_CLOSE
VLTO,1967680,2026-02-03,2026-02-03T21:30:16.000Z,AFTER_CLOSE
VLTO,1967680,2026-04-28,2026-04-28T20:31:33.000Z,AFTER_CLOSE
VLTO,1967680,2026-07-28,2026-07-28T20:31:18.000Z,AFTER_CLOSE
VMC,1396009,2015-08-04,2015-08-04T20:29:38.000Z,AFTER_CLOSE
VMC,1396009,2015-11-03,2015-11-03T14:00:35.000Z,BEFORE_OPEN
VMC,1396009,2016-02-04,2016-02-04T14:45:27.000Z,IN_SESSION
VMC,1396009,2016-05-03,2016-05-03T18:20:44.000Z,IN_SESSION
VMC,1396009,2016-08-01,2016-08-01T20:30:45.000Z,AFTER_CLOSE
VMC,1396009,2016-11-02,2016-11-02T20:00:21.000Z,AFTER_CLOSE
VMC,1396009,2017-02-07,2017-02-07T22:08:47.000Z,AFTER_CLOSE
VMC,1396009,2017-08-02,2017-08-02T21:25:49.000Z,AFTER_CLOSE
VMC,1396009,2017-11-02,2017-11-02T01:00:14.000Z,AFTER_CLOSE
VMC,1396009,2018-02-16,2018-02-16T22:12:04.000Z,AFTER_CLOSE
VMC,1396009,2018-07-31,2018-07-31T20:31:49.000Z,AFTER_CLOSE
VMC,1396009,2018-10-30,2018-10-30T21:01:30.000Z,AFTER_CLOSE
VMC,1396009,2019-02-14,2019-02-14T13:15:25.000Z,BEFORE_OPEN
VMC,1396009,2019-05-02,2019-05-02T13:09:07.000Z,BEFORE_OPEN
VMC,1396009,2019-07-25,2019-07-25T12:07:58.000Z,BEFORE_OPEN
VMC,1396009,2019-11-06,2019-11-06T12:48:36.000Z,BEFORE_OPEN
VMC,1396009,2020-02-18,2020-02-18T12:50:40.000Z,BEFORE_OPEN
VMC,1396009,2020-05-06,2020-05-06T12:03:31.000Z,BEFORE_OPEN
VMC,1396009,2020-08-04,2020-08-04T11:45:55.000Z,BEFORE_OPEN
VMC,1396009,2020-11-05,2020-11-05T12:45:18.000Z,BEFORE_OPEN
VMC,1396009,2021-02-16,2021-02-16T12:46:06.000Z,BEFORE_OPEN
VMC,1396009,2021-05-04,2021-05-04T11:16:03.000Z,BEFORE_OPEN
VMC,1396009,2021-08-04,2021-08-04T11:45:40.000Z,BEFORE_OPEN
VMC,1396009,2021-11-04,2021-11-04T11:45:24.000Z,BEFORE_OPEN
VMC,1396009,2022-02-16,2022-02-16T12:46:11.000Z,BEFORE_OPEN
VMC,1396009,2022-05-04,2022-05-04T11:46:22.000Z,BEFORE_OPEN
VMC,1396009,2022-08-04,2022-08-04T11:10:32.000Z,BEFORE_OPEN
VMC,1396009,2022-11-02,2022-11-02T11:15:22.000Z,BEFORE_OPEN
VMC,1396009,2023-02-16,2023-02-16T12:35:23.000Z,BEFORE_OPEN
VMC,1396009,2023-05-04,2023-05-04T11:35:19.000Z,BEFORE_OPEN
VMC,1396009,2023-08-03,2023-08-03T11:35:19.000Z,BEFORE_OPEN
VMC,1396009,2023-10-26,2023-10-26T11:35:18.000Z,BEFORE_OPEN
VMC,1396009,2024-02-16,2024-02-16T12:05:25.000Z,BEFORE_OPEN
VMC,1396009,2024-05-02,2024-05-02T11:30:32.000Z,BEFORE_OPEN
VMC,1396009,2024-08-06,2024-08-06T11:35:19.000Z,BEFORE_OPEN
VMC,1396009,2024-10-30,2024-10-30T11:35:27.000Z,BEFORE_OPEN
VMC,1396009,2025-02-18,2025-02-18T12:35:16.000Z,BEFORE_OPEN
VMC,1396009,2025-04-30,2025-04-30T11:14:47.000Z,BEFORE_OPEN
VMC,1396009,2025-07-31,2025-07-31T11:00:40.000Z,BEFORE_OPEN
VMC,1396009,2025-10-30,2025-10-30T11:05:50.000Z,BEFORE_OPEN
VMC,1396009,2026-02-17,2026-02-17T12:05:37.000Z,BEFORE_OPEN
VMC,1396009,2026-04-29,2026-04-29T11:05:35.000Z,BEFORE_OPEN
VMC,1396009,2026-07-29,2026-07-29T11:05:34.000Z,BEFORE_OPEN
VMRK,906107,2015-10-26,2015-10-26T12:00:25.000Z,BEFORE_OPEN
VMRK,906107,2016-02-02,2016-02-02T21:25:37.000Z,AFTER_CLOSE
VMRK,906107,2016-04-26,2016-04-26T20:41:50.000Z,AFTER_CLOSE
VMRK,906107,2016-07-26,2016-07-26T20:44:42.000Z,AFTER_CLOSE
VMRK,906107,2016-10-25,2016-10-25T20:25:06.000Z,AFTER_CLOSE
VMRK,906107,2017-01-31,2017-01-31T21:49:47.000Z,AFTER_CLOSE
VMRK,906107,2017-04-25,2017-04-25T20:44:57.000Z,AFTER_CLOSE
VMRK,906107,2017-07-25,2017-07-25T20:22:31.000Z,AFTER_CLOSE
VMRK,906107,2017-10-24,2017-10-24T21:29:47.000Z,AFTER_CLOSE
VMRK,906107,2018-01-30,2018-01-30T21:45:22.000Z,AFTER_CLOSE
VMRK,906107,2018-04-24,2018-04-24T20:31:17.000Z,AFTER_CLOSE
VMRK,906107,2018-07-24,2018-07-24T20:44:41.000Z,AFTER_CLOSE
VMRK,906107,2018-10-23,2018-10-23T20:26:34.000Z,AFTER_CLOSE
VMRK,906107,2019-01-29,2019-01-29T21:25:20.000Z,AFTER_CLOSE
VMRK,906107,2019-04-30,2019-04-30T20:41:53.000Z,AFTER_CLOSE
VMRK,906107,2019-07-30,2019-07-30T20:25:11.000Z,AFTER_CLOSE
VMRK,906107,2019-10-22,2019-10-22T20:33:03.000Z,AFTER_CLOSE
VMRK,906107,2020-01-28,2020-01-28T21:32:04.000Z,AFTER_CLOSE
VMRK,906107,2020-05-05,2020-05-05T20:37:12.000Z,AFTER_CLOSE
VMRK,906107,2020-07-28,2020-07-28T20:31:06.000Z,AFTER_CLOSE
VMRK,906107,2020-10-27,2020-10-27T20:26:25.000Z,AFTER_CLOSE
VMRK,906107,2021-02-10,2021-02-10T21:27:15.000Z,AFTER_CLOSE
VMRK,906107,2021-04-27,2021-04-27T20:25:46.000Z,AFTER_CLOSE
VMRK,906107,2021-07-27,2021-07-27T20:46:36.000Z,AFTER_CLOSE
VMRK,906107,2021-10-26,2021-10-26T20:27:15.000Z,AFTER_CLOSE
VMRK,906107,2022-02-01,2022-02-01T21:32:38.000Z,AFTER_CLOSE
VMRK,906107,2022-04-26,2022-04-26T20:22:39.000Z,AFTER_CLOSE
VMRK,906107,2022-07-26,2022-07-26T20:30:58.000Z,AFTER_CLOSE
VMRK,906107,2022-10-25,2022-10-25T20:27:32.000Z,AFTER_CLOSE
VMRK,906107,2023-02-09,2023-02-09T21:36:37.000Z,AFTER_CLOSE
VMRK,906107,2023-04-25,2023-04-25T20:17:54.000Z,AFTER_CLOSE
VMRK,906107,2023-07-27,2023-07-27T20:33:26.000Z,AFTER_CLOSE
VMRK,906107,2023-10-31,2023-10-31T20:27:44.000Z,AFTER_CLOSE
VMRK,906107,2024-01-30,2024-01-30T21:25:46.000Z,AFTER_CLOSE
VMRK,906107,2024-04-23,2024-04-23T20:21:04.000Z,AFTER_CLOSE
VMRK,906107,2024-07-29,2024-07-29T20:40:34.000Z,AFTER_CLOSE
VMRK,906107,2024-10-30,2024-10-30T20:26:23.000Z,AFTER_CLOSE
VMRK,906107,2025-02-03,2025-02-03T21:20:00.000Z,AFTER_CLOSE
VMRK,906107,2025-04-29,2025-04-29T20:24:08.000Z,AFTER_CLOSE
VMRK,906107,2025-08-04,2025-08-04T20:23:12.000Z,AFTER_CLOSE
VMRK,906107,2025-10-28,2025-10-28T20:37:33.000Z,AFTER_CLOSE
VMRK,906107,2026-02-05,2026-02-05T21:22:24.000Z,AFTER_CLOSE
VMRK,906107,2026-04-28,2026-04-28T20:38:20.000Z,AFTER_CLOSE
VMRK,906107,2026-07-22,2026-07-22T20:28:57.000Z,AFTER_CLOSE
VNOM,2074176,2025-11-03,2025-11-03T21:04:10.000Z,AFTER_CLOSE
VNOM,2074176,2026-02-23,2026-02-23T21:02:56.000Z,AFTER_CLOSE
VNOM,2074176,2026-05-04,2026-05-04T20:04:47.000Z,AFTER_CLOSE
VNOM,2074176,2026-08-03,2026-08-03T20:04:01.000Z,AFTER_CLOSE
VRSK,1442145,2015-07-28,2015-07-28T20:18:21.000Z,AFTER_CLOSE
VRSK,1442145,2015-10-27,2015-10-27T20:18:00.000Z,AFTER_CLOSE
VRSK,1442145,2016-02-23,2016-02-23T21:17:18.000Z,AFTER_CLOSE
VRSK,1442145,2016-05-03,2016-05-03T20:14:51.000Z,AFTER_CLOSE
VRSK,1442145,2016-08-02,2016-08-02T20:21:43.000Z,AFTER_CLOSE
VRSK,1442145,2016-11-01,2016-11-01T20:14:56.000Z,AFTER_CLOSE
VRSK,1442145,2017-02-21,2017-02-21T21:55:05.000Z,AFTER_CLOSE
VRSK,1442145,2017-05-02,2017-05-02T20:15:34.000Z,AFTER_CLOSE
VRSK,1442145,2017-08-01,2017-08-01T20:22:10.000Z,AFTER_CLOSE
VRSK,1442145,2017-10-31,2017-10-31T20:12:45.000Z,AFTER_CLOSE
VRSK,1442145,2018-02-20,2018-02-20T21:17:44.000Z,AFTER_CLOSE
VRSK,1442145,2018-05-01,2018-05-01T20:15:39.000Z,AFTER_CLOSE
VRSK,1442145,2018-07-31,2018-07-31T20:16:05.000Z,AFTER_CLOSE
VRSK,1442145,2018-10-30,2018-10-30T20:13:59.000Z,AFTER_CLOSE
VRSK,1442145,2019-02-19,2019-02-19T21:21:02.000Z,AFTER_CLOSE
VRSK,1442145,2019-04-30,2019-04-30T20:17:51.000Z,AFTER_CLOSE
VRSK,1442145,2019-07-30,2019-07-30T20:10:50.000Z,AFTER_CLOSE
VRSK,1442145,2019-10-30,2019-10-29T23:07:35.000Z,AFTER_CLOSE
VRSK,1442145,2020-02-18,2020-02-18T21:33:14.000Z,AFTER_CLOSE
VRSK,1442145,2020-05-05,2020-05-05T20:16:04.000Z,AFTER_CLOSE
VRSK,1442145,2020-08-04,2020-08-04T20:07:57.000Z,AFTER_CLOSE
VRSK,1442145,2020-11-04,2020-11-04T21:14:50.000Z,AFTER_CLOSE
VRSK,1442145,2021-02-23,2021-02-23T21:17:32.000Z,AFTER_CLOSE
VRSK,1442145,2021-05-04,2021-05-04T20:19:39.000Z,AFTER_CLOSE
VRSK,1442145,2021-08-03,2021-08-03T20:19:30.000Z,AFTER_CLOSE
VRSK,1442145,2021-11-02,2021-11-02T20:16:06.000Z,AFTER_CLOSE
VRSK,1442145,2022-02-22,2022-02-22T21:34:46.000Z,AFTER_CLOSE
VRSK,1442145,2022-05-03,2022-05-03T20:16:37.000Z,AFTER_CLOSE
VRSK,1442145,2022-08-02,2022-08-02T20:13:30.000Z,AFTER_CLOSE
VRSK,1442145,2022-11-01,2022-11-01T20:14:03.000Z,AFTER_CLOSE
VRSK,1442145,2023-02-28,2023-02-28T22:10:30.000Z,AFTER_CLOSE
VRSK,1442145,2023-08-02,2023-08-02T11:17:26.000Z,BEFORE_OPEN
VRSK,1442145,2023-11-01,2023-11-01T10:47:41.000Z,BEFORE_OPEN
VRSK,1442145,2024-02-21,2024-02-21T12:16:27.000Z,BEFORE_OPEN
VRSK,1442145,2024-05-01,2024-05-01T11:17:18.000Z,BEFORE_OPEN
VRSK,1442145,2024-07-31,2024-07-31T11:16:43.000Z,BEFORE_OPEN
VRSK,1442145,2024-10-30,2024-10-30T11:17:09.000Z,BEFORE_OPEN
VRSK,1442145,2025-02-26,2025-02-26T12:21:49.000Z,BEFORE_OPEN
VRSK,1442145,2025-05-07,2025-05-07T11:18:20.000Z,BEFORE_OPEN
VRSK,1442145,2025-07-30,2025-07-30T11:17:05.000Z,BEFORE_OPEN
VRSK,1442145,2025-10-29,2025-10-29T11:21:05.000Z,BEFORE_OPEN
VRSK,1442145,2026-02-18,2026-02-18T12:16:45.000Z,BEFORE_OPEN
VRSK,1442145,2026-04-29,2026-04-29T11:16:12.000Z,BEFORE_OPEN
VRSK,1442145,2026-07-29,2026-07-29T11:16:18.000Z,BEFORE_OPEN
VRSN,1014473,2017-04-27,2017-04-27T20:09:22.000Z,AFTER_CLOSE
VRSN,1014473,2017-07-27,2017-07-27T20:10:06.000Z,AFTER_CLOSE
VRSN,1014473,2017-10-26,2017-10-26T20:09:54.000Z,AFTER_CLOSE
VRSN,1014473,2018-02-08,2018-02-08T21:10:11.000Z,AFTER_CLOSE
VRSN,1014473,2018-04-26,2018-04-26T20:08:38.000Z,AFTER_CLOSE
VRSN,1014473,2018-07-26,2018-07-26T20:12:58.000Z,AFTER_CLOSE
VRSN,1014473,2018-10-25,2018-10-25T20:08:49.000Z,AFTER_CLOSE
VRSN,1014473,2019-02-07,2019-02-07T21:10:59.000Z,AFTER_CLOSE
VRSN,1014473,2019-04-25,2019-04-25T20:08:23.000Z,AFTER_CLOSE
VRSN,1014473,2019-07-25,2019-07-25T20:08:54.000Z,AFTER_CLOSE
VRSN,1014473,2019-10-24,2019-10-25T14:39:07.000Z,IN_SESSION
VRSN,1014473,2020-02-06,2020-02-06T21:11:25.000Z,AFTER_CLOSE
VRSN,1014473,2020-04-23,2020-04-23T20:09:39.000Z,AFTER_CLOSE
VRSN,1014473,2020-07-23,2020-07-23T20:09:16.000Z,AFTER_CLOSE
VRSN,1014473,2020-10-22,2020-10-22T20:07:46.000Z,AFTER_CLOSE
VRSN,1014473,2021-02-11,2021-02-11T21:09:47.000Z,AFTER_CLOSE
VRSN,1014473,2021-04-22,2021-04-22T20:08:12.000Z,AFTER_CLOSE
VRSN,1014473,2021-07-22,2021-07-22T20:08:50.000Z,AFTER_CLOSE
VRSN,1014473,2021-10-28,2021-10-28T20:11:34.000Z,AFTER_CLOSE
VRSN,1014473,2022-02-10,2022-02-10T21:11:27.000Z,AFTER_CLOSE
VRSN,1014473,2022-04-28,2022-04-28T20:13:22.000Z,AFTER_CLOSE
VRSN,1014473,2022-07-28,2022-07-28T20:09:36.000Z,AFTER_CLOSE
VRSN,1014473,2022-10-27,2022-10-27T20:07:12.000Z,AFTER_CLOSE
VRSN,1014473,2023-02-09,2023-02-09T21:07:42.000Z,AFTER_CLOSE
VRSN,1014473,2023-04-27,2023-04-27T20:08:03.000Z,AFTER_CLOSE
VRSN,1014473,2023-07-27,2023-07-27T20:07:25.000Z,AFTER_CLOSE
VRSN,1014473,2023-10-26,2023-10-26T20:07:46.000Z,AFTER_CLOSE
VRSN,1014473,2024-02-08,2024-02-08T21:06:49.000Z,AFTER_CLOSE
VRSN,1014473,2024-04-25,2024-04-25T20:07:19.000Z,AFTER_CLOSE
VRSN,1014473,2024-07-25,2024-07-25T20:08:30.000Z,AFTER_CLOSE
VRSN,1014473,2024-10-24,2024-10-24T20:07:25.000Z,AFTER_CLOSE
VRSN,1014473,2025-02-06,2025-02-06T21:08:35.000Z,AFTER_CLOSE
VRSN,1014473,2025-04-24,2025-04-24T20:07:16.000Z,AFTER_CLOSE
VRSN,1014473,2025-07-24,2025-07-24T20:06:45.000Z,AFTER_CLOSE
VRSN,1014473,2025-10-23,2025-10-23T20:07:18.000Z,AFTER_CLOSE
VRSN,1014473,2026-02-05,2026-02-05T21:07:52.000Z,AFTER_CLOSE
VRSN,1014473,2026-04-23,2026-04-23T20:07:46.000Z,AFTER_CLOSE
VRSN,1014473,2026-07-23,2026-07-23T20:08:53.000Z,AFTER_CLOSE
VRT,1674101,2020-03-09,2020-03-09T10:04:39.000Z,BEFORE_OPEN
VRT,1674101,2020-05-05,2020-05-05T21:22:02.000Z,AFTER_CLOSE
VRT,1674101,2020-11-04,2020-11-04T11:12:07.000Z,BEFORE_OPEN
VRT,1674101,2021-02-24,2021-02-24T11:05:18.000Z,BEFORE_OPEN
VRT,1674101,2021-04-23,2021-04-22T21:31:51.000Z,AFTER_CLOSE
VRT,1674101,2021-04-28,2021-04-28T10:09:00.000Z,BEFORE_OPEN
VRT,1674101,2021-07-28,2021-07-28T10:13:45.000Z,BEFORE_OPEN
VRT,1674101,2021-10-27,2021-10-27T10:34:07.000Z,BEFORE_OPEN
VRT,1674101,2022-02-23,2022-02-23T11:12:36.000Z,BEFORE_OPEN
VRT,1674101,2022-04-27,2022-04-27T10:11:02.000Z,BEFORE_OPEN
VRT,1674101,2022-08-03,2022-08-03T10:06:24.000Z,BEFORE_OPEN
VRT,1674101,2022-10-03,2022-10-03T11:28:03.000Z,BEFORE_OPEN
VRT,1674101,2022-10-26,2022-10-26T10:00:38.000Z,BEFORE_OPEN
VRT,1674101,2023-02-22,2023-02-22T11:03:27.000Z,BEFORE_OPEN
VRT,1674101,2023-04-26,2023-04-26T10:04:59.000Z,BEFORE_OPEN
VRT,1674101,2023-08-02,2023-08-02T10:01:56.000Z,BEFORE_OPEN
VRT,1674101,2023-10-25,2023-10-25T10:02:03.000Z,BEFORE_OPEN
VRT,1674101,2024-02-21,2024-02-21T11:02:03.000Z,BEFORE_OPEN
VRT,1674101,2024-04-24,2024-04-24T10:01:14.000Z,BEFORE_OPEN
VRT,1674101,2024-07-24,2024-07-24T10:00:57.000Z,BEFORE_OPEN
VRT,1674101,2024-10-23,2024-10-23T10:01:03.000Z,BEFORE_OPEN
VRT,1674101,2025-02-12,2025-02-12T11:06:37.000Z,BEFORE_OPEN
VRT,1674101,2025-04-23,2025-04-23T10:01:31.000Z,BEFORE_OPEN
VRT,1674101,2025-07-30,2025-07-30T10:03:27.000Z,BEFORE_OPEN
VRT,1674101,2025-10-22,2025-10-22T10:01:43.000Z,BEFORE_OPEN
VRT,1674101,2026-02-11,2026-02-11T11:00:29.000Z,BEFORE_OPEN
VRT,1674101,2026-04-22,2026-04-22T10:00:51.000Z,BEFORE_OPEN
VRT,1674101,2026-07-29,2026-07-29T10:01:57.000Z,BEFORE_OPEN
VRTX,875320,2020-07-30,2020-07-30T22:45:33.000Z,AFTER_CLOSE
VRTX,875320,2020-10-29,2020-10-29T20:04:56.000Z,AFTER_CLOSE
VRTX,875320,2021-02-01,2021-02-01T21:05:15.000Z,AFTER_CLOSE
VRTX,875320,2021-04-29,2021-04-29T20:09:10.000Z,AFTER_CLOSE
VRTX,875320,2021-07-29,2021-07-29T20:05:10.000Z,AFTER_CLOSE
VRTX,875320,2021-11-02,2021-11-02T20:05:52.000Z,AFTER_CLOSE
VRTX,875320,2022-01-26,2022-01-26T21:05:35.000Z,AFTER_CLOSE
VRTX,875320,2022-05-05,2022-05-05T20:04:00.000Z,AFTER_CLOSE
VRTX,875320,2022-08-04,2022-08-04T20:08:20.000Z,AFTER_CLOSE
VRTX,875320,2022-10-27,2022-10-27T20:06:55.000Z,AFTER_CLOSE
VRTX,875320,2023-02-07,2023-02-07T21:07:17.000Z,AFTER_CLOSE
VRTX,875320,2023-05-01,2023-05-01T20:08:27.000Z,AFTER_CLOSE
VRTX,875320,2023-08-01,2023-08-01T20:03:38.000Z,AFTER_CLOSE
VRTX,875320,2023-11-06,2023-11-06T21:05:23.000Z,AFTER_CLOSE
VRTX,875320,2024-02-05,2024-02-05T21:09:48.000Z,AFTER_CLOSE
VRTX,875320,2024-05-06,2024-05-06T20:03:09.000Z,AFTER_CLOSE
VRTX,875320,2024-08-01,2024-08-01T20:05:43.000Z,AFTER_CLOSE
VRTX,875320,2024-11-04,2024-11-04T21:02:42.000Z,AFTER_CLOSE
VRTX,875320,2025-02-10,2025-02-10T21:08:20.000Z,AFTER_CLOSE
VRTX,875320,2025-05-05,2025-05-05T20:10:03.000Z,AFTER_CLOSE
VRTX,875320,2025-08-04,2025-08-04T20:06:07.000Z,AFTER_CLOSE
VRTX,875320,2025-11-03,2025-11-03T21:06:19.000Z,AFTER_CLOSE
VRTX,875320,2026-02-12,2026-02-12T21:04:19.000Z,AFTER_CLOSE
VRTX,875320,2026-05-04,2026-05-04T20:05:36.000Z,AFTER_CLOSE
VRTX,875320,2026-08-03,2026-08-03T20:09:43.000Z,AFTER_CLOSE
VST,1692819,2017-05-18,2017-05-18T12:30:56.000Z,BEFORE_OPEN
VST,1692819,2017-08-04,2017-08-04T13:01:03.000Z,BEFORE_OPEN
VST,1692819,2018-02-26,2018-02-26T13:13:56.000Z,BEFORE_OPEN
VST,1692819,2018-05-04,2018-05-04T10:32:02.000Z,BEFORE_OPEN
VST,1692819,2018-08-06,2018-08-06T10:47:05.000Z,BEFORE_OPEN
VST,1692819,2018-11-02,2018-11-02T10:45:11.000Z,BEFORE_OPEN
VST,1692819,2019-02-28,2019-02-28T11:30:03.000Z,BEFORE_OPEN
VST,1692819,2019-05-03,2019-05-03T10:30:03.000Z,BEFORE_OPEN
VST,1692819,2019-08-02,2019-08-02T10:30:03.000Z,BEFORE_OPEN
VST,1692819,2019-11-05,2019-11-05T11:30:51.000Z,BEFORE_OPEN
VST,1692819,2020-02-28,2020-02-28T11:30:20.000Z,BEFORE_OPEN
VST,1692819,2020-05-05,2020-05-05T11:30:50.000Z,BEFORE_OPEN
VST,1692819,2020-08-05,2020-08-05T10:35:34.000Z,BEFORE_OPEN
VST,1692819,2020-11-04,2020-11-04T11:31:33.000Z,BEFORE_OPEN
VST,1692819,2021-02-26,2021-02-26T11:31:34.000Z,BEFORE_OPEN
VST,1692819,2021-04-26,2021-04-26T10:31:57.000Z,BEFORE_OPEN
VST,1692819,2021-08-05,2021-08-05T10:31:35.000Z,BEFORE_OPEN
VST,1692819,2021-11-05,2021-11-05T10:31:08.000Z,BEFORE_OPEN
VST,1692819,2022-02-25,2022-02-25T11:31:17.000Z,BEFORE_OPEN
VST,1692819,2022-05-06,2022-05-06T10:31:05.000Z,BEFORE_OPEN
VST,1692819,2022-08-05,2022-08-05T10:31:41.000Z,BEFORE_OPEN
VST,1692819,2022-11-04,2022-11-04T11:31:59.000Z,BEFORE_OPEN
VST,1692819,2023-03-01,2023-03-01T12:00:59.000Z,BEFORE_OPEN
VST,1692819,2023-05-09,2023-05-09T11:02:05.000Z,BEFORE_OPEN
VST,1692819,2023-08-09,2023-08-09T11:01:57.000Z,BEFORE_OPEN
VST,1692819,2023-11-07,2023-11-07T12:00:59.000Z,BEFORE_OPEN
VST,1692819,2024-02-28,2024-02-28T12:06:01.000Z,BEFORE_OPEN
VST,1692819,2024-05-08,2024-05-08T11:01:00.000Z,BEFORE_OPEN
VST,1692819,2024-08-08,2024-08-08T11:13:01.000Z,BEFORE_OPEN
VST,1692819,2024-11-07,2024-11-07T12:22:58.000Z,BEFORE_OPEN
VST,1692819,2025-02-27,2025-02-27T12:55:30.000Z,BEFORE_OPEN
VST,1692819,2025-05-07,2025-05-07T11:00:34.000Z,BEFORE_OPEN
VST,1692819,2025-08-07,2025-08-07T11:00:44.000Z,BEFORE_OPEN
VST,1692819,2025-11-06,2025-11-06T12:00:18.000Z,BEFORE_OPEN
VST,1692819,2026-02-26,2026-02-26T12:00:20.000Z,BEFORE_OPEN
VST,1692819,2026-05-07,2026-05-07T11:01:21.000Z,BEFORE_OPEN
VST,1692819,2026-08-07,2026-08-07T11:00:25.000Z,BEFORE_OPEN
VTR,740260,2019-07-26,2019-07-26T11:06:50.000Z,BEFORE_OPEN
VTR,740260,2019-10-25,2019-10-25T11:34:12.000Z,BEFORE_OPEN
VTR,740260,2020-02-20,2020-02-20T12:37:16.000Z,BEFORE_OPEN
VTR,740260,2020-05-08,2020-05-08T11:09:36.000Z,BEFORE_OPEN
VTR,740260,2020-08-07,2020-08-07T11:17:15.000Z,BEFORE_OPEN
VTR,740260,2020-11-06,2020-11-06T12:08:04.000Z,BEFORE_OPEN
VTR,740260,2021-02-18,2021-02-18T12:40:09.000Z,BEFORE_OPEN
VTR,740260,2021-05-07,2021-05-07T11:54:00.000Z,BEFORE_OPEN
VTR,740260,2021-08-06,2021-08-06T11:29:25.000Z,BEFORE_OPEN
VTR,740260,2021-11-05,2021-11-05T11:05:14.000Z,BEFORE_OPEN
VTR,740260,2022-01-20,2022-01-20T22:24:49.000Z,AFTER_CLOSE
VTR,740260,2022-02-17,2022-02-17T21:44:49.000Z,AFTER_CLOSE
VTR,740260,2022-05-05,2022-05-05T21:21:09.000Z,AFTER_CLOSE
VTR,740260,2022-08-04,2022-08-04T20:29:23.000Z,AFTER_CLOSE
VTR,740260,2022-11-04,2022-11-03T21:58:00.000Z,AFTER_CLOSE
VTR,740260,2023-02-09,2023-02-09T21:22:11.000Z,AFTER_CLOSE
VTR,740260,2023-05-08,2023-05-08T20:25:47.000Z,AFTER_CLOSE
VTR,740260,2023-08-03,2023-08-03T20:34:35.000Z,AFTER_CLOSE
VTR,740260,2023-11-02,2023-11-02T20:21:42.000Z,AFTER_CLOSE
VTR,740260,2024-02-15,2024-02-15T12:13:24.000Z,BEFORE_OPEN
VTR,740260,2024-05-01,2024-05-01T20:17:39.000Z,AFTER_CLOSE
VTR,740260,2024-08-01,2024-08-01T20:57:51.000Z,AFTER_CLOSE
VTR,740260,2024-10-30,2024-10-30T20:58:00.000Z,AFTER_CLOSE
VTR,740260,2025-02-12,2025-02-12T21:39:52.000Z,AFTER_CLOSE
VTR,740260,2025-04-30,2025-04-30T20:33:57.000Z,AFTER_CLOSE
VTR,740260,2025-07-30,2025-07-30T20:30:18.000Z,AFTER_CLOSE
VTR,740260,2025-10-29,2025-10-29T20:23:47.000Z,AFTER_CLOSE
VTR,740260,2026-02-05,2026-02-05T21:47:20.000Z,AFTER_CLOSE
VTR,740260,2026-04-27,2026-04-27T20:33:06.000Z,AFTER_CLOSE
VTR,740260,2026-07-29,2026-07-29T20:39:17.000Z,AFTER_CLOSE
VZ,732712,2024-01-23,2024-01-23T12:00:34.000Z,BEFORE_OPEN
VZ,732712,2024-04-22,2024-04-22T11:01:11.000Z,BEFORE_OPEN
VZ,732712,2024-07-22,2024-07-22T11:00:26.000Z,BEFORE_OPEN
VZ,732712,2024-10-22,2024-10-22T11:00:25.000Z,BEFORE_OPEN
VZ,732712,2025-01-24,2025-01-24T11:55:31.000Z,BEFORE_OPEN
VZ,732712,2025-04-22,2025-04-22T10:55:45.000Z,BEFORE_OPEN
VZ,732712,2025-07-21,2025-07-21T10:58:11.000Z,BEFORE_OPEN
VZ,732712,2025-10-29,2025-10-29T10:31:15.000Z,BEFORE_OPEN
VZ,732712,2026-01-30,2026-01-30T11:30:56.000Z,BEFORE_OPEN
VZ,732712,2026-04-27,2026-04-27T11:00:42.000Z,BEFORE_OPEN
VZ,732712,2026-07-24,2026-07-24T11:00:31.000Z,BEFORE_OPEN
WAB,943452,2018-07-24,2018-07-24T12:15:58.000Z,BEFORE_OPEN
WAB,943452,2018-10-30,2018-10-30T11:49:06.000Z,BEFORE_OPEN
WAB,943452,2019-02-25,2019-02-25T12:50:24.000Z,BEFORE_OPEN
WAB,943452,2019-04-25,2019-04-25T11:51:55.000Z,BEFORE_OPEN
WAB,943452,2019-07-30,2019-07-30T11:08:03.000Z,BEFORE_OPEN
WAB,943452,2019-10-31,2019-10-31T11:03:19.000Z,BEFORE_OPEN
WAB,943452,2020-02-18,2020-02-18T12:11:48.000Z,BEFORE_OPEN
WAB,943452,2020-05-04,2020-05-04T11:11:18.000Z,BEFORE_OPEN
WAB,943452,2020-07-28,2020-07-28T11:02:01.000Z,BEFORE_OPEN
WAB,943452,2020-10-29,2020-10-29T11:12:01.000Z,BEFORE_OPEN
WAB,943452,2021-02-18,2021-02-18T11:58:39.000Z,BEFORE_OPEN
WAB,943452,2021-04-29,2021-04-29T10:42:43.000Z,BEFORE_OPEN
WAB,943452,2021-07-29,2021-07-29T11:30:51.000Z,BEFORE_OPEN
WAB,943452,2021-10-27,2021-10-27T11:30:30.000Z,BEFORE_OPEN
WAB,943452,2022-02-16,2022-02-16T12:22:47.000Z,BEFORE_OPEN
WAB,943452,2022-04-27,2022-04-27T11:18:23.000Z,BEFORE_OPEN
WAB,943452,2022-08-05,2022-08-05T11:31:55.000Z,BEFORE_OPEN
WAB,943452,2022-11-01,2022-11-01T11:23:06.000Z,BEFORE_OPEN
WAB,943452,2023-02-15,2023-02-15T12:05:20.000Z,BEFORE_OPEN
WAB,943452,2023-04-26,2023-04-26T11:20:39.000Z,BEFORE_OPEN
WAB,943452,2023-07-27,2023-07-27T11:11:09.000Z,BEFORE_OPEN
WAB,943452,2023-10-25,2023-10-25T10:54:56.000Z,BEFORE_OPEN
WAB,943452,2024-02-14,2024-02-14T12:08:30.000Z,BEFORE_OPEN
WAB,943452,2024-04-24,2024-04-24T11:16:49.000Z,BEFORE_OPEN
WAB,943452,2024-07-24,2024-07-24T11:15:01.000Z,BEFORE_OPEN
WAB,943452,2024-10-23,2024-10-23T10:45:14.000Z,BEFORE_OPEN
WAB,943452,2025-01-14,2025-01-14T11:26:16.000Z,BEFORE_OPEN
WAB,943452,2025-02-12,2025-02-12T12:12:50.000Z,BEFORE_OPEN
WAB,943452,2025-04-23,2025-04-23T11:13:09.000Z,BEFORE_OPEN
WAB,943452,2025-07-24,2025-07-24T10:58:07.000Z,BEFORE_OPEN
WAB,943452,2025-10-22,2025-10-22T11:11:42.000Z,BEFORE_OPEN
WAB,943452,2026-02-11,2026-02-11T12:13:02.000Z,BEFORE_OPEN
WAB,943452,2026-04-22,2026-04-22T11:02:32.000Z,BEFORE_OPEN
WAB,943452,2026-07-22,2026-07-22T10:59:48.000Z,BEFORE_OPEN
WAT,1000697,2015-01-26,2015-01-26T21:17:04.000Z,AFTER_CLOSE
WAT,1000697,2015-04-28,2015-04-28T11:17:00.000Z,BEFORE_OPEN
WAT,1000697,2015-07-28,2015-07-28T11:15:33.000Z,BEFORE_OPEN
WAT,1000697,2015-10-27,2015-10-27T11:16:08.000Z,BEFORE_OPEN
WAT,1000697,2016-01-26,2016-01-26T12:15:36.000Z,BEFORE_OPEN
WAT,1000697,2016-04-26,2016-04-26T11:15:38.000Z,BEFORE_OPEN
WAT,1000697,2016-07-26,2016-07-26T11:00:55.000Z,BEFORE_OPEN
WAT,1000697,2016-10-25,2016-10-25T11:00:32.000Z,BEFORE_OPEN
WAT,1000697,2017-01-24,2017-01-24T12:00:04.000Z,BEFORE_OPEN
WAT,1000697,2017-04-25,2017-04-25T11:00:33.000Z,BEFORE_OPEN
WAT,1000697,2017-07-25,2017-07-25T11:00:33.000Z,BEFORE_OPEN
WAT,1000697,2017-10-24,2017-10-24T11:01:04.000Z,BEFORE_OPEN
WAT,1000697,2018-01-23,2018-01-23T12:01:55.000Z,BEFORE_OPEN
WAT,1000697,2018-04-24,2018-04-24T11:01:32.000Z,BEFORE_OPEN
WAT,1000697,2018-07-24,2018-07-24T11:00:58.000Z,BEFORE_OPEN
WAT,1000697,2018-10-23,2018-10-23T11:00:35.000Z,BEFORE_OPEN
WAT,1000697,2019-01-23,2019-01-23T12:00:36.000Z,BEFORE_OPEN
WAT,1000697,2019-04-23,2019-04-23T11:00:33.000Z,BEFORE_OPEN
WAT,1000697,2019-07-30,2019-07-30T11:00:56.000Z,BEFORE_OPEN
WAT,1000697,2019-10-29,2019-10-29T11:01:12.000Z,BEFORE_OPEN
WAT,1000697,2020-02-04,2020-02-04T12:00:43.000Z,BEFORE_OPEN
WAT,1000697,2020-04-28,2020-04-28T11:00:43.000Z,BEFORE_OPEN
WAT,1000697,2020-07-15,2020-07-15T16:05:02.000Z,IN_SESSION
WAT,1000697,2020-07-28,2020-07-28T11:00:55.000Z,BEFORE_OPEN
WAT,1000697,2020-10-27,2020-10-27T10:50:55.000Z,BEFORE_OPEN
WAT,1000697,2021-02-02,2021-02-02T11:50:34.000Z,BEFORE_OPEN
WAT,1000697,2021-05-05,2021-05-05T11:00:32.000Z,BEFORE_OPEN
WAT,1000697,2021-08-03,2021-08-03T11:01:04.000Z,BEFORE_OPEN
WAT,1000697,2021-11-02,2021-11-02T11:00:59.000Z,BEFORE_OPEN
WAT,1000697,2022-02-01,2022-02-01T12:01:03.000Z,BEFORE_OPEN
WAT,1000697,2022-05-03,2022-05-03T11:00:55.000Z,BEFORE_OPEN
WAT,1000697,2022-08-02,2022-08-02T11:00:56.000Z,BEFORE_OPEN
WAT,1000697,2022-11-01,2022-11-01T11:00:57.000Z,BEFORE_OPEN
WAT,1000697,2023-02-15,2023-02-15T12:16:04.000Z,BEFORE_OPEN
WAT,1000697,2023-05-09,2023-05-09T11:00:36.000Z,BEFORE_OPEN
WAT,1000697,2023-08-02,2023-08-02T11:00:30.000Z,BEFORE_OPEN
WAT,1000697,2023-11-07,2023-11-07T11:59:28.000Z,BEFORE_OPEN
WAT,1000697,2024-02-06,2024-02-06T12:00:04.000Z,BEFORE_OPEN
WAT,1000697,2024-05-07,2024-05-07T11:01:02.000Z,BEFORE_OPEN
WAT,1000697,2024-07-31,2024-07-31T11:03:30.000Z,BEFORE_OPEN
WAT,1000697,2024-11-01,2024-11-01T10:04:59.000Z,BEFORE_OPEN
WAT,1000697,2025-02-12,2025-02-12T11:03:07.000Z,BEFORE_OPEN
WAT,1000697,2025-05-06,2025-05-06T10:05:51.000Z,BEFORE_OPEN
WAT,1000697,2025-08-04,2025-08-04T10:08:35.000Z,BEFORE_OPEN
WAT,1000697,2025-11-04,2025-11-04T12:00:06.000Z,BEFORE_OPEN
WAT,1000697,2026-02-09,2026-02-09T12:00:30.000Z,BEFORE_OPEN
WAT,1000697,2026-05-05,2026-05-05T10:10:49.000Z,BEFORE_OPEN
WAT,1000697,2026-08-04,2026-08-04T10:10:22.000Z,BEFORE_OPEN
WBD,1437107,2020-02-27,2020-02-27T12:21:00.000Z,BEFORE_OPEN
WBD,1437107,2020-05-06,2020-05-06T11:07:15.000Z,BEFORE_OPEN
WBD,1437107,2020-08-05,2020-08-05T11:21:08.000Z,BEFORE_OPEN
WBD,1437107,2020-11-05,2020-11-05T12:09:50.000Z,BEFORE_OPEN
WBD,1437107,2021-02-22,2021-02-22T12:07:25.000Z,BEFORE_OPEN
WBD,1437107,2021-04-28,2021-04-28T11:05:59.000Z,BEFORE_OPEN
WBD,1437107,2021-08-03,2021-08-03T11:10:44.000Z,BEFORE_OPEN
WBD,1437107,2021-11-03,2021-11-03T11:09:16.000Z,BEFORE_OPEN
WBD,1437107,2022-02-24,2022-02-24T12:05:33.000Z,BEFORE_OPEN
WBD,1437107,2022-04-26,2022-04-26T11:10:00.000Z,BEFORE_OPEN
WBD,1437107,2022-08-04,2022-08-04T20:53:30.000Z,AFTER_CLOSE
WBD,1437107,2022-10-24,2022-10-24T21:19:15.000Z,AFTER_CLOSE
WBD,1437107,2022-11-03,2022-11-03T20:06:05.000Z,AFTER_CLOSE
WBD,1437107,2023-02-23,2023-02-23T21:03:38.000Z,AFTER_CLOSE
WBD,1437107,2023-05-05,2023-05-05T11:03:29.000Z,BEFORE_OPEN
WBD,1437107,2023-08-03,2023-08-03T11:08:50.000Z,BEFORE_OPEN
WBD,1437107,2023-11-08,2023-11-08T12:04:21.000Z,BEFORE_OPEN
WBD,1437107,2024-02-23,2024-02-23T12:05:29.000Z,BEFORE_OPEN
WBD,1437107,2024-05-09,2024-05-09T11:06:55.000Z,BEFORE_OPEN
WBD,1437107,2024-08-07,2024-08-07T20:02:26.000Z,AFTER_CLOSE
WBD,1437107,2024-11-07,2024-11-07T12:05:48.000Z,BEFORE_OPEN
WBD,1437107,2025-02-27,2025-02-27T12:05:54.000Z,BEFORE_OPEN
WBD,1437107,2025-05-08,2025-05-08T11:05:41.000Z,BEFORE_OPEN
WBD,1437107,2025-08-07,2025-08-07T11:06:04.000Z,BEFORE_OPEN
WBD,1437107,2025-11-06,2025-11-06T12:04:02.000Z,BEFORE_OPEN
WBD,1437107,2026-02-26,2026-02-26T12:06:38.000Z,BEFORE_OPEN
WBD,1437107,2026-05-06,2026-05-06T20:02:42.000Z,AFTER_CLOSE
WBD,1437107,2026-08-06,2026-08-06T11:04:14.000Z,BEFORE_OPEN
WCN,1318220,2016-08-03,2016-08-03T20:27:18.000Z,AFTER_CLOSE
WCN,1318220,2016-10-26,2016-10-26T20:16:00.000Z,AFTER_CLOSE
WCN,1318220,2017-02-21,2017-02-21T21:18:37.000Z,AFTER_CLOSE
WCN,1318220,2017-04-26,2017-04-26T20:13:46.000Z,AFTER_CLOSE
WCN,1318220,2017-07-25,2017-07-25T20:10:48.000Z,AFTER_CLOSE
WCN,1318220,2017-10-25,2017-10-25T20:12:59.000Z,AFTER_CLOSE
WCN,1318220,2018-02-14,2018-02-14T21:18:38.000Z,AFTER_CLOSE
WCN,1318220,2018-05-02,2018-05-02T20:14:05.000Z,AFTER_CLOSE
WCN,1318220,2018-07-24,2018-07-24T20:09:37.000Z,AFTER_CLOSE
WCN,1318220,2018-10-29,2018-10-29T20:14:29.000Z,AFTER_CLOSE
WCN,1318220,2019-02-13,2019-02-13T21:10:55.000Z,AFTER_CLOSE
WCN,1318220,2019-04-24,2019-04-24T20:11:22.000Z,AFTER_CLOSE
WCN,1318220,2019-07-29,2019-07-29T20:09:38.000Z,AFTER_CLOSE
WCN,1318220,2019-10-28,2019-10-28T20:43:44.000Z,AFTER_CLOSE
WCN,1318220,2020-02-12,2020-02-12T21:21:49.000Z,AFTER_CLOSE
WCN,1318220,2020-05-06,2020-05-06T20:30:07.000Z,AFTER_CLOSE
WCN,1318220,2020-07-09,2020-07-09T13:24:49.000Z,BEFORE_OPEN
WCN,1318220,2020-08-06,2020-08-06T20:13:49.000Z,AFTER_CLOSE
WCN,1318220,2020-10-28,2020-10-28T20:15:34.000Z,AFTER_CLOSE
WCN,1318220,2021-02-17,2021-02-17T21:21:02.000Z,AFTER_CLOSE
WCN,1318220,2021-04-28,2021-04-28T20:18:52.000Z,AFTER_CLOSE
WCN,1318220,2021-08-04,2021-08-04T20:14:28.000Z,AFTER_CLOSE
WCN,1318220,2021-10-27,2021-10-27T20:20:39.000Z,AFTER_CLOSE
WCN,1318220,2022-02-16,2022-02-16T21:20:30.000Z,AFTER_CLOSE
WCN,1318220,2022-05-03,2022-05-03T20:43:25.000Z,AFTER_CLOSE
WCN,1318220,2022-08-02,2022-08-02T20:16:35.000Z,AFTER_CLOSE
WCN,1318220,2022-11-02,2022-11-02T20:20:08.000Z,AFTER_CLOSE
WCN,1318220,2023-02-15,2023-02-15T21:11:33.000Z,AFTER_CLOSE
WCN,1318220,2023-04-26,2023-04-26T20:12:10.000Z,AFTER_CLOSE
WCN,1318220,2023-08-02,2023-08-02T20:09:22.000Z,AFTER_CLOSE
WCN,1318220,2023-10-25,2023-10-25T20:10:10.000Z,AFTER_CLOSE
WCN,1318220,2024-02-13,2024-02-13T21:09:12.000Z,AFTER_CLOSE
WCN,1318220,2024-04-24,2024-04-24T20:06:54.000Z,AFTER_CLOSE
WCN,1318220,2024-07-24,2024-07-24T20:14:23.000Z,AFTER_CLOSE
WCN,1318220,2024-10-23,2024-10-23T20:10:26.000Z,AFTER_CLOSE
WCN,1318220,2025-02-12,2025-02-12T21:45:24.000Z,AFTER_CLOSE
WCN,1318220,2025-04-23,2025-04-23T20:10:56.000Z,AFTER_CLOSE
WCN,1318220,2025-07-23,2025-07-23T20:10:56.000Z,AFTER_CLOSE
WCN,1318220,2025-10-21,2025-10-21T20:23:03.000Z,AFTER_CLOSE
WCN,1318220,2026-02-11,2026-02-11T21:10:29.000Z,AFTER_CLOSE
WCN,1318220,2026-04-22,2026-04-22T20:09:41.000Z,AFTER_CLOSE
WCN,1318220,2026-07-22,2026-07-22T20:09:41.000Z,AFTER_CLOSE
WDAY,1327811,2019-05-28,2019-05-28T20:09:55.000Z,AFTER_CLOSE
WDAY,1327811,2019-08-29,2019-08-29T20:09:33.000Z,AFTER_CLOSE
WDAY,1327811,2019-12-03,2019-12-03T21:08:27.000Z,AFTER_CLOSE
WDAY,1327811,2020-02-27,2020-02-27T21:07:15.000Z,AFTER_CLOSE
WDAY,1327811,2020-05-27,2020-05-27T20:10:51.000Z,AFTER_CLOSE
WDAY,1327811,2020-08-27,2020-08-27T20:07:37.000Z,AFTER_CLOSE
WDAY,1327811,2020-11-19,2020-11-19T21:12:48.000Z,AFTER_CLOSE
WDAY,1327811,2021-02-25,2021-02-25T21:12:31.000Z,AFTER_CLOSE
WDAY,1327811,2021-05-26,2021-05-26T20:06:13.000Z,AFTER_CLOSE
WDAY,1327811,2021-08-26,2021-08-26T20:12:19.000Z,AFTER_CLOSE
WDAY,1327811,2021-11-18,2021-11-18T21:05:52.000Z,AFTER_CLOSE
WDAY,1327811,2022-02-28,2022-02-28T21:04:08.000Z,AFTER_CLOSE
WDAY,1327811,2022-05-26,2022-05-26T20:03:43.000Z,AFTER_CLOSE
WDAY,1327811,2022-08-25,2022-08-25T20:03:05.000Z,AFTER_CLOSE
WDAY,1327811,2022-11-29,2022-11-29T21:07:50.000Z,AFTER_CLOSE
WDAY,1327811,2023-02-27,2023-02-27T21:06:29.000Z,AFTER_CLOSE
WDAY,1327811,2023-05-25,2023-05-25T20:05:45.000Z,AFTER_CLOSE
WDAY,1327811,2023-08-24,2023-08-24T20:04:32.000Z,AFTER_CLOSE
WDAY,1327811,2023-11-28,2023-11-28T21:03:57.000Z,AFTER_CLOSE
WDAY,1327811,2024-02-26,2024-02-26T21:02:57.000Z,AFTER_CLOSE
WDAY,1327811,2024-05-23,2024-05-23T20:02:14.000Z,AFTER_CLOSE
WDAY,1327811,2024-08-22,2024-08-22T20:02:41.000Z,AFTER_CLOSE
WDAY,1327811,2024-11-26,2024-11-26T21:03:00.000Z,AFTER_CLOSE
WDAY,1327811,2025-02-05,2025-02-05T11:08:30.000Z,BEFORE_OPEN
WDAY,1327811,2025-02-25,2025-02-25T21:02:26.000Z,AFTER_CLOSE
WDAY,1327811,2025-05-22,2025-05-22T20:04:39.000Z,AFTER_CLOSE
WDAY,1327811,2025-08-21,2025-08-21T20:05:21.000Z,AFTER_CLOSE
WDAY,1327811,2025-11-25,2025-11-25T21:03:30.000Z,AFTER_CLOSE
WDAY,1327811,2026-02-04,2026-02-04T21:04:46.000Z,AFTER_CLOSE
WDAY,1327811,2026-02-24,2026-02-24T21:02:19.000Z,AFTER_CLOSE
WDAY,1327811,2026-05-21,2026-05-21T20:02:46.000Z,AFTER_CLOSE
WDAY,1327811,2026-08-27,2026-08-27T20:01:44.000Z,AFTER_CLOSE
WDC,106040,2018-10-25,2018-10-25T20:20:07.000Z,AFTER_CLOSE
WDC,106040,2019-01-24,2019-01-24T21:20:33.000Z,AFTER_CLOSE
WDC,106040,2019-04-29,2019-04-29T20:16:01.000Z,AFTER_CLOSE
WDC,106040,2019-07-31,2019-07-31T20:21:35.000Z,AFTER_CLOSE
WDC,106040,2019-10-30,2019-10-30T20:05:39.000Z,AFTER_CLOSE
WDC,106040,2020-01-30,2020-01-30T21:30:15.000Z,AFTER_CLOSE
WDC,106040,2020-04-30,2020-04-30T20:18:35.000Z,AFTER_CLOSE
WDC,106040,2020-10-28,2020-10-28T20:11:57.000Z,AFTER_CLOSE
WDC,106040,2021-01-28,2021-01-28T21:04:15.000Z,AFTER_CLOSE
WDC,106040,2021-04-29,2021-04-29T20:04:03.000Z,AFTER_CLOSE
WDC,106040,2021-08-04,2021-08-04T20:06:35.000Z,AFTER_CLOSE
WDC,106040,2021-10-28,2021-10-28T20:07:46.000Z,AFTER_CLOSE
WDC,106040,2022-01-27,2022-01-27T21:07:27.000Z,AFTER_CLOSE
WDC,106040,2022-04-28,2022-04-28T20:13:26.000Z,AFTER_CLOSE
WDC,106040,2022-08-05,2022-08-05T12:19:23.000Z,BEFORE_OPEN
WDC,106040,2022-10-27,2022-10-27T12:08:11.000Z,BEFORE_OPEN
WDC,106040,2023-01-31,2023-01-31T21:13:50.000Z,AFTER_CLOSE
WDC,106040,2023-05-08,2023-05-08T20:21:22.000Z,AFTER_CLOSE
WDC,106040,2023-07-31,2023-07-31T20:13:57.000Z,AFTER_CLOSE
WDC,106040,2023-10-30,2023-10-30T12:07:01.000Z,BEFORE_OPEN
WDC,106040,2024-01-25,2024-01-25T21:10:13.000Z,AFTER_CLOSE
WDC,106040,2024-04-25,2024-04-25T20:30:40.000Z,AFTER_CLOSE
WDC,106040,2024-07-31,2024-07-31T20:13:34.000Z,AFTER_CLOSE
WDC,106040,2024-10-24,2024-10-24T20:12:13.000Z,AFTER_CLOSE
WDC,106040,2025-01-16,2025-01-16T21:30:33.000Z,AFTER_CLOSE
WDC,106040,2025-01-29,2025-01-29T21:15:28.000Z,AFTER_CLOSE
WDC,106040,2025-04-30,2025-04-30T12:05:41.000Z,BEFORE_OPEN
WDC,106040,2025-07-30,2025-07-30T20:14:55.000Z,AFTER_CLOSE
WDC,106040,2025-10-30,2025-10-30T20:11:32.000Z,AFTER_CLOSE
WDC,106040,2026-01-29,2026-01-29T21:11:54.000Z,AFTER_CLOSE
WDC,106040,2026-04-30,2026-04-30T20:07:36.000Z,AFTER_CLOSE
WDC,106040,2026-08-05,2026-08-05T20:04:35.000Z,AFTER_CLOSE
WEC,783325,2018-01-31,2018-01-31T12:29:29.000Z,BEFORE_OPEN
WEC,783325,2018-05-01,2018-05-01T11:30:17.000Z,BEFORE_OPEN
WEC,783325,2018-07-31,2018-07-31T11:29:33.000Z,BEFORE_OPEN
WEC,783325,2018-10-31,2018-10-31T11:29:00.000Z,BEFORE_OPEN
WEC,783325,2019-02-12,2019-02-12T12:28:24.000Z,BEFORE_OPEN
WEC,783325,2019-04-25,2019-04-25T11:28:23.000Z,BEFORE_OPEN
WEC,783325,2019-08-05,2019-08-05T11:28:47.000Z,BEFORE_OPEN
WEC,783325,2019-11-06,2019-11-06T12:30:34.000Z,BEFORE_OPEN
WEC,783325,2020-01-30,2020-01-30T12:28:55.000Z,BEFORE_OPEN
WEC,783325,2020-05-04,2020-05-04T11:28:50.000Z,BEFORE_OPEN
WEC,783325,2020-08-04,2020-08-04T11:27:57.000Z,BEFORE_OPEN
WEC,783325,2020-11-03,2020-11-03T12:26:55.000Z,BEFORE_OPEN
WEC,783325,2021-02-04,2021-02-04T12:27:28.000Z,BEFORE_OPEN
WEC,783325,2021-05-03,2021-05-03T11:27:52.000Z,BEFORE_OPEN
WEC,783325,2021-08-03,2021-08-03T11:25:50.000Z,BEFORE_OPEN
WEC,783325,2021-11-02,2021-11-02T11:20:37.000Z,BEFORE_OPEN
WEC,783325,2022-02-03,2022-02-03T12:27:24.000Z,BEFORE_OPEN
WEC,783325,2022-05-02,2022-05-02T11:27:29.000Z,BEFORE_OPEN
WEC,783325,2022-08-02,2022-08-02T11:28:51.000Z,BEFORE_OPEN
WEC,783325,2022-11-01,2022-11-01T11:27:27.000Z,BEFORE_OPEN
WEC,783325,2023-02-02,2023-02-02T12:29:25.000Z,BEFORE_OPEN
WEC,783325,2023-05-01,2023-05-01T11:29:26.000Z,BEFORE_OPEN
WEC,783325,2023-08-01,2023-08-01T11:28:17.000Z,BEFORE_OPEN
WEC,783325,2023-10-31,2023-10-31T11:28:11.000Z,BEFORE_OPEN
WEC,783325,2024-01-08,2024-01-08T13:03:07.000Z,BEFORE_OPEN
WEC,783325,2024-02-01,2024-02-01T12:27:19.000Z,BEFORE_OPEN
WEC,783325,2024-05-01,2024-05-01T11:28:17.000Z,BEFORE_OPEN
WEC,783325,2024-07-31,2024-07-31T11:28:18.000Z,BEFORE_OPEN
WEC,783325,2024-10-31,2024-10-31T11:27:38.000Z,BEFORE_OPEN
WEC,783325,2025-02-04,2025-02-04T12:28:27.000Z,BEFORE_OPEN
WEC,783325,2025-05-06,2025-05-06T11:26:34.000Z,BEFORE_OPEN
WEC,783325,2025-07-30,2025-07-30T11:25:21.000Z,BEFORE_OPEN
WEC,783325,2025-10-30,2025-10-30T11:26:26.000Z,BEFORE_OPEN
WEC,783325,2026-01-05,2026-01-05T21:17:03.000Z,AFTER_CLOSE
WEC,783325,2026-02-03,2026-02-03T21:15:32.000Z,AFTER_CLOSE
WEC,783325,2026-02-05,2026-02-05T12:27:26.000Z,BEFORE_OPEN
WEC,783325,2026-05-05,2026-05-05T11:26:14.000Z,BEFORE_OPEN
WEC,783325,2026-07-29,2026-07-29T11:27:01.000Z,BEFORE_OPEN
WELL,766704,2015-05-08,2015-05-08T11:38:56.000Z,BEFORE_OPEN
WELL,766704,2015-08-04,2015-08-04T11:35:46.000Z,BEFORE_OPEN
WELL,766704,2015-10-30,2015-10-30T11:47:12.000Z,BEFORE_OPEN
WELL,766704,2016-02-18,2016-02-18T12:36:55.000Z,BEFORE_OPEN
WELL,766704,2016-05-03,2016-05-03T11:33:21.000Z,BEFORE_OPEN
WELL,766704,2016-08-02,2016-08-02T11:39:42.000Z,BEFORE_OPEN
WELL,766704,2016-11-02,2016-11-02T12:09:23.000Z,BEFORE_OPEN
WELL,766704,2017-02-22,2017-02-22T12:35:37.000Z,BEFORE_OPEN
WELL,766704,2017-05-05,2017-05-05T11:36:53.000Z,BEFORE_OPEN
WELL,766704,2017-07-28,2017-07-28T11:01:23.000Z,BEFORE_OPEN
WELL,766704,2017-11-07,2017-11-07T12:34:49.000Z,BEFORE_OPEN
WELL,766704,2018-02-22,2018-02-22T12:34:58.000Z,BEFORE_OPEN
WELL,766704,2018-04-26,2018-04-26T10:13:21.000Z,BEFORE_OPEN
WELL,766704,2018-07-27,2018-07-27T10:07:03.000Z,BEFORE_OPEN
WELL,766704,2019-01-22,2019-01-22T14:20:04.000Z,BEFORE_OPEN
WELL,766704,2019-04-30,2019-04-30T10:32:34.000Z,BEFORE_OPEN
WELL,766704,2019-07-31,2019-07-31T21:04:31.000Z,AFTER_CLOSE
WELL,766704,2019-10-28,2019-10-28T20:34:52.000Z,AFTER_CLOSE
WELL,766704,2020-02-12,2020-02-12T22:00:28.000Z,AFTER_CLOSE
WELL,766704,2020-04-02,2020-04-02T20:35:49.000Z,AFTER_CLOSE
WELL,766704,2020-04-17,2020-04-17T21:27:49.000Z,AFTER_CLOSE
WELL,766704,2020-05-06,2020-05-06T20:09:18.000Z,AFTER_CLOSE
WELL,766704,2020-08-05,2020-08-05T20:17:16.000Z,AFTER_CLOSE
WELL,766704,2020-10-05,2020-10-05T21:22:03.000Z,AFTER_CLOSE
WELL,766704,2020-10-28,2020-10-28T20:07:03.000Z,AFTER_CLOSE
WELL,766704,2021-01-19,2021-01-19T12:00:06.000Z,BEFORE_OPEN
WELL,766704,2021-02-09,2021-02-09T21:17:52.000Z,AFTER_CLOSE
WELL,766704,2021-04-06,2021-04-06T11:05:39.000Z,BEFORE_OPEN
WELL,766704,2021-04-28,2021-04-28T20:24:36.000Z,AFTER_CLOSE
WELL,766704,2021-07-29,2021-07-29T20:07:57.000Z,AFTER_CLOSE
WELL,766704,2021-11-04,2021-11-04T20:09:09.000Z,AFTER_CLOSE
WELL,766704,2022-01-11,2022-01-11T12:45:55.000Z,BEFORE_OPEN
WELL,766704,2022-01-24,2022-01-24T13:00:57.000Z,BEFORE_OPEN
WELL,766704,2022-02-15,2022-02-15T21:07:59.000Z,AFTER_CLOSE
WELL,766704,2022-04-05,2022-04-05T12:31:14.000Z,BEFORE_OPEN
WELL,766704,2022-04-21,2022-04-21T20:31:34.000Z,AFTER_CLOSE
WELL,766704,2022-05-10,2022-05-10T20:28:50.000Z,AFTER_CLOSE
WELL,766704,2022-05-11,2022-05-11T01:31:17.000Z,AFTER_CLOSE
WELL,766704,2022-06-07,2022-06-07T01:14:51.000Z,AFTER_CLOSE
WELL,766704,2022-07-13,2022-07-13T20:06:11.000Z,AFTER_CLOSE
WELL,766704,2022-08-09,2022-08-09T20:32:11.000Z,AFTER_CLOSE
WELL,766704,2022-10-04,2022-10-04T12:37:44.000Z,BEFORE_OPEN
WELL,766704,2022-11-07,2022-11-07T21:08:58.000Z,AFTER_CLOSE
WELL,766704,2023-02-15,2023-02-15T21:22:53.000Z,AFTER_CLOSE
WELL,766704,2023-05-02,2023-05-02T20:08:42.000Z,AFTER_CLOSE
WELL,766704,2023-06-06,2023-06-06T11:47:42.000Z,BEFORE_OPEN
WELL,766704,2023-07-31,2023-07-31T20:09:23.000Z,AFTER_CLOSE
WELL,766704,2023-10-30,2023-10-30T20:07:54.000Z,AFTER_CLOSE
WELL,766704,2024-01-22,2024-01-22T13:41:37.000Z,BEFORE_OPEN
WELL,766704,2024-02-13,2024-02-13T21:07:50.000Z,AFTER_CLOSE
WELL,766704,2024-04-29,2024-04-29T20:26:49.000Z,AFTER_CLOSE
WELL,766704,2024-07-29,2024-07-29T20:45:37.000Z,AFTER_CLOSE
WELL,766704,2024-10-28,2024-10-28T20:09:16.000Z,AFTER_CLOSE
WELL,766704,2025-02-11,2025-02-11T21:08:33.000Z,AFTER_CLOSE
WELL,766704,2025-04-28,2025-04-28T20:07:22.000Z,AFTER_CLOSE
WELL,766704,2025-07-28,2025-07-28T20:10:54.000Z,AFTER_CLOSE
WELL,766704,2025-10-27,2025-10-27T20:07:26.000Z,AFTER_CLOSE
WELL,766704,2026-02-10,2026-02-10T21:05:53.000Z,AFTER_CLOSE
WELL,766704,2026-04-28,2026-04-28T20:06:36.000Z,AFTER_CLOSE
WELL,766704,2026-07-27,2026-07-27T20:06:23.000Z,AFTER_CLOSE
WFC,72971,2025-10-14,2025-10-14T10:28:31.000Z,BEFORE_OPEN
WFC,72971,2026-01-14,2026-01-14T11:28:36.000Z,BEFORE_OPEN
WFC,72971,2026-04-14,2026-04-14T10:28:12.000Z,BEFORE_OPEN
WFC,72971,2026-07-14,2026-07-14T10:28:21.000Z,BEFORE_OPEN
WM,823768,2017-04-26,2017-04-26T11:52:56.000Z,BEFORE_OPEN
WM,823768,2017-07-26,2017-07-26T11:44:28.000Z,BEFORE_OPEN
WM,823768,2017-10-26,2017-10-26T11:47:24.000Z,BEFORE_OPEN
WM,823768,2018-02-15,2018-02-15T12:43:27.000Z,BEFORE_OPEN
WM,823768,2018-04-20,2018-04-20T11:45:51.000Z,BEFORE_OPEN
WM,823768,2018-07-25,2018-07-25T11:35:08.000Z,BEFORE_OPEN
WM,823768,2018-10-25,2018-10-25T11:42:39.000Z,BEFORE_OPEN
WM,823768,2019-02-14,2019-02-14T12:43:13.000Z,BEFORE_OPEN
WM,823768,2019-04-25,2019-04-25T11:42:42.000Z,BEFORE_OPEN
WM,823768,2019-07-25,2019-07-25T11:33:27.000Z,BEFORE_OPEN
WM,823768,2019-10-23,2019-10-23T12:11:52.000Z,BEFORE_OPEN
WM,823768,2020-02-13,2020-02-13T12:42:36.000Z,BEFORE_OPEN
WM,823768,2020-05-06,2020-05-06T11:39:10.000Z,BEFORE_OPEN
WM,823768,2020-07-30,2020-07-30T11:24:16.000Z,BEFORE_OPEN
WM,823768,2020-11-02,2020-11-02T12:59:08.000Z,BEFORE_OPEN
WM,823768,2021-02-18,2021-02-18T12:16:49.000Z,BEFORE_OPEN
WM,823768,2021-04-27,2021-04-27T11:45:34.000Z,BEFORE_OPEN
WM,823768,2021-07-27,2021-07-27T11:44:36.000Z,BEFORE_OPEN
WM,823768,2021-10-26,2021-10-26T11:38:26.000Z,BEFORE_OPEN
WM,823768,2022-02-02,2022-02-02T12:47:34.000Z,BEFORE_OPEN
WM,823768,2022-04-26,2022-04-26T11:48:50.000Z,BEFORE_OPEN
WM,823768,2022-07-27,2022-07-27T11:48:13.000Z,BEFORE_OPEN
WM,823768,2022-10-26,2022-10-26T11:53:48.000Z,BEFORE_OPEN
WM,823768,2023-02-01,2023-02-01T11:00:40.000Z,BEFORE_OPEN
WM,823768,2023-04-27,2023-04-26T22:21:31.000Z,AFTER_CLOSE
WM,823768,2023-07-25,2023-07-25T21:10:49.000Z,AFTER_CLOSE
WM,823768,2023-10-24,2023-10-24T21:08:13.000Z,AFTER_CLOSE
WM,823768,2024-02-13,2024-02-12T23:22:08.000Z,AFTER_CLOSE
WM,823768,2024-04-25,2024-04-24T22:24:01.000Z,AFTER_CLOSE
WM,823768,2024-07-24,2024-07-24T20:40:28.000Z,AFTER_CLOSE
WM,823768,2024-10-28,2024-10-28T21:22:36.000Z,AFTER_CLOSE
WM,823768,2025-01-30,2025-01-30T01:55:32.000Z,AFTER_CLOSE
WM,823768,2025-04-28,2025-04-28T21:11:15.000Z,AFTER_CLOSE
WM,823768,2025-07-28,2025-07-28T20:33:16.000Z,AFTER_CLOSE
WM,823768,2025-10-27,2025-10-27T20:40:02.000Z,AFTER_CLOSE
WM,823768,2026-01-28,2026-01-28T22:08:51.000Z,AFTER_CLOSE
WM,823768,2026-04-28,2026-04-28T20:41:53.000Z,AFTER_CLOSE
WM,823768,2026-07-28,2026-07-28T20:42:59.000Z,AFTER_CLOSE
WMB,107263,2016-08-01,2016-08-01T21:21:57.000Z,AFTER_CLOSE
WMB,107263,2016-10-31,2016-10-31T11:31:07.000Z,BEFORE_OPEN
WMB,107263,2017-02-15,2017-02-15T21:44:05.000Z,AFTER_CLOSE
WMB,107263,2017-05-04,2017-05-03T22:32:34.000Z,AFTER_CLOSE
WMB,107263,2017-08-02,2017-08-02T21:28:05.000Z,AFTER_CLOSE
WMB,107263,2017-11-01,2017-11-01T20:49:07.000Z,AFTER_CLOSE
WMB,107263,2018-02-14,2018-02-14T22:30:37.000Z,AFTER_CLOSE
WMB,107263,2018-05-02,2018-05-02T20:25:46.000Z,AFTER_CLOSE
WMB,107263,2018-08-01,2018-08-01T20:28:44.000Z,AFTER_CLOSE
WMB,107263,2018-10-31,2018-10-31T20:31:12.000Z,AFTER_CLOSE
WMB,107263,2019-02-13,2019-02-13T21:58:16.000Z,AFTER_CLOSE
WMB,107263,2019-05-01,2019-05-01T20:21:15.000Z,AFTER_CLOSE
WMB,107263,2019-07-31,2019-07-31T20:35:17.000Z,AFTER_CLOSE
WMB,107263,2019-10-30,2019-10-30T20:31:36.000Z,AFTER_CLOSE
WMB,107263,2020-02-19,2020-02-19T21:30:05.000Z,AFTER_CLOSE
WMB,107263,2020-05-04,2020-05-04T20:38:50.000Z,AFTER_CLOSE
WMB,107263,2020-08-03,2020-08-03T20:43:31.000Z,AFTER_CLOSE
WMB,107263,2020-11-02,2020-11-02T21:35:21.000Z,AFTER_CLOSE
WMB,107263,2021-02-22,2021-02-22T21:21:22.000Z,AFTER_CLOSE
WMB,107263,2021-05-03,2021-05-03T20:22:24.000Z,AFTER_CLOSE
WMB,107263,2021-08-02,2021-08-02T20:20:44.000Z,AFTER_CLOSE
WMB,107263,2021-11-01,2021-11-01T20:27:59.000Z,AFTER_CLOSE
WMB,107263,2022-02-22,2022-02-22T11:03:48.000Z,BEFORE_OPEN
WMB,107263,2022-05-02,2022-05-02T20:24:17.000Z,AFTER_CLOSE
WMB,107263,2022-08-01,2022-08-01T20:17:39.000Z,AFTER_CLOSE
WMB,107263,2022-10-31,2022-10-31T20:18:34.000Z,AFTER_CLOSE
WMB,107263,2023-02-21,2023-02-21T11:02:30.000Z,BEFORE_OPEN
WMB,107263,2023-05-03,2023-05-03T20:17:12.000Z,AFTER_CLOSE
WMB,107263,2023-08-02,2023-08-02T20:19:14.000Z,AFTER_CLOSE
WMB,107263,2023-11-01,2023-11-01T20:18:01.000Z,AFTER_CLOSE
WMB,107263,2024-02-14,2024-02-14T12:08:13.000Z,BEFORE_OPEN
WMB,107263,2024-05-06,2024-05-06T20:16:39.000Z,AFTER_CLOSE
WMB,107263,2024-08-05,2024-08-05T20:16:05.000Z,AFTER_CLOSE
WMB,107263,2024-11-06,2024-11-06T21:17:35.000Z,AFTER_CLOSE
WMB,107263,2025-02-12,2025-02-12T21:28:06.000Z,AFTER_CLOSE
WMB,107263,2025-05-05,2025-05-05T20:19:43.000Z,AFTER_CLOSE
WMB,107263,2025-08-04,2025-08-04T20:23:23.000Z,AFTER_CLOSE
WMB,107263,2025-11-03,2025-11-03T21:22:40.000Z,AFTER_CLOSE
WMB,107263,2026-02-10,2026-02-10T13:08:20.000Z,BEFORE_OPEN
WMB,107263,2026-05-04,2026-05-04T20:18:23.000Z,AFTER_CLOSE
WMB,107263,2026-08-03,2026-08-03T20:18:41.000Z,AFTER_CLOSE
WMT,104169,2023-05-18,2023-05-18T10:59:50.000Z,BEFORE_OPEN
WMT,104169,2023-08-17,2023-08-17T10:59:53.000Z,BEFORE_OPEN
WMT,104169,2023-11-16,2023-11-16T11:59:45.000Z,BEFORE_OPEN
WMT,104169,2024-02-20,2024-02-20T11:59:55.000Z,BEFORE_OPEN
WMT,104169,2024-05-16,2024-05-16T10:59:59.000Z,BEFORE_OPEN
WMT,104169,2024-08-15,2024-08-15T10:59:32.000Z,BEFORE_OPEN
WMT,104169,2024-11-19,2024-11-19T11:59:42.000Z,BEFORE_OPEN
WMT,104169,2025-02-20,2025-02-20T11:57:00.000Z,BEFORE_OPEN
WMT,104169,2025-05-15,2025-05-15T10:58:44.000Z,BEFORE_OPEN
WMT,104169,2025-08-21,2025-08-21T10:59:09.000Z,BEFORE_OPEN
WMT,104169,2025-11-20,2025-11-20T11:58:46.000Z,BEFORE_OPEN
WMT,104169,2026-02-19,2026-02-19T11:59:55.000Z,BEFORE_OPEN
WMT,104169,2026-05-21,2026-05-21T10:59:53.000Z,BEFORE_OPEN
WMT,104169,2026-08-20,2026-08-20T10:59:01.000Z,BEFORE_OPEN
WRB,11544,2013-07-22,2013-07-22T20:10:23.000Z,AFTER_CLOSE
WRB,11544,2013-10-21,2013-10-21T20:33:30.000Z,AFTER_CLOSE
WRB,11544,2014-01-28,2014-01-28T21:28:47.000Z,AFTER_CLOSE
WRB,11544,2014-04-22,2014-04-22T20:17:09.000Z,AFTER_CLOSE
WRB,11544,2014-07-28,2014-07-28T20:06:57.000Z,AFTER_CLOSE
WRB,11544,2014-10-23,2014-10-23T21:01:22.000Z,AFTER_CLOSE
WRB,11544,2015-02-03,2015-02-03T21:06:11.000Z,AFTER_CLOSE
WRB,11544,2015-04-27,2015-04-27T20:07:32.000Z,AFTER_CLOSE
WRB,11544,2015-07-27,2015-07-27T20:37:50.000Z,AFTER_CLOSE
WRB,11544,2015-10-26,2015-10-26T20:11:10.000Z,AFTER_CLOSE
WRB,11544,2016-02-02,2016-02-02T21:19:20.000Z,AFTER_CLOSE
WRB,11544,2016-04-26,2016-04-26T20:18:17.000Z,AFTER_CLOSE
WRB,11544,2016-07-25,2016-07-25T20:19:59.000Z,AFTER_CLOSE
WRB,11544,2016-10-25,2016-10-25T20:29:10.000Z,AFTER_CLOSE
WRB,11544,2017-04-24,2017-04-24T20:09:05.000Z,AFTER_CLOSE
WRB,11544,2017-07-25,2017-07-25T20:07:52.000Z,AFTER_CLOSE
WRB,11544,2017-10-24,2017-10-24T20:05:23.000Z,AFTER_CLOSE
WRB,11544,2018-01-30,2018-01-30T21:07:31.000Z,AFTER_CLOSE
WRB,11544,2018-04-24,2018-04-24T20:11:17.000Z,AFTER_CLOSE
WRB,11544,2018-07-24,2018-07-24T20:10:37.000Z,AFTER_CLOSE
WRB,11544,2018-10-23,2018-10-23T20:10:37.000Z,AFTER_CLOSE
WRB,11544,2019-01-29,2019-01-29T21:08:31.000Z,AFTER_CLOSE
WRB,11544,2019-04-23,2019-04-23T20:15:12.000Z,AFTER_CLOSE
WRB,11544,2019-07-23,2019-07-23T20:07:43.000Z,AFTER_CLOSE
WRB,11544,2019-10-22,2019-10-22T20:09:06.000Z,AFTER_CLOSE
WRB,11544,2020-01-28,2020-01-28T21:06:37.000Z,AFTER_CLOSE
WRB,11544,2020-04-21,2020-04-21T20:13:54.000Z,AFTER_CLOSE
WRB,11544,2020-07-21,2020-07-21T20:14:38.000Z,AFTER_CLOSE
WRB,11544,2020-10-20,2020-10-20T20:11:56.000Z,AFTER_CLOSE
WRB,11544,2021-01-26,2021-01-26T21:13:48.000Z,AFTER_CLOSE
WRB,11544,2021-04-20,2021-04-20T20:13:01.000Z,AFTER_CLOSE
WRB,11544,2021-07-22,2021-07-22T20:11:50.000Z,AFTER_CLOSE
WRB,11544,2021-10-21,2021-10-21T20:13:10.000Z,AFTER_CLOSE
WRB,11544,2022-01-27,2022-01-27T21:12:56.000Z,AFTER_CLOSE
WRB,11544,2022-04-25,2022-04-25T20:18:54.000Z,AFTER_CLOSE
WRB,11544,2022-07-21,2022-07-21T20:14:58.000Z,AFTER_CLOSE
WRB,11544,2022-10-24,2022-10-24T20:16:09.000Z,AFTER_CLOSE
WRB,11544,2023-01-26,2023-01-26T21:13:41.000Z,AFTER_CLOSE
WRB,11544,2023-04-20,2023-04-20T20:11:28.000Z,AFTER_CLOSE
WRB,11544,2023-07-20,2023-07-20T20:11:58.000Z,AFTER_CLOSE
WRB,11544,2023-10-23,2023-10-23T20:11:10.000Z,AFTER_CLOSE
WRB,11544,2024-01-24,2024-01-24T21:11:26.000Z,AFTER_CLOSE
WRB,11544,2024-04-23,2024-04-23T12:04:09.000Z,BEFORE_OPEN
WRB,11544,2024-07-22,2024-07-22T20:11:39.000Z,AFTER_CLOSE
WRB,11544,2024-10-21,2024-10-21T20:11:40.000Z,AFTER_CLOSE
WRB,11544,2025-01-27,2025-01-27T21:17:14.000Z,AFTER_CLOSE
WRB,11544,2025-04-21,2025-04-21T20:11:50.000Z,AFTER_CLOSE
WRB,11544,2025-07-21,2025-07-21T20:13:29.000Z,AFTER_CLOSE
WRB,11544,2025-10-20,2025-10-20T20:15:50.000Z,AFTER_CLOSE
WRB,11544,2026-01-26,2026-01-26T21:11:38.000Z,AFTER_CLOSE
WRB,11544,2026-04-21,2026-04-21T20:12:45.000Z,AFTER_CLOSE
WRB,11544,2026-07-20,2026-07-20T20:13:03.000Z,AFTER_CLOSE
WSM,719955,2015-03-18,2015-03-18T20:10:06.000Z,AFTER_CLOSE
WSM,719955,2015-05-20,2015-05-20T20:14:59.000Z,AFTER_CLOSE
WSM,719955,2015-08-26,2015-08-26T20:12:58.000Z,AFTER_CLOSE
WSM,719955,2015-11-19,2015-11-19T21:19:59.000Z,AFTER_CLOSE
WSM,719955,2016-03-16,2016-03-16T20:18:41.000Z,AFTER_CLOSE
WSM,719955,2016-05-25,2016-05-25T20:23:02.000Z,AFTER_CLOSE
WSM,719955,2016-08-24,2016-08-24T20:18:33.000Z,AFTER_CLOSE
WSM,719955,2016-11-17,2016-11-17T21:21:03.000Z,AFTER_CLOSE
WSM,719955,2017-03-15,2017-03-15T20:18:05.000Z,AFTER_CLOSE
WSM,719955,2017-05-24,2017-05-24T20:19:55.000Z,AFTER_CLOSE
WSM,719955,2017-08-23,2017-08-23T20:21:36.000Z,AFTER_CLOSE
WSM,719955,2017-11-16,2017-11-16T21:22:56.000Z,AFTER_CLOSE
WSM,719955,2018-03-14,2018-03-14T20:19:02.000Z,AFTER_CLOSE
WSM,719955,2018-05-23,2018-05-23T20:20:33.000Z,AFTER_CLOSE
WSM,719955,2018-08-22,2018-08-22T20:20:05.000Z,AFTER_CLOSE
WSM,719955,2018-11-15,2018-11-15T21:20:05.000Z,AFTER_CLOSE
WSM,719955,2019-03-20,2019-03-20T20:20:34.000Z,AFTER_CLOSE
WSM,719955,2019-05-30,2019-05-30T20:28:32.000Z,AFTER_CLOSE
WSM,719955,2019-08-28,2019-08-28T20:18:55.000Z,AFTER_CLOSE
WSM,719955,2019-11-21,2019-11-21T21:21:53.000Z,AFTER_CLOSE
WSM,719955,2020-03-18,2020-03-18T20:34:13.000Z,AFTER_CLOSE
WSM,719955,2020-05-28,2020-05-28T20:18:13.000Z,AFTER_CLOSE
WSM,719955,2020-08-26,2020-08-26T20:19:02.000Z,AFTER_CLOSE
WSM,719955,2020-11-19,2020-11-19T21:23:55.000Z,AFTER_CLOSE
WSM,719955,2021-03-17,2021-03-17T20:30:41.000Z,AFTER_CLOSE
WSM,719955,2021-05-26,2021-05-26T20:17:47.000Z,AFTER_CLOSE
WSM,719955,2021-08-25,2021-08-25T20:23:08.000Z,AFTER_CLOSE
WSM,719955,2021-11-18,2021-11-18T21:20:12.000Z,AFTER_CLOSE
WSM,719955,2022-03-16,2022-03-16T20:21:38.000Z,AFTER_CLOSE
WSM,719955,2022-05-25,2022-05-25T20:19:40.000Z,AFTER_CLOSE
WSM,719955,2022-08-24,2022-08-24T20:25:48.000Z,AFTER_CLOSE
WSM,719955,2022-11-17,2022-11-17T21:17:01.000Z,AFTER_CLOSE
WSM,719955,2023-03-16,2023-03-16T13:10:30.000Z,BEFORE_OPEN
WSM,719955,2023-05-23,2023-05-23T13:03:56.000Z,BEFORE_OPEN
WSM,719955,2023-08-23,2023-08-23T13:03:00.000Z,BEFORE_OPEN
WSM,719955,2023-11-16,2023-11-16T14:03:14.000Z,BEFORE_OPEN
WSM,719955,2024-03-13,2024-03-13T13:06:25.000Z,BEFORE_OPEN
WSM,719955,2024-05-22,2024-05-22T12:04:13.000Z,BEFORE_OPEN
WSM,719955,2024-08-22,2024-08-22T12:03:01.000Z,BEFORE_OPEN
WSM,719955,2024-11-20,2024-11-20T13:05:22.000Z,BEFORE_OPEN
WSM,719955,2025-03-19,2025-03-19T13:09:22.000Z,BEFORE_OPEN
WSM,719955,2025-05-22,2025-05-22T13:02:44.000Z,BEFORE_OPEN
WSM,719955,2025-08-27,2025-08-27T13:04:30.000Z,BEFORE_OPEN
WSM,719955,2025-11-19,2025-11-19T14:03:23.000Z,BEFORE_OPEN
WSM,719955,2026-03-18,2026-03-18T13:03:33.000Z,BEFORE_OPEN
WSM,719955,2026-05-21,2026-05-21T13:02:53.000Z,BEFORE_OPEN
WSM,719955,2026-08-26,2026-08-26T12:03:35.000Z,BEFORE_OPEN
WST,105770,2014-07-31,2014-07-31T12:55:02.000Z,BEFORE_OPEN
WST,105770,2014-10-15,2014-10-15T13:14:04.000Z,BEFORE_OPEN
WST,105770,2014-10-30,2014-10-30T13:05:12.000Z,BEFORE_OPEN
WST,105770,2015-02-19,2015-02-19T14:01:01.000Z,BEFORE_OPEN
WST,105770,2015-04-30,2015-04-30T13:10:53.000Z,BEFORE_OPEN
WST,105770,2015-07-30,2015-07-30T13:01:42.000Z,BEFORE_OPEN
WST,105770,2015-10-29,2015-10-29T12:59:45.000Z,BEFORE_OPEN
WST,105770,2016-02-18,2016-02-18T14:05:55.000Z,BEFORE_OPEN
WST,105770,2016-03-04,2016-03-04T19:38:13.000Z,IN_SESSION
WST,105770,2016-04-28,2016-04-28T13:00:23.000Z,BEFORE_OPEN
WST,105770,2016-07-28,2016-07-28T12:54:14.000Z,BEFORE_OPEN
WST,105770,2016-10-27,2016-10-27T13:03:39.000Z,BEFORE_OPEN
WST,105770,2017-02-16,2017-02-16T13:26:46.000Z,BEFORE_OPEN
WST,105770,2017-04-27,2017-04-27T12:29:33.000Z,BEFORE_OPEN
WST,105770,2017-04-28,2017-04-27T22:36:14.000Z,AFTER_CLOSE
WST,105770,2017-07-27,2017-07-27T13:14:03.000Z,BEFORE_OPEN
WST,105770,2017-10-26,2017-10-26T14:01:07.000Z,IN_SESSION
WST,105770,2018-02-15,2018-02-15T14:52:31.000Z,IN_SESSION
WST,105770,2018-04-26,2018-04-26T13:30:26.000Z,IN_SESSION
WST,105770,2018-07-26,2018-07-26T13:09:51.000Z,BEFORE_OPEN
WST,105770,2018-10-25,2018-10-25T13:55:48.000Z,IN_SESSION
WST,105770,2019-02-01,2019-02-01T22:20:00.000Z,AFTER_CLOSE
WST,105770,2019-02-14,2019-02-14T14:43:51.000Z,IN_SESSION
WST,105770,2019-04-25,2019-04-25T13:05:45.000Z,BEFORE_OPEN
WST,105770,2019-07-25,2019-07-25T13:00:46.000Z,BEFORE_OPEN
WST,105770,2019-10-24,2019-10-24T12:58:17.000Z,BEFORE_OPEN
WST,105770,2020-02-13,2020-02-13T14:14:48.000Z,BEFORE_OPEN
WST,105770,2020-04-23,2020-04-23T10:51:32.000Z,BEFORE_OPEN
WST,105770,2020-07-23,2020-07-23T12:25:33.000Z,BEFORE_OPEN
WST,105770,2020-10-22,2020-10-22T11:34:53.000Z,BEFORE_OPEN
WST,105770,2021-02-18,2021-02-18T12:39:38.000Z,BEFORE_OPEN
WST,105770,2021-04-29,2021-04-29T11:20:06.000Z,BEFORE_OPEN
WST,105770,2021-07-29,2021-07-29T12:07:05.000Z,BEFORE_OPEN
WST,105770,2021-10-28,2021-10-28T12:17:44.000Z,BEFORE_OPEN
WST,105770,2022-02-17,2022-02-17T12:51:16.000Z,BEFORE_OPEN
WST,105770,2022-04-28,2022-04-28T11:52:01.000Z,BEFORE_OPEN
WST,105770,2022-07-28,2022-07-28T11:37:52.000Z,BEFORE_OPEN
WST,105770,2022-10-27,2022-10-27T11:50:50.000Z,BEFORE_OPEN
WST,105770,2023-02-16,2023-02-16T12:40:33.000Z,BEFORE_OPEN
WST,105770,2023-04-27,2023-04-27T12:04:47.000Z,BEFORE_OPEN
WST,105770,2023-07-27,2023-07-27T11:46:38.000Z,BEFORE_OPEN
WST,105770,2023-10-26,2023-10-26T11:41:13.000Z,BEFORE_OPEN
WST,105770,2024-02-15,2024-02-15T12:51:00.000Z,BEFORE_OPEN
WST,105770,2024-04-25,2024-04-25T11:42:45.000Z,BEFORE_OPEN
WST,105770,2024-07-25,2024-07-25T12:05:07.000Z,BEFORE_OPEN
WST,105770,2024-10-24,2024-10-24T11:50:26.000Z,BEFORE_OPEN
WST,105770,2025-02-13,2025-02-13T13:00:48.000Z,BEFORE_OPEN
WST,105770,2025-04-24,2025-04-24T11:47:19.000Z,BEFORE_OPEN
WST,105770,2025-07-24,2025-07-24T11:17:23.000Z,BEFORE_OPEN
WST,105770,2025-10-23,2025-10-23T11:15:00.000Z,BEFORE_OPEN
WST,105770,2026-02-12,2026-02-12T12:21:40.000Z,BEFORE_OPEN
WST,105770,2026-04-23,2026-04-23T11:11:01.000Z,BEFORE_OPEN
WST,105770,2026-07-23,2026-07-23T11:14:59.000Z,BEFORE_OPEN
WTW,1140536,2021-10-28,2021-10-28T10:00:30.000Z,BEFORE_OPEN
WTW,1140536,2022-02-08,2022-02-08T11:00:23.000Z,BEFORE_OPEN
WTW,1140536,2022-04-28,2022-04-28T10:00:33.000Z,BEFORE_OPEN
WTW,1140536,2022-07-28,2022-07-28T10:00:55.000Z,BEFORE_OPEN
WTW,1140536,2022-10-27,2022-10-27T10:00:50.000Z,BEFORE_OPEN
WTW,1140536,2023-02-09,2023-02-09T11:01:03.000Z,BEFORE_OPEN
WTW,1140536,2023-04-27,2023-04-27T10:01:19.000Z,BEFORE_OPEN
WTW,1140536,2023-07-27,2023-07-27T10:00:23.000Z,BEFORE_OPEN
WTW,1140536,2023-10-26,2023-10-26T10:00:32.000Z,BEFORE_OPEN
WTW,1140536,2024-02-06,2024-02-06T11:00:57.000Z,BEFORE_OPEN
WTW,1140536,2024-04-25,2024-04-25T10:00:26.000Z,BEFORE_OPEN
WTW,1140536,2024-07-25,2024-07-25T10:00:20.000Z,BEFORE_OPEN
WTW,1140536,2024-10-31,2024-10-31T10:00:16.000Z,BEFORE_OPEN
WTW,1140536,2025-02-04,2025-02-04T11:00:21.000Z,BEFORE_OPEN
WTW,1140536,2025-04-24,2025-04-24T10:00:34.000Z,BEFORE_OPEN
WTW,1140536,2025-07-31,2025-07-31T10:00:45.000Z,BEFORE_OPEN
WTW,1140536,2025-10-30,2025-10-30T10:03:35.000Z,BEFORE_OPEN
WTW,1140536,2026-02-03,2026-02-03T11:02:33.000Z,BEFORE_OPEN
WTW,1140536,2026-04-30,2026-04-30T10:02:20.000Z,BEFORE_OPEN
WTW,1140536,2026-07-30,2026-07-30T10:02:22.000Z,BEFORE_OPEN
XEL,72903,2018-07-26,2018-07-25T21:50:00.000Z,AFTER_CLOSE
XEL,72903,2018-10-25,2018-10-24T21:47:01.000Z,AFTER_CLOSE
XEL,72903,2019-01-31,2019-01-30T23:00:52.000Z,AFTER_CLOSE
XEL,72903,2019-04-25,2019-04-24T22:07:25.000Z,AFTER_CLOSE
XEL,72903,2019-08-01,2019-07-31T21:41:28.000Z,AFTER_CLOSE
XEL,72903,2019-10-24,2019-10-24T10:08:15.000Z,BEFORE_OPEN
XEL,72903,2020-01-30,2020-01-29T23:16:52.000Z,AFTER_CLOSE
XEL,72903,2020-05-07,2020-05-06T21:41:30.000Z,AFTER_CLOSE
XEL,72903,2020-07-30,2020-07-29T23:08:01.000Z,AFTER_CLOSE
XEL,72903,2020-10-29,2020-10-28T22:43:08.000Z,AFTER_CLOSE
XEL,72903,2021-01-28,2021-01-27T23:29:48.000Z,AFTER_CLOSE
XEL,72903,2021-04-29,2021-04-28T21:41:28.000Z,AFTER_CLOSE
XEL,72903,2021-07-29,2021-07-28T21:49:58.000Z,AFTER_CLOSE
XEL,72903,2022-01-27,2022-01-26T22:47:15.000Z,AFTER_CLOSE
XEL,72903,2022-04-28,2022-04-27T21:51:34.000Z,AFTER_CLOSE
XEL,72903,2022-07-28,2022-07-27T21:36:38.000Z,AFTER_CLOSE
XEL,72903,2022-10-27,2022-10-26T21:46:24.000Z,AFTER_CLOSE
XEL,72903,2023-01-26,2023-01-25T22:39:10.000Z,AFTER_CLOSE
XEL,72903,2023-04-27,2023-04-26T21:46:43.000Z,AFTER_CLOSE
XEL,72903,2023-07-27,2023-07-26T22:10:36.000Z,AFTER_CLOSE
XEL,72903,2023-10-27,2023-10-26T23:19:30.000Z,AFTER_CLOSE
XEL,72903,2024-01-25,2024-01-24T23:05:11.000Z,AFTER_CLOSE
XEL,72903,2024-04-25,2024-04-24T21:36:05.000Z,AFTER_CLOSE
XEL,72903,2024-08-01,2024-07-31T21:39:10.000Z,AFTER_CLOSE
XEL,72903,2024-10-31,2024-10-30T21:47:33.000Z,AFTER_CLOSE
XEL,72903,2025-02-06,2025-02-05T22:53:35.000Z,AFTER_CLOSE
XEL,72903,2025-04-24,2025-04-23T21:35:54.000Z,AFTER_CLOSE
XEL,72903,2025-07-31,2025-07-30T21:45:22.000Z,AFTER_CLOSE
XEL,72903,2025-10-30,2025-10-29T21:35:27.000Z,AFTER_CLOSE
XEL,72903,2026-02-05,2026-02-04T23:30:14.000Z,AFTER_CLOSE
XEL,72903,2026-04-30,2026-04-29T21:43:34.000Z,AFTER_CLOSE
XEL,72903,2026-07-30,2026-07-29T21:52:34.000Z,AFTER_CLOSE
XOM,2115436,2026-07-31,2026-07-31T10:31:39.000Z,BEFORE_OPEN
XYL,1524472,2014-07-29,2014-07-29T11:18:53.000Z,BEFORE_OPEN
XYL,1524472,2014-10-28,2014-10-28T11:20:53.000Z,BEFORE_OPEN
XYL,1524472,2015-02-05,2015-02-05T12:13:59.000Z,BEFORE_OPEN
XYL,1524472,2015-04-30,2015-04-30T11:34:53.000Z,BEFORE_OPEN
XYL,1524472,2015-07-13,2015-07-13T20:36:01.000Z,AFTER_CLOSE
XYL,1524472,2015-07-30,2015-07-30T11:11:58.000Z,BEFORE_OPEN
XYL,1524472,2015-10-29,2015-10-29T11:16:02.000Z,BEFORE_OPEN
XYL,1524472,2016-02-04,2016-02-04T12:16:36.000Z,BEFORE_OPEN
XYL,1524472,2016-05-03,2016-05-03T11:01:32.000Z,BEFORE_OPEN
XYL,1524472,2016-08-02,2016-08-02T11:22:04.000Z,BEFORE_OPEN
XYL,1524472,2016-11-01,2016-11-01T11:51:56.000Z,BEFORE_OPEN
XYL,1524472,2017-02-02,2017-02-02T12:24:57.000Z,BEFORE_OPEN
XYL,1524472,2017-05-02,2017-05-02T11:14:59.000Z,BEFORE_OPEN
XYL,1524472,2017-08-01,2017-08-01T11:25:36.000Z,BEFORE_OPEN
XYL,1524472,2017-10-31,2017-10-31T11:20:00.000Z,BEFORE_OPEN
XYL,1524472,2018-02-01,2018-02-01T12:15:23.000Z,BEFORE_OPEN
XYL,1524472,2018-05-01,2018-05-01T11:14:37.000Z,BEFORE_OPEN
XYL,1524472,2018-07-31,2018-07-31T11:01:00.000Z,BEFORE_OPEN
XYL,1524472,2018-10-30,2018-10-30T10:48:39.000Z,BEFORE_OPEN
XYL,1524472,2019-01-31,2019-01-31T12:01:49.000Z,BEFORE_OPEN
XYL,1524472,2019-05-02,2019-05-02T11:03:37.000Z,BEFORE_OPEN
XYL,1524472,2019-08-01,2019-08-01T11:11:33.000Z,BEFORE_OPEN
XYL,1524472,2019-10-31,2019-10-31T11:08:38.000Z,BEFORE_OPEN
XYL,1524472,2020-02-06,2020-02-06T12:02:24.000Z,BEFORE_OPEN
XYL,1524472,2020-05-05,2020-05-05T11:15:26.000Z,BEFORE_OPEN
XYL,1524472,2020-07-14,2020-07-14T11:01:50.000Z,BEFORE_OPEN
XYL,1524472,2020-07-30,2020-07-30T11:04:13.000Z,BEFORE_OPEN
XYL,1524472,2020-10-29,2020-10-29T11:07:05.000Z,BEFORE_OPEN
XYL,1524472,2021-02-04,2021-02-04T12:01:01.000Z,BEFORE_OPEN
XYL,1524472,2021-05-04,2021-05-04T11:06:42.000Z,BEFORE_OPEN
XYL,1524472,2021-08-03,2021-08-03T11:00:48.000Z,BEFORE_OPEN
XYL,1524472,2021-11-02,2021-11-02T11:12:33.000Z,BEFORE_OPEN
XYL,1524472,2022-02-03,2022-02-03T12:02:58.000Z,BEFORE_OPEN
XYL,1524472,2022-05-04,2022-05-04T11:02:52.000Z,BEFORE_OPEN
XYL,1524472,2022-08-02,2022-08-02T11:06:36.000Z,BEFORE_OPEN
XYL,1524472,2022-11-01,2022-11-01T11:02:41.000Z,BEFORE_OPEN
XYL,1524472,2023-02-07,2023-02-07T12:02:31.000Z,BEFORE_OPEN
XYL,1524472,2023-05-04,2023-05-04T11:04:45.000Z,BEFORE_OPEN
XYL,1524472,2023-08-02,2023-08-02T11:06:24.000Z,BEFORE_OPEN
XYL,1524472,2023-10-31,2023-10-31T11:06:48.000Z,BEFORE_OPEN
XYL,1524472,2024-02-06,2024-02-06T12:02:53.000Z,BEFORE_OPEN
XYL,1524472,2024-05-02,2024-05-02T11:03:58.000Z,BEFORE_OPEN
XYL,1524472,2024-07-30,2024-07-30T11:02:36.000Z,BEFORE_OPEN
XYL,1524472,2024-10-31,2024-10-31T11:01:32.000Z,BEFORE_OPEN
XYL,1524472,2025-01-30,2025-01-30T21:18:06.000Z,AFTER_CLOSE
XYL,1524472,2025-02-04,2025-02-04T12:03:26.000Z,BEFORE_OPEN
XYL,1524472,2025-04-29,2025-04-29T11:03:45.000Z,BEFORE_OPEN
XYL,1524472,2025-07-31,2025-07-31T11:02:10.000Z,BEFORE_OPEN
XYL,1524472,2025-10-28,2025-10-28T11:03:50.000Z,BEFORE_OPEN
XYL,1524472,2026-02-10,2026-02-10T12:02:34.000Z,BEFORE_OPEN
XYL,1524472,2026-04-28,2026-04-28T11:03:33.000Z,BEFORE_OPEN
XYL,1524472,2026-07-28,2026-07-28T11:06:22.000Z,BEFORE_OPEN
XYZ,1512673,2021-08-02,2021-08-02T10:07:38.000Z,BEFORE_OPEN
XYZ,1512673,2021-11-04,2021-11-04T20:09:39.000Z,AFTER_CLOSE
XYZ,1512673,2022-02-24,2022-02-24T21:11:08.000Z,AFTER_CLOSE
XYZ,1512673,2022-05-05,2022-05-05T20:18:53.000Z,AFTER_CLOSE
XYZ,1512673,2022-08-04,2022-08-04T20:14:02.000Z,AFTER_CLOSE
XYZ,1512673,2022-11-03,2022-11-03T20:11:46.000Z,AFTER_CLOSE
XYZ,1512673,2023-02-23,2023-02-23T21:19:16.000Z,AFTER_CLOSE
XYZ,1512673,2023-05-04,2023-05-04T20:14:20.000Z,AFTER_CLOSE
XYZ,1512673,2023-08-03,2023-08-03T20:14:32.000Z,AFTER_CLOSE
XYZ,1512673,2023-11-02,2023-11-02T20:12:00.000Z,AFTER_CLOSE
XYZ,1512673,2024-02-22,2024-02-22T21:11:06.000Z,AFTER_CLOSE
XYZ,1512673,2024-05-02,2024-05-02T20:19:11.000Z,AFTER_CLOSE
XYZ,1512673,2024-08-01,2024-08-01T20:16:55.000Z,AFTER_CLOSE
XYZ,1512673,2024-11-07,2024-11-07T21:13:34.000Z,AFTER_CLOSE
XYZ,1512673,2025-02-20,2025-02-20T21:20:08.000Z,AFTER_CLOSE
XYZ,1512673,2025-05-01,2025-05-01T20:11:51.000Z,AFTER_CLOSE
XYZ,1512673,2025-08-07,2025-08-07T20:22:16.000Z,AFTER_CLOSE
XYZ,1512673,2025-11-06,2025-11-06T21:29:20.000Z,AFTER_CLOSE
XYZ,1512673,2026-02-26,2026-02-26T21:06:19.000Z,AFTER_CLOSE
XYZ,1512673,2026-05-07,2026-05-07T20:21:05.000Z,AFTER_CLOSE
XYZ,1512673,2026-08-05,2026-08-05T20:11:16.000Z,AFTER_CLOSE
YUM,1041061,2016-07-13,2016-07-13T20:25:18.000Z,AFTER_CLOSE
YUM,1041061,2016-10-05,2016-10-05T20:39:17.000Z,AFTER_CLOSE
YUM,1041061,2017-02-09,2017-02-09T12:12:53.000Z,BEFORE_OPEN
YUM,1041061,2017-04-13,2017-04-12T22:38:50.000Z,AFTER_CLOSE
YUM,1041061,2017-05-03,2017-05-03T11:17:18.000Z,BEFORE_OPEN
YUM,1041061,2017-08-03,2017-08-03T11:24:56.000Z,BEFORE_OPEN
YUM,1041061,2017-11-02,2017-11-02T11:19:46.000Z,BEFORE_OPEN
YUM,1041061,2018-02-08,2018-02-08T12:12:47.000Z,BEFORE_OPEN
YUM,1041061,2018-05-02,2018-05-02T11:06:31.000Z,BEFORE_OPEN
YUM,1041061,2018-08-02,2018-08-02T11:04:08.000Z,BEFORE_OPEN
YUM,1041061,2018-10-31,2018-10-31T11:15:38.000Z,BEFORE_OPEN
YUM,1041061,2019-02-07,2019-02-07T12:05:57.000Z,BEFORE_OPEN
YUM,1041061,2019-05-01,2019-05-01T11:11:15.000Z,BEFORE_OPEN
YUM,1041061,2019-08-01,2019-08-01T11:09:03.000Z,BEFORE_OPEN
YUM,1041061,2019-10-30,2019-10-30T11:23:36.000Z,BEFORE_OPEN
YUM,1041061,2020-02-06,2020-02-06T12:22:13.000Z,BEFORE_OPEN
YUM,1041061,2020-04-29,2020-04-29T11:08:48.000Z,BEFORE_OPEN
YUM,1041061,2020-07-30,2020-07-30T11:08:38.000Z,BEFORE_OPEN
YUM,1041061,2020-10-29,2020-10-29T11:13:48.000Z,BEFORE_OPEN
YUM,1041061,2021-02-04,2021-02-04T12:09:23.000Z,BEFORE_OPEN
YUM,1041061,2021-04-28,2021-04-28T11:06:36.000Z,BEFORE_OPEN
YUM,1041061,2021-07-29,2021-07-29T11:16:33.000Z,BEFORE_OPEN
YUM,1041061,2021-10-28,2021-10-28T11:02:10.000Z,BEFORE_OPEN
YUM,1041061,2022-02-09,2022-02-09T12:01:49.000Z,BEFORE_OPEN
YUM,1041061,2022-05-04,2022-05-04T11:04:16.000Z,BEFORE_OPEN
YUM,1041061,2022-08-03,2022-08-03T11:02:03.000Z,BEFORE_OPEN
YUM,1041061,2022-11-02,2022-11-02T11:02:03.000Z,BEFORE_OPEN
YUM,1041061,2023-02-08,2023-02-08T12:01:22.000Z,BEFORE_OPEN
YUM,1041061,2023-05-03,2023-05-03T11:00:55.000Z,BEFORE_OPEN
YUM,1041061,2023-08-02,2023-08-02T11:01:59.000Z,BEFORE_OPEN
YUM,1041061,2023-11-01,2023-11-01T11:01:41.000Z,BEFORE_OPEN
YUM,1041061,2024-02-07,2024-02-07T12:01:19.000Z,BEFORE_OPEN
YUM,1041061,2024-05-01,2024-05-01T11:01:47.000Z,BEFORE_OPEN
YUM,1041061,2024-08-06,2024-08-06T11:01:42.000Z,BEFORE_OPEN
YUM,1041061,2024-11-05,2024-11-05T12:01:30.000Z,BEFORE_OPEN
YUM,1041061,2025-02-06,2025-02-06T12:01:27.000Z,BEFORE_OPEN
YUM,1041061,2025-04-30,2025-04-30T11:01:37.000Z,BEFORE_OPEN
YUM,1041061,2025-08-05,2025-08-05T11:01:05.000Z,BEFORE_OPEN
YUM,1041061,2025-11-04,2025-11-04T12:01:13.000Z,BEFORE_OPEN
YUM,1041061,2026-02-04,2026-02-04T12:01:45.000Z,BEFORE_OPEN
YUM,1041061,2026-04-29,2026-04-29T11:02:14.000Z,BEFORE_OPEN
YUM,1041061,2026-07-30,2026-07-30T11:01:16.000Z,BEFORE_OPEN
ZM,1585521,2020-03-04,2020-03-04T21:20:59.000Z,AFTER_CLOSE
ZM,1585521,2020-06-02,2020-06-02T20:07:37.000Z,AFTER_CLOSE
ZM,1585521,2020-08-31,2020-08-31T20:05:38.000Z,AFTER_CLOSE
ZM,1585521,2020-11-30,2020-11-30T21:06:14.000Z,AFTER_CLOSE
ZM,1585521,2021-03-01,2021-03-01T21:06:04.000Z,AFTER_CLOSE
ZM,1585521,2021-06-01,2021-06-01T20:07:42.000Z,AFTER_CLOSE
ZM,1585521,2021-08-30,2021-08-30T20:07:44.000Z,AFTER_CLOSE
ZM,1585521,2021-11-22,2021-11-22T21:06:48.000Z,AFTER_CLOSE
ZM,1585521,2022-02-28,2022-02-28T21:06:36.000Z,AFTER_CLOSE
ZM,1585521,2022-05-23,2022-05-23T20:05:39.000Z,AFTER_CLOSE
ZM,1585521,2022-08-22,2022-08-22T20:06:25.000Z,AFTER_CLOSE
ZM,1585521,2022-11-21,2022-11-21T21:05:52.000Z,AFTER_CLOSE
ZM,1585521,2023-02-27,2023-02-27T21:07:55.000Z,AFTER_CLOSE
ZM,1585521,2023-05-22,2023-05-22T20:06:29.000Z,AFTER_CLOSE
ZM,1585521,2023-08-21,2023-08-21T20:06:38.000Z,AFTER_CLOSE
ZM,1585521,2023-11-20,2023-11-20T21:05:41.000Z,AFTER_CLOSE
ZM,1585521,2024-02-26,2024-02-26T21:06:08.000Z,AFTER_CLOSE
ZM,1585521,2024-05-20,2024-05-20T20:05:21.000Z,AFTER_CLOSE
ZM,1585521,2024-08-21,2024-08-21T20:05:19.000Z,AFTER_CLOSE
ZM,1585521,2024-11-25,2024-11-25T21:05:24.000Z,AFTER_CLOSE
ZM,1585521,2025-02-24,2025-02-24T21:05:24.000Z,AFTER_CLOSE
ZM,1585521,2025-05-21,2025-05-21T20:05:29.000Z,AFTER_CLOSE
ZM,1585521,2025-08-21,2025-08-21T20:06:20.000Z,AFTER_CLOSE
ZM,1585521,2025-11-24,2025-11-24T21:06:08.000Z,AFTER_CLOSE
ZM,1585521,2026-02-25,2026-02-25T21:06:32.000Z,AFTER_CLOSE
ZM,1585521,2026-05-21,2026-05-21T20:06:07.000Z,AFTER_CLOSE
ZM,1585521,2026-08-25,2026-08-25T20:05:36.000Z,AFTER_CLOSE
ZS,1713683,2018-06-06,2018-06-06T20:07:51.000Z,AFTER_CLOSE
ZS,1713683,2018-09-05,2018-09-05T20:20:30.000Z,AFTER_CLOSE
ZS,1713683,2018-12-04,2018-12-04T21:06:46.000Z,AFTER_CLOSE
ZS,1713683,2019-02-28,2019-02-28T21:07:02.000Z,AFTER_CLOSE
ZS,1713683,2019-05-30,2019-05-30T20:09:02.000Z,AFTER_CLOSE
ZS,1713683,2019-12-03,2019-12-03T21:07:47.000Z,AFTER_CLOSE
ZS,1713683,2020-02-20,2020-02-20T21:08:56.000Z,AFTER_CLOSE
ZS,1713683,2020-05-28,2020-05-28T20:07:12.000Z,AFTER_CLOSE
ZS,1713683,2020-09-09,2020-09-09T20:06:24.000Z,AFTER_CLOSE
ZS,1713683,2020-12-02,2020-12-02T21:06:41.000Z,AFTER_CLOSE
ZS,1713683,2021-02-25,2021-02-25T21:07:31.000Z,AFTER_CLOSE
ZS,1713683,2021-05-25,2021-05-25T20:07:27.000Z,AFTER_CLOSE
ZS,1713683,2021-09-09,2021-09-09T20:10:34.000Z,AFTER_CLOSE
ZS,1713683,2021-11-30,2021-11-30T21:08:11.000Z,AFTER_CLOSE
ZS,1713683,2022-02-24,2022-02-24T21:08:47.000Z,AFTER_CLOSE
ZS,1713683,2022-05-26,2022-05-26T20:14:02.000Z,AFTER_CLOSE
ZS,1713683,2022-09-08,2022-09-08T20:08:10.000Z,AFTER_CLOSE
ZS,1713683,2022-12-01,2022-12-01T21:07:50.000Z,AFTER_CLOSE
ZS,1713683,2023-03-02,2023-03-02T21:08:39.000Z,AFTER_CLOSE
ZS,1713683,2023-05-08,2023-05-08T11:02:10.000Z,BEFORE_OPEN
ZS,1713683,2023-06-01,2023-06-01T20:07:44.000Z,AFTER_CLOSE
ZS,1713683,2023-09-05,2023-09-05T20:07:09.000Z,AFTER_CLOSE
ZS,1713683,2023-11-27,2023-11-27T21:07:09.000Z,AFTER_CLOSE
ZS,1713683,2024-02-29,2024-02-29T21:07:27.000Z,AFTER_CLOSE
ZS,1713683,2024-05-30,2024-05-30T20:06:37.000Z,AFTER_CLOSE
ZS,1713683,2024-09-03,2024-09-03T20:07:11.000Z,AFTER_CLOSE
ZS,1713683,2024-12-02,2024-12-02T21:08:35.000Z,AFTER_CLOSE
ZS,1713683,2025-03-05,2025-03-05T21:06:30.000Z,AFTER_CLOSE
ZS,1713683,2025-05-29,2025-05-29T20:08:58.000Z,AFTER_CLOSE
ZS,1713683,2025-09-02,2025-09-02T20:06:52.000Z,AFTER_CLOSE
ZS,1713683,2025-11-25,2025-11-25T21:07:49.000Z,AFTER_CLOSE
ZS,1713683,2026-02-26,2026-02-26T21:07:54.000Z,AFTER_CLOSE
ZS,1713683,2026-05-26,2026-05-26T20:08:28.000Z,AFTER_CLOSE
ZS,1713683,2026-09-03,2026-09-03T20:08:39.000Z,AFTER_CLOSE
ZTS,1555280,2020-02-13,2020-02-13T12:06:00.000Z,BEFORE_OPEN
ZTS,1555280,2020-05-06,2020-05-06T11:16:06.000Z,BEFORE_OPEN
ZTS,1555280,2020-08-06,2020-08-06T11:05:13.000Z,BEFORE_OPEN
ZTS,1555280,2020-11-05,2020-11-05T12:06:31.000Z,BEFORE_OPEN
ZTS,1555280,2021-02-16,2021-02-16T12:03:35.000Z,BEFORE_OPEN
ZTS,1555280,2021-05-06,2021-05-06T11:05:30.000Z,BEFORE_OPEN
ZTS,1555280,2021-08-05,2021-08-05T11:07:11.000Z,BEFORE_OPEN
ZTS,1555280,2021-11-04,2021-11-04T11:04:55.000Z,BEFORE_OPEN
ZTS,1555280,2022-02-15,2022-02-15T12:05:35.000Z,BEFORE_OPEN
ZTS,1555280,2022-05-05,2022-05-05T11:05:27.000Z,BEFORE_OPEN
ZTS,1555280,2022-08-04,2022-08-04T11:05:25.000Z,BEFORE_OPEN
ZTS,1555280,2022-11-03,2022-11-03T11:08:13.000Z,BEFORE_OPEN
ZTS,1555280,2023-02-14,2023-02-14T12:05:23.000Z,BEFORE_OPEN
ZTS,1555280,2023-05-04,2023-05-04T11:06:19.000Z,BEFORE_OPEN
ZTS,1555280,2023-08-08,2023-08-08T11:04:58.000Z,BEFORE_OPEN
ZTS,1555280,2023-11-02,2023-11-02T11:05:17.000Z,BEFORE_OPEN
ZTS,1555280,2024-02-13,2024-02-13T12:06:12.000Z,BEFORE_OPEN
ZTS,1555280,2024-05-02,2024-05-02T11:04:15.000Z,BEFORE_OPEN
ZTS,1555280,2024-08-06,2024-08-06T11:05:22.000Z,BEFORE_OPEN
ZTS,1555280,2024-11-04,2024-11-04T12:04:27.000Z,BEFORE_OPEN
ZTS,1555280,2025-02-13,2025-02-13T12:07:08.000Z,BEFORE_OPEN
ZTS,1555280,2025-05-06,2025-05-06T11:03:35.000Z,BEFORE_OPEN
ZTS,1555280,2025-08-05,2025-08-05T11:05:22.000Z,BEFORE_OPEN
ZTS,1555280,2025-11-04,2025-11-04T12:06:23.000Z,BEFORE_OPEN
ZTS,1555280,2026-02-12,2026-02-12T12:04:31.000Z,BEFORE_OPEN
ZTS,1555280,2026-05-07,2026-05-07T11:05:34.000Z,BEFORE_OPEN
ZTS,1555280,2026-08-06,2026-08-06T11:06:31.000Z,BEFORE_OPEN
